encounter_id,patient_id,los_days,total_claim_cost,is_extended_stay,encounterclass,start_ts,admit_day_of_week,admit_on_weekend,admit_hour,admit_month,admit_season,gender,race,ethnicity,age_at_admission,payer_type,comorbidity_count,new_conditions_count,procedure_count,meds_last_90_days,prior_admission_count,days_since_last_discharge,is_30day_readmission
e8a04254-1004-e1e9-71f6-da91afdd66d8,e8a04254-1004-e1e9-ed60-40ac7b6b2f47,0.042,1008.98,0,emergency,2026-08-22 20:43:15,6,1,20,8,Summer,M,white,nonhispanic,13,PRIVATE,3,2,2,0,1,2596.9,0
77576681-70f3-74d3-9d63-94e0bfed3125,77576681-70f3-74d3-e60e-bb7c3a782eb8,0.03,573.98,0,urgentcare,2026-05-20 22:05:33,3,0,22,5,Spring,M,white,nonhispanic,46,PRIVATE,18,5,3,1,10,248.3,0
cea9384c-b73d-bcff-495c-68f891aa1b86,cea9384c-b73d-bcff-8454-7a71a56aa47b,0.036,797.72,0,urgentcare,2026-07-23 13:53:14,4,0,13,7,Summer,F,white,nonhispanic,63,PRIVATE,22,3,6,3,2,28.0,1
d618f3ee-2948-b184-5f4d-b91d35d9de08,d618f3ee-2948-b184-1e22-58f8b059aabc,1.0,34375.66,0,inpatient,2026-05-14 13:58:20,4,0,13,5,Spring,F,white,nonhispanic,62,PRIVATE,15,1,21,8,2,3590.9,0
e94d81a5-d112-4634-e560-aecacf3e527a,e94d81a5-d112-4634-f045-637a4b74075f,0.042,36342.12,0,emergency,1984-08-12 13:00:20,0,1,13,8,Summer,F,white,nonhispanic,41,PRIVATE,10,1,2,0,3,1849.5,0
60ff4c3e-9712-fea2-0652-35664956ed38,60ff4c3e-9712-fea2-32a4-4b47b26ddcf5,0.042,36451.94,0,emergency,2019-12-03 18:47:22,2,0,18,12,Winter,F,asian,hispanic,63,PRIVATE,17,1,2,4,7,149.9,0
23dca163-74ab-e839-b2ee-a86a01b92292,23dca163-74ab-e839-7d2b-2bfeddad5f80,0.021,933.72,0,urgentcare,2026-05-23 16:34:25,6,1,16,5,Spring,F,asian,nonhispanic,47,PRIVATE,19,5,5,3,14,665.0,0
a6af3196-de8a-9ab9-d0ee-725570ed7692,a6af3196-de8a-9ab9-8fcc-ffe5092f914c,0.042,12873.77,0,emergency,2026-07-12 11:05:19,0,1,11,7,Summer,F,hawaiian,nonhispanic,59,NO_INSURANCE,12,2,1,2,0,,0
0d660332-0b57-c70d-e74c-bfae7a85b4e0,0d660332-0b57-c70d-98a7-e4e436e3cad2,0.01,507.44,0,urgentcare,2026-09-12 01:24:13,6,1,1,9,Fall,M,white,nonhispanic,54,PRIVATE,21,1,1,5,18,7.0,1
61f048dc-f66e-bbda-200c-59e1adf3e7bb,61f048dc-f66e-bbda-48c8-593d92d2bf03,0.033,5034.53,0,urgentcare,2026-09-09 13:45:26,3,0,13,9,Fall,F,white,nonhispanic,80,GOVERNMENT,33,1,3,7,67,35.0,0
8bcce517-567c-46d2-af56-3172311b269b,8bcce517-567c-46d2-42bc-ab92da8221f4,0.042,1008.98,0,emergency,2026-02-09 02:56:27,1,0,2,2,Winter,M,asian,nonhispanic,20,PRIVATE,8,2,2,0,2,1337.0,0
6873f1ca-d5dc-2962-d1d0-1c94d9bd738c,6873f1ca-d5dc-2962-aa07-68141aa4e9be,0.042,16125.04,0,emergency,2026-07-21 16:48:17,2,0,16,7,Summer,M,white,nonhispanic,44,PRIVATE,13,2,1,0,1,791.0,0
e1e67ff6-6c48-c360-a4e1-bdc78bc90841,e1e67ff6-6c48-c360-23bc-367228890c40,1.125,1738.7,0,inpatient,2018-12-14 07:51:48,5,0,7,12,Winter,M,white,nonhispanic,4,GOVERNMENT,7,1,3,1,8,427.0,0
6a15bf29-6352-10c4-2505-c0d15efbfeb8,6a15bf29-6352-10c4-f13e-1097de41f0d1,1.0,32577.48,0,inpatient,2024-10-28 05:12:54,1,0,5,10,Fall,M,white,nonhispanic,65,GOVERNMENT,14,1,21,6,0,,0
179cdf88-e0ea-5242-f738-e6ded1d08aa8,179cdf88-e0ea-5242-e47c-474fcdc38dd9,0.042,13414.58,0,emergency,2026-06-15 00:58:21,1,0,0,6,Summer,F,white,nonhispanic,84,GOVERNMENT,18,2,3,0,5,848.1,0
93450ed4-713b-85cb-0997-af96c2a3e62a,93450ed4-713b-85cb-12f3-f7d78de34f63,0.042,17391.75,0,emergency,2025-09-10 15:25:30,3,0,15,9,Fall,F,white,nonhispanic,75,GOVERNMENT,17,2,3,0,5,747.0,0
46ea3767-2231-db81-b016-8683426703a5,46ea3767-2231-db81-8e57-1dec59f6de2b,1.0,46935.6,0,inpatient,2026-08-20 15:06:47,4,0,15,8,Summer,F,white,nonhispanic,76,GOVERNMENT,12,1,21,8,1,3355.9,0
9687d149-cb9c-3d51-28ea-9eb841a057b8,9687d149-cb9c-3d51-458a-b41a8b006bbd,0.072,5104.67,0,emergency,2026-03-26 06:27:21,4,0,6,3,Spring,M,white,hispanic,58,GOVERNMENT,18,2,3,1,5,1172.7,0
ad550938-7a4a-6355-32e0-09df2c1be656,ad550938-7a4a-6355-9187-5384c714be3f,1.104,1738.7,0,inpatient,2017-09-01 22:06:25,5,0,22,9,Fall,F,white,nonhispanic,70,GOVERNMENT,29,1,3,4,12,91.0,0
e4511778-4c17-701c-3c91-3baa51d6d54c,e4511778-4c17-701c-efa2-110e4112b6fe,0.042,875.9,0,emergency,2026-08-28 22:06:25,5,0,22,8,Summer,F,white,nonhispanic,79,GOVERNMENT,32,3,5,4,48,28.0,1
7303ace7-0bce-fc45-f7f2-0ea4b5182c80,7303ace7-0bce-fc45-3757-9e3f26f4836a,0.042,1008.98,0,emergency,2025-04-19 22:18:10,6,1,22,4,Spring,M,white,nonhispanic,38,PRIVATE,10,2,2,0,3,480.0,0
37953896-de03-e7c0-c844-bdbb5e5831cc,37953896-de03-e7c0-5f92-0ef080c71ed6,0.033,859.14,0,urgentcare,2026-08-02 14:29:57,0,1,14,8,Summer,F,white,nonhispanic,65,PRIVATE,17,1,6,3,0,,0
9409b0c0-1544-79a7-6f4d-379dcd786b24,9409b0c0-1544-79a7-489c-beb4e913ab2d,0.023,927.36,0,urgentcare,2024-09-24 01:48:08,2,0,1,9,Fall,M,white,nonhispanic,23,PRIVATE,13,3,5,1,0,,0
56f6e610-b1e1-cb7a-c999-a8786ab87a7d,56f6e610-b1e1-cb7a-7bbf-ceba2ee76513,0.042,10073.59,0,emergency,2024-05-20 15:03:30,1,0,15,5,Spring,F,white,nonhispanic,74,GOVERNMENT,15,1,2,3,6,159.0,0
1581781c-aa5f-8485-16e8-0bca743b24bf,1581781c-aa5f-8485-65f6-81c132c10355,0.06,1008.98,0,emergency,2026-04-06 13:38:00,1,0,13,4,Spring,M,white,nonhispanic,73,GOVERNMENT,15,3,2,0,5,2315.0,0
ae34ab54-b219-95ff-3f11-d24236bbb5b3,ae34ab54-b219-95ff-18ec-68c3fdde0ab4,0.042,577.58,0,emergency,2026-08-24 00:38:37,1,0,0,8,Summer,M,white,nonhispanic,45,GOVERNMENT,9,2,1,1,2,330.0,0
96c2084c-6ab2-627f-4b1a-9b786b22623e,96c2084c-6ab2-627f-bdfe-bd69ac00af38,0.049,1008.98,0,emergency,2026-01-30 09:33:04,5,0,9,1,Winter,F,white,nonhispanic,96,GOVERNMENT,20,3,2,1,5,2927.0,0
e8233637-a645-7460-fcec-94ec27c9f9a1,e8233637-a645-7460-78fd-808cf87933da,0.036,797.72,0,urgentcare,2003-03-15 12:35:15,6,1,12,3,Spring,M,white,nonhispanic,81,GOVERNMENT,29,2,6,5,49,21.0,1
7209a324-155a-e1cd-5b0c-83fa1dd77ec4,7209a324-155a-e1cd-aeaf-dd482ac818ec,0.042,5438.77,0,emergency,2024-04-23 21:25:53,2,0,21,4,Spring,M,white,nonhispanic,45,PRIVATE,10,2,1,0,0,,0
97e95143-f963-df2a-1855-a1f27d3b1378,97e95143-f963-df2a-3b59-b9d535818a5e,3.169,2899.82,0,inpatient,1965-01-25 10:58:47,1,0,10,1,Winter,M,white,nonhispanic,5,NO_INSURANCE,6,1,3,2,15,98.0,0
0877c35e-4c12-5662-8b33-1db3ae5e5614,0877c35e-4c12-5662-8cba-73763f2366f6,0.042,4140.89,0,emergency,2025-10-24 11:25:05,5,0,11,10,Fall,M,white,nonhispanic,65,GOVERNMENT,14,2,1,0,4,370.0,0
cb883151-8519-0000-81f9-25088e047a29,cb883151-8519-0000-668a-4727c84b2f04,0.035,1518.16,0,urgentcare,2026-06-14 15:03:45,0,1,15,6,Summer,F,white,nonhispanic,39,PRIVATE,16,2,8,2,7,1141.0,0
8330f653-5061-88ac-75b6-9ac39bd47716,8330f653-5061-88ac-f604-0f48c4fa2f29,0.031,1149.0,0,urgentcare,2026-05-14 00:14:25,4,0,0,5,Spring,M,white,nonhispanic,25,PRIVATE,10,2,3,1,0,,0
0d660332-0b57-c70d-8693-7acc114a21a5,0d660332-0b57-c70d-98a7-e4e436e3cad2,0.042,1122.69,0,emergency,2026-09-05 01:24:13,6,1,1,9,Fall,M,white,nonhispanic,54,PRIVATE,22,1,8,5,17,14.0,1
f5c33945-f052-3569-ef36-7b138566122b,f5c33945-f052-3569-eea8-f862e26a90bc,1.0,83740.6,0,inpatient,2026-06-15 18:19:30,1,0,18,6,Summer,M,asian,hispanic,64,PRIVATE,12,1,21,4,1,6556.0,0
30ae48b3-f8fc-2aff-c133-c0886c751c38,30ae48b3-f8fc-2aff-577f-fdaea9ff2940,0.042,5454.46,0,emergency,2023-11-11 13:23:01,6,1,13,11,Fall,F,white,nonhispanic,15,NO_INSURANCE,4,2,1,1,3,1448.0,0
12cf26a6-b0da-66bb-cfe0-86992dff1f22,12cf26a6-b0da-66bb-dbc9-08807426e9cf,0.03,797.72,0,urgentcare,2026-08-16 01:50:46,0,1,1,8,Summer,M,white,nonhispanic,79,GOVERNMENT,22,1,6,6,13,28.0,1
89a05562-333c-60ed-fc3d-14116b24b86c,89a05562-333c-60ed-5660-ff34b7f6e814,0.029,1105.41,0,urgentcare,2014-07-04 13:26:05,5,0,13,7,Summer,M,white,nonhispanic,61,GOVERNMENT,27,2,7,7,40,7.7,1
3a16dc79-ae15-22fc-224a-dbff6e1de5a9,3a16dc79-ae15-22fc-a1c4-65206f6ad11f,0.022,709.98,0,urgentcare,2024-12-26 23:36:36,4,0,23,12,Winter,F,white,nonhispanic,62,PRIVATE,15,2,2,4,5,658.0,0
35e0f778-7ddf-f4bf-3e80-687a4826c156,35e0f778-7ddf-f4bf-df8b-4a6521b753e4,1.128,1738.7,0,inpatient,2025-06-11 13:06:47,3,0,13,6,Summer,M,white,nonhispanic,49,PRIVATE,23,1,3,2,9,490.0,0
b277163f-eab9-a6a6-3110-bbb48b20bdee,b277163f-eab9-a6a6-9250-a444c7ff6741,0.032,1119.03,0,urgentcare,2026-01-24 11:14:12,6,1,11,1,Winter,F,native,nonhispanic,45,PRIVATE,9,2,4,1,0,,0
0d660332-0b57-c70d-30b5-4d542c1f6944,0d660332-0b57-c70d-98a7-e4e436e3cad2,0.032,872.3,0,urgentcare,2026-08-22 01:24:13,6,1,1,8,Summer,M,white,nonhispanic,54,PRIVATE,23,1,2,5,16,7.0,1
61f048dc-f66e-bbda-4fc6-94c65a441ab3,61f048dc-f66e-bbda-48c8-593d92d2bf03,0.034,723.14,0,urgentcare,2026-07-01 13:45:26,3,0,13,7,Summer,F,white,nonhispanic,80,GOVERNMENT,35,2,6,5,65,28.0,1
6ec8e93c-256c-8a22-58fe-b4ceb791d25b,6ec8e93c-256c-8a22-5184-8c23682dfebf,0.064,12316.93,0,emergency,1978-07-27 11:13:28,4,0,11,7,Summer,F,white,nonhispanic,3,GOVERNMENT,4,1,1,0,2,402.8,0
22535c9e-168b-3f92-a6a0-b1fb8dad804d,22535c9e-168b-3f92-fd09-3a506e40beaa,0.042,8587.51,0,emergency,2024-10-22 12:58:30,2,0,12,10,Fall,F,asian,nonhispanic,8,PRIVATE,2,2,1,0,1,1277.0,0
56f6e610-b1e1-cb7a-fe5e-0b62ba8e4457,56f6e610-b1e1-cb7a-7bbf-ceba2ee76513,0.024,6549.88,0,urgentcare,2023-12-06 15:03:30,3,0,15,12,Winter,F,white,nonhispanic,73,GOVERNMENT,18,3,8,0,4,369.9,0
1f8e3327-db2f-23db-476a-d5e12c2103ac,1f8e3327-db2f-23db-8638-3eac99fcc4cf,0.031,872.3,0,urgentcare,2001-10-06 23:40:05,6,1,23,10,Fall,M,white,nonhispanic,51,PRIVATE,14,1,2,4,5,35.0,0
ae34ab54-b219-95ff-3813-4f6d9c29a30c,ae34ab54-b219-95ff-18ec-68c3fdde0ab4,0.042,14070.54,0,emergency,2025-09-28 00:21:45,0,1,0,9,Fall,M,white,nonhispanic,44,GOVERNMENT,9,2,1,0,1,9515.4,0
3eb73944-953b-95f5-13f4-bd11888b7aa5,3eb73944-953b-95f5-d6d1-a422d8f8a54b,0.042,4140.89,0,emergency,2026-02-06 22:56:04,5,0,22,2,Winter,F,white,nonhispanic,35,NO_INSURANCE,13,2,1,0,3,37.0,0
4e4789ee-69a4-1744-546e-aa659d11c630,4e4789ee-69a4-1744-49dd-2f27c28a9bc2,0.039,872.3,0,urgentcare,2000-07-01 12:35:15,6,1,12,7,Summer,M,white,nonhispanic,78,GOVERNMENT,35,1,1,4,77,9.5,1
3c94dc6b-f943-7d90-18db-33012fc5dc26,3c94dc6b-f943-7d90-2fbb-fdbe61d94895,0.023,1406.52,0,urgentcare,2024-01-01 04:45:42,1,0,4,1,Winter,M,white,nonhispanic,30,GOVERNMENT,7,3,8,0,1,882.0,0
0d660332-0b57-c70d-566b-aa1abeb199f6,0d660332-0b57-c70d-98a7-e4e436e3cad2,0.042,875.9,0,emergency,2026-08-08 01:24:13,6,1,1,8,Summer,M,white,nonhispanic,54,PRIVATE,23,1,6,5,14,546.0,0
f12b5cfe-ef86-3b19-7586-e254f0952dee,f12b5cfe-ef86-3b19-9324-7c152f8ca4a5,0.01,366.41,0,urgentcare,2025-03-30 23:31:52,0,1,23,3,Spring,F,white,hispanic,4,NO_INSURANCE,3,1,1,1,2,77.0,0
9e9b7e84-a573-7762-5fd6-d4ce57d105fb,9e9b7e84-a573-7762-9ce5-d6e70ed0dc91,0.104,4407.08,0,emergency,2011-01-06 00:23:41,4,0,0,1,Winter,M,white,nonhispanic,13,GOVERNMENT,3,1,1,1,1,455.9,0
b8bd9ba3-65d6-0924-58db-8c5984e3ae33,b8bd9ba3-65d6-0924-03c0-300de291928d,0.026,723.14,0,urgentcare,2025-02-22 04:38:20,6,1,4,2,Winter,F,white,nonhispanic,65,PRIVATE,22,2,4,5,3,1239.0,0
12cf26a6-b0da-66bb-1e4a-00f9fb663366,12cf26a6-b0da-66bb-dbc9-08807426e9cf,0.025,797.72,0,urgentcare,2026-07-19 01:50:46,0,1,1,7,Summer,M,white,nonhispanic,79,GOVERNMENT,24,2,7,6,12,28.0,1
89a05562-333c-60ed-7038-de2c60c8b985,89a05562-333c-60ed-5660-ff34b7f6e814,6.308,4641.5,0,inpatient,2014-06-20 13:26:05,5,0,13,6,Summer,M,white,nonhispanic,61,GOVERNMENT,31,1,3,8,39,56.0,0
e8233637-a645-7460-e513-750f47967659,e8233637-a645-7460-78fd-808cf87933da,0.031,1224.0,0,urgentcare,2003-02-08 12:35:15,6,1,12,2,Winter,M,white,nonhispanic,81,GOVERNMENT,31,4,8,5,47,35.0,0
941047c8-9491-5bc3-836c-83d9c793d82a,941047c8-9491-5bc3-90c8-e875c0a88421,0.042,7382.3,0,emergency,2023-06-06 07:32:03,2,0,7,6,Summer,M,white,nonhispanic,20,PRIVATE,7,2,1,0,1,837.0,0
7a05d1c9-1035-8758-26e7-5035544d2a44,7a05d1c9-1035-8758-b18f-15659b309c11,0.042,6759.02,0,emergency,2023-12-30 15:38:50,6,1,15,12,Winter,M,white,nonhispanic,47,PRIVATE,17,2,2,0,13,6.8,1
35e0f778-7ddf-f4bf-fd6f-bf1573a80044,35e0f778-7ddf-f4bf-df8b-4a6521b753e4,0.037,723.14,0,urgentcare,2024-02-07 13:06:47,3,0,13,2,Winter,M,white,nonhispanic,48,PRIVATE,25,2,7,4,8,7.0,1
970e27db-668f-15cf-1028-e67ba7e46483,970e27db-668f-15cf-e4e8-6700e822c668,0.041,709.98,0,urgentcare,2026-03-03 01:35:58,2,0,1,3,Spring,M,white,nonhispanic,19,PRIVATE,7,1,5,2,11,207.9,0
61f048dc-f66e-bbda-9167-ddaf9942452b,61f048dc-f66e-bbda-48c8-593d92d2bf03,0.026,797.72,0,urgentcare,2026-06-03 13:45:26,3,0,13,6,Summer,F,white,nonhispanic,80,GOVERNMENT,35,3,6,6,64,21.0,1
6ec8e93c-256c-8a22-f792-a3ad4cd64cd6,6ec8e93c-256c-8a22-5184-8c23682dfebf,0.077,7255.38,0,emergency,1977-02-22 11:13:28,2,0,11,2,Winter,F,white,nonhispanic,2,NO_INSURANCE,2,2,1,2,0,,0
8e4eecdb-5881-e677-5d21-a71f8cef15bb,8e4eecdb-5881-e677-7814-0de6d2558a84,0.042,13987.13,0,emergency,2025-03-23 11:13:28,0,1,11,3,Spring,F,white,nonhispanic,50,PRIVATE,15,2,6,1,2,5280.0,0
8e4eecdb-5881-e677-1c28-b10ec2957a70,8e4eecdb-5881-e677-7814-0de6d2558a84,1.0,14052.25,0,inpatient,2025-03-23 11:40:34,0,1,11,3,Spring,F,white,nonhispanic,50,PRIVATE,15,1,4,5,2,5280.0,0
24ded834-45cd-8231-e61f-d09ba32b47ee,24ded834-45cd-8231-8b45-10c6e5ab70f1,0.03,864.26,0,urgentcare,2024-01-14 12:22:30,0,1,12,1,Winter,M,white,nonhispanic,60,PRIVATE,10,1,8,1,0,,0
ad3d4ce5-b7b8-c722-0417-5ac47b1eb14b,ad3d4ce5-b7b8-c722-0535-d96c562c9f55,0.038,729.94,0,urgentcare,2017-03-08 18:18:29,3,0,18,3,Spring,F,white,hispanic,94,GOVERNMENT,24,1,7,1,13,406.0,0
65d190f9-a947-7403-ab30-47da2cc26199,65d190f9-a947-7403-ab4e-853a64f5f0c3,0.023,723.14,0,urgentcare,2025-06-21 23:40:05,6,1,23,6,Summer,M,white,nonhispanic,75,GOVERNMENT,19,2,4,4,5,735.0,0
48b91ccb-63e2-e0eb-b30b-e3c226fa9324,48b91ccb-63e2-e0eb-78ee-cdf5ce23dc2e,0.079,10623.2,0,emergency,1996-08-21 13:27:14,3,0,13,8,Summer,M,white,nonhispanic,74,GOVERNMENT,14,2,3,0,1,5052.3,0
15e36d33-d8b6-de1d-8339-6e3a17b172d6,15e36d33-d8b6-de1d-0391-190d15a4e782,0.042,5103.71,0,emergency,1997-11-24 13:02:37,1,0,13,11,Fall,M,white,nonhispanic,75,GOVERNMENT,13,2,1,0,7,1027.4,0
970e27db-668f-15cf-b319-06bd2c0a35ee,970e27db-668f-15cf-e4e8-6700e822c668,0.042,6150.68,0,emergency,2025-08-07 02:57:51,4,0,2,8,Summer,M,white,nonhispanic,18,PRIVATE,8,2,2,2,10,72.7,0
d56007d4-29fb-4049-de52-2ef722fa24f1,d56007d4-29fb-4049-d7de-d02be8374446,1.0,1871.78,0,inpatient,2025-02-06 04:53:31,4,0,4,2,Winter,F,asian,nonhispanic,64,PRIVATE,16,1,4,11,2,19.7,1
e0123aac-2e7a-d32f-53dd-640d4375edc6,e0123aac-2e7a-d32f-1eaf-7972858ab858,0.042,1008.98,0,emergency,2022-06-13 13:04:49,1,0,13,6,Summer,F,white,hispanic,19,PRIVATE,5,2,2,0,3,49.0,0
a3c224ef-227f-0a6d-eb07-c93967f73b6e,a3c224ef-227f-0a6d-9157-7a973efdb1f2,0.042,4140.89,0,emergency,2024-02-05 18:06:47,1,0,18,2,Winter,M,white,nonhispanic,3,PRIVATE,5,2,1,2,0,,0
5d84fe6d-27c0-5b15-8c7e-2504c9731966,5d84fe6d-27c0-5b15-6884-619849b747a4,0.01,358.28,0,urgentcare,2024-05-23 14:14:48,4,0,14,5,Spring,M,asian,nonhispanic,8,GOVERNMENT,4,1,1,1,3,384.0,0
82e97671-9f3a-eab7-9a6d-efa285deec8a,82e97671-9f3a-eab7-10c0-f1a54f088dfc,0.042,5218.79,0,emergency,2025-03-07 08:59:57,5,0,8,3,Spring,F,white,nonhispanic,67,GOVERNMENT,13,2,3,0,2,1615.0,0
ad550938-7a4a-6355-2a95-1c966006dbd1,ad550938-7a4a-6355-9187-5384c714be3f,0.034,573.98,0,urgentcare,2017-06-02 22:06:25,5,0,22,6,Summer,F,white,nonhispanic,70,GOVERNMENT,29,1,3,3,11,434.0,0
6cebe382-6645-5849-ee24-fe13a2136a95,6cebe382-6645-5849-f398-543d907d44bd,0.035,1871.1,0,urgentcare,2026-07-02 17:02:07,4,0,17,7,Summer,F,white,nonhispanic,50,GOVERNMENT,33,2,4,3,243,70.0,0
b2a47352-a222-d454-5693-c6aa7e2abbad,b2a47352-a222-d454-52a7-083891c96aa0,0.037,1007.06,0,urgentcare,2025-10-01 15:03:30,3,0,15,10,Fall,F,white,nonhispanic,75,GOVERNMENT,19,2,5,0,1,3118.9,0
12cf26a6-b0da-66bb-361a-9a91e0deb0d4,12cf26a6-b0da-66bb-dbc9-08807426e9cf,0.041,797.72,0,urgentcare,2026-06-21 01:50:46,0,1,1,6,Summer,M,white,nonhispanic,79,GOVERNMENT,23,2,1,6,11,35.0,0
f58b068c-f7b4-9493-ff91-5c85734f2999,f58b068c-f7b4-9493-d114-90cfcbf108cf,30.198,27761.6,1,inpatient,2025-02-02 12:44:14,0,1,12,2,Winter,M,white,nonhispanic,69,GOVERNMENT,17,1,3,1,5,110.0,0
8c6d2f1b-5511-c429-2eb3-38e7a80bda7c,8c6d2f1b-5511-c429-bee7-d55f2fb4600d,0.028,940.52,0,urgentcare,2023-12-12 10:16:25,2,0,10,12,Winter,M,white,nonhispanic,45,PRIVATE,12,1,2,1,5,1710.8,0
4e4789ee-69a4-1744-deac-cd804db4d41e,4e4789ee-69a4-1744-49dd-2f27c28a9bc2,0.03,872.3,0,urgentcare,2000-04-29 12:35:15,6,1,12,4,Spring,M,white,nonhispanic,78,GOVERNMENT,36,2,4,5,75,7.0,1
35e0f778-7ddf-f4bf-501d-38bbd22fde3e,35e0f778-7ddf-f4bf-df8b-4a6521b753e4,0.031,723.14,0,urgentcare,2024-01-24 13:06:47,3,0,13,1,Winter,M,white,nonhispanic,48,PRIVATE,26,2,4,4,6,35.0,0
7f267b17-469e-eca7-c65c-d5cf7af42b7e,7f267b17-469e-eca7-5ed2-6e5817a1ecab,0.088,10859.57,0,emergency,2024-01-10 04:43:26,3,0,4,1,Winter,F,white,nonhispanic,11,NO_INSURANCE,3,2,1,0,0,,0
b48771f2-01da-2e3d-dcdb-d7c7b68b5832,b48771f2-01da-2e3d-b283-3a8fbb2b17a0,0.029,1171.83,0,urgentcare,2026-06-01 14:34:46,1,0,14,6,Summer,M,white,nonhispanic,67,GOVERNMENT,27,1,7,3,55,21.0,1
1fab8367-4a8d-ab1e-c87b-3aeeb60ebd1d,1fab8367-4a8d-ab1e-b676-8acf3e8b1898,0.024,1262.33,0,urgentcare,2026-05-23 05:28:17,6,1,5,5,Spring,M,white,nonhispanic,77,GOVERNMENT,22,2,6,10,83,69.0,0
cea9384c-b73d-bcff-3b3a-7ea1921c52b6,cea9384c-b73d-bcff-8454-7a71a56aa47b,0.033,1288.23,0,urgentcare,2026-06-18 13:53:14,4,0,13,6,Summer,F,white,nonhispanic,63,PRIVATE,18,1,4,3,0,,0
97e95143-f963-df2a-7509-640ef6f34fe6,97e95143-f963-df2a-3b59-b9d535818a5e,0.01,358.28,0,urgentcare,1964-10-19 10:58:47,1,0,10,10,Fall,M,white,nonhispanic,4,NO_INSURANCE,7,1,1,3,14,28.0,1
f946bf26-cfef-bdf0-c1af-7bd9f577092d,f946bf26-cfef-bdf0-41df-57c285cae84e,0.042,5104.67,0,emergency,2023-11-18 14:44:00,6,1,14,11,Fall,F,white,nonhispanic,69,GOVERNMENT,13,2,3,0,0,,0
8d416d41-da80-0e30-851c-520eccd2ef72,8d416d41-da80-0e30-5df2-36ab7ac00bde,0.042,3860.78,0,emergency,2025-01-20 05:21:52,1,0,5,1,Winter,M,asian,nonhispanic,74,GOVERNMENT,19,3,2,0,1,1221.0,0
b0254f72-8d4f-233b-c9bb-58c1cbf1e447,b0254f72-8d4f-233b-9aef-74c2c4019761,0.032,1081.64,0,urgentcare,2024-03-16 19:47:05,6,1,19,3,Spring,M,white,nonhispanic,36,GOVERNMENT,15,5,5,0,14,218.1,0
98c26c98-245d-900b-574c-0e2fb673a7ac,98c26c98-245d-900b-d256-36c0bf9cec5d,0.042,8592.1,0,emergency,2025-11-20 14:22:44,4,0,14,11,Fall,F,white,hispanic,21,GOVERNMENT,6,2,1,0,2,2588.0,0
f11cf1b4-18ab-5082-19fa-18e4bfd95a80,f11cf1b4-18ab-5082-0935-070669490e87,0.042,3860.78,0,emergency,2023-12-03 14:20:12,0,1,14,12,Winter,M,white,nonhispanic,3,PRIVATE,3,2,2,0,0,,0
93450ed4-713b-85cb-896c-1d5797a0580f,93450ed4-713b-85cb-12f3-f7d78de34f63,1.0,7021.89,0,inpatient,2023-08-19 06:07:29,6,1,6,8,Summer,F,white,nonhispanic,73,GOVERNMENT,14,1,13,5,2,924.5,0
e4511778-4c17-701c-3378-d6f146ba85bb,e4511778-4c17-701c-efa2-110e4112b6fe,0.01,1154.54,0,urgentcare,2026-07-31 22:06:25,5,0,22,7,Summer,F,white,nonhispanic,79,GOVERNMENT,31,1,1,4,47,35.0,0
7303ace7-0bce-fc45-ed30-5e6490978119,7303ace7-0bce-fc45-3757-9e3f26f4836a,0.036,1397.66,0,urgentcare,2023-12-26 21:39:38,2,0,21,12,Winter,M,white,nonhispanic,36,PRIVATE,12,2,6,1,2,1456.9,0
ebc50939-9641-b611-decb-26a9bf8e862f,ebc50939-9641-b611-dc2d-7fdc8b7aff93,0.236,1254.45,0,emergency,2024-04-08 04:31:46,1,0,4,4,Spring,F,hawaiian,nonhispanic,1,PRIVATE,1,1,1,0,0,,0
dfc9eb96-3c2a-6c32-d7f0-92a69b94e726,dfc9eb96-3c2a-6c32-6584-9d2ab6f64f18,1.128,1738.7,0,inpatient,1992-09-26 12:35:15,6,1,12,9,Fall,M,white,nonhispanic,70,GOVERNMENT,28,1,3,4,45,21.0,1
83bcad0c-8f4b-bcaf-236c-09ffdf75df51,83bcad0c-8f4b-bcaf-2497-6b253e9e6f18,0.042,3429.38,0,emergency,1986-11-29 12:35:15,6,1,12,11,Fall,M,white,nonhispanic,64,NO_INSURANCE,10,1,1,0,0,,0
1a9b16ad-e469-50ab-b734-609f21cebda5,1a9b16ad-e469-50ab-0240-77049e72ad4b,0.042,11420.81,0,emergency,2020-02-27 22:49:15,4,0,22,2,Winter,F,white,nonhispanic,43,PRIVATE,9,2,1,1,0,,0
cb516324-bbf5-6e8a-8731-d7e8145b2911,cb516324-bbf5-6e8a-1d80-bd569fa51d89,3.243,5423.98,0,inpatient,2022-09-29 09:37:57,4,0,9,9,Fall,F,white,nonhispanic,13,PRIVATE,3,1,1,0,5,7.0,1
e94d81a5-d112-4634-8c84-f59b0f234990,e94d81a5-d112-4634-f045-637a4b74075f,1.0,3817.64,0,inpatient,1979-07-20 01:56:37,5,0,1,7,Summer,F,white,nonhispanic,36,PRIVATE,8,1,2,0,2,1050.5,0
3d3a1f88-085e-d08e-4b66-abe67f574047,3d3a1f88-085e-d08e-7129-fcb9adb8183f,0.042,5249.16,0,emergency,2023-07-28 01:33:31,5,0,1,7,Summer,F,white,hispanic,14,NO_INSURANCE,3,2,2,0,0,,0
61f048dc-f66e-bbda-b040-ef8a0e4a2e54,61f048dc-f66e-bbda-48c8-593d92d2bf03,0.036,723.14,0,urgentcare,2026-05-06 13:45:26,3,0,13,5,Spring,F,white,nonhispanic,80,GOVERNMENT,33,1,6,6,62,28.0,1
6d438268-b607-38f0-58c4-290622c07b4b,6d438268-b607-38f0-cadf-854839f74e3f,0.042,12025.17,0,emergency,2024-10-18 11:48:42,5,0,11,10,Fall,F,white,nonhispanic,56,GOVERNMENT,13,2,2,0,4,2276.0,0
5d84fe6d-27c0-5b15-6a72-14aa6cd445be,5d84fe6d-27c0-5b15-6884-619849b747a4,0.042,4140.89,0,emergency,2023-05-05 14:14:48,5,0,14,5,Spring,M,asian,nonhispanic,7,GOVERNMENT,5,2,1,0,2,1131.0,0
9cc18676-fda5-105d-de19-abcc35972534,9cc18676-fda5-105d-62c5-c369b8cdbd91,0.165,4579.28,0,emergency,2024-09-17 13:13:29,2,0,13,9,Fall,M,white,nonhispanic,1,PRIVATE,3,1,1,1,1,70.0,0
9e9b7e84-a573-7762-ca62-8e8a06d86c21,9e9b7e84-a573-7762-9ce5-d6e70ed0dc91,0.094,4407.08,0,emergency,2009-10-07 00:23:41,3,0,0,10,Fall,M,white,nonhispanic,11,PRIVATE,3,2,1,1,0,,0
2b550547-5163-3b59-f38e-e433c93a473e,2b550547-5163-3b59-c405-6e2baabdab86,0.042,6852.28,0,emergency,2022-10-02 17:42:48,0,1,17,10,Fall,M,asian,nonhispanic,17,PRIVATE,2,2,2,0,2,1603.0,0
12cf26a6-b0da-66bb-01b6-21bd0cc73797,12cf26a6-b0da-66bb-dbc9-08807426e9cf,0.041,933.72,0,urgentcare,2026-05-17 01:50:46,0,1,1,5,Spring,M,white,nonhispanic,79,GOVERNMENT,23,1,5,6,10,28.0,1
1f8e3327-db2f-23db-8a4c-ebab7bdba2a2,1f8e3327-db2f-23db-8638-3eac99fcc4cf,0.039,1233.49,0,urgentcare,2001-08-18 23:40:05,6,1,23,8,Summer,M,white,nonhispanic,51,PRIVATE,13,2,5,3,3,7.0,1
9d2b1771-334f-c3d0-2304-b2b1d08f85ed,9d2b1771-334f-c3d0-776d-562573632e1e,0.035,925.68,0,urgentcare,2025-10-21 13:12:06,2,0,13,10,Fall,F,white,nonhispanic,18,GOVERNMENT,7,6,5,1,1,1757.0,0
d56007d4-29fb-4049-61a9-2d2ee1a9be13,d56007d4-29fb-4049-d7de-d02be8374446,0.042,15734.14,0,emergency,2025-01-17 10:24:07,5,0,10,1,Winter,F,asian,nonhispanic,64,PRIVATE,13,2,6,0,1,824.2,0
b48771f2-01da-2e3d-47b9-0c854aaee6c6,b48771f2-01da-2e3d-b283-3a8fbb2b17a0,0.039,1303.7,0,urgentcare,2026-05-04 14:34:46,1,0,14,5,Spring,M,white,nonhispanic,67,GOVERNMENT,29,4,6,4,53,28.0,1
a5798f59-255c-4592-29e1-ceac48474dfb,a5798f59-255c-4592-2770-bdb75b02e3b9,0.042,577.58,0,emergency,2020-06-02 20:41:22,2,0,20,6,Summer,F,asian,hispanic,64,PRIVATE,16,2,1,2,2,212.0,0
cb883151-8519-0000-a7e3-17b1a9dd31e7,cb883151-8519-0000-668a-4727c84b2f04,0.042,1008.98,0,emergency,2023-04-30 15:03:45,0,1,15,4,Spring,F,white,nonhispanic,36,PRIVATE,17,2,2,1,6,16.0,1
1808aa89-e12d-0ac8-6427-3efa83136a9c,1808aa89-e12d-0ac8-6da9-b6f51d312a5f,0.042,4140.89,0,emergency,2022-04-23 13:13:29,6,1,13,4,Spring,M,white,nonhispanic,8,PRIVATE,2,2,1,0,0,,0
52dbc2ea-6ba2-a579-8528-1df881ce020e,52dbc2ea-6ba2-a579-08fa-922f83fbe0bd,0.038,709.98,0,urgentcare,2022-06-01 04:28:28,3,0,4,6,Summer,F,white,nonhispanic,47,PRIVATE,8,2,4,1,0,,0
61f048dc-f66e-bbda-5c21-343c692b5cbf,61f048dc-f66e-bbda-48c8-593d92d2bf03,0.027,723.14,0,urgentcare,2026-04-08 13:45:26,3,0,13,4,Spring,F,white,nonhispanic,80,GOVERNMENT,33,1,5,7,61,28.0,1
64fc6ff7-f44c-cf27-6092-693c730a9835,64fc6ff7-f44c-cf27-2cc9-0f3ec3f50c46,0.068,1008.98,0,emergency,2019-11-25 10:58:03,1,0,10,11,Fall,M,white,nonhispanic,4,GOVERNMENT,2,2,2,0,0,,0
f4dccac7-7a87-6c1b-c869-d08e35f8adb8,f4dccac7-7a87-6c1b-4161-588e2d607cc8,0.029,1060.32,0,urgentcare,2024-09-13 08:41:53,5,0,8,9,Fall,F,white,nonhispanic,68,GOVERNMENT,12,1,4,0,1,9490.0,0
6cebe382-6645-5849-251e-21c41af45a82,6cebe382-6645-5849-f398-543d907d44bd,0.026,872.3,0,urgentcare,2026-04-16 17:02:07,4,0,17,4,Spring,F,white,nonhispanic,50,GOVERNMENT,35,4,4,6,241,14.0,1
33d0ffcb-1493-c153-eb6b-2efc7fea283f,33d0ffcb-1493-c153-4f4e-5013e419c1ab,0.042,13710.39,0,emergency,2017-01-14 20:02:47,6,1,20,1,Winter,M,white,nonhispanic,6,PRIVATE,4,2,2,0,0,,0
dfc9eb96-3c2a-6c32-d15e-78ab71984048,dfc9eb96-3c2a-6c32-6584-9d2ab6f64f18,0.027,1511.36,0,urgentcare,1992-09-05 12:35:15,6,1,12,9,Fall,M,white,nonhispanic,70,GOVERNMENT,31,2,8,4,44,224.0,0
e8233637-a645-7460-7db9-550040afc6fb,e8233637-a645-7460-78fd-808cf87933da,0.028,1732.7,0,urgentcare,2003-01-04 12:35:15,6,1,12,1,Winter,M,white,nonhispanic,81,GOVERNMENT,28,2,7,5,46,28.0,1
e8a04254-1004-e1e9-f8c8-38420ec5b172,e8a04254-1004-e1e9-ed60-40ac7b6b2f47,0.059,1008.98,0,emergency,2019-07-13 20:43:15,6,1,20,7,Summer,M,white,nonhispanic,6,PRIVATE,2,2,2,0,0,,0
cb516324-bbf5-6e8a-d8d7-0f52cfee14fd,cb516324-bbf5-6e8a-1d80-bd569fa51d89,0.02,573.98,0,urgentcare,2022-09-15 09:37:57,4,0,9,9,Fall,F,white,nonhispanic,13,PRIVATE,2,1,7,0,3,700.9,0
84eb513c-580c-9042-e06e-5cd0c40558cf,84eb513c-580c-9042-359a-53a95500dd27,0.039,709.98,0,urgentcare,2023-03-21 20:57:27,2,0,20,3,Spring,M,white,nonhispanic,32,PRIVATE,7,1,4,2,2,476.0,0
1fab8367-4a8d-ab1e-6f49-dacc7a2c4e9e,1fab8367-4a8d-ab1e-b676-8acf3e8b1898,0.042,6030.47,0,emergency,2026-03-14 05:28:17,6,1,5,3,Spring,M,white,nonhispanic,77,GOVERNMENT,22,2,5,3,81,112.0,0
1fab8367-4a8d-ab1e-05bf-320348e5430a,1fab8367-4a8d-ab1e-b676-8acf3e8b1898,1.0,10329.29,0,inpatient,2026-03-14 05:56:29,6,1,5,3,Spring,M,white,nonhispanic,77,GOVERNMENT,22,1,4,6,81,112.0,0
569a5039-07b0-3769-3cee-8a3bc28af003,569a5039-07b0-3769-b644-614c3d87275a,0.034,789.68,0,urgentcare,2025-04-12 16:57:59,6,1,16,4,Spring,M,white,nonhispanic,85,GOVERNMENT,22,2,7,4,44,637.0,0
bcf816fa-6fcd-78af-1c3e-2b4dba81c11f,bcf816fa-6fcd-78af-c47a-8f55c5f8ecbf,0.042,577.58,0,emergency,2023-08-15 06:55:32,2,0,6,8,Summer,F,white,nonhispanic,59,PRIVATE,18,2,1,1,2,459.0,0
af613246-c519-86b2-0fbb-12ebec8337c5,af613246-c519-86b2-c724-7f9e94213b57,0.033,784.56,0,urgentcare,2019-01-15 09:48:24,2,0,9,1,Winter,M,white,nonhispanic,28,NO_INSURANCE,10,3,2,1,1,2254.0,0
3a8baac2-e931-2f10-d27c-cc5028bb05f6,3a8baac2-e931-2f10-cc11-48441c18da63,0.01,1572.78,0,urgentcare,2017-05-15 09:56:35,1,0,9,5,Spring,M,white,nonhispanic,10,PRIVATE,3,1,2,1,2,392.0,0
c1694a0e-6a27-06ad-3eed-78ef38f0f3d9,c1694a0e-6a27-06ad-16c1-16785eb5f584,0.042,16125.04,0,emergency,2022-01-09 10:37:11,0,1,10,1,Winter,M,white,nonhispanic,13,PRIVATE,2,2,1,0,0,,0
56f6e610-b1e1-cb7a-991f-49b7916b17f3,56f6e610-b1e1-cb7a-7bbf-ceba2ee76513,0.042,5104.67,0,emergency,2022-12-01 15:26:24,4,0,15,12,Winter,F,white,nonhispanic,72,GOVERNMENT,16,2,3,0,3,221.9,0
3c94dc6b-f943-7d90-3ef4-fe9df3fd2b1b,3c94dc6b-f943-7d90-2fbb-fdbe61d94895,0.023,1227.9,0,urgentcare,2021-08-02 04:45:42,1,0,4,8,Summer,M,white,nonhispanic,27,GOVERNMENT,5,1,4,1,0,,0
970e27db-668f-15cf-3959-b6c658171bfb,970e27db-668f-15cf-e4e8-6700e822c668,1.5,5423.98,0,inpatient,2025-05-24 22:35:58,6,1,22,5,Spring,M,white,nonhispanic,18,PRIVATE,5,1,1,0,8,536.9,0
4100538e-7f5f-2872-3f08-07a945cc9834,4100538e-7f5f-2872-dc1d-76589c3b738e,0.01,900.23,0,urgentcare,2025-07-30 17:13:15,3,0,17,7,Summer,F,white,nonhispanic,48,PRIVATE,17,1,1,3,3,7.0,1
15d2023e-7261-4ed1-8c0a-24012c2701f2,15d2023e-7261-4ed1-d81a-5b9ba8e4b338,0.037,709.98,0,urgentcare,2023-09-02 13:58:11,6,1,13,9,Fall,F,white,nonhispanic,26,PRIVATE,11,1,5,0,22,119.3,0
97e95143-f963-df2a-8d52-17f5b0b6e6f9,97e95143-f963-df2a-3b59-b9d535818a5e,0.01,789.08,0,urgentcare,1964-08-31 10:58:47,1,0,10,8,Summer,M,white,nonhispanic,4,NO_INSURANCE,6,1,1,2,12,35.0,0
61f048dc-f66e-bbda-f31e-bae5bd7d6321,61f048dc-f66e-bbda-48c8-593d92d2bf03,0.03,1074.84,0,urgentcare,2026-03-04 13:45:26,3,0,13,3,Spring,F,white,nonhispanic,80,GOVERNMENT,35,1,6,7,59,14.0,1
43337772-561b-3b2f-84ce-62c73bdd5b5d,43337772-561b-3b2f-5797-59cf46d0fb89,0.042,1008.98,0,emergency,2017-01-06 21:00:44,5,0,21,1,Winter,M,white,nonhispanic,14,PRIVATE,3,2,2,0,0,,0
3ba884f2-b6ad-b432-558b-448875e43ccb,3ba884f2-b6ad-b432-e784-a59fde125e18,0.01,709.98,0,urgentcare,2017-06-02 07:51:48,5,0,7,6,Summer,M,white,nonhispanic,3,PRIVATE,1,1,1,1,0,,0
6c5a2a8e-f124-baab-5447-c8ac3d341f3a,6c5a2a8e-f124-baab-79fe-c28a370e15ed,0.04,709.98,0,urgentcare,2022-11-20 21:11:39,0,1,21,11,Fall,M,white,nonhispanic,34,PRIVATE,12,2,5,3,1,1553.0,0
e4511778-4c17-701c-c81f-a4eda1952733,e4511778-4c17-701c-efa2-110e4112b6fe,0.033,872.3,0,urgentcare,2026-06-26 22:06:25,5,0,22,6,Summer,F,white,nonhispanic,79,GOVERNMENT,33,2,6,4,46,7.0,1
0b09f867-8f93-3049-6c6a-b8dc0dbde6e8,0b09f867-8f93-3049-9beb-e9e40e97b938,14.029,24477.76,1,inpatient,2020-12-18 15:02:56,5,0,15,12,Winter,M,white,nonhispanic,36,PRIVATE,16,5,3,0,1,1376.0,0
ad3d4ce5-b7b8-c722-d743-36115dca1c06,ad3d4ce5-b7b8-c722-0535-d96c562c9f55,0.036,729.94,0,urgentcare,2016-01-27 18:18:29,3,0,18,1,Winter,F,white,hispanic,93,GOVERNMENT,25,3,4,1,12,42.0,0
9abe113a-30ca-fff0-9773-23ffc74aa86e,9abe113a-30ca-fff0-aae8-334072270655,0.042,1008.98,0,emergency,2018-09-14 19:10:15,5,0,19,9,Fall,M,white,hispanic,10,GOVERNMENT,3,2,2,0,0,,0
e10b2bb7-20fc-603f-6a79-3913930e4e26,e10b2bb7-20fc-603f-eded-4141ad76ea1f,0.042,6259.2,0,emergency,2014-04-22 15:53:54,2,0,15,4,Spring,M,white,nonhispanic,61,PRIVATE,17,2,2,1,1,2576.0,0
1f8e3327-db2f-23db-9bd7-d053d2458fcd,1f8e3327-db2f-23db-8638-3eac99fcc4cf,0.042,1821.9,0,emergency,2001-08-04 23:40:05,6,1,23,8,Summer,M,white,nonhispanic,51,PRIVATE,14,3,8,3,1,2813.0,0
5ef6bfb1-b930-bd01-3e95-0c437cf92556,5ef6bfb1-b930-bd01-0f1c-a97248be14f8,0.042,4140.89,0,emergency,2022-12-30 09:50:01,5,0,9,12,Winter,M,white,nonhispanic,72,GOVERNMENT,21,2,1,0,12,10.1,1
e8233637-a645-7460-07ad-ea9ac226a05f,e8233637-a645-7460-78fd-808cf87933da,0.024,797.72,0,urgentcare,2002-12-07 12:35:15,6,1,12,12,Winter,M,white,nonhispanic,80,GOVERNMENT,28,2,2,4,45,28.0,1
35e0f778-7ddf-f4bf-8f2d-276570206697,35e0f778-7ddf-f4bf-df8b-4a6521b753e4,0.022,1297.96,0,urgentcare,2023-12-20 13:06:47,3,0,13,12,Winter,M,white,nonhispanic,47,PRIVATE,25,3,3,3,5,7.0,1
4100538e-7f5f-2872-87a0-f1940cf0c736,4100538e-7f5f-2872-dc1d-76589c3b738e,0.024,1728.74,0,urgentcare,2025-07-23 17:13:15,3,0,17,7,Summer,F,white,nonhispanic,48,PRIVATE,18,1,4,3,2,2290.9,0
90a4d7fc-bfb4-0e30-4d44-52c4c1992849,90a4d7fc-bfb4-0e30-cfa8-99073696950a,0.01,573.98,0,urgentcare,2024-04-03 09:54:17,3,0,9,4,Spring,F,white,hispanic,17,GOVERNMENT,4,2,3,1,0,,0
84eb513c-580c-9042-1e50-e1590fdb4694,84eb513c-580c-9042-359a-53a95500dd27,0.022,709.98,0,urgentcare,2021-11-30 20:57:27,2,0,20,11,Fall,M,white,nonhispanic,30,PRIVATE,11,4,4,4,1,242.0,0
d83493af-db79-e566-9a91-f84d916cd660,d83493af-db79-e566-0963-ccadfbdac049,0.04,573.98,0,urgentcare,2017-08-09 18:06:03,3,0,18,8,Summer,M,white,nonhispanic,19,PRIVATE,9,1,4,1,1,1724.0,0
cb883151-8519-0000-6b1b-46cbe97a0f92,cb883151-8519-0000-668a-4727c84b2f04,1.0,3817.64,0,inpatient,2023-04-13 15:53:49,4,0,15,4,Spring,F,white,nonhispanic,36,PRIVATE,16,1,2,1,5,781.0,0
23dca163-74ab-e839-4e15-1226a6506d59,23dca163-74ab-e839-7d2b-2bfeddad5f80,0.04,933.72,0,urgentcare,2024-07-20 16:34:25,6,1,16,7,Summer,F,asian,nonhispanic,45,PRIVATE,18,3,3,4,12,378.0,0
61f048dc-f66e-bbda-0abf-b33dd887ed0c,61f048dc-f66e-bbda-48c8-593d92d2bf03,0.026,723.14,0,urgentcare,2026-02-18 13:45:26,3,0,13,2,Winter,F,white,nonhispanic,80,GOVERNMENT,36,4,5,7,58,42.0,0
8bcce517-567c-46d2-b84b-38a1efc2c974,8bcce517-567c-46d2-42bc-ab92da8221f4,0.042,6853.97,0,emergency,2022-06-13 02:21:14,1,0,2,6,Summer,M,asian,nonhispanic,16,PRIVATE,3,2,2,0,1,778.0,0
e1e67ff6-6c48-c360-8dda-6eb3b5aebc93,e1e67ff6-6c48-c360-23bc-367228890c40,0.01,358.28,0,urgentcare,2017-05-19 07:51:48,5,0,7,5,Spring,M,white,nonhispanic,3,GOVERNMENT,6,1,1,2,6,315.0,0
b38714cc-2f18-2bea-8693-29bb3deec2a8,b38714cc-2f18-2bea-d56e-cc37cbd43e43,0.042,1008.98,0,emergency,2018-05-15 08:35:11,2,0,8,5,Spring,M,white,nonhispanic,2,PRIVATE,2,2,2,0,0,,0
e2d7b75a-63f0-2840-61eb-0493a3f9a2c8,e2d7b75a-63f0-2840-158a-72516b9d15c2,0.05,1008.98,0,emergency,2023-09-09 09:56:35,6,1,9,9,Fall,M,white,nonhispanic,16,PRIVATE,2,2,2,0,2,1513.0,0
e0f711eb-6045-f479-1625-6357a7e19518,e0f711eb-6045-f479-32f2-b16fe78bbb4f,1.0,11973.6,0,inpatient,2016-10-24 04:17:39,1,0,4,10,Fall,F,white,hispanic,25,GOVERNMENT,10,1,2,0,1,2249.0,0
6584d844-def6-c89c-72e5-54f3295f9637,6584d844-def6-c89c-9e84-1229ed30d1c1,0.042,7226.29,0,emergency,2023-09-04 19:07:11,1,0,19,9,Fall,M,white,nonhispanic,60,GOVERNMENT,19,2,3,0,3,1340.0,0
12cf26a6-b0da-66bb-b2b1-d7a585c6c463,12cf26a6-b0da-66bb-dbc9-08807426e9cf,0.036,797.72,0,urgentcare,2026-03-22 01:50:46,0,1,1,3,Spring,M,white,nonhispanic,79,GOVERNMENT,22,1,5,5,7,28.0,1
f58b068c-f7b4-9493-cd90-d343c9eeccfe,f58b068c-f7b4-9493-d114-90cfcbf108cf,0.042,4140.89,0,emergency,2024-10-15 11:11:57,2,0,11,10,Fall,M,white,nonhispanic,68,GOVERNMENT,16,2,1,0,4,9.0,1
e5af8abb-a368-7780-23ad-a6890cdadd29,e5af8abb-a368-7780-7a07-882baf990aab,0.033,573.98,0,urgentcare,2002-05-17 09:34:04,5,0,9,5,Spring,M,white,nonhispanic,52,GOVERNMENT,15,4,2,3,36,7.0,1
a6cf39a8-9c21-b492-1cc6-7e994de5959c,a6cf39a8-9c21-b492-4d9f-5197a6b61666,0.042,1008.98,0,emergency,2012-04-10 21:48:08,2,0,21,4,Spring,M,white,nonhispanic,33,PRIVATE,10,2,2,0,0,,0
34a4bcd8-54e9-3da5-a745-5cdebad503c1,34a4bcd8-54e9-3da5-0668-609fea978b54,0.037,791.36,0,urgentcare,2020-09-15 05:56:53,2,0,5,9,Fall,F,white,nonhispanic,70,GOVERNMENT,12,1,5,2,0,,0
b48771f2-01da-2e3d-6ca2-17856f118e27,b48771f2-01da-2e3d-b283-3a8fbb2b17a0,0.022,1439.7,0,urgentcare,2026-04-06 14:34:46,1,0,14,4,Spring,M,white,nonhispanic,67,GOVERNMENT,26,2,7,4,52,91.0,0
0624bc58-5c5b-d88d-92c7-2efee31b9342,0624bc58-5c5b-d88d-33c9-076abb41330b,0.032,1222.76,0,urgentcare,2018-01-16 05:50:24,2,0,5,1,Winter,F,white,nonhispanic,45,GOVERNMENT,16,2,7,2,1,1157.9,0
e94d81a5-d112-4634-9da3-fc714dccef1d,e94d81a5-d112-4634-f045-637a4b74075f,0.027,709.98,0,urgentcare,1976-09-02 13:00:20,4,0,13,9,Fall,F,white,nonhispanic,33,PRIVATE,9,3,4,0,1,98.0,0
a5798f59-255c-4592-91d7-0461a468ce36,a5798f59-255c-4592-2770-bdb75b02e3b9,0.042,10834.48,0,emergency,2019-11-03 18:47:22,0,1,18,11,Fall,F,asian,hispanic,63,PRIVATE,15,1,2,2,1,10446.0,0
d3c96059-2aeb-04be-0d75-01dee2841ebb,d3c96059-2aeb-04be-9e98-21a6bbcc6dd8,0.133,1765.3,0,emergency,2020-02-26 10:01:23,3,0,10,2,Winter,F,white,nonhispanic,9,PRIVATE,1,1,1,1,0,,0
15e36d33-d8b6-de1d-7342-e7d7a51040e2,15e36d33-d8b6-de1d-0391-190d15a4e782,1.0,73217.51,0,inpatient,1995-01-29 18:01:13,0,1,18,1,Winter,M,white,nonhispanic,73,GOVERNMENT,10,1,21,5,4,743.2,0
e8233637-a645-7460-5c90-d6008adbdd31,e8233637-a645-7460-78fd-808cf87933da,0.033,797.72,0,urgentcare,2002-11-09 12:35:15,6,1,12,11,Fall,M,white,nonhispanic,80,GOVERNMENT,27,1,8,3,44,28.0,1
ffb029a5-bd2c-4722-d42b-d7dfca7464e2,ffb029a5-bd2c-4722-b21f-ea72161fb619,0.042,1008.98,0,emergency,2016-09-21 06:00:25,3,0,6,9,Fall,M,white,hispanic,38,PRIVATE,11,2,2,0,0,,0
9d60dfae-efd2-f4f3-127a-19acae588934,9d60dfae-efd2-f4f3-3510-e483dc850874,0.03,784.56,0,urgentcare,2021-10-20 22:06:29,3,0,22,10,Fall,M,black,nonhispanic,75,GOVERNMENT,12,3,5,0,11,22.6,1
decc5415-1684-abaf-8942-e6b1b176e8ad,decc5415-1684-abaf-49de-bd278ae61777,0.028,872.3,0,urgentcare,2024-05-25 14:56:43,6,1,14,5,Spring,M,asian,nonhispanic,55,PRIVATE,22,3,5,2,8,301.0,0
3a8baac2-e931-2f10-1245-70fb703a3062,3a8baac2-e931-2f10-cc11-48441c18da63,0.01,573.98,0,urgentcare,2016-04-18 09:56:35,1,0,9,4,Spring,M,white,nonhispanic,9,PRIVATE,3,1,1,0,1,105.0,0
e4511778-4c17-701c-419c-c0a01d5ebeea,e4511778-4c17-701c-efa2-110e4112b6fe,0.032,872.3,0,urgentcare,2026-06-12 22:06:25,5,0,22,6,Summer,F,white,nonhispanic,79,GOVERNMENT,31,3,6,4,44,84.0,0
6cebe382-6645-5849-fb5d-8247d341e3c5,6cebe382-6645-5849-f398-543d907d44bd,0.031,1162.58,0,urgentcare,2026-04-02 17:02:07,4,0,17,4,Spring,F,white,nonhispanic,50,GOVERNMENT,33,1,4,6,240,42.0,0
12cf26a6-b0da-66bb-7799-97677dc64927,12cf26a6-b0da-66bb-dbc9-08807426e9cf,0.034,1576.42,0,urgentcare,2026-02-22 01:50:46,0,1,1,2,Winter,M,white,nonhispanic,79,GOVERNMENT,23,1,6,6,6,7.0,1
65d190f9-a947-7403-eed8-3af8d74a66ac,65d190f9-a947-7403-ab4e-853a64f5f0c3,0.022,859.14,0,urgentcare,2023-06-10 23:40:05,6,1,23,6,Summer,M,white,nonhispanic,73,GOVERNMENT,21,1,6,4,3,66.9,0
3a16dc79-ae15-22fc-0e89-7cc776b669a6,3a16dc79-ae15-22fc-a1c4-65206f6ad11f,0.028,573.98,0,urgentcare,2023-03-02 23:36:36,4,0,23,3,Spring,F,white,nonhispanic,61,PRIVATE,14,3,3,3,3,7.0,1
cb516324-bbf5-6e8a-45e9-e045817347ed,cb516324-bbf5-6e8a-1d80-bd569fa51d89,0.042,1008.98,0,emergency,2020-10-14 10:10:21,3,0,10,10,Fall,F,white,nonhispanic,11,PRIVATE,2,2,2,0,2,424.0,0
04b176c3-c2cd-cdaf-572e-4b9ae888decb,04b176c3-c2cd-cdaf-1406-153c8ca1e239,0.042,4140.89,0,emergency,2019-02-01 02:33:04,5,0,2,2,Winter,F,white,nonhispanic,63,NO_INSURANCE,16,2,1,0,0,,0
97e95143-f963-df2a-641f-c0d8acfcf108,97e95143-f963-df2a-3b59-b9d535818a5e,0.01,365.23,0,urgentcare,1964-07-27 10:58:47,1,0,10,7,Summer,M,white,nonhispanic,4,GOVERNMENT,5,1,1,2,11,7.0,1
21f1ed4f-83be-991b-e800-fecd79427091,21f1ed4f-83be-991b-ea87-76bb53b4200d,0.042,4478.0,0,emergency,2023-03-17 19:48:18,5,0,19,3,Spring,F,black,nonhispanic,26,GOVERNMENT,9,2,1,0,3,587.0,0
13ce74cc-b6a8-9dd0-2f2e-5c804bb0ac4f,13ce74cc-b6a8-9dd0-abe2-a63b7a4c8ce0,13.034,21251.24,1,inpatient,2020-05-11 08:22:16,1,0,8,5,Spring,F,white,nonhispanic,15,PRIVATE,14,6,3,0,2,866.0,0
0672a55d-40c9-af5b-c381-dfe272aeca99,0672a55d-40c9-af5b-41f3-46c31e57ee51,0.035,723.14,0,urgentcare,2024-01-27 07:18:38,6,1,7,1,Winter,M,white,nonhispanic,61,GOVERNMENT,27,2,3,3,4,644.0,0
298b84e9-f2e7-a858-ac0e-88b0e67c498a,298b84e9-f2e7-a858-81ca-fc481aaddb2f,0.034,709.98,0,urgentcare,2017-01-08 05:24:45,0,1,5,1,Winter,M,white,nonhispanic,35,PRIVATE,12,3,4,1,1,5129.9,0
6cebe382-6645-5849-323f-f0fb837a8dd8,6cebe382-6645-5849-f398-543d907d44bd,0.033,872.3,0,urgentcare,2026-02-19 17:02:07,4,0,17,2,Winter,F,white,nonhispanic,50,GOVERNMENT,34,1,4,5,239,42.0,0
12cf26a6-b0da-66bb-846a-efe01a3b35b1,12cf26a6-b0da-66bb-dbc9-08807426e9cf,0.039,797.72,0,urgentcare,2026-02-08 01:50:46,0,1,1,2,Winter,M,white,nonhispanic,79,GOVERNMENT,23,2,6,6,4,1442.0,0
89a05562-333c-60ed-d134-551be11211bf,89a05562-333c-60ed-5660-ff34b7f6e814,0.038,1074.84,0,urgentcare,2014-02-21 13:26:05,5,0,13,2,Winter,M,white,nonhispanic,61,GOVERNMENT,35,2,8,14,37,21.0,1
e8233637-a645-7460-f73a-014178d8a50a,e8233637-a645-7460-78fd-808cf87933da,0.03,797.72,0,urgentcare,2002-10-12 12:35:15,6,1,12,10,Fall,M,white,nonhispanic,80,GOVERNMENT,28,1,7,4,43,21.0,1
941047c8-9491-5bc3-f06c-09ad1af0a976,941047c8-9491-5bc3-90c8-e875c0a88421,0.056,1008.98,0,emergency,2021-02-19 06:11:03,5,0,6,2,Winter,M,white,nonhispanic,18,PRIVATE,3,2,2,0,0,,0
3a16dc79-ae15-22fc-443b-8589797294e2,3a16dc79-ae15-22fc-a1c4-65206f6ad11f,0.042,428.7,0,emergency,2023-02-23 23:36:36,4,0,23,2,Winter,F,white,nonhispanic,61,PRIVATE,14,1,1,3,2,7.0,1
97e95143-f963-df2a-a4d5-c50f32328d6c,97e95143-f963-df2a-3b59-b9d535818a5e,0.01,789.68,0,urgentcare,1964-07-20 10:58:47,1,0,10,7,Summer,M,white,nonhispanic,4,GOVERNMENT,5,1,2,2,10,28.0,1
23dca163-74ab-e839-96e7-e7b84f7b9b0b,23dca163-74ab-e839-7d2b-2bfeddad5f80,0.035,933.72,0,urgentcare,2022-12-10 16:34:25,6,1,16,12,Winter,F,asian,nonhispanic,43,PRIVATE,20,1,2,4,9,721.0,0
93450ed4-713b-85cb-8a50-db715a00667e,93450ed4-713b-85cb-12f3-f7d78de34f63,14.026,31367.01,1,inpatient,2021-01-22 16:29:39,5,0,16,1,Winter,F,white,nonhispanic,71,GOVERNMENT,26,4,3,1,1,905.0,0
ad550938-7a4a-6355-3247-19198d35b5e6,ad550938-7a4a-6355-9187-5384c714be3f,0.036,925.68,0,urgentcare,2016-03-25 22:06:25,5,0,22,3,Spring,F,white,nonhispanic,69,GOVERNMENT,30,2,6,4,10,126.0,0
b8bd9ba3-65d6-0924-df18-44ea42ba6365,b8bd9ba3-65d6-0924-03c0-300de291928d,0.037,5306.53,0,urgentcare,2021-10-02 04:38:20,6,1,4,10,Fall,F,white,nonhispanic,61,PRIVATE,23,5,7,3,2,1829.1,0
e5af8abb-a368-7780-4e42-32d031a8043b,e5af8abb-a368-7780-7a07-882baf990aab,0.01,494.28,0,urgentcare,2002-05-10 09:34:04,5,0,9,5,Spring,M,white,nonhispanic,52,GOVERNMENT,13,1,1,3,35,7.0,1
60ff4c3e-9712-fea2-a6d9-369a18e02440,60ff4c3e-9712-fea2-32a4-4b47b26ddcf5,0.041,1580.77,0,urgentcare,2018-12-02 18:47:22,0,1,18,12,Winter,F,asian,hispanic,62,PRIVATE,19,1,4,3,5,21.0,1
61f048dc-f66e-bbda-305d-0750b57f599c,61f048dc-f66e-bbda-48c8-593d92d2bf03,0.04,938.84,0,urgentcare,2026-01-07 13:45:26,3,0,13,1,Winter,F,white,nonhispanic,80,GOVERNMENT,35,2,6,6,57,28.0,1
8d416d41-da80-0e30-bc96-96a5825a2893,8d416d41-da80-0e30-5df2-36ab7ac00bde,0.042,1008.98,0,emergency,2021-09-17 04:55:40,5,0,4,9,Fall,M,asian,nonhispanic,70,GOVERNMENT,21,3,2,0,0,,0
dfeee4b9-c104-213b-bbb4-effd160ec2ba,dfeee4b9-c104-213b-ef2c-17383bad3236,0.042,5104.67,0,emergency,2021-12-08 14:33:30,3,0,14,12,Winter,F,white,hispanic,98,GOVERNMENT,13,2,3,0,9,367.0,0
554433f6-0e15-63d5-68f0-1f7d716347fa,554433f6-0e15-63d5-4568-1977a03ac68a,0.012,709.98,0,urgentcare,2019-04-10 10:49:34,3,0,10,4,Spring,M,white,nonhispanic,18,GOVERNMENT,4,2,2,1,0,,0
89a05562-333c-60ed-4006-9f1b78d85624,89a05562-333c-60ed-5660-ff34b7f6e814,0.034,723.14,0,urgentcare,2014-01-31 13:26:05,5,0,13,1,Winter,M,white,nonhispanic,61,GOVERNMENT,34,3,5,14,36,11.0,1
e5af8abb-a368-7780-9b0f-c6e0b77ae243,e5af8abb-a368-7780-7a07-882baf990aab,0.042,1003.86,0,emergency,2002-05-03 09:34:04,5,0,9,5,Spring,M,white,nonhispanic,52,GOVERNMENT,14,1,6,3,34,34.3,0
4e4789ee-69a4-1744-6614-831c256b3a82,4e4789ee-69a4-1744-49dd-2f27c28a9bc2,0.027,872.3,0,urgentcare,1999-09-04 12:35:15,6,1,12,9,Fall,M,white,nonhispanic,77,GOVERNMENT,35,3,5,5,67,9.6,1
1f703c38-c6c9-3325-942e-0cc2e11d2858,1f703c38-c6c9-3325-f42d-20368eee4e2b,0.042,16125.04,0,emergency,1990-05-13 15:00:50,0,1,15,5,Spring,M,white,nonhispanic,14,PRIVATE,3,2,1,0,2,931.0,0
3a16dc79-ae15-22fc-877c-8de683d8c5a2,3a16dc79-ae15-22fc-a1c4-65206f6ad11f,0.042,1317.86,0,emergency,2023-02-16 23:36:36,4,0,23,2,Winter,F,white,nonhispanic,61,PRIVATE,14,1,5,3,1,14463.8,0
7ce05688-db08-ad35-4689-935eba422877,7ce05688-db08-ad35-23c5-ab44b6a2e30c,0.01,630.03,0,urgentcare,2023-01-21 13:04:51,6,1,13,1,Winter,M,white,hispanic,55,GOVERNMENT,12,1,1,0,5,7.0,1
b48771f2-01da-2e3d-08ea-d76c8b2a4ec8,b48771f2-01da-2e3d-b283-3a8fbb2b17a0,0.024,872.3,0,urgentcare,2026-01-05 14:34:46,1,0,14,1,Winter,M,white,nonhispanic,67,GOVERNMENT,28,3,6,5,51,35.0,0
0d660332-0b57-c70d-395c-e90484528b82,0d660332-0b57-c70d-98a7-e4e436e3cad2,0.033,872.3,0,urgentcare,2025-02-08 01:24:13,6,1,1,2,Winter,M,white,nonhispanic,53,PRIVATE,22,4,5,6,13,476.0,0
481c67fe-e8a9-d5da-34d0-3f52ab51b2b7,481c67fe-e8a9-d5da-d0df-6c733cf47f2e,0.014,709.98,0,urgentcare,2020-06-21 04:05:08,0,1,4,6,Summer,F,white,nonhispanic,14,PRIVATE,4,2,7,0,0,,0
9687d149-cb9c-3d51-c924-c9d92b0683fa,9687d149-cb9c-3d51-458a-b41a8b006bbd,19.0,1008.98,1,emergency,2020-05-02 06:27:21,6,1,6,5,Spring,M,white,hispanic,52,GOVERNMENT,14,2,2,0,2,1075.0,0
6cebe382-6645-5849-7861-29287aaa2913,6cebe382-6645-5849-f398-543d907d44bd,0.01,537.3,0,urgentcare,2026-01-08 17:02:07,4,0,17,1,Winter,F,white,nonhispanic,50,GOVERNMENT,32,1,1,4,238,7.0,1
ad3d4ce5-b7b8-c722-3ca8-4fc91174e091,ad3d4ce5-b7b8-c722-0535-d96c562c9f55,0.042,808.12,0,emergency,2015-11-25 18:18:29,3,0,18,11,Fall,F,white,hispanic,92,GOVERNMENT,23,3,5,0,8,7.0,1
e8233637-a645-7460-c59f-d5339ab9f659,e8233637-a645-7460-78fd-808cf87933da,0.034,1013.42,0,urgentcare,2002-09-14 12:35:15,6,1,12,9,Fall,M,white,nonhispanic,80,GOVERNMENT,29,3,8,4,41,28.0,1
9f9546bd-3477-300f-1c98-2ebbd6286b30,9f9546bd-3477-300f-30f8-86f03b876556,0.042,7240.24,0,emergency,2019-06-19 11:09:46,3,0,11,6,Summer,M,white,nonhispanic,44,PRIVATE,12,2,1,0,0,,0
7ce05688-db08-ad35-00f9-92fb6c8a4421,7ce05688-db08-ad35-23c5-ab44b6a2e30c,0.037,1227.53,0,urgentcare,2023-01-14 13:04:51,6,1,13,1,Winter,M,white,hispanic,55,GOVERNMENT,13,2,7,0,4,28.0,1
1eeb0108-f9ae-c364-fdb2-9522af546416,1eeb0108-f9ae-c364-c5fe-84053947dd9b,0.025,1796.52,0,urgentcare,2025-04-19 21:45:13,6,1,21,4,Spring,M,white,nonhispanic,68,GOVERNMENT,21,2,6,5,9,113.9,0
60ff4c3e-9712-fea2-319d-4722f310400a,60ff4c3e-9712-fea2-32a4-4b47b26ddcf5,0.031,797.72,0,urgentcare,2018-11-11 18:47:22,0,1,18,11,Fall,F,asian,hispanic,62,PRIVATE,18,1,6,2,4,7.0,1
21a6b3ce-f5b4-e546-c90f-a781b1f89d36,21a6b3ce-f5b4-e546-e85f-1f862f1071b6,0.042,1008.98,0,emergency,2018-02-24 23:28:25,6,1,23,2,Winter,M,black,nonhispanic,16,PRIVATE,3,2,2,0,0,,0
6c5a2a8e-f124-baab-24c0-9377280891e8,6c5a2a8e-f124-baab-79fe-c28a370e15ed,0.042,1008.98,0,emergency,2018-08-20 21:11:39,1,0,21,8,Summer,M,white,nonhispanic,30,PRIVATE,13,2,2,3,0,,0
6d1318b3-125c-a45c-9ed1-87c635d9f680,6d1318b3-125c-a45c-7c19-a8e18a01201f,8.208,1025.09,1,emergency,2018-06-15 19:59:39,5,0,19,6,Summer,F,white,hispanic,39,PRIVATE,5,1,2,2,0,,0
0210c0e4-1130-4067-9ed4-5d23611818a8,0210c0e4-1130-4067-9b32-9ed11d9a1c36,0.042,5104.67,0,emergency,2020-06-11 08:16:37,4,0,8,6,Summer,M,white,nonhispanic,77,GOVERNMENT,14,2,3,0,0,,0
a520e1a2-226d-6c9f-a850-e211dfffd573,a520e1a2-226d-6c9f-f6f8-d95c63537483,0.026,859.14,0,urgentcare,2024-05-10 04:19:19,5,0,4,5,Spring,M,white,nonhispanic,48,PRIVATE,15,1,5,2,8,721.0,0
15d2023e-7261-4ed1-941f-cbc69f021864,15d2023e-7261-4ed1-d81a-5b9ba8e4b338,0.042,7170.18,0,emergency,2016-10-23 13:58:11,0,1,13,10,Fall,F,white,nonhispanic,19,PRIVATE,10,2,1,1,4,50.0,0
1eeb0108-f9ae-c364-fad7-08d8a0ee5a93,1eeb0108-f9ae-c364-c5fe-84053947dd9b,0.042,5104.67,0,emergency,2024-12-27 00:12:46,5,0,0,12,Winter,M,white,nonhispanic,67,GOVERNMENT,22,2,3,0,8,829.0,0
60ff4c3e-9712-fea2-2493-67e3a8fe84c9,60ff4c3e-9712-fea2-32a4-4b47b26ddcf5,0.036,797.72,0,urgentcare,2018-10-28 18:47:22,0,1,18,10,Fall,F,asian,hispanic,62,PRIVATE,18,1,6,2,2,1358.0,0
569a5039-07b0-3769-f902-d014b064aa44,569a5039-07b0-3769-b644-614c3d87275a,0.021,573.98,0,urgentcare,2023-07-15 16:57:59,6,1,16,7,Summer,M,white,nonhispanic,83,GOVERNMENT,22,1,5,4,43,7.0,1
6852c1d6-9b00-395e-07d8-47a3a7134b53,6852c1d6-9b00-395e-7108-72e0b1c85cba,0.042,4429.88,0,emergency,2025-04-02 23:04:46,3,0,23,4,Spring,M,white,nonhispanic,57,GOVERNMENT,15,2,1,0,4,1796.0,0
ce1360e3-a66b-9e11-3997-fb69caec2780,ce1360e3-a66b-9e11-3796-de3d2a6828d5,0.042,4140.89,0,emergency,2019-09-19 21:57:17,4,0,21,9,Fall,M,native,nonhispanic,12,GOVERNMENT,3,2,1,0,0,,0
61f048dc-f66e-bbda-6279-8daede4a06e6,61f048dc-f66e-bbda-48c8-593d92d2bf03,0.01,380.96,0,urgentcare,2025-12-10 13:45:26,3,0,13,12,Winter,F,white,nonhispanic,79,GOVERNMENT,35,1,1,6,56,7.0,1
e1e67ff6-6c48-c360-e2e5-baba4e80c865,e1e67ff6-6c48-c360-23bc-367228890c40,0.01,544.18,0,urgentcare,2016-07-08 07:51:48,5,0,7,7,Summer,M,white,nonhispanic,2,PRIVATE,6,1,1,2,5,7.0,1
220cb993-8aca-6930-c834-be34a5194230,220cb993-8aca-6930-d611-4e78c86cae17,0.042,26514.83,0,emergency,2018-02-21 22:58:38,3,0,22,2,Winter,M,white,hispanic,47,PRIVATE,10,1,2,2,0,,0
f3c338ed-729e-f5a1-7cd0-f9d7aff80312,f3c338ed-729e-f5a1-a5fe-60c26f0e306e,0.042,9672.44,0,emergency,2020-08-02 13:01:04,0,1,13,8,Summer,M,white,hispanic,58,PRIVATE,13,2,3,0,1,8196.0,0
7c5e9c73-5673-cbd4-fa7e-f6cd6921e4cb,7c5e9c73-5673-cbd4-403e-db20b90f7df8,0.04,709.98,0,urgentcare,2019-02-10 20:18:57,0,1,20,2,Winter,F,white,nonhispanic,59,NO_INSURANCE,12,2,3,4,2,6573.0,0
d7c4de62-e0bb-5074-e3a0-5e99bc945123,d7c4de62-e0bb-5074-b7e8-8fe0847b0a18,0.042,1008.98,0,emergency,2017-04-27 08:44:15,4,0,8,4,Spring,M,white,nonhispanic,10,GOVERNMENT,3,2,2,0,0,,0
89a05562-333c-60ed-c9c3-9ecfeb3b5200,89a05562-333c-60ed-5660-ff34b7f6e814,0.042,6487.84,0,emergency,2014-01-19 13:26:05,0,1,13,1,Winter,M,white,nonhispanic,61,GOVERNMENT,32,2,6,8,34,23.0,1
89a05562-333c-60ed-20ab-4936f67be75e,89a05562-333c-60ed-5660-ff34b7f6e814,1.0,21133.86,0,inpatient,2014-01-19 13:53:04,0,1,13,1,Winter,M,white,nonhispanic,61,GOVERNMENT,32,1,4,11,34,23.0,1
1f703c38-c6c9-3325-78c4-439b8d6cef27,1f703c38-c6c9-3325-f42d-20368eee4e2b,0.042,577.58,0,emergency,1987-10-17 05:18:50,6,1,5,10,Fall,M,white,nonhispanic,11,PRIVATE,2,2,1,1,0,,0
cb516324-bbf5-6e8a-e226-abdab1c6c612,cb516324-bbf5-6e8a-1d80-bd569fa51d89,0.042,1008.98,0,emergency,2019-08-17 09:37:57,6,1,9,8,Summer,F,white,nonhispanic,10,PRIVATE,2,2,2,0,1,1003.0,0
970e27db-668f-15cf-fd7f-abda28ed4c20,970e27db-668f-15cf-e4e8-6700e822c668,0.042,1008.98,0,emergency,2022-08-20 02:34:38,6,1,2,8,Summer,M,white,nonhispanic,15,PRIVATE,5,2,2,2,6,515.0,0
b48771f2-01da-2e3d-86c9-71ca64da05a5,b48771f2-01da-2e3d-b283-3a8fbb2b17a0,0.023,1519.4,0,urgentcare,2025-12-01 14:34:46,1,0,14,12,Winter,M,white,nonhispanic,66,GOVERNMENT,26,1,5,4,50,56.0,0
23d25649-b558-2a19-7193-48c2d4687c9f,23d25649-b558-2a19-4dfe-cd7b77e926fc,0.035,791.36,0,urgentcare,2012-08-07 22:52:27,2,0,22,8,Summer,F,white,nonhispanic,48,PRIVATE,8,1,3,2,1,581.0,0
dc84508a-79dc-1807-688f-8fd67ed9d675,dc84508a-79dc-1807-ab54-7f2ba51d3029,0.042,759.81,0,emergency,2024-10-25 01:57:50,5,0,1,10,Fall,M,white,nonhispanic,48,PRIVATE,23,1,1,4,12,7.0,1
8d0d534c-40bd-419d-0fdb-91b01b6ac3a1,8d0d534c-40bd-419d-7110-9271db626c76,0.027,655.36,0,urgentcare,2020-06-30 23:29:51,2,0,23,6,Summer,M,white,nonhispanic,58,GOVERNMENT,14,2,4,5,0,,0
61f048dc-f66e-bbda-1783-fda021fb1df5,61f048dc-f66e-bbda-48c8-593d92d2bf03,0.036,938.84,0,urgentcare,2025-12-03 13:45:26,3,0,13,12,Winter,F,white,nonhispanic,79,GOVERNMENT,35,2,8,6,55,28.0,1
e1e67ff6-6c48-c360-8853-e95db20ef304,e1e67ff6-6c48-c360-23bc-367228890c40,0.042,361.88,0,emergency,2016-07-01 07:51:48,5,0,7,7,Summer,M,white,nonhispanic,2,PRIVATE,7,1,1,2,4,21.0,1
d9d615b8-d2fc-c186-f10e-330e37d95040,d9d615b8-d2fc-c186-6c00-d3170a441cd1,0.042,7344.18,0,emergency,2016-12-01 08:56:35,4,0,8,12,Winter,F,white,nonhispanic,31,GOVERNMENT,8,2,2,1,0,,0
24e683ac-9faa-5fb1-db57-e3a771b0e7b5,24e683ac-9faa-5fb1-697c-0f4e0b6f478f,1.0,3817.64,0,inpatient,2017-12-30 23:36:47,6,1,23,12,Winter,F,white,nonhispanic,35,GOVERNMENT,10,1,2,0,1,527.0,0
179cdf88-e0ea-5242-ac70-6fe43e35cbe8,179cdf88-e0ea-5242-e47c-474fcdc38dd9,0.042,7004.96,0,emergency,2019-05-29 00:23:16,3,0,0,5,Spring,F,white,nonhispanic,77,GOVERNMENT,18,2,3,8,3,81.1,0
ad550938-7a4a-6355-a9db-622f1a85a7ef,ad550938-7a4a-6355-9187-5384c714be3f,0.028,573.98,0,urgentcare,2015-11-20 22:06:25,5,0,22,11,Fall,F,white,nonhispanic,68,GOVERNMENT,30,1,4,5,9,70.0,0
e4511778-4c17-701c-80c9-a764a4e78069,e4511778-4c17-701c-efa2-110e4112b6fe,0.021,1518.44,0,urgentcare,2026-03-20 22:06:25,5,0,22,3,Spring,F,white,nonhispanic,79,GOVERNMENT,30,1,7,4,43,119.0,0
e8233637-a645-7460-b97a-935efc66874f,e8233637-a645-7460-78fd-808cf87933da,0.026,797.72,0,urgentcare,2002-08-17 12:35:15,6,1,12,8,Summer,M,white,nonhispanic,80,GOVERNMENT,29,2,8,4,40,28.0,1
7ce05688-db08-ad35-4ffb-fd20ab158b63,7ce05688-db08-ad35-23c5-ab44b6a2e30c,0.031,655.36,0,urgentcare,2022-12-17 13:04:51,6,1,13,12,Winter,M,white,hispanic,54,GOVERNMENT,11,2,5,0,3,14.0,1
dc84508a-79dc-1807-9d6f-1cadcd8bf682,dc84508a-79dc-1807-ab54-7f2ba51d3029,0.042,1727.58,0,emergency,2024-10-18 01:57:50,5,0,1,10,Fall,M,white,nonhispanic,48,PRIVATE,26,3,4,4,11,84.0,0
569a5039-07b0-3769-b15f-69d7de1f2e91,569a5039-07b0-3769-b644-614c3d87275a,0.038,789.68,0,urgentcare,2023-07-01 16:57:59,6,1,16,7,Summer,M,white,nonhispanic,83,GOVERNMENT,21,1,6,4,41,161.0,0
23dca163-74ab-e839-1e54-1c8317ecfecc,23dca163-74ab-e839-7d2b-2bfeddad5f80,0.042,797.72,0,urgentcare,2020-12-19 16:34:25,6,1,16,12,Winter,F,asian,nonhispanic,41,PRIVATE,19,2,4,4,8,28.0,1
b0254f72-8d4f-233b-7023-fb5f91077a01,b0254f72-8d4f-233b-9aef-74c2c4019761,0.033,1074.84,0,urgentcare,2021-11-20 19:47:05,6,1,19,11,Fall,M,white,nonhispanic,33,GOVERNMENT,11,1,4,0,10,15.0,1
6584d844-def6-c89c-6c9e-62fddf755fb8,6584d844-def6-c89c-9e84-1229ed30d1c1,0.042,7044.23,0,emergency,2020-01-03 18:27:43,5,0,18,1,Winter,M,white,nonhispanic,57,GOVERNMENT,19,1,7,5,2,289.9,0
96c2084c-6ab2-627f-379a-3a266c835253,96c2084c-6ab2-627f-bdfe-bd69ac00af38,0.042,4968.26,0,emergency,2018-01-25 09:22:32,4,0,9,1,Winter,F,white,nonhispanic,88,GOVERNMENT,20,2,1,0,4,406.0,0
dfc9eb96-3c2a-6c32-4847-1b6e4c47dca7,dfc9eb96-3c2a-6c32-6584-9d2ab6f64f18,0.042,10077.27,0,emergency,1992-01-04 12:35:15,6,1,12,1,Winter,M,white,nonhispanic,70,GOVERNMENT,31,2,3,5,42,147.0,0
4e4789ee-69a4-1744-02ed-88694ac76f0d,4e4789ee-69a4-1744-49dd-2f27c28a9bc2,0.036,872.3,0,urgentcare,1999-07-24 12:35:15,6,1,12,7,Summer,M,white,nonhispanic,77,GOVERNMENT,33,1,3,5,64,8.9,1
1fab8367-4a8d-ab1e-bca9-7570c445068b,1fab8367-4a8d-ab1e-b676-8acf3e8b1898,0.04,1088.0,0,urgentcare,2025-11-22 05:28:17,6,1,5,11,Fall,M,white,nonhispanic,76,GOVERNMENT,20,3,7,4,80,14.0,1
21f1ed4f-83be-991b-d93c-23099e25e60c,21f1ed4f-83be-991b-ea87-76bb53b4200d,14.024,25930.97,1,inpatient,2021-01-07 21:06:45,4,0,21,1,Winter,F,black,nonhispanic,24,GOVERNMENT,14,3,3,0,1,670.0,0
61f048dc-f66e-bbda-5454-710976231e36,61f048dc-f66e-bbda-48c8-593d92d2bf03,0.026,723.14,0,urgentcare,2025-11-05 13:45:26,3,0,13,11,Fall,F,white,nonhispanic,79,GOVERNMENT,34,1,5,6,54,28.0,1
5d84fe6d-27c0-5b15-08ae-18ea968635c3,5d84fe6d-27c0-5b15-6884-619849b747a4,0.122,1254.45,0,emergency,2016-11-21 14:14:48,1,0,14,11,Fall,M,asian,nonhispanic,0,PRIVATE,1,1,1,0,0,,0
9d60dfae-efd2-f4f3-0fa4-22097dd87b13,9d60dfae-efd2-f4f3-3510-e483dc850874,0.037,648.56,0,urgentcare,2019-03-13 22:06:29,3,0,22,3,Spring,M,black,nonhispanic,73,GOVERNMENT,12,2,4,0,8,234.6,0
737d446d-e874-34fd-7472-7910cca9f168,737d446d-e874-34fd-021d-300b585bb7b8,0.042,4724.37,0,emergency,2020-01-04 14:47:38,6,1,14,1,Winter,M,white,nonhispanic,67,GOVERNMENT,8,2,1,2,1,4716.0,0
e8233637-a645-7460-3186-61cfd047d343,e8233637-a645-7460-78fd-808cf87933da,0.042,801.32,0,emergency,2002-07-20 12:35:15,6,1,12,7,Summer,M,white,nonhispanic,80,GOVERNMENT,27,1,8,3,39,7.0,1
7ce05688-db08-ad35-e4fc-63f52ddf89c2,7ce05688-db08-ad35-23c5-ab44b6a2e30c,0.027,791.36,0,urgentcare,2022-10-15 13:04:51,6,1,13,10,Fall,M,white,hispanic,54,GOVERNMENT,11,1,4,0,0,,0
b48771f2-01da-2e3d-33e4-7b049a02b4eb,b48771f2-01da-2e3d-b283-3a8fbb2b17a0,0.038,1445.2,0,urgentcare,2025-10-06 14:34:46,1,0,14,10,Fall,M,white,nonhispanic,66,GOVERNMENT,27,1,7,5,49,28.0,1
569a5039-07b0-3769-91bd-88f2e76bddd7,569a5039-07b0-3769-b644-614c3d87275a,0.027,1277.48,0,urgentcare,2023-01-21 16:57:59,6,1,16,1,Winter,M,white,nonhispanic,83,GOVERNMENT,22,1,4,6,40,11.8,1
0d660332-0b57-c70d-fc9d-33232010ad16,0d660332-0b57-c70d-98a7-e4e436e3cad2,0.027,1008.3,0,urgentcare,2023-10-14 01:24:13,6,1,1,10,Fall,M,white,nonhispanic,51,PRIVATE,20,2,5,5,11,469.0,0
6d438268-b607-38f0-015a-e452cc2f29f5,6d438268-b607-38f0-cadf-854839f74e3f,7.958,1025.09,1,emergency,2017-05-15 11:08:36,1,0,11,5,Spring,F,white,nonhispanic,49,GOVERNMENT,13,1,2,6,2,598.9,0
179cdf88-e0ea-5242-e1b3-d98a43f6a464,179cdf88-e0ea-5242-e47c-474fcdc38dd9,0.042,7315.83,0,emergency,2019-03-07 21:15:53,4,0,21,3,Spring,F,white,nonhispanic,77,GOVERNMENT,16,2,6,0,1,14980.0,0
179cdf88-e0ea-5242-3411-85dbc7898278,179cdf88-e0ea-5242-e47c-474fcdc38dd9,1.0,11127.38,0,inpatient,2019-03-07 22:11:24,4,0,22,3,Spring,F,white,nonhispanic,77,GOVERNMENT,16,1,5,1,1,14980.0,0
decc5415-1684-abaf-cc3d-3c367018d917,decc5415-1684-abaf-49de-bd278ae61777,0.033,797.72,0,urgentcare,2023-07-29 14:56:43,6,1,14,7,Summer,M,asian,nonhispanic,54,PRIVATE,24,2,3,2,7,91.0,0
ad550938-7a4a-6355-bb3a-c51e0a08cf25,ad550938-7a4a-6355-9187-5384c714be3f,0.023,573.98,0,urgentcare,2015-09-11 22:06:25,5,0,22,9,Fall,F,white,nonhispanic,68,GOVERNMENT,29,1,6,3,8,91.0,0
96468de4-ae86-3cb4-ef06-b0f71fd38f45,96468de4-ae86-3cb4-ff21-a8a7acc8379f,0.037,729.94,0,urgentcare,2010-08-13 22:06:25,5,0,22,8,Summer,F,white,nonhispanic,63,NO_INSURANCE,19,2,2,4,3,7.0,1
89a05562-333c-60ed-6097-6e38f1b638cb,89a05562-333c-60ed-5660-ff34b7f6e814,0.023,723.14,0,urgentcare,2013-12-27 13:26:05,5,0,13,12,Winter,M,white,nonhispanic,60,GOVERNMENT,31,3,5,9,33,56.0,0
1581781c-aa5f-8485-f7ca-e7d9ed3c9f4f,1581781c-aa5f-8485-65f6-81c132c10355,0.021,789.68,0,urgentcare,2017-11-10 13:26:05,5,0,13,11,Fall,M,white,nonhispanic,64,PRIVATE,16,1,5,2,3,2950.0,0
e8233637-a645-7460-59f3-e1f3e54fe76f,e8233637-a645-7460-78fd-808cf87933da,0.042,801.32,0,emergency,2002-07-06 12:35:15,6,1,12,7,Summer,M,white,nonhispanic,80,GOVERNMENT,28,1,5,3,37,28.0,1
b48771f2-01da-2e3d-fb43-453df8a51f08,b48771f2-01da-2e3d-b283-3a8fbb2b17a0,0.022,872.3,0,urgentcare,2025-09-08 14:34:46,1,0,14,9,Fall,M,white,nonhispanic,66,GOVERNMENT,28,1,7,4,48,28.0,1
569a5039-07b0-3769-644c-3c2ffa7b72d7,569a5039-07b0-3769-b644-614c3d87275a,2.159,2319.26,0,inpatient,2023-01-07 16:57:59,6,1,16,1,Winter,M,white,nonhispanic,83,GOVERNMENT,25,1,3,4,39,28.0,1
23dca163-74ab-e839-e6b5-9397fefea260,23dca163-74ab-e839-7d2b-2bfeddad5f80,0.04,797.72,0,urgentcare,2020-11-21 16:34:25,6,1,16,11,Fall,F,asian,nonhispanic,41,PRIVATE,17,3,5,3,7,7.0,1
61f048dc-f66e-bbda-ce61-66c222c9009f,61f048dc-f66e-bbda-48c8-593d92d2bf03,0.01,358.28,0,urgentcare,2025-10-08 13:45:26,3,0,13,10,Fall,F,white,nonhispanic,79,GOVERNMENT,34,1,1,5,53,35.0,0
ad3d4ce5-b7b8-c722-561a-1a84aba44e6f,ad3d4ce5-b7b8-c722-0535-d96c562c9f55,0.027,729.94,0,urgentcare,2015-07-01 18:18:29,3,0,18,7,Summer,F,white,hispanic,92,GOVERNMENT,23,1,6,0,6,7.0,1
15e36d33-d8b6-de1d-5318-9d49e81ff95f,15e36d33-d8b6-de1d-0391-190d15a4e782,0.03,573.98,0,urgentcare,1993-01-16 12:35:15,6,1,12,1,Winter,M,white,nonhispanic,71,GOVERNMENT,11,2,7,2,3,7.0,1
cb516324-bbf5-6e8a-283b-5994f596840e,cb516324-bbf5-6e8a-1d80-bd569fa51d89,0.01,709.98,0,urgentcare,2016-11-17 09:37:57,4,0,9,11,Fall,F,white,nonhispanic,7,PRIVATE,1,1,1,0,0,,0
1fab8367-4a8d-ab1e-57d2-4a968ffd8b52,1fab8367-4a8d-ab1e-b676-8acf3e8b1898,0.04,1653.22,0,urgentcare,2025-11-08 05:28:17,6,1,5,11,Fall,M,white,nonhispanic,76,GOVERNMENT,19,2,5,4,79,70.0,0
97e95143-f963-df2a-7be7-59d6435c39fa,97e95143-f963-df2a-3b59-b9d535818a5e,0.01,813.86,0,urgentcare,1962-03-12 10:58:47,1,0,10,3,Spring,M,white,nonhispanic,2,GOVERNMENT,6,1,1,4,7,7.0,1
98c26c98-245d-900b-3996-b437db801355,98c26c98-245d-900b-d256-36c0bf9cec5d,0.042,1008.98,0,emergency,2018-10-20 13:44:49,6,1,13,10,Fall,F,white,hispanic,14,GOVERNMENT,3,2,2,0,1,581.0,0
46ea3767-2231-db81-b84e-4b4794611ea3,46ea3767-2231-db81-8e57-1dec59f6de2b,0.042,16125.04,0,emergency,2017-06-12 15:55:41,1,0,15,6,Summer,F,white,nonhispanic,67,GOVERNMENT,11,2,1,0,0,,0
96468de4-ae86-3cb4-2683-bead74f446f4,96468de4-ae86-3cb4-ff21-a8a7acc8379f,0.01,358.28,0,urgentcare,2010-08-06 22:06:25,5,0,22,8,Summer,F,white,nonhispanic,63,NO_INSURANCE,18,1,1,4,2,7.0,1
e4511778-4c17-701c-bf2b-c659e5a1a7fa,e4511778-4c17-701c-efa2-110e4112b6fe,0.026,872.3,0,urgentcare,2025-11-21 22:06:25,5,0,22,11,Fall,F,white,nonhispanic,78,GOVERNMENT,32,3,6,4,42,210.0,0
35c48f20-08e9-d381-9310-8c88ddc362d3,35c48f20-08e9-d381-ab80-6200d5b12851,0.029,797.72,0,urgentcare,2022-08-09 12:06:04,2,0,12,8,Summer,M,black,nonhispanic,55,GOVERNMENT,19,2,5,3,21,441.0,0
ad3d4ce5-b7b8-c722-f4a5-029d0ab32182,ad3d4ce5-b7b8-c722-0535-d96c562c9f55,0.04,723.14,0,urgentcare,2015-06-17 18:18:29,3,0,18,6,Summer,F,white,hispanic,92,GOVERNMENT,23,2,5,0,4,637.0,0
e8233637-a645-7460-7b14-0d666eec7e3e,e8233637-a645-7460-78fd-808cf87933da,0.021,797.72,0,urgentcare,2002-06-08 12:35:15,6,1,12,6,Summer,M,white,nonhispanic,80,GOVERNMENT,29,3,7,3,36,28.0,1
97e95143-f963-df2a-996d-aa7f18684c4a,97e95143-f963-df2a-3b59-b9d535818a5e,0.042,497.88,0,emergency,1962-03-05 10:58:47,1,0,10,3,Spring,M,white,nonhispanic,2,GOVERNMENT,7,1,1,4,6,21.0,1
569a5039-07b0-3769-84dd-4a8a6fd5461b,569a5039-07b0-3769-b644-614c3d87275a,0.032,1039.11,0,urgentcare,2022-12-10 16:57:59,6,1,16,12,Winter,M,white,nonhispanic,82,GOVERNMENT,25,1,5,4,38,21.0,1
61f048dc-f66e-bbda-c40f-1a1f11b996dd,61f048dc-f66e-bbda-48c8-593d92d2bf03,0.04,723.14,0,urgentcare,2025-09-03 13:45:26,3,0,13,9,Fall,F,white,nonhispanic,79,GOVERNMENT,36,3,6,5,52,21.0,1
33a068d0-c2b4-f71b-42f5-2504352c9120,33a068d0-c2b4-f71b-ca16-2280ad9f26be,0.016,573.98,0,urgentcare,2017-10-14 13:44:49,6,1,13,10,Fall,F,white,hispanic,13,GOVERNMENT,4,1,7,2,5,21.0,1
96468de4-ae86-3cb4-ed78-5c9ce992e6dd,96468de4-ae86-3cb4-ff21-a8a7acc8379f,0.036,1649.11,0,urgentcare,2010-07-30 22:06:25,5,0,22,7,Summer,F,white,nonhispanic,63,NO_INSURANCE,19,2,5,4,1,10058.0,0
6cebe382-6645-5849-f3bd-178b17d6b04c,6cebe382-6645-5849-f398-543d907d44bd,0.025,1088.0,0,urgentcare,2025-09-18 17:02:07,4,0,17,9,Fall,F,white,nonhispanic,49,NO_INSURANCE,31,2,5,4,235,56.0,0
6584d844-def6-c89c-05e9-5529cd6f37be,6584d844-def6-c89c-9e84-1229ed30d1c1,0.042,4140.89,0,emergency,2019-03-19 18:43:02,2,0,18,3,Spring,M,white,nonhispanic,56,GOVERNMENT,18,2,1,0,1,3608.0,0
b48771f2-01da-2e3d-8ba2-6a621e9670bd,b48771f2-01da-2e3d-b283-3a8fbb2b17a0,0.034,1303.7,0,urgentcare,2025-07-07 14:34:46,1,0,14,7,Summer,M,white,nonhispanic,66,GOVERNMENT,29,1,5,4,46,91.0,0
dc84508a-79dc-1807-365d-579aec2000d0,dc84508a-79dc-1807-ab54-7f2ba51d3029,0.037,872.3,0,urgentcare,2024-06-07 01:57:50,5,0,1,6,Summer,M,white,nonhispanic,48,PRIVATE,24,2,3,4,8,7.0,1
569a5039-07b0-3769-3cb2-f08aa52c1014,569a5039-07b0-3769-b644-614c3d87275a,0.041,723.14,0,urgentcare,2022-11-19 16:57:59,6,1,16,11,Fall,M,white,nonhispanic,82,GOVERNMENT,25,2,3,4,37,70.0,0
20b63dcf-50f9-7373-2f73-906006d107a6,20b63dcf-50f9-7373-3ef0-b301d5a573bc,0.042,1008.98,0,emergency,2017-04-27 14:19:56,4,0,14,4,Spring,M,white,nonhispanic,14,GOVERNMENT,4,2,2,0,0,,0
dfeee4b9-c104-213b-6c65-5ec779359bea,dfeee4b9-c104-213b-ef2c-17383bad3236,0.042,4140.89,0,emergency,2020-12-06 14:03:40,0,1,14,12,Winter,F,white,hispanic,97,GOVERNMENT,13,2,1,0,8,51.9,0
0d660332-0b57-c70d-a589-5ced795a7a0d,0d660332-0b57-c70d-98a7-e4e436e3cad2,0.035,872.3,0,urgentcare,2022-07-02 01:24:13,6,1,1,7,Summer,M,white,nonhispanic,50,PRIVATE,23,3,7,7,10,35.0,0
89a05562-333c-60ed-0222-7f35ac5d6cf9,89a05562-333c-60ed-5660-ff34b7f6e814,0.034,1013.3,0,urgentcare,2013-11-01 13:26:05,5,0,13,11,Fall,M,white,nonhispanic,60,GOVERNMENT,32,1,7,9,32,63.0,0
5ef6bfb1-b930-bd01-ce93-dc1bef38e162,5ef6bfb1-b930-bd01-0f1c-a97248be14f8,0.03,15837.46,0,urgentcare,2018-02-09 09:34:04,5,0,9,2,Winter,M,white,nonhispanic,68,GOVERNMENT,24,1,7,5,5,114.2,0
e8233637-a645-7460-edb4-88f456cebe1e,e8233637-a645-7460-78fd-808cf87933da,0.032,797.72,0,urgentcare,2002-04-13 12:35:15,6,1,12,4,Spring,M,white,nonhispanic,80,GOVERNMENT,28,2,7,4,34,21.0,1
4100538e-7f5f-2872-585c-3b0d44545673,4100538e-7f5f-2872-dc1d-76589c3b738e,0.042,4140.89,0,emergency,2019-04-15 18:07:05,1,0,18,4,Spring,F,white,nonhispanic,42,PRIVATE,19,2,1,3,1,6129.0,0
a520e1a2-226d-6c9f-63df-05cf955e87b9,a520e1a2-226d-6c9f-f6f8-d95c63537483,0.01,507.44,0,urgentcare,2022-05-20 04:19:19,5,0,4,5,Spring,M,white,nonhispanic,46,PRIVATE,14,1,1,3,7,7.0,1
dc84508a-79dc-1807-6d57-72a8cfc2f44d,dc84508a-79dc-1807-ab54-7f2ba51d3029,0.037,872.3,0,urgentcare,2024-05-24 01:57:50,5,0,1,5,Spring,M,white,nonhispanic,48,PRIVATE,24,2,4,4,6,7.0,1
61f048dc-f66e-bbda-3beb-9d026bfc9864,61f048dc-f66e-bbda-48c8-593d92d2bf03,0.04,1131.72,0,urgentcare,2025-08-13 13:45:26,3,0,13,8,Summer,F,white,nonhispanic,79,GOVERNMENT,36,3,7,5,51,35.0,0
33a068d0-c2b4-f71b-7fc6-22deec71c80a,33a068d0-c2b4-f71b-ca16-2280ad9f26be,0.016,709.98,0,urgentcare,2017-09-16 13:44:49,6,1,13,9,Fall,F,white,hispanic,13,GOVERNMENT,3,1,6,2,3,210.0,0
decc5415-1684-abaf-a272-36afc76fcd08,decc5415-1684-abaf-49de-bd278ae61777,0.032,1422.97,0,urgentcare,2023-04-29 14:56:43,6,1,14,4,Spring,M,asian,nonhispanic,54,PRIVATE,23,2,6,3,6,798.0,0
e5af8abb-a368-7780-baac-1df31fbdbcf3,e5af8abb-a368-7780-7a07-882baf990aab,0.042,4120.93,0,emergency,1999-08-06 09:34:04,5,0,9,8,Summer,M,white,nonhispanic,49,GOVERNMENT,9,1,1,0,6,638.4,0
a520e1a2-226d-6c9f-0730-a43db2bcf13c,a520e1a2-226d-6c9f-f6f8-d95c63537483,0.041,951.58,0,urgentcare,2022-05-13 04:19:19,5,0,4,5,Spring,M,white,nonhispanic,46,PRIVATE,15,2,7,3,6,315.0,0
b48771f2-01da-2e3d-2c0c-2fd836fbcd98,b48771f2-01da-2e3d-b283-3a8fbb2b17a0,0.022,2302.5,0,urgentcare,2025-04-07 14:34:46,1,0,14,4,Spring,M,white,nonhispanic,66,GOVERNMENT,30,3,8,4,45,210.0,0
0877c35e-4c12-5662-244c-11921afb9b71,0877c35e-4c12-5662-8cba-73763f2366f6,0.027,1037.93,0,urgentcare,2018-04-23 10:58:47,1,0,10,4,Spring,M,white,nonhispanic,58,PRIVATE,11,1,3,0,1,12670.0,0
13ce74cc-b6a8-9dd0-0efe-53e52ea03f56,13ce74cc-b6a8-9dd0-abe2-a63b7a4c8ce0,0.042,1008.98,0,emergency,2017-12-27 07:11:49,3,0,7,12,Winter,F,white,nonhispanic,12,PRIVATE,5,2,2,0,1,112.0,0
9d60dfae-efd2-f4f3-97d6-ffd407ca369b,9d60dfae-efd2-f4f3-3510-e483dc850874,0.022,784.56,0,urgentcare,2017-09-27 22:06:29,3,0,22,9,Fall,M,black,nonhispanic,71,GOVERNMENT,13,2,3,0,4,3904.6,0
6cebe382-6645-5849-620b-90a0973e214d,6cebe382-6645-5849-f398-543d907d44bd,0.038,872.3,0,urgentcare,2025-07-24 17:02:07,4,0,17,7,Summer,F,white,nonhispanic,49,NO_INSURANCE,32,1,3,3,234,28.0,1
3a003f46-e1dd-a6f1-a9a2-ea20cec7749c,3a003f46-e1dd-a6f1-2328-dc64c7fee8ee,0.042,1008.98,0,emergency,2018-05-17 06:37:37,4,0,6,5,Spring,F,white,nonhispanic,14,GOVERNMENT,3,2,2,0,0,,0
89a05562-333c-60ed-f44f-7abad890a894,89a05562-333c-60ed-5660-ff34b7f6e814,0.037,723.14,0,urgentcare,2013-08-30 13:26:05,5,0,13,8,Summer,M,white,nonhispanic,60,GOVERNMENT,33,3,6,5,31,28.0,1
98c26c98-245d-900b-84da-41014ed6e352,98c26c98-245d-900b-d256-36c0bf9cec5d,0.019,1137.35,0,urgentcare,2017-03-18 13:44:49,6,1,13,3,Spring,F,white,hispanic,13,GOVERNMENT,2,1,7,1,0,,0
0b09f867-8f93-3049-9161-13ef53f5a063,0b09f867-8f93-3049-9beb-e9e40e97b938,0.031,709.98,0,urgentcare,2017-03-13 13:42:36,1,0,13,3,Spring,M,white,nonhispanic,33,PRIVATE,7,4,6,2,0,,0
15e36d33-d8b6-de1d-01ae-d474692a8fef,15e36d33-d8b6-de1d-0391-190d15a4e782,0.022,709.98,0,urgentcare,1992-08-15 12:35:15,6,1,12,8,Summer,M,white,nonhispanic,70,GOVERNMENT,10,2,2,2,0,,0
4e4789ee-69a4-1744-9c6f-1b834e44589a,4e4789ee-69a4-1744-49dd-2f27c28a9bc2,0.032,1251.21,0,urgentcare,1999-04-03 12:35:15,6,1,12,4,Spring,M,white,nonhispanic,77,GOVERNMENT,34,2,8,6,61,21.0,1
e8233637-a645-7460-eeb8-92276c8461dc,e8233637-a645-7460-78fd-808cf87933da,0.01,844.99,0,urgentcare,2002-03-23 12:35:15,6,1,12,3,Spring,M,white,nonhispanic,80,GOVERNMENT,28,1,1,4,33,7.0,1
1fab8367-4a8d-ab1e-89f9-e1c47e519053,1fab8367-4a8d-ab1e-b676-8acf3e8b1898,0.028,1008.3,0,urgentcare,2025-08-30 05:28:17,6,1,5,8,Summer,M,white,nonhispanic,76,GOVERNMENT,19,2,3,3,78,7.0,1
33a068d0-c2b4-f71b-a5a3-b468c5d2d0a8,33a068d0-c2b4-f71b-ca16-2280ad9f26be,0.01,845.98,0,urgentcare,2017-02-11 13:44:49,6,1,13,2,Winter,F,white,hispanic,13,GOVERNMENT,4,2,4,2,1,780.0,0
6cebe382-6645-5849-1fc3-1961ce12f919,6cebe382-6645-5849-f398-543d907d44bd,0.041,1224.0,0,urgentcare,2025-06-19 17:02:07,4,0,17,6,Summer,F,white,nonhispanic,49,NO_INSURANCE,32,4,3,3,232,28.0,1
e8233637-a645-7460-c0f1-ebd9823407f8,e8233637-a645-7460-78fd-808cf87933da,0.024,1660.52,0,urgentcare,2002-03-16 12:35:15,6,1,12,3,Spring,M,white,nonhispanic,80,GOVERNMENT,29,2,7,4,32,28.0,1
569a5039-07b0-3769-518a-05458febc930,569a5039-07b0-3769-b644-614c3d87275a,0.037,938.84,0,urgentcare,2022-09-10 16:57:59,6,1,16,9,Fall,M,white,nonhispanic,82,GOVERNMENT,25,2,6,4,36,28.0,1
61f048dc-f66e-bbda-0a06-b3b1003719fd,61f048dc-f66e-bbda-48c8-593d92d2bf03,0.03,1212.69,0,urgentcare,2025-07-09 13:45:26,3,0,13,7,Summer,F,white,nonhispanic,79,GOVERNMENT,36,3,6,5,50,63.0,0
89a05562-333c-60ed-9630-7b889b183fbc,89a05562-333c-60ed-5660-ff34b7f6e814,0.03,723.14,0,urgentcare,2013-08-02 13:26:05,5,0,13,8,Summer,M,white,nonhispanic,60,GOVERNMENT,33,1,4,9,30,14.0,1
1fab8367-4a8d-ab1e-051b-8e651dfbf50a,1fab8367-4a8d-ab1e-b676-8acf3e8b1898,0.01,507.44,0,urgentcare,2025-08-23 05:28:17,6,1,5,8,Summer,M,white,nonhispanic,76,GOVERNMENT,18,1,1,3,77,14.0,1
23dca163-74ab-e839-3df0-62dbf6c5e74c,23dca163-74ab-e839-7d2b-2bfeddad5f80,0.024,1304.91,0,urgentcare,2019-01-05 16:34:25,6,1,16,1,Winter,F,asian,nonhispanic,40,PRIVATE,16,3,5,2,4,28.0,1
0d660332-0b57-c70d-4348-749d81b6c8d0,0d660332-0b57-c70d-98a7-e4e436e3cad2,0.039,1088.0,0,urgentcare,2022-05-28 01:24:13,6,1,1,5,Spring,M,white,nonhispanic,50,PRIVATE,21,1,7,6,9,7.0,1
dfc9eb96-3c2a-6c32-0b8f-454c84b30d85,dfc9eb96-3c2a-6c32-6584-9d2ab6f64f18,0.033,924.36,0,urgentcare,1991-08-10 12:35:15,6,1,12,8,Summer,M,white,nonhispanic,69,GOVERNMENT,31,1,7,4,41,42.0,0
569a5039-07b0-3769-8b1d-2393e5aa2930,569a5039-07b0-3769-b644-614c3d87275a,0.04,859.14,0,urgentcare,2022-08-13 16:57:59,6,1,16,8,Summer,M,white,nonhispanic,82,GOVERNMENT,24,1,4,4,35,28.0,1
13ce74cc-b6a8-9dd0-137d-5c3dfbb0fbaf,13ce74cc-b6a8-9dd0-abe2-a63b7a4c8ce0,0.01,845.98,0,urgentcare,2017-09-06 07:11:49,3,0,7,9,Fall,F,white,nonhispanic,12,PRIVATE,3,1,1,0,0,,0
0d660332-0b57-c70d-3424-9523ce179103,0d660332-0b57-c70d-98a7-e4e436e3cad2,0.029,872.3,0,urgentcare,2022-05-14 01:24:13,6,1,1,5,Spring,M,white,nonhispanic,50,PRIVATE,21,1,5,6,7,21.0,1
063223b7-ccdb-5607-a2f9-fd1412a64ca0,063223b7-ccdb-5607-13f7-26115e100d11,1.0,8019.68,0,inpatient,2018-03-04 05:14:27,0,1,5,3,Spring,F,asian,nonhispanic,36,PRIVATE,9,1,2,0,0,,0
33a068d0-c2b4-f71b-615a-f8bddf22f326,33a068d0-c2b4-f71b-ca16-2280ad9f26be,0.042,5956.65,0,emergency,2014-12-24 13:44:49,3,0,13,12,Winter,F,white,hispanic,10,GOVERNMENT,4,2,1,1,0,,0
ad550938-7a4a-6355-29af-ef95c082148e,ad550938-7a4a-6355-9187-5384c714be3f,0.038,573.98,0,urgentcare,2014-08-08 22:06:25,5,0,22,8,Summer,F,white,nonhispanic,67,GOVERNMENT,29,3,7,4,6,196.0,0
ef0f65e9-6b19-092b-a2cb-26bf9d699254,ef0f65e9-6b19-092b-451a-5af9e9c1d7ae,0.042,577.58,0,emergency,2017-01-14 13:43:02,6,1,13,1,Winter,F,white,nonhispanic,26,PRIVATE,11,2,1,1,0,,0
35e0f778-7ddf-f4bf-82bb-44dc00d02d57,35e0f778-7ddf-f4bf-df8b-4a6521b753e4,0.027,723.14,0,urgentcare,2020-09-23 13:06:47,3,0,13,9,Fall,M,white,nonhispanic,44,PRIVATE,18,3,6,2,2,1318.0,0
a520e1a2-226d-6c9f-49bd-e48eba655532,a520e1a2-226d-6c9f-f6f8-d95c63537483,0.024,723.14,0,urgentcare,2021-07-02 04:19:19,5,0,4,7,Summer,M,white,nonhispanic,45,PRIVATE,15,1,7,3,5,7.0,1
6852c1d6-9b00-395e-ca5c-e57c8fdf877c,6852c1d6-9b00-395e-7108-72e0b1c85cba,0.041,723.14,0,urgentcare,2020-05-02 21:02:43,6,1,21,5,Spring,M,white,nonhispanic,52,GOVERNMENT,12,1,2,2,3,98.0,0
0d660332-0b57-c70d-847d-374070711b20,0d660332-0b57-c70d-98a7-e4e436e3cad2,0.025,872.3,0,urgentcare,2022-04-23 01:24:13,6,1,1,4,Spring,M,white,nonhispanic,50,PRIVATE,21,1,3,5,6,146.9,0
e4511778-4c17-701c-4a02-d6b9937f838e,e4511778-4c17-701c-efa2-110e4112b6fe,0.035,1088.0,0,urgentcare,2025-04-25 22:06:25,5,0,22,4,Spring,F,white,nonhispanic,78,GOVERNMENT,30,2,4,3,41,56.0,0
6cebe382-6645-5849-d1c8-3b71d21fed47,6cebe382-6645-5849-f398-543d907d44bd,0.037,872.3,0,urgentcare,2025-05-22 17:02:07,4,0,17,5,Spring,F,white,nonhispanic,49,NO_INSURANCE,31,3,2,3,231,21.0,1
ad3d4ce5-b7b8-c722-29ed-b0a3bf744027,ad3d4ce5-b7b8-c722-0535-d96c562c9f55,0.042,1596.34,0,emergency,2013-09-18 18:18:29,3,0,18,9,Fall,F,white,hispanic,90,GOVERNMENT,24,1,4,0,3,2749.0,0
4e4789ee-69a4-1744-1f0f-f8f41fc1e2e3,4e4789ee-69a4-1744-49dd-2f27c28a9bc2,0.03,872.3,0,urgentcare,1998-11-28 12:35:15,6,1,12,11,Fall,M,white,nonhispanic,76,GOVERNMENT,32,2,7,5,55,24.8,1
970e27db-668f-15cf-0172-e16e0de9b5c5,970e27db-668f-15cf-e4e8-6700e822c668,0.015,573.98,0,urgentcare,2019-09-03 01:35:58,2,0,1,9,Fall,M,white,nonhispanic,12,PRIVATE,4,1,7,2,3,7.0,1
a520e1a2-226d-6c9f-3b90-2610c7b0c0ab,a520e1a2-226d-6c9f-f6f8-d95c63537483,0.042,1589.54,0,emergency,2021-06-18 04:19:19,5,0,4,6,Summer,M,white,nonhispanic,45,PRIVATE,16,2,7,3,3,1029.0,0
b48771f2-01da-2e3d-a190-2a14caeef109,b48771f2-01da-2e3d-b283-3a8fbb2b17a0,0.035,1303.7,0,urgentcare,2024-09-09 14:34:46,1,0,14,9,Fall,M,white,nonhispanic,65,GOVERNMENT,27,1,4,5,44,28.0,1
569a5039-07b0-3769-9166-74e19e531172,569a5039-07b0-3769-b644-614c3d87275a,0.01,507.44,0,urgentcare,2022-07-16 16:57:59,6,1,16,7,Summer,M,white,nonhispanic,82,GOVERNMENT,24,1,1,4,34,7.0,1
23dca163-74ab-e839-b56a-ab5ff1061870,23dca163-74ab-e839-7d2b-2bfeddad5f80,0.022,859.14,0,urgentcare,2018-12-08 16:34:25,6,1,16,12,Winter,F,asian,nonhispanic,39,PRIVATE,12,1,4,2,3,168.0,0
dfc9eb96-3c2a-6c32-c13c-c765cf9a279d,dfc9eb96-3c2a-6c32-6584-9d2ab6f64f18,0.036,648.56,0,urgentcare,1991-05-25 12:35:15,6,1,12,5,Spring,M,white,nonhispanic,69,GOVERNMENT,32,3,5,4,39,28.0,1
6cebe382-6645-5849-ab37-aa73e803d156,6cebe382-6645-5849-f398-543d907d44bd,0.042,875.9,0,emergency,2025-04-24 17:02:07,4,0,17,4,Spring,F,white,nonhispanic,49,NO_INSURANCE,31,2,4,5,229,13.0,1
b3604373-0cdc-3c4a-f865-c6332321fa2c,b3604373-0cdc-3c4a-8a51-24ebb281b704,0.025,1370.24,0,urgentcare,2021-12-02 11:08:54,4,0,11,12,Winter,M,white,nonhispanic,58,GOVERNMENT,14,1,6,1,13,119.0,0
b48771f2-01da-2e3d-cee9-6b6b36258416,b48771f2-01da-2e3d-b283-3a8fbb2b17a0,0.041,1519.4,0,urgentcare,2024-08-12 14:34:46,1,0,14,8,Summer,M,white,nonhispanic,65,GOVERNMENT,28,1,5,5,43,63.0,0
569a5039-07b0-3769-5661-d5ab3a646d94,569a5039-07b0-3769-b644-614c3d87275a,0.031,938.84,0,urgentcare,2022-06-11 16:57:59,6,1,16,6,Summer,M,white,nonhispanic,82,GOVERNMENT,25,1,7,4,31,28.0,1
61f048dc-f66e-bbda-b38d-d7ae18c8ce47,61f048dc-f66e-bbda-48c8-593d92d2bf03,0.024,1171.61,0,urgentcare,2025-05-07 13:45:26,3,0,13,5,Spring,F,white,nonhispanic,79,GOVERNMENT,35,3,7,6,49,14.0,1
b3604373-0cdc-3c4a-28d1-6f2c99fe2e05,b3604373-0cdc-3c4a-8a51-24ebb281b704,0.025,2017.34,0,urgentcare,2021-08-05 11:08:54,4,0,11,8,Summer,M,white,nonhispanic,58,GOVERNMENT,15,2,7,2,12,371.0,0
970e27db-668f-15cf-d325-78cf09cad47b,970e27db-668f-15cf-e4e8-6700e822c668,0.042,5003.28,0,emergency,2018-07-13 02:08:19,5,0,2,7,Summer,M,white,nonhispanic,11,PRIVATE,4,2,1,2,0,,0
569a5039-07b0-3769-b0db-73feca80b7bc,569a5039-07b0-3769-b644-614c3d87275a,0.029,723.14,0,urgentcare,2022-05-07 16:57:59,6,1,16,5,Spring,M,white,nonhispanic,82,GOVERNMENT,26,2,5,5,29,21.0,1
e4511778-4c17-701c-010c-5b749727d7e7,e4511778-4c17-701c-efa2-110e4112b6fe,0.03,1790.6,0,urgentcare,2025-02-28 22:06:25,5,0,22,2,Winter,F,white,nonhispanic,78,GOVERNMENT,29,1,7,4,40,98.0,0
dfc9eb96-3c2a-6c32-0e48-99d93c1428bc,dfc9eb96-3c2a-6c32-6584-9d2ab6f64f18,0.031,648.56,0,urgentcare,1991-04-27 12:35:15,6,1,12,4,Spring,M,white,nonhispanic,69,GOVERNMENT,32,2,7,4,38,231.0,0
4e4789ee-69a4-1744-77f2-8945b6c4ae95,4e4789ee-69a4-1744-49dd-2f27c28a9bc2,0.022,872.3,0,urgentcare,1998-09-12 12:35:15,6,1,12,9,Fall,M,white,nonhispanic,76,GOVERNMENT,32,1,6,6,53,10.7,1
1fab8367-4a8d-ab1e-48c5-27251a5d7505,1fab8367-4a8d-ab1e-b676-8acf3e8b1898,0.041,872.3,0,urgentcare,2025-06-21 05:28:17,6,1,5,6,Summer,M,white,nonhispanic,76,GOVERNMENT,21,2,6,2,73,21.0,1
6852c1d6-9b00-395e-5c1b-ce1c234b999d,6852c1d6-9b00-395e-7108-72e0b1c85cba,0.041,933.72,0,urgentcare,2020-01-04 21:02:43,6,1,21,1,Winter,M,white,nonhispanic,52,GOVERNMENT,12,2,3,1,0,,0
35c48f20-08e9-d381-7b10-fc9129ebcd7e,35c48f20-08e9-d381-ab80-6200d5b12851,0.021,797.72,0,urgentcare,2021-05-18 12:06:04,2,0,12,5,Spring,M,black,nonhispanic,54,GOVERNMENT,20,4,6,2,19,21.0,1
e8233637-a645-7460-5546-10254341a685,e8233637-a645-7460-78fd-808cf87933da,0.01,630.88,0,urgentcare,2001-12-22 12:35:15,6,1,12,12,Winter,M,white,nonhispanic,79,GOVERNMENT,28,1,1,5,30,7.0,1
1eeb0108-f9ae-c364-e136-986a79e41051,1eeb0108-f9ae-c364-c5fe-84053947dd9b,0.026,1013.42,0,urgentcare,2020-06-20 21:45:13,6,1,21,6,Summer,M,white,nonhispanic,63,PRIVATE,20,2,4,5,6,28.0,1
dc84508a-79dc-1807-d5f2-4c48a52a0902,dc84508a-79dc-1807-ab54-7f2ba51d3029,0.036,872.3,0,urgentcare,2023-02-03 01:57:50,5,0,1,2,Winter,M,white,nonhispanic,47,PRIVATE,17,1,5,2,3,147.0,0
23dca163-74ab-e839-5d41-f6d3a938df17,23dca163-74ab-e839-7d2b-2bfeddad5f80,0.042,942.44,0,emergency,2017-10-21 16:34:25,6,1,16,10,Fall,F,asian,nonhispanic,38,PRIVATE,16,3,3,3,0,,0
61f048dc-f66e-bbda-9b7e-90bf61637fe6,61f048dc-f66e-bbda-48c8-593d92d2bf03,0.025,723.14,0,urgentcare,2025-04-23 13:45:26,3,0,13,4,Spring,F,white,nonhispanic,79,GOVERNMENT,33,1,5,6,48,42.0,0
6cebe382-6645-5849-d34e-98b2d1125c64,6cebe382-6645-5849-f398-543d907d44bd,0.042,1203.82,0,emergency,2025-03-13 17:02:07,4,0,17,3,Spring,F,white,nonhispanic,49,NO_INSURANCE,33,2,3,5,225,13.8,1
e8233637-a645-7460-8bb3-e042d6a4c061,e8233637-a645-7460-78fd-808cf87933da,0.026,1048.04,0,urgentcare,2001-12-15 12:35:15,6,1,12,12,Winter,M,white,nonhispanic,79,GOVERNMENT,29,1,7,5,29,35.0,0
b48771f2-01da-2e3d-06b0-415e275a0490,b48771f2-01da-2e3d-b283-3a8fbb2b17a0,0.028,1088.0,0,urgentcare,2024-06-10 14:34:46,1,0,14,6,Summer,M,white,nonhispanic,65,GOVERNMENT,28,3,6,4,42,28.0,1
569a5039-07b0-3769-6044-856ea2b15a4e,569a5039-07b0-3769-b644-614c3d87275a,0.036,1585.94,0,urgentcare,2022-04-09 16:57:59,6,1,16,4,Spring,M,white,nonhispanic,82,GOVERNMENT,24,1,4,5,27,14.0,1
61f048dc-f66e-bbda-f111-8d1aa33efae6,61f048dc-f66e-bbda-48c8-593d92d2bf03,0.03,859.14,0,urgentcare,2025-03-12 13:45:26,3,0,13,3,Spring,F,white,nonhispanic,79,GOVERNMENT,34,1,4,5,47,35.0,0
61f048dc-f66e-bbda-e2ed-0a0ddb21bf0a,61f048dc-f66e-bbda-48c8-593d92d2bf03,0.026,723.14,0,urgentcare,2025-02-05 13:45:26,3,0,13,2,Winter,F,white,nonhispanic,79,GOVERNMENT,33,1,4,5,46,21.0,1
e8233637-a645-7460-d526-d1fc185e519a,e8233637-a645-7460-78fd-808cf87933da,0.04,1054.31,0,urgentcare,2001-11-10 12:35:15,6,1,12,11,Fall,M,white,nonhispanic,79,GOVERNMENT,30,2,7,4,28,28.0,1
1fab8367-4a8d-ab1e-8958-f6c6220e0fb9,1fab8367-4a8d-ab1e-b676-8acf3e8b1898,0.026,872.3,0,urgentcare,2025-05-24 05:28:17,6,1,5,5,Spring,M,white,nonhispanic,76,GOVERNMENT,20,1,6,2,71,14.0,1
dc84508a-79dc-1807-32be-1374caec015e,dc84508a-79dc-1807-ab54-7f2ba51d3029,0.022,1213.65,0,urgentcare,2022-09-09 01:57:50,5,0,1,9,Fall,M,white,nonhispanic,46,PRIVATE,18,1,5,3,2,28.0,1
569a5039-07b0-3769-5f6c-1e01cf05f671,569a5039-07b0-3769-b644-614c3d87275a,0.031,938.84,0,urgentcare,2022-03-26 16:57:59,6,1,16,3,Spring,M,white,nonhispanic,82,GOVERNMENT,25,2,7,5,26,35.0,0
61f048dc-f66e-bbda-951d-03d017f687e4,61f048dc-f66e-bbda-48c8-593d92d2bf03,0.028,723.14,0,urgentcare,2025-01-15 13:45:26,3,0,13,1,Winter,F,white,nonhispanic,79,GOVERNMENT,32,1,5,5,45,28.0,1
ad550938-7a4a-6355-5021-b47585c68c1f,ad550938-7a4a-6355-9187-5384c714be3f,0.042,9971.19,0,emergency,2013-12-20 22:06:25,5,0,22,12,Winter,F,white,nonhispanic,66,GOVERNMENT,23,1,1,5,4,812.0,0
a520e1a2-226d-6c9f-3b8f-0992e8b4f068,a520e1a2-226d-6c9f-f6f8-d95c63537483,0.028,723.14,0,urgentcare,2018-08-24 04:19:19,5,0,4,8,Summer,M,white,nonhispanic,42,PRIVATE,15,2,3,3,2,7.0,1
b48771f2-01da-2e3d-aa01-90cbbabac33a,b48771f2-01da-2e3d-b283-3a8fbb2b17a0,0.025,1091.93,0,urgentcare,2024-05-13 14:34:46,1,0,14,5,Spring,M,white,nonhispanic,65,GOVERNMENT,27,1,6,4,41,182.0,0
1eeb0108-f9ae-c364-d69f-59b34d22fab5,1eeb0108-f9ae-c364-c5fe-84053947dd9b,0.027,1167.93,0,urgentcare,2020-05-23 21:45:13,6,1,21,5,Spring,M,white,nonhispanic,63,PRIVATE,19,2,7,5,5,7.0,1
60ff4c3e-9712-fea2-b756-7cebe4819c87,60ff4c3e-9712-fea2-32a4-4b47b26ddcf5,0.037,797.72,0,urgentcare,2015-02-08 18:47:22,0,1,18,2,Winter,F,asian,hispanic,59,PRIVATE,17,1,6,2,1,2051.0,0
61f048dc-f66e-bbda-ba3b-8cc4ce96cc49,61f048dc-f66e-bbda-48c8-593d92d2bf03,0.01,850.15,0,urgentcare,2024-12-18 13:45:26,3,0,13,12,Winter,F,white,nonhispanic,78,GOVERNMENT,33,1,1,5,44,7.0,1
1fab8367-4a8d-ab1e-c34a-ef3692b78775,1fab8367-4a8d-ab1e-b676-8acf3e8b1898,0.024,1209.7,0,urgentcare,2025-05-10 05:28:17,6,1,5,5,Spring,M,white,nonhispanic,76,GOVERNMENT,20,2,8,2,70,7.0,1
dc84508a-79dc-1807-df22-0d00af2ceba7,dc84508a-79dc-1807-ab54-7f2ba51d3029,0.042,875.9,0,emergency,2022-08-12 01:57:50,5,0,1,8,Summer,M,white,nonhispanic,46,PRIVATE,18,3,5,3,1,364.0,0
569a5039-07b0-3769-c785-b302217d1d1b,569a5039-07b0-3769-b644-614c3d87275a,0.027,723.14,0,urgentcare,2022-02-19 16:57:59,6,1,16,2,Winter,M,white,nonhispanic,82,GOVERNMENT,27,2,7,4,25,35.0,0
61f048dc-f66e-bbda-8f05-6d8f018b476a,61f048dc-f66e-bbda-48c8-593d92d2bf03,0.035,1106.78,0,urgentcare,2024-12-11 13:45:26,3,0,13,12,Winter,F,white,nonhispanic,78,GOVERNMENT,33,2,8,5,43,14.0,1
89a05562-333c-60ed-dfe6-8ed6c6e0c2fb,89a05562-333c-60ed-5660-ff34b7f6e814,0.025,723.14,0,urgentcare,2012-11-30 13:26:05,5,0,13,11,Fall,M,white,nonhispanic,59,GOVERNMENT,32,1,6,8,26,28.0,1
e8233637-a645-7460-633e-521b0ee72393,e8233637-a645-7460-78fd-808cf87933da,0.027,1013.42,0,urgentcare,2001-10-13 12:35:15,6,1,12,10,Fall,M,white,nonhispanic,79,GOVERNMENT,29,2,7,4,27,21.0,1
1eeb0108-f9ae-c364-f21c-7585a6c51074,1eeb0108-f9ae-c364-c5fe-84053947dd9b,0.01,1154.54,0,urgentcare,2020-05-16 21:45:13,6,1,21,5,Spring,M,white,nonhispanic,63,PRIVATE,18,1,1,5,4,7.0,1
12cf26a6-b0da-66bb-6d67-a58dd56ba2b0,12cf26a6-b0da-66bb-dbc9-08807426e9cf,0.042,6757.6,0,emergency,2017-03-13 01:50:46,1,0,1,3,Spring,M,white,nonhispanic,70,GOVERNMENT,18,2,6,0,1,7096.9,0
12cf26a6-b0da-66bb-1f0a-d080d9fffe5d,12cf26a6-b0da-66bb-dbc9-08807426e9cf,1.388,10695.98,0,inpatient,2017-03-13 02:48:31,1,0,2,3,Spring,M,white,nonhispanic,70,GOVERNMENT,18,1,4,1,1,7096.9,0
1fab8367-4a8d-ab1e-3984-11ec7073f503,1fab8367-4a8d-ab1e-b676-8acf3e8b1898,0.01,723.75,0,urgentcare,2025-05-03 05:28:17,6,1,5,5,Spring,M,white,nonhispanic,76,GOVERNMENT,19,1,1,2,69,7.0,1
1eeb0108-f9ae-c364-9e24-4b0d06b46cee,1eeb0108-f9ae-c364-c5fe-84053947dd9b,0.026,1013.42,0,urgentcare,2020-05-09 21:45:13,6,1,21,5,Spring,M,white,nonhispanic,63,PRIVATE,18,2,4,5,3,147.0,0
e4511778-4c17-701c-fa06-c5eb214edd6b,e4511778-4c17-701c-efa2-110e4112b6fe,0.042,875.9,0,emergency,2024-11-15 22:06:25,5,0,22,11,Fall,F,white,nonhispanic,77,GOVERNMENT,31,3,2,5,38,35.0,0
35c48f20-08e9-d381-774a-1ff18b934357,35c48f20-08e9-d381-ab80-6200d5b12851,0.042,1017.02,0,emergency,2021-04-20 12:06:04,2,0,12,4,Spring,M,black,nonhispanic,54,GOVERNMENT,16,2,6,2,17,7.0,1
89a05562-333c-60ed-f278-4fe8e01b72be,89a05562-333c-60ed-5660-ff34b7f6e814,0.035,938.84,0,urgentcare,2012-11-02 13:26:05,5,0,13,11,Fall,M,white,nonhispanic,59,GOVERNMENT,32,3,6,8,25,84.0,0
dfc9eb96-3c2a-6c32-5ef6-ede4b6fabd11,dfc9eb96-3c2a-6c32-6584-9d2ab6f64f18,0.029,927.43,0,urgentcare,1990-06-02 12:35:15,6,1,12,6,Summer,M,white,nonhispanic,68,GOVERNMENT,31,3,7,5,36,259.0,0
e8233637-a645-7460-feeb-33604e183772,e8233637-a645-7460-78fd-808cf87933da,0.041,797.72,0,urgentcare,2001-09-15 12:35:15,6,1,12,9,Fall,M,white,nonhispanic,79,GOVERNMENT,30,2,4,3,25,28.0,1
1fab8367-4a8d-ab1e-7b2d-8ab6039aedf3,1fab8367-4a8d-ab1e-b676-8acf3e8b1898,0.031,1527.64,0,urgentcare,2025-04-26 05:28:17,6,1,5,4,Spring,M,white,nonhispanic,76,GOVERNMENT,20,1,6,2,68,7.0,1
61f048dc-f66e-bbda-8384-61e37b47ab3f,61f048dc-f66e-bbda-48c8-593d92d2bf03,0.025,723.14,0,urgentcare,2024-10-30 13:45:26,3,0,13,10,Fall,F,white,nonhispanic,78,GOVERNMENT,34,1,5,5,41,21.0,1
6cebe382-6645-5849-f979-22325e69091b,6cebe382-6645-5849-f398-543d907d44bd,0.042,1159.45,0,emergency,2025-02-06 17:02:07,4,0,17,2,Winter,F,white,nonhispanic,49,NO_INSURANCE,31,1,5,2,222,7.0,1
1fab8367-4a8d-ab1e-d69a-3fb792958af5,1fab8367-4a8d-ab1e-b676-8acf3e8b1898,0.01,847.1,0,urgentcare,2025-04-19 05:28:17,6,1,5,4,Spring,M,white,nonhispanic,76,GOVERNMENT,20,1,1,2,67,7.0,1
569a5039-07b0-3769-6b46-0f9466e50226,569a5039-07b0-3769-b644-614c3d87275a,0.032,938.84,0,urgentcare,2022-01-15 16:57:59,6,1,16,1,Winter,M,white,nonhispanic,82,GOVERNMENT,26,2,5,5,24,28.0,1
0d660332-0b57-c70d-515a-0d73c11ad9b8,0d660332-0b57-c70d-98a7-e4e436e3cad2,0.041,872.3,0,urgentcare,2020-07-18 01:24:13,6,1,1,7,Summer,M,white,nonhispanic,48,PRIVATE,21,2,4,6,4,7.0,1
61f048dc-f66e-bbda-1dbe-dc61d071a672,61f048dc-f66e-bbda-48c8-593d92d2bf03,0.024,938.84,0,urgentcare,2024-10-09 13:45:26,3,0,13,10,Fall,F,white,nonhispanic,78,GOVERNMENT,34,2,8,5,40,28.0,1
6cebe382-6645-5849-75a0-c81f8febb3b6,6cebe382-6645-5849-f398-543d907d44bd,0.042,511.04,0,emergency,2025-01-30 17:02:07,4,0,17,1,Winter,F,white,nonhispanic,49,NO_INSURANCE,31,1,1,2,221,7.0,1
35c48f20-08e9-d381-431c-eece1341e076,35c48f20-08e9-d381-ab80-6200d5b12851,0.042,801.32,0,emergency,2021-04-06 12:06:04,2,0,12,4,Spring,M,black,nonhispanic,54,GOVERNMENT,16,2,5,2,15,679.0,0
4e4789ee-69a4-1744-7634-0096b416e4a3,4e4789ee-69a4-1744-49dd-2f27c28a9bc2,0.025,1088.0,0,urgentcare,1998-05-09 12:35:15,6,1,12,5,Spring,M,white,nonhispanic,76,GOVERNMENT,32,1,8,4,48,28.0,1
b48771f2-01da-2e3d-a5b2-f0c5483a25e4,b48771f2-01da-2e3d-b283-3a8fbb2b17a0,0.025,1303.7,0,urgentcare,2023-08-14 14:34:46,1,0,14,8,Summer,M,white,nonhispanic,64,GOVERNMENT,28,1,8,4,39,49.0,0
1fab8367-4a8d-ab1e-496f-5502fb02138b,1fab8367-4a8d-ab1e-b676-8acf3e8b1898,0.022,1735.1,0,urgentcare,2025-04-12 05:28:17,6,1,5,4,Spring,M,white,nonhispanic,76,GOVERNMENT,21,2,8,2,66,7.0,1
6cebe382-6645-5849-7c92-9303e061c71a,6cebe382-6645-5849-f398-543d907d44bd,0.042,1545.62,0,emergency,2025-01-23 17:02:07,4,0,17,1,Winter,F,white,nonhispanic,49,NO_INSURANCE,31,3,4,2,220,7.0,1
4e4789ee-69a4-1744-6e2d-b3ff1f4d33a4,4e4789ee-69a4-1744-49dd-2f27c28a9bc2,0.035,872.3,0,urgentcare,1998-04-11 12:35:15,6,1,12,4,Spring,M,white,nonhispanic,76,GOVERNMENT,32,1,7,5,47,8.6,1
e8233637-a645-7460-64e9-b5048a9377c6,e8233637-a645-7460-78fd-808cf87933da,0.039,1181.18,0,urgentcare,2001-08-18 12:35:15,6,1,12,8,Summer,M,white,nonhispanic,79,GOVERNMENT,30,1,5,4,24,28.0,1
35e0f778-7ddf-f4bf-daa8-4ff677d9107b,35e0f778-7ddf-f4bf-df8b-4a6521b753e4,0.042,1008.98,0,emergency,2017-02-13 13:06:47,1,0,13,2,Winter,M,white,nonhispanic,41,PRIVATE,16,2,2,0,1,5094.0,0
569a5039-07b0-3769-8fce-7c8c57991278,569a5039-07b0-3769-b644-614c3d87275a,0.024,723.14,0,urgentcare,2021-12-18 16:57:59,6,1,16,12,Winter,M,white,nonhispanic,81,GOVERNMENT,24,1,6,5,23,35.0,0
61f048dc-f66e-bbda-57fa-ee430e9cbd2a,61f048dc-f66e-bbda-48c8-593d92d2bf03,0.033,723.14,0,urgentcare,2024-08-14 13:45:26,3,0,13,8,Summer,F,white,nonhispanic,78,GOVERNMENT,36,1,7,5,38,28.0,1
b3604373-0cdc-3c4a-5130-0341f99b65cb,b3604373-0cdc-3c4a-8a51-24ebb281b704,0.027,1154.54,0,urgentcare,2020-07-30 11:08:54,4,0,11,7,Summer,M,white,nonhispanic,57,GOVERNMENT,18,2,5,1,11,7.0,1
e8233637-a645-7460-2034-feb99054bdf5,e8233637-a645-7460-78fd-808cf87933da,0.033,797.72,0,urgentcare,2001-07-14 12:35:15,6,1,12,7,Summer,M,white,nonhispanic,79,GOVERNMENT,30,1,3,4,22,28.0,1
1eeb0108-f9ae-c364-714b-736aa2c929ab,1eeb0108-f9ae-c364-c5fe-84053947dd9b,0.03,933.72,0,urgentcare,2019-12-14 21:45:13,6,1,21,12,Winter,M,white,nonhispanic,62,PRIVATE,19,3,6,5,2,686.0,0
0d660332-0b57-c70d-01e1-96132de304e1,0d660332-0b57-c70d-98a7-e4e436e3cad2,0.042,1528.52,0,urgentcare,2020-07-04 01:24:13,6,1,1,7,Summer,M,white,nonhispanic,48,PRIVATE,21,3,6,6,2,4620.0,0
4e4789ee-69a4-1744-45e2-30c2fc089998,4e4789ee-69a4-1744-49dd-2f27c28a9bc2,0.035,1088.0,0,urgentcare,1998-03-07 12:35:15,6,1,12,3,Spring,M,white,nonhispanic,76,GOVERNMENT,32,2,4,5,45,14.0,1
e8233637-a645-7460-43a1-8d0809852875,e8233637-a645-7460-78fd-808cf87933da,0.026,797.72,0,urgentcare,2001-06-16 12:35:15,6,1,12,6,Summer,M,white,nonhispanic,79,GOVERNMENT,29,2,5,4,21,28.0,1
b48771f2-01da-2e3d-de46-58015c1df72b,b48771f2-01da-2e3d-b283-3a8fbb2b17a0,0.034,888.66,0,urgentcare,2023-06-19 14:34:46,1,0,14,6,Summer,M,white,nonhispanic,64,GOVERNMENT,29,2,5,3,37,154.0,0
1fab8367-4a8d-ab1e-26a2-de2ce5641f05,1fab8367-4a8d-ab1e-b676-8acf3e8b1898,0.03,1662.03,0,urgentcare,2025-03-29 05:28:17,6,1,5,3,Spring,M,white,nonhispanic,76,GOVERNMENT,19,2,8,2,64,63.0,0
569a5039-07b0-3769-42f1-a5ee5af76fde,569a5039-07b0-3769-b644-614c3d87275a,0.03,1325.42,0,urgentcare,2021-11-13 16:57:59,6,1,16,11,Fall,M,white,nonhispanic,81,GOVERNMENT,26,4,7,5,22,28.0,1
6cebe382-6645-5849-e8b5-838aa2a9453c,6cebe382-6645-5849-f398-543d907d44bd,0.042,875.9,0,emergency,2024-12-26 17:02:07,4,0,17,12,Winter,F,white,nonhispanic,48,NO_INSURANCE,31,2,3,2,216,7.0,1
35c48f20-08e9-d381-1396-8c55e240c110,35c48f20-08e9-d381-ab80-6200d5b12851,0.034,1013.42,0,urgentcare,2019-05-28 12:06:04,2,0,12,5,Spring,M,black,nonhispanic,52,GOVERNMENT,17,2,7,4,14,14.0,1
b3604373-0cdc-3c4a-10ef-b6236bfdd95e,b3604373-0cdc-3c4a-8a51-24ebb281b704,0.042,1158.14,0,emergency,2020-07-16 11:08:54,4,0,11,7,Summer,M,white,nonhispanic,57,GOVERNMENT,16,2,7,2,9,28.0,1
4e4789ee-69a4-1744-db58-c7b278938973,4e4789ee-69a4-1744-49dd-2f27c28a9bc2,0.032,1008.3,0,urgentcare,1998-02-21 12:35:15,6,1,12,2,Winter,M,white,nonhispanic,76,GOVERNMENT,31,1,2,5,44,9.7,1
61f048dc-f66e-bbda-77ee-1cf7c3c4c758,61f048dc-f66e-bbda-48c8-593d92d2bf03,0.01,370.88,0,urgentcare,2024-07-17 13:45:26,3,0,13,7,Summer,F,white,nonhispanic,78,GOVERNMENT,35,1,1,6,37,49.0,0
decc5415-1684-abaf-bf90-1802e70f4f5e,decc5415-1684-abaf-49de-bd278ae61777,0.036,1659.39,0,urgentcare,2021-02-13 14:56:43,6,1,14,2,Winter,M,asian,nonhispanic,52,PRIVATE,21,1,5,4,4,29.9,1
e4511778-4c17-701c-4011-4eb2e52f6c6e,e4511778-4c17-701c-efa2-110e4112b6fe,0.01,507.44,0,urgentcare,2024-10-11 22:06:25,5,0,22,10,Fall,F,white,nonhispanic,77,GOVERNMENT,28,1,1,4,37,7.0,1
6cebe382-6645-5849-0fba-0218fbff4887,6cebe382-6645-5849-f398-543d907d44bd,0.042,875.9,0,emergency,2024-12-12 17:02:07,4,0,17,12,Winter,F,white,nonhispanic,48,NO_INSURANCE,31,2,4,2,214,7.0,1
89a05562-333c-60ed-8bbc-7a3a11cb36dd,89a05562-333c-60ed-5660-ff34b7f6e814,0.035,723.14,0,urgentcare,2012-07-20 13:26:05,5,0,13,7,Summer,M,white,nonhispanic,59,GOVERNMENT,30,1,5,7,23,35.0,0
e4511778-4c17-701c-41f5-872f69fb367f,e4511778-4c17-701c-efa2-110e4112b6fe,0.028,1722.02,0,urgentcare,2024-10-04 22:06:25,5,0,22,10,Fall,F,white,nonhispanic,77,GOVERNMENT,30,1,6,4,36,7.0,1
35c48f20-08e9-d381-b25d-875bfc677130,35c48f20-08e9-d381-ab80-6200d5b12851,0.036,797.72,0,urgentcare,2019-05-14 12:06:04,2,0,12,5,Spring,M,black,nonhispanic,52,GOVERNMENT,14,1,2,4,13,7.0,1
1eeb0108-f9ae-c364-2a4a-7271c3812417,1eeb0108-f9ae-c364-c5fe-84053947dd9b,0.038,1069.72,0,urgentcare,2018-01-27 21:45:13,6,1,21,1,Winter,M,white,nonhispanic,61,PRIVATE,19,2,3,5,1,92.9,0
569a5039-07b0-3769-a510-32a5ef05dd5e,569a5039-07b0-3769-b644-614c3d87275a,0.022,723.14,0,urgentcare,2021-10-09 16:57:59,6,1,16,10,Fall,M,white,nonhispanic,81,GOVERNMENT,25,1,2,5,20,7.0,1
decc5415-1684-abaf-8f86-e81b809fd74a,decc5415-1684-abaf-49de-bd278ae61777,0.042,1008.98,0,emergency,2021-01-14 17:22:57,4,0,17,1,Winter,M,asian,nonhispanic,52,PRIVATE,19,1,2,0,3,789.1,0
6cebe382-6645-5849-c3d0-6a3107ef1ddd,6cebe382-6645-5849-f398-543d907d44bd,0.042,875.9,0,emergency,2024-11-14 17:02:07,4,0,17,11,Fall,F,white,nonhispanic,48,GOVERNMENT,31,3,6,2,210,7.0,1
35c48f20-08e9-d381-616f-49bfa35b8701,35c48f20-08e9-d381-ab80-6200d5b12851,0.01,507.44,0,urgentcare,2019-05-07 12:06:04,2,0,12,5,Spring,M,black,nonhispanic,52,GOVERNMENT,14,1,1,4,12,7.0,1
b3604373-0cdc-3c4a-6780-5327cd3c12ea,b3604373-0cdc-3c4a-8a51-24ebb281b704,0.035,1154.54,0,urgentcare,2020-06-11 11:08:54,4,0,11,6,Summer,M,white,nonhispanic,57,GOVERNMENT,16,1,4,2,7,7.0,1
e8233637-a645-7460-fee9-80530a778757,e8233637-a645-7460-78fd-808cf87933da,0.025,1013.42,0,urgentcare,2001-04-14 12:35:15,6,1,12,4,Spring,M,white,nonhispanic,79,GOVERNMENT,32,3,7,4,19,21.0,1
1fab8367-4a8d-ab1e-0438-fdd5328e595a,1fab8367-4a8d-ab1e-b676-8acf3e8b1898,0.039,1420.15,0,urgentcare,2025-01-25 05:28:17,6,1,5,1,Winter,M,white,nonhispanic,76,GOVERNMENT,18,2,5,3,63,28.0,1
35c48f20-08e9-d381-e1ad-ebcad5930049,35c48f20-08e9-d381-ab80-6200d5b12851,0.036,797.72,0,urgentcare,2019-04-09 12:06:04,2,0,12,4,Spring,M,black,nonhispanic,52,GOVERNMENT,16,2,7,4,9,28.0,1
b3604373-0cdc-3c4a-de95-c81c2b6abec3,b3604373-0cdc-3c4a-8a51-24ebb281b704,0.041,1154.54,0,urgentcare,2020-05-28 11:08:54,4,0,11,5,Spring,M,white,nonhispanic,57,GOVERNMENT,16,2,2,2,5,105.0,0
89a05562-333c-60ed-1f55-2c645137ddaa,89a05562-333c-60ed-5660-ff34b7f6e814,0.032,1450.15,0,urgentcare,2012-06-15 13:26:05,5,0,13,6,Summer,M,white,nonhispanic,59,GOVERNMENT,31,3,3,6,22,28.0,1
b48771f2-01da-2e3d-fecf-b7113d359fba,b48771f2-01da-2e3d-b283-3a8fbb2b17a0,0.034,1303.7,0,urgentcare,2022-12-19 14:34:46,1,0,14,12,Winter,M,white,nonhispanic,63,GOVERNMENT,28,1,8,3,35,28.0,1
569a5039-07b0-3769-0b68-82610d81d548,569a5039-07b0-3769-b644-614c3d87275a,0.026,859.14,0,urgentcare,2021-08-21 16:57:59,6,1,16,8,Summer,M,white,nonhispanic,81,GOVERNMENT,25,1,7,5,18,35.0,0
ad550938-7a4a-6355-b5da-aae32848b789,ad550938-7a4a-6355-9187-5384c714be3f,0.03,723.14,0,urgentcare,2011-09-30 22:06:25,5,0,22,9,Fall,F,white,nonhispanic,64,GOVERNMENT,22,1,1,2,3,1162.0,0
b48771f2-01da-2e3d-bb5b-f7cb18aee3ea,b48771f2-01da-2e3d-b283-3a8fbb2b17a0,0.038,1303.7,0,urgentcare,2022-11-21 14:34:46,1,0,14,11,Fall,M,white,nonhispanic,63,GOVERNMENT,27,1,3,3,34,63.0,0
569a5039-07b0-3769-d126-5e2f7a393745,569a5039-07b0-3769-b644-614c3d87275a,0.041,723.14,0,urgentcare,2021-07-17 16:57:59,6,1,16,7,Summer,M,white,nonhispanic,81,GOVERNMENT,27,2,5,5,17,35.0,0
e4511778-4c17-701c-8cb3-d729bbaa1429,e4511778-4c17-701c-efa2-110e4112b6fe,0.039,1195.79,0,urgentcare,2024-08-23 22:06:25,5,0,22,8,Summer,F,white,nonhispanic,77,GOVERNMENT,28,2,7,4,30,7.0,1
6cebe382-6645-5849-7bf1-967ec50c7cbc,6cebe382-6645-5849-f398-543d907d44bd,0.042,875.9,0,emergency,2024-10-31 17:02:07,4,0,17,10,Fall,F,white,nonhispanic,48,GOVERNMENT,30,1,4,2,208,7.0,1
b48771f2-01da-2e3d-5be5-3008dd40d3a7,b48771f2-01da-2e3d-b283-3a8fbb2b17a0,0.038,1303.7,0,urgentcare,2022-09-19 14:34:46,1,0,14,9,Fall,M,white,nonhispanic,63,GOVERNMENT,27,2,4,5,33,119.0,0
1fab8367-4a8d-ab1e-c46b-e5d5a65d1a1c,1fab8367-4a8d-ab1e-b676-8acf3e8b1898,0.04,1735.1,0,urgentcare,2024-12-28 05:28:17,6,1,5,12,Winter,M,white,nonhispanic,75,GOVERNMENT,18,1,7,3,62,35.0,0
61f048dc-f66e-bbda-3115-441fdad99c5a,61f048dc-f66e-bbda-48c8-593d92d2bf03,0.033,723.14,0,urgentcare,2024-04-17 13:45:26,3,0,13,4,Spring,F,white,nonhispanic,78,GOVERNMENT,36,2,6,6,35,28.0,1
6cebe382-6645-5849-b7fb-a523c5e13487,6cebe382-6645-5849-f398-543d907d44bd,0.042,1158.14,0,emergency,2024-10-24 17:02:07,4,0,17,10,Fall,F,white,nonhispanic,48,GOVERNMENT,30,1,1,2,207,7.0,1
89a05562-333c-60ed-2454-9dc65b146d3b,89a05562-333c-60ed-5660-ff34b7f6e814,0.031,723.14,0,urgentcare,2012-04-06 13:26:05,5,0,13,4,Spring,M,white,nonhispanic,59,GOVERNMENT,32,3,6,8,20,28.0,1
e8233637-a645-7460-ca71-f15a65cbf8b1,e8233637-a645-7460-78fd-808cf87933da,0.035,797.72,0,urgentcare,2001-03-17 12:35:15,6,1,12,3,Spring,M,white,nonhispanic,79,GOVERNMENT,31,2,7,4,17,28.0,1
1fab8367-4a8d-ab1e-088d-195eb2d04181,1fab8367-4a8d-ab1e-b676-8acf3e8b1898,0.026,872.3,0,urgentcare,2024-11-23 05:28:17,6,1,5,11,Fall,M,white,nonhispanic,75,GOVERNMENT,19,2,5,3,61,28.0,1
dc84508a-79dc-1807-0e70-651590d98590,dc84508a-79dc-1807-ab54-7f2ba51d3029,0.033,1008.3,0,urgentcare,2021-08-13 01:57:50,5,0,1,8,Summer,M,white,nonhispanic,45,PRIVATE,17,4,3,3,0,,0
6cebe382-6645-5849-10c5-b15607c5411f,6cebe382-6645-5849-f398-543d907d44bd,0.042,1284.99,0,emergency,2024-10-17 17:02:07,4,0,17,10,Fall,F,white,nonhispanic,48,GOVERNMENT,31,2,5,2,206,7.0,1
4e4789ee-69a4-1744-7fc4-e7b1900e0cf6,4e4789ee-69a4-1744-49dd-2f27c28a9bc2,0.033,872.3,0,urgentcare,1997-11-15 12:35:15,6,1,12,11,Fall,M,white,nonhispanic,75,GOVERNMENT,33,4,6,3,39,8.7,1
569a5039-07b0-3769-2e32-6aa6c46a5bb7,569a5039-07b0-3769-b644-614c3d87275a,0.034,1045.4,0,urgentcare,2021-06-12 16:57:59,6,1,16,6,Summer,M,white,nonhispanic,81,GOVERNMENT,28,2,8,5,16,14.0,1
e8233637-a645-7460-eb00-d56b233865b1,e8233637-a645-7460-78fd-808cf87933da,0.021,933.72,0,urgentcare,2001-02-17 12:35:15,6,1,12,2,Winter,M,white,nonhispanic,79,GOVERNMENT,30,2,6,3,16,21.0,1
1fab8367-4a8d-ab1e-5e2b-b1ab31358a6d,1fab8367-4a8d-ab1e-b676-8acf3e8b1898,0.037,1735.1,0,urgentcare,2024-10-26 05:28:17,6,1,5,10,Fall,M,white,nonhispanic,75,GOVERNMENT,19,2,7,3,60,56.0,0
35c48f20-08e9-d381-9ad5-5b8fca8ac473,35c48f20-08e9-d381-ab80-6200d5b12851,0.025,1120.73,0,urgentcare,2018-12-04 12:06:04,2,0,12,12,Winter,M,black,nonhispanic,51,GOVERNMENT,17,3,6,3,6,7.0,1
b3604373-0cdc-3c4a-5b29-4ebb31ef2aa2,b3604373-0cdc-3c4a-8a51-24ebb281b704,0.03,1290.54,0,urgentcare,2020-02-13 11:08:54,4,0,11,2,Winter,M,white,nonhispanic,57,GOVERNMENT,17,3,6,2,4,434.0,0
dfc9eb96-3c2a-6c32-73d0-1456bfe2fece,dfc9eb96-3c2a-6c32-6584-9d2ab6f64f18,0.042,652.16,0,emergency,1989-09-09 12:35:15,6,1,12,9,Fall,M,white,nonhispanic,67,GOVERNMENT,31,3,4,5,34,35.0,0
569a5039-07b0-3769-beed-046c071b5b4f,569a5039-07b0-3769-b644-614c3d87275a,0.025,723.14,0,urgentcare,2021-05-29 16:57:59,6,1,16,5,Spring,M,white,nonhispanic,81,GOVERNMENT,26,2,6,5,15,35.0,0
6cebe382-6645-5849-39fb-027bb1d19b4f,6cebe382-6645-5849-f398-543d907d44bd,0.042,1091.6,0,emergency,2024-10-03 17:02:07,4,0,17,10,Fall,F,white,nonhispanic,48,GOVERNMENT,31,2,3,2,204,7.0,1
e8233637-a645-7460-e359-d908c763f6f2,e8233637-a645-7460-78fd-808cf87933da,0.027,797.72,0,urgentcare,2001-01-20 12:35:15,6,1,12,1,Winter,M,white,nonhispanic,79,GOVERNMENT,29,1,4,4,14,228.2,0
b48771f2-01da-2e3d-d59a-5cb9c2cd42ce,b48771f2-01da-2e3d-b283-3a8fbb2b17a0,0.04,1519.4,0,urgentcare,2022-05-23 14:34:46,1,0,14,5,Spring,M,white,nonhispanic,63,GOVERNMENT,28,1,5,3,32,28.0,1
b48771f2-01da-2e3d-8ba6-05de45f10d06,b48771f2-01da-2e3d-b283-3a8fbb2b17a0,0.025,872.3,0,urgentcare,2022-04-25 14:34:46,1,0,14,4,Spring,M,white,nonhispanic,63,GOVERNMENT,28,2,3,4,31,84.0,0
1fab8367-4a8d-ab1e-de27-b585c1ec1fff,1fab8367-4a8d-ab1e-b676-8acf3e8b1898,0.037,872.3,0,urgentcare,2024-08-24 05:28:17,6,1,5,8,Summer,M,white,nonhispanic,75,GOVERNMENT,18,2,5,3,58,84.0,0
61f048dc-f66e-bbda-94c3-f396fddc5767,61f048dc-f66e-bbda-48c8-593d92d2bf03,0.03,797.72,0,urgentcare,2024-02-07 13:45:26,3,0,13,2,Winter,F,white,nonhispanic,78,GOVERNMENT,35,2,5,5,32,21.0,1
decc5415-1684-abaf-6556-db081218e9ef,decc5415-1684-abaf-49de-bd278ae61777,0.037,797.72,0,urgentcare,2018-11-17 14:56:43,6,1,14,11,Fall,M,asian,nonhispanic,49,PRIVATE,17,1,5,4,2,42.0,0
6cebe382-6645-5849-2daa-9dcf8a679066,6cebe382-6645-5849-f398-543d907d44bd,0.027,872.3,0,urgentcare,2024-09-19 17:02:07,4,0,17,9,Fall,F,white,nonhispanic,48,GOVERNMENT,32,3,4,2,202,7.0,1
35c48f20-08e9-d381-df37-d624a5c60e9c,35c48f20-08e9-d381-ab80-6200d5b12851,0.042,801.32,0,emergency,2018-11-20 12:06:04,2,0,12,11,Fall,M,black,nonhispanic,51,GOVERNMENT,17,2,3,3,4,35.0,0
89a05562-333c-60ed-3aba-3ce2baad89e2,89a05562-333c-60ed-5660-ff34b7f6e814,0.01,409.24,0,urgentcare,2011-12-23 13:26:05,5,0,13,12,Winter,M,white,nonhispanic,58,GOVERNMENT,31,1,1,6,17,42.0,0
dfc9eb96-3c2a-6c32-4323-f3e569720b9e,dfc9eb96-3c2a-6c32-6584-9d2ab6f64f18,0.041,648.56,0,urgentcare,1989-08-05 12:35:15,6,1,12,8,Summer,M,white,nonhispanic,67,GOVERNMENT,28,1,6,4,33,7.0,1
569a5039-07b0-3769-80be-52933c450aad,569a5039-07b0-3769-b644-614c3d87275a,0.042,726.74,0,emergency,2021-04-17 16:57:59,6,1,16,4,Spring,M,white,nonhispanic,81,GOVERNMENT,26,3,6,4,13,28.0,1
61f048dc-f66e-bbda-e37c-aa9a51404409,61f048dc-f66e-bbda-48c8-593d92d2bf03,0.023,1293.43,0,urgentcare,2024-01-17 13:45:26,3,0,13,1,Winter,F,white,nonhispanic,78,GOVERNMENT,34,2,4,6,31,126.0,0
35c48f20-08e9-d381-287f-3ca91a25e222,35c48f20-08e9-d381-ab80-6200d5b12851,0.025,797.72,0,urgentcare,2018-10-16 12:06:04,2,0,12,10,Fall,M,black,nonhispanic,51,GOVERNMENT,16,2,4,3,3,7.0,1
dfc9eb96-3c2a-6c32-3fcf-4deabb0a377a,dfc9eb96-3c2a-6c32-6584-9d2ab6f64f18,0.042,652.16,0,emergency,1989-07-22 12:35:15,6,1,12,7,Summer,M,white,nonhispanic,67,GOVERNMENT,30,3,3,4,31,14.0,1
decc5415-1684-abaf-6f3b-d209e116bf02,decc5415-1684-abaf-49de-bd278ae61777,0.033,1013.42,0,urgentcare,2018-10-06 14:56:43,6,1,14,10,Fall,M,asian,nonhispanic,49,PRIVATE,17,1,6,2,1,1036.0,0
e4511778-4c17-701c-2a6a-c7ac5c4bde74,e4511778-4c17-701c-efa2-110e4112b6fe,0.026,872.3,0,urgentcare,2023-12-15 22:06:25,5,0,22,12,Winter,F,white,nonhispanic,76,GOVERNMENT,31,3,4,7,28,7.0,1
6cebe382-6645-5849-52f7-6162af6161f7,6cebe382-6645-5849-f398-543d907d44bd,0.042,859.47,0,emergency,2024-09-12 17:02:07,4,0,17,9,Fall,F,white,nonhispanic,48,GOVERNMENT,30,1,1,2,201,7.0,1
4e4789ee-69a4-1744-7ac0-3722b0a80469,4e4789ee-69a4-1744-49dd-2f27c28a9bc2,0.01,1154.54,0,urgentcare,1997-10-11 12:35:15,6,1,12,10,Fall,M,white,nonhispanic,75,GOVERNMENT,31,1,1,3,37,7.0,1
b48771f2-01da-2e3d-d3d4-e6b313d0eb66,b48771f2-01da-2e3d-b283-3a8fbb2b17a0,0.03,900.68,0,urgentcare,2022-01-31 14:34:46,1,0,14,1,Winter,M,white,nonhispanic,63,GOVERNMENT,28,1,5,4,30,21.0,1
1fab8367-4a8d-ab1e-3c5d-ec7d042d277c,1fab8367-4a8d-ab1e-b676-8acf3e8b1898,0.036,872.3,0,urgentcare,2024-06-01 05:28:17,6,1,5,6,Summer,M,white,nonhispanic,75,GOVERNMENT,16,1,7,2,57,119.0,0
6cebe382-6645-5849-6ba1-47184ca1344f,6cebe382-6645-5849-f398-543d907d44bd,0.042,1110.22,0,emergency,2024-09-05 17:02:07,4,0,17,9,Fall,F,white,nonhispanic,48,GOVERNMENT,31,2,5,2,200,7.0,1
35c48f20-08e9-d381-41ff-09c4a46e55ea,35c48f20-08e9-d381-ab80-6200d5b12851,0.01,855.28,0,urgentcare,2018-10-09 12:06:04,2,0,12,10,Fall,M,black,nonhispanic,51,GOVERNMENT,16,1,1,3,2,7.0,1
89a05562-333c-60ed-7e7d-78a5e8eacef7,89a05562-333c-60ed-5660-ff34b7f6e814,0.031,723.14,0,urgentcare,2011-11-11 13:26:05,5,0,13,11,Fall,M,white,nonhispanic,58,GOVERNMENT,33,3,6,8,16,210.0,0
4e4789ee-69a4-1744-cf48-b1c9e3b2d201,4e4789ee-69a4-1744-49dd-2f27c28a9bc2,0.038,1088.0,0,urgentcare,1997-10-04 12:35:15,6,1,12,10,Fall,M,white,nonhispanic,75,GOVERNMENT,32,3,5,3,36,13.5,1
569a5039-07b0-3769-2845-b31fcf863829,569a5039-07b0-3769-b644-614c3d87275a,0.023,859.14,0,urgentcare,2021-03-06 16:57:59,6,1,16,3,Spring,M,white,nonhispanic,81,GOVERNMENT,25,1,6,4,10,973.0,0
35c48f20-08e9-d381-fea2-f902ceb54084,35c48f20-08e9-d381-ab80-6200d5b12851,0.042,1136.29,0,emergency,2018-10-02 12:06:04,2,0,12,10,Fall,M,black,nonhispanic,51,GOVERNMENT,16,4,3,3,1,28.0,1
dfc9eb96-3c2a-6c32-0d7a-3811ebaef5ca,dfc9eb96-3c2a-6c32-6584-9d2ab6f64f18,0.024,648.56,0,urgentcare,1989-07-08 12:35:15,6,1,12,7,Summer,M,white,nonhispanic,67,GOVERNMENT,29,1,5,5,30,7.0,1
b48771f2-01da-2e3d-b760-d386b606c1c2,b48771f2-01da-2e3d-b283-3a8fbb2b17a0,0.01,507.44,0,urgentcare,2022-01-10 14:34:46,1,0,14,1,Winter,M,white,nonhispanic,63,GOVERNMENT,27,1,1,3,29,7.0,1
e4511778-4c17-701c-6854-77de30c972ca,e4511778-4c17-701c-efa2-110e4112b6fe,0.042,875.9,0,emergency,2023-12-01 22:06:25,5,0,22,12,Winter,F,white,nonhispanic,76,GOVERNMENT,30,1,4,7,26,28.0,1
6cebe382-6645-5849-1323-1755215dbd33,6cebe382-6645-5849-f398-543d907d44bd,0.042,875.9,0,emergency,2024-08-22 17:02:07,4,0,17,8,Summer,F,white,nonhispanic,48,GOVERNMENT,32,3,4,2,198,7.0,1
dfc9eb96-3c2a-6c32-8201-1523184e9217,dfc9eb96-3c2a-6c32-6584-9d2ab6f64f18,0.042,652.16,0,emergency,1989-06-24 12:35:15,6,1,12,6,Summer,M,white,nonhispanic,67,GOVERNMENT,29,2,7,5,28,7.0,1
b48771f2-01da-2e3d-6b6e-99d333a6a679,b48771f2-01da-2e3d-b283-3a8fbb2b17a0,0.025,1519.4,0,urgentcare,2022-01-03 14:34:46,1,0,14,1,Winter,M,white,nonhispanic,63,GOVERNMENT,27,1,7,4,28,7.0,1
e4511778-4c17-701c-7cde-ab8c267e3936,e4511778-4c17-701c-efa2-110e4112b6fe,0.039,872.3,0,urgentcare,2023-11-03 22:06:25,5,0,22,11,Fall,F,white,nonhispanic,76,GOVERNMENT,30,1,7,5,25,24.9,1
dfc9eb96-3c2a-6c32-9447-67eb8b1c86ed,dfc9eb96-3c2a-6c32-6584-9d2ab6f64f18,0.025,648.56,0,urgentcare,1989-06-10 12:35:15,6,1,12,6,Summer,M,white,nonhispanic,67,GOVERNMENT,29,2,3,5,26,7.0,1
4e4789ee-69a4-1744-489f-20b3d1205325,4e4789ee-69a4-1744-49dd-2f27c28a9bc2,0.023,1322.93,0,urgentcare,1997-08-09 12:35:15,6,1,12,8,Summer,M,white,nonhispanic,75,GOVERNMENT,32,2,7,4,34,14.0,1
b48771f2-01da-2e3d-3df5-268e443855ef,b48771f2-01da-2e3d-b283-3a8fbb2b17a0,0.042,1307.3,0,emergency,2021-11-22 14:34:46,1,0,14,11,Fall,M,white,nonhispanic,62,GOVERNMENT,27,1,3,4,23,28.0,1
1fab8367-4a8d-ab1e-9e32-7cba062dac0e,1fab8367-4a8d-ab1e-b676-8acf3e8b1898,0.031,872.3,0,urgentcare,2024-01-06 05:28:17,6,1,5,1,Winter,M,white,nonhispanic,75,GOVERNMENT,19,3,7,2,55,7.0,1
e4511778-4c17-701c-d1a8-b417dc8c0f4b,e4511778-4c17-701c-efa2-110e4112b6fe,0.042,4140.89,0,emergency,2023-10-10 00:26:27,2,0,0,10,Fall,F,white,nonhispanic,76,GOVERNMENT,30,2,1,5,24,66.1,0
6cebe382-6645-5849-51af-0f8174d6b365,6cebe382-6645-5849-f398-543d907d44bd,0.042,875.9,0,emergency,2024-08-08 17:02:07,4,0,17,8,Summer,F,white,nonhispanic,48,GOVERNMENT,32,1,4,2,196,7.0,1
e8233637-a645-7460-eba6-f61f24991abd,e8233637-a645-7460-78fd-808cf87933da,1.0,6495.3,0,inpatient,1999-08-20 09:02:36,5,0,9,8,Summer,M,white,nonhispanic,77,GOVERNMENT,27,1,15,3,10,32.8,0
e8233637-a645-7460-774f-446bd062b086,e8233637-a645-7460-78fd-808cf87933da,1.026,1198.04,0,inpatient,1999-08-20 13:03:05,5,0,13,8,Summer,M,white,nonhispanic,77,GOVERNMENT,27,1,2,9,10,33.0,0
b48771f2-01da-2e3d-6736-22bf73087b93,b48771f2-01da-2e3d-b283-3a8fbb2b17a0,0.027,1303.7,0,urgentcare,2021-10-25 14:34:46,1,0,14,10,Fall,M,white,nonhispanic,62,GOVERNMENT,27,1,6,5,22,56.0,0
4e4789ee-69a4-1744-11e2-855d60af2d56,4e4789ee-69a4-1744-49dd-2f27c28a9bc2,0.028,872.3,0,urgentcare,1997-07-26 12:35:15,6,1,12,7,Summer,M,white,nonhispanic,75,GOVERNMENT,30,1,5,4,33,10.8,1
6cebe382-6645-5849-7144-0602607ef02e,6cebe382-6645-5849-f398-543d907d44bd,0.042,1091.6,0,emergency,2024-07-25 17:02:07,4,0,17,7,Summer,F,white,nonhispanic,48,GOVERNMENT,31,1,3,2,194,7.0,1
89a05562-333c-60ed-76dc-faa53c9db294,89a05562-333c-60ed-5660-ff34b7f6e814,0.031,872.3,0,urgentcare,2011-04-15 13:26:05,5,0,13,4,Spring,M,white,nonhispanic,58,GOVERNMENT,31,1,7,7,15,539.0,0
dfc9eb96-3c2a-6c32-0fd7-88533487f59d,dfc9eb96-3c2a-6c32-6584-9d2ab6f64f18,0.01,483.42,0,urgentcare,1989-02-18 12:35:15,6,1,12,2,Winter,M,white,nonhispanic,67,GOVERNMENT,30,1,1,5,23,7.0,1
4e4789ee-69a4-1744-f335-263905bff038,4e4789ee-69a4-1744-49dd-2f27c28a9bc2,0.033,1088.0,0,urgentcare,1997-06-14 12:35:15,6,1,12,6,Summer,M,white,nonhispanic,75,GOVERNMENT,29,1,8,3,31,28.0,1
b48771f2-01da-2e3d-c752-16ce5c8bcbae,b48771f2-01da-2e3d-b283-3a8fbb2b17a0,0.04,1303.7,0,urgentcare,2021-08-30 14:34:46,1,0,14,8,Summer,M,white,nonhispanic,62,GOVERNMENT,27,1,7,5,21,126.0,0
61f048dc-f66e-bbda-05dc-c1e001e69f1f,61f048dc-f66e-bbda-48c8-593d92d2bf03,0.028,1229.01,0,urgentcare,2023-09-13 13:45:26,3,0,13,9,Fall,F,white,nonhispanic,77,GOVERNMENT,35,3,4,7,30,28.0,1
6cebe382-6645-5849-8f45-73675152997a,6cebe382-6645-5849-f398-543d907d44bd,0.042,1122.6,0,emergency,2024-06-27 17:02:07,4,0,17,6,Summer,F,white,nonhispanic,48,GOVERNMENT,30,2,3,2,190,7.0,1
dfc9eb96-3c2a-6c32-3d3e-ef7ed8a260f2,dfc9eb96-3c2a-6c32-6584-9d2ab6f64f18,0.03,1000.26,0,urgentcare,1989-02-11 12:35:15,6,1,12,2,Winter,M,white,nonhispanic,67,GOVERNMENT,30,1,6,5,22,35.0,0
e4511778-4c17-701c-8553-51dde04490a6,e4511778-4c17-701c-efa2-110e4112b6fe,0.041,1735.1,0,urgentcare,2023-08-04 22:06:25,5,0,22,8,Summer,F,white,nonhispanic,76,GOVERNMENT,29,1,5,4,23,21.0,1
1fab8367-4a8d-ab1e-6db2-9f0ae383249e,1fab8367-4a8d-ab1e-b676-8acf3e8b1898,0.024,1088.0,0,urgentcare,2023-11-04 05:28:17,6,1,5,11,Fall,M,white,nonhispanic,74,GOVERNMENT,18,2,7,3,52,21.0,1
6cebe382-6645-5849-c2dc-4ec1fffa4d4a,6cebe382-6645-5849-f398-543d907d44bd,0.042,1011.9,0,emergency,2024-06-13 17:02:07,4,0,17,6,Summer,F,white,nonhispanic,48,GOVERNMENT,30,1,3,2,188,7.0,1
61f048dc-f66e-bbda-1608-9a2c84671dad,61f048dc-f66e-bbda-48c8-593d92d2bf03,0.029,1088.0,0,urgentcare,2023-08-16 13:45:26,3,0,13,8,Summer,F,white,nonhispanic,77,GOVERNMENT,35,4,6,6,29,70.0,0
6cebe382-6645-5849-4e10-e2e2bfe85353,6cebe382-6645-5849-f398-543d907d44bd,0.042,875.9,0,emergency,2024-05-30 17:02:07,4,0,17,5,Spring,F,white,nonhispanic,48,GOVERNMENT,31,1,3,2,186,7.0,1
b48771f2-01da-2e3d-d782-06976fe83cd6,b48771f2-01da-2e3d-b283-3a8fbb2b17a0,0.024,1439.7,0,urgentcare,2021-04-26 14:34:46,1,0,14,4,Spring,M,white,nonhispanic,62,GOVERNMENT,27,2,6,4,20,175.0,0
1fab8367-4a8d-ab1e-d122-c9102484fc6a,1fab8367-4a8d-ab1e-b676-8acf3e8b1898,0.01,629.32,0,urgentcare,2023-10-14 05:28:17,6,1,5,10,Fall,M,white,nonhispanic,74,GOVERNMENT,17,1,1,4,51,7.0,1
dfc9eb96-3c2a-6c32-5584-4c5cc3185b00,dfc9eb96-3c2a-6c32-6584-9d2ab6f64f18,0.025,648.56,0,urgentcare,1988-12-31 12:35:15,6,1,12,12,Winter,M,white,nonhispanic,66,GOVERNMENT,29,1,2,4,20,7.0,1
1fab8367-4a8d-ab1e-b5b7-5dff25f6ea91,1fab8367-4a8d-ab1e-b676-8acf3e8b1898,0.03,1088.0,0,urgentcare,2023-10-07 05:28:17,6,1,5,10,Fall,M,white,nonhispanic,74,GOVERNMENT,17,1,4,4,50,28.0,1
6cebe382-6645-5849-a735-759dfa7b0c65,6cebe382-6645-5849-f398-543d907d44bd,0.042,1544.87,0,emergency,2024-05-16 17:02:07,4,0,17,5,Spring,F,white,nonhispanic,48,GOVERNMENT,31,1,4,2,184,7.0,1
6cebe382-6645-5849-f66c-6674ac8572b9,6cebe382-6645-5849-f398-543d907d44bd,0.042,875.9,0,emergency,2024-05-02 17:02:07,4,0,17,5,Spring,F,white,nonhispanic,48,GOVERNMENT,32,1,2,2,182,7.0,1
1fab8367-4a8d-ab1e-1cf9-4a7cdf3556c1,1fab8367-4a8d-ab1e-b676-8acf3e8b1898,0.03,872.3,0,urgentcare,2023-09-02 05:28:17,6,1,5,9,Fall,M,white,nonhispanic,74,GOVERNMENT,18,1,6,4,48,14.0,1
6cebe382-6645-5849-6c96-a98d4545e902,6cebe382-6645-5849-f398-543d907d44bd,0.042,875.9,0,emergency,2024-04-18 17:02:07,4,0,17,4,Spring,F,white,nonhispanic,48,GOVERNMENT,33,1,3,2,180,7.0,1
b48771f2-01da-2e3d-7b0b-34083ab3e334,b48771f2-01da-2e3d-b283-3a8fbb2b17a0,0.027,1439.7,0,urgentcare,2020-09-28 14:34:46,1,0,14,9,Fall,M,white,nonhispanic,61,GOVERNMENT,28,1,7,5,18,28.0,1
1fab8367-4a8d-ab1e-fb88-fea4c16a1526,1fab8367-4a8d-ab1e-b676-8acf3e8b1898,0.037,872.3,0,urgentcare,2023-08-19 05:28:17,6,1,5,8,Summer,M,white,nonhispanic,74,GOVERNMENT,18,2,4,4,47,42.0,0
e4511778-4c17-701c-da77-9d5b1dc379b7,e4511778-4c17-701c-efa2-110e4112b6fe,0.034,1008.3,0,urgentcare,2023-04-07 22:06:25,5,0,22,4,Spring,F,white,nonhispanic,76,GOVERNMENT,29,1,5,4,21,119.0,0
6cebe382-6645-5849-c4af-46a910aa93de,6cebe382-6645-5849-f398-543d907d44bd,0.042,1158.14,0,emergency,2024-04-11 17:02:07,4,0,17,4,Spring,F,white,nonhispanic,48,GOVERNMENT,33,1,1,2,179,7.0,1
4e4789ee-69a4-1744-7399-975d940cd0fe,4e4789ee-69a4-1744-49dd-2f27c28a9bc2,0.042,4935.1,0,emergency,1997-01-25 12:35:15,6,1,12,1,Winter,M,white,nonhispanic,75,GOVERNMENT,27,1,1,3,25,7.0,1
b48771f2-01da-2e3d-95dd-ce07e4ac5dee,b48771f2-01da-2e3d-b283-3a8fbb2b17a0,0.035,1303.7,0,urgentcare,2020-08-31 14:34:46,1,0,14,8,Summer,M,white,nonhispanic,61,GOVERNMENT,27,1,4,5,17,28.0,1
569a5039-07b0-3769-fce0-7d5ed1c3cf21,569a5039-07b0-3769-b644-614c3d87275a,0.03,1585.94,0,urgentcare,2018-06-02 16:57:59,6,1,16,6,Summer,M,white,nonhispanic,78,GOVERNMENT,25,4,6,3,6,7.0,1
6cebe382-6645-5849-249c-68460fe7dcc6,6cebe382-6645-5849-f398-543d907d44bd,0.042,1091.6,0,emergency,2024-04-04 17:02:07,4,0,17,4,Spring,F,white,nonhispanic,48,GOVERNMENT,33,3,4,2,178,14.0,1
b3604373-0cdc-3c4a-b0a2-91c84d6d7d76,b3604373-0cdc-3c4a-8a51-24ebb281b704,0.042,1475.51,0,emergency,2018-12-06 11:08:54,4,0,11,12,Winter,M,white,nonhispanic,55,GOVERNMENT,15,2,8,2,3,133.0,0
dfc9eb96-3c2a-6c32-f198-a72b1d1d0a6f,dfc9eb96-3c2a-6c32-6584-9d2ab6f64f18,0.023,797.72,0,urgentcare,1988-12-03 12:35:15,6,1,12,12,Winter,M,white,nonhispanic,66,GOVERNMENT,27,1,6,5,17,7.0,1
61f048dc-f66e-bbda-70ee-b1391fc8cde5,61f048dc-f66e-bbda-48c8-593d92d2bf03,0.042,875.9,0,emergency,2023-06-07 13:45:26,3,0,13,6,Summer,F,white,nonhispanic,77,GOVERNMENT,36,1,5,6,28,7.0,1
b48771f2-01da-2e3d-ff25-62277d53e8a8,b48771f2-01da-2e3d-b283-3a8fbb2b17a0,0.026,1519.4,0,urgentcare,2020-08-03 14:34:46,1,0,14,8,Summer,M,white,nonhispanic,61,GOVERNMENT,27,1,6,5,16,63.0,0
1fab8367-4a8d-ab1e-2a90-64c353d72364,1fab8367-4a8d-ab1e-b676-8acf3e8b1898,0.04,872.3,0,urgentcare,2023-07-08 05:28:17,6,1,5,7,Summer,M,white,nonhispanic,74,GOVERNMENT,17,1,7,3,46,91.0,0
61f048dc-f66e-bbda-5868-1e62a9afdb78,61f048dc-f66e-bbda-48c8-593d92d2bf03,0.042,1091.6,0,emergency,2023-05-24 13:45:26,3,0,13,5,Spring,F,white,nonhispanic,77,GOVERNMENT,37,2,5,6,26,21.0,1
569a5039-07b0-3769-4903-67c78047e505,569a5039-07b0-3769-b644-614c3d87275a,0.01,507.44,0,urgentcare,2018-05-26 16:57:59,6,1,16,5,Spring,M,white,nonhispanic,78,GOVERNMENT,22,1,1,3,5,7.0,1
6cebe382-6645-5849-1f15-480e824c69d7,6cebe382-6645-5849-f398-543d907d44bd,0.042,1738.7,0,emergency,2024-03-21 17:02:07,4,0,17,3,Spring,F,white,nonhispanic,48,GOVERNMENT,33,2,4,2,177,7.0,1
dfc9eb96-3c2a-6c32-7308-e09df1e7bbfe,dfc9eb96-3c2a-6c32-6584-9d2ab6f64f18,0.038,797.72,0,urgentcare,1988-11-05 12:35:15,6,1,12,11,Fall,M,white,nonhispanic,66,GOVERNMENT,28,1,2,6,14,7.0,1
4e4789ee-69a4-1744-64fa-a5a7a2c342cf,4e4789ee-69a4-1744-49dd-2f27c28a9bc2,0.027,1193.23,0,urgentcare,1996-12-14 12:35:15,6,1,12,12,Winter,M,white,nonhispanic,74,GOVERNMENT,28,2,5,2,23,91.0,0
569a5039-07b0-3769-6ee9-1eeaf7d4af53,569a5039-07b0-3769-b644-614c3d87275a,0.042,1589.54,0,emergency,2018-05-19 16:57:59,6,1,16,5,Spring,M,white,nonhispanic,78,GOVERNMENT,22,1,6,3,4,104.6,0
dfc9eb96-3c2a-6c32-d3b2-daf376527140,dfc9eb96-3c2a-6c32-6584-9d2ab6f64f18,0.03,797.72,0,urgentcare,1988-10-22 12:35:15,6,1,12,10,Fall,M,white,nonhispanic,66,GOVERNMENT,28,2,1,6,12,28.0,1
61f048dc-f66e-bbda-d175-294fcb6773b2,61f048dc-f66e-bbda-48c8-593d92d2bf03,0.041,872.3,0,urgentcare,2023-05-03 13:45:26,3,0,13,5,Spring,F,white,nonhispanic,77,GOVERNMENT,35,4,5,6,25,42.0,0
e4511778-4c17-701c-893e-314dc3172761,e4511778-4c17-701c-efa2-110e4112b6fe,0.03,1735.1,0,urgentcare,2022-12-09 22:06:25,5,0,22,12,Winter,F,white,nonhispanic,75,GOVERNMENT,30,3,7,4,20,210.0,0
6cebe382-6645-5849-84c1-5923080a67e8,6cebe382-6645-5849-f398-543d907d44bd,0.042,798.78,0,emergency,2024-03-14 17:02:07,4,0,17,3,Spring,F,white,nonhispanic,48,GOVERNMENT,32,1,1,2,176,7.0,1
b48771f2-01da-2e3d-5200-8e2df0711397,b48771f2-01da-2e3d-b283-3a8fbb2b17a0,0.041,1303.7,0,urgentcare,2020-06-01 14:34:46,1,0,14,6,Summer,M,white,nonhispanic,61,GOVERNMENT,27,1,6,4,15,119.0,0
6cebe382-6645-5849-c9d1-f853409201cb,6cebe382-6645-5849-f398-543d907d44bd,0.042,1169.89,0,emergency,2024-03-07 17:02:07,4,0,17,3,Spring,F,white,nonhispanic,48,GOVERNMENT,34,2,4,2,175,7.0,1
b3604373-0cdc-3c4a-fe83-d86684cd8174,b3604373-0cdc-3c4a-8a51-24ebb281b704,0.028,723.14,0,urgentcare,2018-07-26 11:08:54,4,0,11,7,Summer,M,white,nonhispanic,55,GOVERNMENT,18,2,6,1,2,1810.9,0
dfc9eb96-3c2a-6c32-4ec4-55d572309977,dfc9eb96-3c2a-6c32-6584-9d2ab6f64f18,0.029,797.72,0,urgentcare,1988-09-17 12:35:15,6,1,12,9,Fall,M,white,nonhispanic,66,GOVERNMENT,30,2,5,5,10,49.0,0
1fab8367-4a8d-ab1e-ff7a-c952270a5a50,1fab8367-4a8d-ab1e-b676-8acf3e8b1898,0.04,1365.83,0,urgentcare,2023-04-08 05:28:17,6,1,5,4,Spring,M,white,nonhispanic,74,GOVERNMENT,20,2,4,3,45,28.0,1
569a5039-07b0-3769-7134-43205e99a9cc,569a5039-07b0-3769-b644-614c3d87275a,1.905,5423.98,0,inpatient,2018-02-02 05:57:59,5,0,5,2,Winter,M,white,nonhispanic,78,GOVERNMENT,22,1,1,0,2,3208.3,0
6cebe382-6645-5849-214b-324bcdae02ff,6cebe382-6645-5849-f398-543d907d44bd,0.042,875.9,0,emergency,2024-02-22 17:02:07,4,0,17,2,Winter,F,white,nonhispanic,48,GOVERNMENT,34,2,3,2,173,7.0,1
1fab8367-4a8d-ab1e-89a8-aa2643b1a139,1fab8367-4a8d-ab1e-b676-8acf3e8b1898,0.041,1284.64,0,urgentcare,2023-03-11 05:28:17,6,1,5,3,Spring,M,white,nonhispanic,74,GOVERNMENT,21,1,6,5,44,7.0,1
4e4789ee-69a4-1744-d15e-033a47d61f8e,4e4789ee-69a4-1744-49dd-2f27c28a9bc2,0.033,1533.05,0,urgentcare,1996-09-14 12:35:15,6,1,12,9,Fall,M,white,nonhispanic,74,GOVERNMENT,28,3,6,2,22,42.0,0
08d290f2-cacc-a5c9-2a1f-1d9c6fb94bef,08d290f2-cacc-a5c9-e3f5-d1d9063f46e5,0.04,1585.94,0,urgentcare,1986-04-19 12:35:15,6,1,12,4,Spring,M,white,nonhispanic,64,NO_INSURANCE,29,1,3,3,338,7.0,1
08d290f2-cacc-a5c9-3f45-3c3eb0d6978c,08d290f2-cacc-a5c9-e3f5-d1d9063f46e5,0.042,726.74,0,emergency,1986-04-05 12:35:15,6,1,12,4,Spring,M,white,nonhispanic,64,NO_INSURANCE,30,2,5,3,336,7.0,1
ad550938-7a4a-6355-9293-5d228925633d,ad550938-7a4a-6355-9187-5384c714be3f,0.035,1585.94,0,urgentcare,2008-07-25 22:06:25,5,0,22,7,Summer,F,white,nonhispanic,61,GOVERNMENT,18,1,7,1,2,3604.0,0
6cebe382-6645-5849-7b4f-976f70e9bbfa,6cebe382-6645-5849-f398-543d907d44bd,0.042,1580.93,0,emergency,2024-02-08 17:02:07,4,0,17,2,Winter,F,white,nonhispanic,48,GOVERNMENT,33,4,4,2,171,7.0,1
dfc9eb96-3c2a-6c32-3923-2a6c0a05c1a6,dfc9eb96-3c2a-6c32-6584-9d2ab6f64f18,0.024,797.72,0,urgentcare,1988-07-30 12:35:15,6,1,12,7,Summer,M,white,nonhispanic,66,GOVERNMENT,28,1,6,5,9,14.0,1
1fab8367-4a8d-ab1e-6299-c63e2af30f0c,1fab8367-4a8d-ab1e-b676-8acf3e8b1898,0.039,872.3,0,urgentcare,2023-01-07 05:28:17,6,1,5,1,Winter,M,white,nonhispanic,74,GOVERNMENT,23,3,5,4,42,13.9,1
dfc9eb96-3c2a-6c32-749b-dc7fbe2e86cc,dfc9eb96-3c2a-6c32-6584-9d2ab6f64f18,0.041,797.72,0,urgentcare,1988-07-16 12:35:15,6,1,12,7,Summer,M,white,nonhispanic,66,GOVERNMENT,28,1,6,5,8,7.0,1
08d290f2-cacc-a5c9-dc68-9a3a0db5707a,08d290f2-cacc-a5c9-e3f5-d1d9063f46e5,0.041,938.84,0,urgentcare,1986-03-22 12:35:15,6,1,12,3,Spring,M,white,nonhispanic,64,NO_INSURANCE,29,3,8,3,334,7.0,1
dfc9eb96-3c2a-6c32-ea52-fe235d1586f1,dfc9eb96-3c2a-6c32-6584-9d2ab6f64f18,0.042,801.32,0,emergency,1988-06-18 12:35:15,6,1,12,6,Summer,M,white,nonhispanic,66,GOVERNMENT,29,2,7,5,4,980.0,0
4e4789ee-69a4-1744-a1ba-84c68ff5c90d,4e4789ee-69a4-1744-49dd-2f27c28a9bc2,0.021,1088.0,0,urgentcare,1996-08-03 12:35:15,6,1,12,8,Summer,M,white,nonhispanic,74,GOVERNMENT,31,1,5,2,21,49.0,0
6cebe382-6645-5849-84a0-ee8143223fb7,6cebe382-6645-5849-f398-543d907d44bd,0.042,875.9,0,emergency,2024-01-25 17:02:07,4,0,17,1,Winter,F,white,nonhispanic,48,GOVERNMENT,32,1,2,2,169,7.0,1
4e4789ee-69a4-1744-729b-7700ecdcfa84,4e4789ee-69a4-1744-49dd-2f27c28a9bc2,0.036,872.3,0,urgentcare,1996-06-15 12:35:15,6,1,12,6,Summer,M,white,nonhispanic,74,GOVERNMENT,31,2,4,2,20,42.0,0
1fab8367-4a8d-ab1e-26a7-b15d6d49785b,1fab8367-4a8d-ab1e-b676-8acf3e8b1898,0.073,8124.87,0,emergency,2022-12-24 05:28:17,6,1,5,12,Winter,M,white,nonhispanic,73,GOVERNMENT,20,2,3,2,41,42.0,0
6cebe382-6645-5849-4ed5-5c72483984dd,6cebe382-6645-5849-f398-543d907d44bd,0.042,1158.14,0,emergency,2024-01-18 17:02:07,4,0,17,1,Winter,F,white,nonhispanic,48,GOVERNMENT,32,1,1,2,168,7.0,1
89a05562-333c-60ed-a70f-2495ff94126d,89a05562-333c-60ed-5660-ff34b7f6e814,0.029,1088.0,0,urgentcare,2008-12-26 13:26:05,5,0,13,12,Winter,M,white,nonhispanic,55,GOVERNMENT,26,1,6,7,13,238.0,0
08d290f2-cacc-a5c9-d9b8-8d23ff96498e,08d290f2-cacc-a5c9-e3f5-d1d9063f46e5,0.042,1008.98,0,emergency,1986-03-15 12:35:15,6,1,12,3,Spring,M,white,nonhispanic,64,NO_INSURANCE,27,1,1,3,333,7.0,1
b48771f2-01da-2e3d-fa2e-6b88940c81ec,b48771f2-01da-2e3d-b283-3a8fbb2b17a0,0.029,872.3,0,urgentcare,2020-02-03 14:34:46,1,0,14,2,Winter,M,white,nonhispanic,61,GOVERNMENT,28,4,4,5,14,301.0,0
e4511778-4c17-701c-8b64-dc0f95e8e9ac,e4511778-4c17-701c-efa2-110e4112b6fe,0.034,1082.88,0,urgentcare,2022-05-13 22:06:25,5,0,22,5,Spring,F,white,nonhispanic,75,GOVERNMENT,29,1,4,3,19,147.0,0
6cebe382-6645-5849-4b2e-97c7585777e5,6cebe382-6645-5849-f398-543d907d44bd,0.042,1360.18,0,emergency,2024-01-11 17:02:07,4,0,17,1,Winter,F,white,nonhispanic,48,GOVERNMENT,32,2,3,2,167,7.0,1
08d290f2-cacc-a5c9-6580-a6f5225999b9,08d290f2-cacc-a5c9-e3f5-d1d9063f46e5,0.042,1131.32,0,emergency,1986-03-08 12:35:15,6,1,12,3,Spring,M,white,nonhispanic,64,NO_INSURANCE,28,1,6,3,332,7.0,1
61f048dc-f66e-bbda-6a59-72f317d40958,61f048dc-f66e-bbda-48c8-593d92d2bf03,0.024,872.3,0,urgentcare,2022-07-27 13:45:26,3,0,13,7,Summer,F,white,nonhispanic,76,GOVERNMENT,29,1,3,5,22,28.0,1
08d290f2-cacc-a5c9-b495-70f77081b0a7,08d290f2-cacc-a5c9-e3f5-d1d9063f46e5,0.042,951.31,0,emergency,1986-03-01 12:35:15,6,1,12,3,Spring,M,white,nonhispanic,64,NO_INSURANCE,28,1,1,3,331,7.0,1
6cebe382-6645-5849-ec91-2f5ed63ccc7f,6cebe382-6645-5849-f398-543d907d44bd,0.042,511.04,0,emergency,2024-01-04 17:02:07,4,0,17,1,Winter,F,white,nonhispanic,48,GOVERNMENT,31,1,1,2,166,7.0,1
4e4789ee-69a4-1744-9b73-fe68680dc355,4e4789ee-69a4-1744-49dd-2f27c28a9bc2,0.042,6309.9,0,emergency,1996-05-04 12:35:15,6,1,12,5,Spring,M,white,nonhispanic,74,GOVERNMENT,29,2,3,1,19,77.0,0
08d290f2-cacc-a5c9-e910-cc327f352b74,08d290f2-cacc-a5c9-e3f5-d1d9063f46e5,0.042,1044.83,0,emergency,1986-02-22 12:35:15,6,1,12,2,Winter,M,white,nonhispanic,64,NO_INSURANCE,29,1,6,3,330,7.0,1
6cebe382-6645-5849-1afb-86703af6ff06,6cebe382-6645-5849-f398-543d907d44bd,0.042,1139.3,0,emergency,2023-12-28 17:02:07,4,0,17,12,Winter,F,white,nonhispanic,47,GOVERNMENT,33,1,3,2,165,7.0,1
1fab8367-4a8d-ab1e-ef31-c40481e1f774,1fab8367-4a8d-ab1e-b676-8acf3e8b1898,0.01,507.44,0,urgentcare,2022-11-12 05:28:17,6,1,5,11,Fall,M,white,nonhispanic,73,GOVERNMENT,19,1,1,3,40,7.0,1
e4511778-4c17-701c-e978-3edbbd2d28f5,e4511778-4c17-701c-efa2-110e4112b6fe,0.024,872.3,0,urgentcare,2021-12-17 22:06:25,5,0,22,12,Winter,F,white,nonhispanic,74,GOVERNMENT,29,1,7,5,18,154.0,0
08d290f2-cacc-a5c9-a1f9-40c35f5f2dae,08d290f2-cacc-a5c9-e3f5-d1d9063f46e5,0.042,1078.44,0,emergency,1986-02-08 12:35:15,6,1,12,2,Winter,M,white,nonhispanic,64,NO_INSURANCE,29,2,6,3,328,7.0,1
6cebe382-6645-5849-e78a-082925163ffd,6cebe382-6645-5849-f398-543d907d44bd,0.042,1738.7,0,emergency,2023-12-14 17:02:07,4,0,17,12,Winter,F,white,nonhispanic,47,GOVERNMENT,33,4,4,2,163,7.0,1
61f048dc-f66e-bbda-82be-7a2ca24f4dc8,61f048dc-f66e-bbda-48c8-593d92d2bf03,0.032,872.3,0,urgentcare,2022-05-25 13:45:26,3,0,13,5,Spring,F,white,nonhispanic,76,GOVERNMENT,31,1,5,5,20,28.0,1
08d290f2-cacc-a5c9-cb88-4b4197163393,08d290f2-cacc-a5c9-e3f5-d1d9063f46e5,0.042,361.88,0,emergency,1986-02-01 12:35:15,6,1,12,2,Winter,M,white,nonhispanic,64,NO_INSURANCE,28,1,1,3,327,7.0,1
61f048dc-f66e-bbda-ab50-99b935ac07a4,61f048dc-f66e-bbda-48c8-593d92d2bf03,0.034,872.3,0,urgentcare,2022-04-27 13:45:26,3,0,13,4,Spring,F,white,nonhispanic,76,GOVERNMENT,31,1,4,4,19,63.0,0
08d290f2-cacc-a5c9-7f4f-a7c16ccf2198,08d290f2-cacc-a5c9-e3f5-d1d9063f46e5,0.042,942.44,0,emergency,1986-01-25 12:35:15,6,1,12,1,Winter,M,white,nonhispanic,64,NO_INSURANCE,28,2,4,3,326,7.0,1
4e4789ee-69a4-1744-7017-d19596e9ce3c,4e4789ee-69a4-1744-49dd-2f27c28a9bc2,0.036,1008.3,0,urgentcare,1996-02-17 12:35:15,6,1,12,2,Winter,M,white,nonhispanic,74,GOVERNMENT,28,2,7,3,18,91.0,0
6cebe382-6645-5849-e09d-429ddd2ea824,6cebe382-6645-5849-f398-543d907d44bd,0.042,511.04,0,emergency,2023-12-07 17:02:07,4,0,17,12,Winter,F,white,nonhispanic,47,NO_INSURANCE,30,1,1,2,162,7.0,1
e8233637-a645-7460-893f-c20da5b7716f,e8233637-a645-7460-78fd-808cf87933da,0.023,797.72,0,urgentcare,1996-05-11 12:35:15,6,1,12,5,Spring,M,white,nonhispanic,74,GOVERNMENT,24,2,6,2,8,672.0,0
08d290f2-cacc-a5c9-6181-2ce91a562675,08d290f2-cacc-a5c9-e3f5-d1d9063f46e5,0.01,887.75,0,urgentcare,1986-01-18 12:35:15,6,1,12,1,Winter,M,white,nonhispanic,64,NO_INSURANCE,27,1,1,3,325,7.0,1
b48771f2-01da-2e3d-a79b-132492bf8510,b48771f2-01da-2e3d-b283-3a8fbb2b17a0,0.034,1439.7,0,urgentcare,2019-04-08 14:34:46,1,0,14,4,Spring,M,white,nonhispanic,60,GOVERNMENT,28,2,5,3,13,119.0,0
61f048dc-f66e-bbda-ba41-240ca25c3699,61f048dc-f66e-bbda-48c8-593d92d2bf03,0.03,1662.82,0,urgentcare,2022-02-23 13:45:26,3,0,13,2,Winter,F,white,nonhispanic,76,GOVERNMENT,32,2,3,4,18,56.0,0
6cebe382-6645-5849-a470-6c384d516e9f,6cebe382-6645-5849-f398-543d907d44bd,0.042,1091.6,0,emergency,2023-11-30 17:02:07,4,0,17,11,Fall,F,white,nonhispanic,47,NO_INSURANCE,32,1,6,2,161,7.0,1
08d290f2-cacc-a5c9-cb49-f0747e3d9f40,08d290f2-cacc-a5c9-e3f5-d1d9063f46e5,0.042,1092.28,0,emergency,1985-12-28 12:35:15,6,1,12,12,Winter,M,white,nonhispanic,63,NO_INSURANCE,30,3,7,3,322,7.0,1
1fab8367-4a8d-ab1e-2bd6-de09b2926e6c,1fab8367-4a8d-ab1e-b676-8acf3e8b1898,0.028,1224.0,0,urgentcare,2022-09-10 05:28:17,6,1,5,9,Fall,M,white,nonhispanic,73,GOVERNMENT,18,1,5,4,38,63.0,0
6cebe382-6645-5849-3c78-2daf013c0956,6cebe382-6645-5849-f398-543d907d44bd,0.032,1170.44,0,urgentcare,2023-10-19 17:02:07,4,0,17,10,Fall,F,white,nonhispanic,47,NO_INSURANCE,32,2,3,2,156,7.0,1
61f048dc-f66e-bbda-a667-57411dca69e5,61f048dc-f66e-bbda-48c8-593d92d2bf03,0.029,872.3,0,urgentcare,2021-12-29 13:45:26,3,0,13,12,Winter,F,white,nonhispanic,75,GOVERNMENT,34,5,5,5,17,63.0,0
89a05562-333c-60ed-adfb-f93449f38f5c,89a05562-333c-60ed-5660-ff34b7f6e814,0.027,872.3,0,urgentcare,2008-04-25 13:26:05,5,0,13,4,Spring,M,white,nonhispanic,55,PRIVATE,25,1,2,6,11,119.0,0
e4511778-4c17-701c-ca2c-f771906a9207,e4511778-4c17-701c-efa2-110e4112b6fe,0.037,1193.94,0,urgentcare,2021-07-16 22:06:25,5,0,22,7,Summer,F,white,nonhispanic,74,GOVERNMENT,28,1,6,3,17,21.0,1
08d290f2-cacc-a5c9-6655-7097128cb373,08d290f2-cacc-a5c9-e3f5-d1d9063f46e5,0.01,850.44,0,urgentcare,1985-12-21 12:35:15,6,1,12,12,Winter,M,white,nonhispanic,63,NO_INSURANCE,28,1,1,3,321,7.0,1
b48771f2-01da-2e3d-e907-041ee8cb5404,b48771f2-01da-2e3d-b283-3a8fbb2b17a0,0.034,1510.94,0,urgentcare,2018-12-10 14:34:46,1,0,14,12,Winter,M,white,nonhispanic,59,GOVERNMENT,27,2,7,4,12,28.0,1
6cebe382-6645-5849-c51c-e8e904ae1c4e,6cebe382-6645-5849-f398-543d907d44bd,0.042,1091.6,0,emergency,2023-10-05 17:02:07,4,0,17,10,Fall,F,white,nonhispanic,47,NO_INSURANCE,33,2,4,2,154,7.0,1
89a05562-333c-60ed-eda8-58c7a2639c43,89a05562-333c-60ed-5660-ff34b7f6e814,0.025,1088.0,0,urgentcare,2007-12-28 13:26:05,5,0,13,12,Winter,M,white,nonhispanic,54,PRIVATE,27,3,6,7,10,175.0,0
08d290f2-cacc-a5c9-6957-a54ad045bd3d,08d290f2-cacc-a5c9-e3f5-d1d9063f46e5,0.042,942.44,0,emergency,1985-12-14 12:35:15,6,1,12,12,Winter,M,white,nonhispanic,63,NO_INSURANCE,30,1,7,3,320,7.0,1
1fab8367-4a8d-ab1e-e345-34feb4b964f5,1fab8367-4a8d-ab1e-b676-8acf3e8b1898,0.036,872.3,0,urgentcare,2022-07-09 05:28:17,6,1,5,7,Summer,M,white,nonhispanic,73,GOVERNMENT,18,1,2,3,37,56.0,0
4e4789ee-69a4-1744-3199-e381b3de4f89,4e4789ee-69a4-1744-49dd-2f27c28a9bc2,0.032,872.3,0,urgentcare,1995-11-18 12:35:15,6,1,12,11,Fall,M,white,nonhispanic,73,GOVERNMENT,29,2,6,2,17,147.0,0
6cebe382-6645-5849-f988-57fbac76b062,6cebe382-6645-5849-f398-543d907d44bd,0.042,1089.35,0,emergency,2023-09-28 17:02:07,4,0,17,9,Fall,F,white,nonhispanic,47,NO_INSURANCE,32,1,1,2,153,7.0,1
08d290f2-cacc-a5c9-c7be-c41b1c3374db,08d290f2-cacc-a5c9-e3f5-d1d9063f46e5,0.042,942.44,0,emergency,1985-11-30 12:35:15,6,1,12,11,Fall,M,white,nonhispanic,63,NO_INSURANCE,31,2,5,3,318,7.0,1
b48771f2-01da-2e3d-6947-c6c18483a33c,b48771f2-01da-2e3d-b283-3a8fbb2b17a0,0.036,1303.7,0,urgentcare,2018-11-12 14:34:46,1,0,14,11,Fall,M,white,nonhispanic,59,GOVERNMENT,28,3,4,4,11,28.0,1
6cebe382-6645-5849-3305-ffea3df60509,6cebe382-6645-5849-f398-543d907d44bd,0.03,1088.0,0,urgentcare,2023-09-21 17:02:07,4,0,17,9,Fall,F,white,nonhispanic,47,NO_INSURANCE,33,2,3,2,152,7.0,1
1fab8367-4a8d-ab1e-4339-c22e19637c77,1fab8367-4a8d-ab1e-b676-8acf3e8b1898,0.021,872.3,0,urgentcare,2022-05-14 05:28:17,6,1,5,5,Spring,M,white,nonhispanic,73,GOVERNMENT,18,1,5,3,36,28.0,1
08d290f2-cacc-a5c9-80b9-628e03a1d59e,08d290f2-cacc-a5c9-e3f5-d1d9063f46e5,0.032,938.84,0,urgentcare,1985-11-16 12:35:15,6,1,12,11,Fall,M,white,nonhispanic,63,NO_INSURANCE,30,2,5,3,316,7.0,1
61f048dc-f66e-bbda-2190-d751d71ea74a,61f048dc-f66e-bbda-48c8-593d92d2bf03,0.04,1088.0,0,urgentcare,2021-09-29 13:45:26,3,0,13,9,Fall,F,white,nonhispanic,75,GOVERNMENT,31,3,6,5,15,1028.9,0
6cebe382-6645-5849-4a80-680fbf4786f2,6cebe382-6645-5849-f398-543d907d44bd,0.036,1088.0,0,urgentcare,2023-08-10 17:02:07,4,0,17,8,Summer,F,white,nonhispanic,47,NO_INSURANCE,32,2,5,2,146,7.0,1
89a05562-333c-60ed-c75d-b8035bba95fd,89a05562-333c-60ed-5660-ff34b7f6e814,0.029,872.3,0,urgentcare,2007-07-06 13:26:05,5,0,13,7,Summer,M,white,nonhispanic,54,PRIVATE,26,2,3,3,9,273.0,0
4e4789ee-69a4-1744-e939-96d1f014fba4,4e4789ee-69a4-1744-49dd-2f27c28a9bc2,0.027,1115.97,0,urgentcare,1995-06-10 12:35:15,6,1,12,6,Summer,M,white,nonhispanic,73,GOVERNMENT,31,5,7,2,15,28.0,1
4e4789ee-69a4-1744-93a6-c6e6dababb67,4e4789ee-69a4-1744-49dd-2f27c28a9bc2,0.028,872.3,0,urgentcare,1995-06-24 12:35:15,6,1,12,6,Summer,M,white,nonhispanic,73,GOVERNMENT,31,2,6,2,16,14.0,1
e8233637-a645-7460-e2db-0c70b0aab869,e8233637-a645-7460-78fd-808cf87933da,0.042,801.32,0,emergency,1994-07-02 12:35:15,6,1,12,7,Summer,M,white,nonhispanic,72,GOVERNMENT,26,4,6,3,6,28.0,1
08d290f2-cacc-a5c9-5dd7-d7a2f378bf86,08d290f2-cacc-a5c9-e3f5-d1d9063f46e5,0.042,726.74,0,emergency,1985-10-05 12:35:15,6,1,12,10,Fall,M,white,nonhispanic,63,NO_INSURANCE,31,2,6,3,310,7.0,1
08d290f2-cacc-a5c9-8da5-12a24ee2ef34,08d290f2-cacc-a5c9-e3f5-d1d9063f46e5,0.042,726.74,0,emergency,1985-10-19 12:35:15,6,1,12,10,Fall,M,white,nonhispanic,63,NO_INSURANCE,31,1,2,3,312,7.0,1
08d290f2-cacc-a5c9-94b2-b55a3871cca8,08d290f2-cacc-a5c9-e3f5-d1d9063f46e5,0.042,726.74,0,emergency,1985-11-02 12:35:15,6,1,12,11,Fall,M,white,nonhispanic,63,NO_INSURANCE,30,1,3,3,314,7.0,1
61f048dc-f66e-bbda-708b-d7e85008252b,61f048dc-f66e-bbda-48c8-593d92d2bf03,0.039,1132.09,0,urgentcare,2021-10-27 13:45:26,3,0,13,10,Fall,F,white,nonhispanic,75,GOVERNMENT,30,2,6,6,16,28.0,1
08d290f2-cacc-a5c9-dd4e-0b32f2b1f7d7,08d290f2-cacc-a5c9-e3f5-d1d9063f46e5,0.038,723.14,0,urgentcare,1985-09-21 12:35:15,6,1,12,9,Fall,M,white,nonhispanic,63,NO_INSURANCE,30,1,7,3,308,7.0,1
b48771f2-01da-2e3d-8d5e-0a3521512e1b,b48771f2-01da-2e3d-b283-3a8fbb2b17a0,0.037,1088.0,0,urgentcare,2018-10-15 14:34:46,1,0,14,10,Fall,M,white,nonhispanic,59,GOVERNMENT,28,3,6,5,10,126.0,0
6cebe382-6645-5849-05e6-ca045d3cb425,6cebe382-6645-5849-f398-543d907d44bd,0.01,1154.54,0,urgentcare,2023-07-20 17:02:07,4,0,17,7,Summer,F,white,nonhispanic,47,NO_INSURANCE,31,1,1,2,144,7.0,1
08d290f2-cacc-a5c9-c439-bb44a7d3bad9,08d290f2-cacc-a5c9-e3f5-d1d9063f46e5,0.024,723.14,0,urgentcare,1985-08-24 12:35:15,6,1,12,8,Summer,M,white,nonhispanic,63,NO_INSURANCE,30,1,4,3,304,7.0,1
1fab8367-4a8d-ab1e-114f-e362222405d7,1fab8367-4a8d-ab1e-b676-8acf3e8b1898,0.027,1088.0,0,urgentcare,2021-12-11 05:28:17,6,1,5,12,Winter,M,white,nonhispanic,72,GOVERNMENT,20,3,6,2,30,21.0,1
6cebe382-6645-5849-8be5-2e1b148dc2a3,6cebe382-6645-5849-f398-543d907d44bd,0.035,872.3,0,urgentcare,2023-06-29 17:02:07,4,0,17,6,Summer,F,white,nonhispanic,47,NO_INSURANCE,32,1,3,2,141,7.0,1
08d290f2-cacc-a5c9-f502-dc276a353e70,08d290f2-cacc-a5c9-e3f5-d1d9063f46e5,0.042,726.74,0,emergency,1985-08-10 12:35:15,6,1,12,8,Summer,M,white,nonhispanic,63,NO_INSURANCE,30,3,5,3,302,7.0,1
6cebe382-6645-5849-20cc-7ad3fccc9384,6cebe382-6645-5849-f398-543d907d44bd,0.042,875.9,0,emergency,2023-06-01 17:02:07,4,0,17,6,Summer,F,white,nonhispanic,47,NO_INSURANCE,33,1,4,2,137,7.0,1
dfc9eb96-3c2a-6c32-ebaa-873d290bbc69,dfc9eb96-3c2a-6c32-6584-9d2ab6f64f18,0.031,797.72,0,urgentcare,1985-10-12 12:35:15,6,1,12,10,Fall,M,white,nonhispanic,63,NO_INSURANCE,20,1,6,3,3,77.0,0
4e4789ee-69a4-1744-6378-ec8aebef31d8,4e4789ee-69a4-1744-49dd-2f27c28a9bc2,0.037,1088.0,0,urgentcare,1995-05-13 12:35:15,6,1,12,5,Spring,M,white,nonhispanic,73,GOVERNMENT,30,2,3,1,14,49.0,0
e4511778-4c17-701c-f5e8-274462cfd706,e4511778-4c17-701c-efa2-110e4112b6fe,0.027,872.3,0,urgentcare,2020-07-24 22:06:25,5,0,22,7,Summer,F,white,nonhispanic,73,GOVERNMENT,29,1,6,4,13,987.0,0
89a05562-333c-60ed-98f2-402c8a613867,89a05562-333c-60ed-5660-ff34b7f6e814,0.029,872.3,0,urgentcare,2006-10-06 13:26:05,5,0,13,10,Fall,M,white,nonhispanic,53,PRIVATE,23,1,6,4,8,28.0,1
dfc9eb96-3c2a-6c32-f2c8-941f1ba3b7a3,dfc9eb96-3c2a-6c32-6584-9d2ab6f64f18,0.04,797.72,0,urgentcare,1985-07-27 12:35:15,6,1,12,7,Summer,M,white,nonhispanic,63,NO_INSURANCE,21,3,5,3,2,217.0,0
e8233637-a645-7460-4cf1-76ab7183c3ce,e8233637-a645-7460-78fd-808cf87933da,0.041,797.72,0,urgentcare,1994-05-28 12:35:15,6,1,12,5,Spring,M,white,nonhispanic,72,GOVERNMENT,25,1,7,2,4,7.0,1
6cebe382-6645-5849-effa-fbb41b3ea98d,6cebe382-6645-5849-f398-543d907d44bd,0.031,1088.0,0,urgentcare,2023-05-18 17:02:07,4,0,17,5,Spring,F,white,nonhispanic,47,NO_INSURANCE,33,1,4,2,135,7.0,1
4e4789ee-69a4-1744-7368-c2a45934dd7d,4e4789ee-69a4-1744-49dd-2f27c28a9bc2,0.027,1136.38,0,urgentcare,1995-03-25 12:35:15,6,1,12,3,Spring,M,white,nonhispanic,73,GOVERNMENT,29,2,5,2,13,28.0,1
e8233637-a645-7460-d62a-dab43edbb900,e8233637-a645-7460-78fd-808cf87933da,0.042,801.32,0,emergency,1994-05-14 12:35:15,6,1,12,5,Spring,M,white,nonhispanic,72,GOVERNMENT,25,3,7,2,2,3843.0,0
08d290f2-cacc-a5c9-6123-5ee5fc64702c,08d290f2-cacc-a5c9-e3f5-d1d9063f46e5,0.042,726.74,0,emergency,1985-07-27 12:35:15,6,1,12,7,Summer,M,white,nonhispanic,63,NO_INSURANCE,30,2,6,3,300,7.0,1
6cebe382-6645-5849-8450-8f1a02f02bb6,6cebe382-6645-5849-f398-543d907d44bd,0.042,875.9,0,emergency,2023-04-20 17:02:07,4,0,17,4,Spring,F,white,nonhispanic,47,NO_INSURANCE,34,3,4,2,131,7.0,1
b48771f2-01da-2e3d-ee57-f208111f561b,b48771f2-01da-2e3d-b283-3a8fbb2b17a0,0.03,1634.53,0,urgentcare,2018-06-11 14:34:46,1,0,14,6,Summer,M,white,nonhispanic,59,GOVERNMENT,28,2,7,4,9,56.0,0
4e4789ee-69a4-1744-c1e6-ea97c0d6874f,4e4789ee-69a4-1744-49dd-2f27c28a9bc2,0.034,1224.0,0,urgentcare,1995-02-25 12:35:15,6,1,12,2,Winter,M,white,nonhispanic,73,GOVERNMENT,28,3,3,2,12,310.6,0
08d290f2-cacc-a5c9-8cab-771d46b5352f,08d290f2-cacc-a5c9-e3f5-d1d9063f46e5,0.042,454.24,0,emergency,1985-07-20 12:35:15,6,1,12,7,Summer,M,white,nonhispanic,63,NO_INSURANCE,29,1,1,3,299,7.0,1
08d290f2-cacc-a5c9-5a75-33d5bf08de78,08d290f2-cacc-a5c9-e3f5-d1d9063f46e5,0.042,1500.61,0,emergency,1985-07-13 12:35:15,6,1,12,7,Summer,M,white,nonhispanic,63,NO_INSURANCE,30,3,7,3,298,7.0,1
1fab8367-4a8d-ab1e-1085-54c7a36e67ba,1fab8367-4a8d-ab1e-b676-8acf3e8b1898,0.032,872.3,0,urgentcare,2021-10-16 05:28:17,6,1,5,10,Fall,M,white,nonhispanic,72,GOVERNMENT,19,1,7,3,28,28.0,1
6cebe382-6645-5849-9c5c-35c1ba4fce97,6cebe382-6645-5849-f398-543d907d44bd,0.042,511.04,0,emergency,2023-04-13 17:02:07,4,0,17,4,Spring,F,white,nonhispanic,47,NO_INSURANCE,32,1,1,2,130,7.0,1
89a05562-333c-60ed-4912-756bb19486b0,89a05562-333c-60ed-5660-ff34b7f6e814,0.029,1169.78,0,urgentcare,2006-05-12 13:26:05,5,0,13,5,Spring,M,white,nonhispanic,53,PRIVATE,24,2,7,5,6,42.0,0
6cebe382-6645-5849-ebf4-b3a1deef8daf,6cebe382-6645-5849-f398-543d907d44bd,0.042,1738.7,0,emergency,2023-04-06 17:02:07,4,0,17,4,Spring,F,white,nonhispanic,47,NO_INSURANCE,33,1,3,2,129,7.0,1
08d290f2-cacc-a5c9-beb4-f8b8015b8e56,08d290f2-cacc-a5c9-e3f5-d1d9063f46e5,0.037,723.14,0,urgentcare,1985-06-29 12:35:15,6,1,12,6,Summer,M,white,nonhispanic,63,NO_INSURANCE,30,2,6,3,296,7.0,1
1fab8367-4a8d-ab1e-3204-06e9b5a16ca8,1fab8367-4a8d-ab1e-b676-8acf3e8b1898,0.025,1224.0,0,urgentcare,2021-09-11 05:28:17,6,1,5,9,Fall,M,white,nonhispanic,72,GOVERNMENT,20,2,9,3,26,56.0,0
89a05562-333c-60ed-1489-dde7edd8452b,89a05562-333c-60ed-5660-ff34b7f6e814,0.026,1088.0,0,urgentcare,2006-03-31 13:26:05,5,0,13,3,Spring,M,white,nonhispanic,53,PRIVATE,22,1,6,4,5,49.0,0
b48771f2-01da-2e3d-af2b-4b8996d9c321,b48771f2-01da-2e3d-b283-3a8fbb2b17a0,0.037,1224.0,0,urgentcare,2018-04-16 14:34:46,1,0,14,4,Spring,M,white,nonhispanic,59,GOVERNMENT,28,3,7,4,8,119.0,0
08d290f2-cacc-a5c9-f907-940d0fd581a8,08d290f2-cacc-a5c9-e3f5-d1d9063f46e5,0.01,488.54,0,urgentcare,1985-06-22 12:35:15,6,1,12,6,Summer,M,white,nonhispanic,63,NO_INSURANCE,29,1,1,3,295,7.0,1
6cebe382-6645-5849-343a-c9d119bf7541,6cebe382-6645-5849-f398-543d907d44bd,0.042,1202.54,0,emergency,2023-02-09 17:02:07,4,0,17,2,Winter,F,white,nonhispanic,47,NO_INSURANCE,34,3,3,2,122,7.0,1
08d290f2-cacc-a5c9-7efa-05c35e904b0e,08d290f2-cacc-a5c9-e3f5-d1d9063f46e5,0.042,1181.88,0,emergency,1985-06-15 12:35:15,6,1,12,6,Summer,M,white,nonhispanic,63,NO_INSURANCE,30,3,3,3,294,7.0,1
6cebe382-6645-5849-17c3-e3decdf70dce,6cebe382-6645-5849-f398-543d907d44bd,0.041,872.3,0,urgentcare,2023-01-26 17:02:07,4,0,17,1,Winter,F,white,nonhispanic,47,NO_INSURANCE,32,2,5,2,120,7.0,1
4e4789ee-69a4-1744-7b9b-51336589a170,4e4789ee-69a4-1744-49dd-2f27c28a9bc2,0.042,11516.78,0,emergency,1994-04-19 12:35:15,2,0,12,4,Spring,M,white,nonhispanic,72,GOVERNMENT,28,2,6,3,10,80.9,0
4e4789ee-69a4-1744-b62b-6e5fda4fcd6a,4e4789ee-69a4-1744-49dd-2f27c28a9bc2,1.323,38462.78,0,inpatient,1994-04-19 13:36:10,2,0,13,4,Spring,M,white,nonhispanic,72,GOVERNMENT,28,1,4,4,10,81.0,0
08d290f2-cacc-a5c9-ef48-22b0268049a5,08d290f2-cacc-a5c9-e3f5-d1d9063f46e5,0.042,726.74,0,emergency,1985-06-01 12:35:15,6,1,12,6,Summer,M,white,nonhispanic,63,NO_INSURANCE,30,2,4,3,292,7.0,1
b48771f2-01da-2e3d-8d00-8d71d2835aeb,b48771f2-01da-2e3d-b283-3a8fbb2b17a0,0.041,1303.7,0,urgentcare,2017-12-18 14:34:46,1,0,14,12,Winter,M,white,nonhispanic,58,GOVERNMENT,27,1,4,3,7,35.0,0
6cebe382-6645-5849-d29d-6ff1d4dfaf8f,6cebe382-6645-5849-f398-543d907d44bd,0.01,507.44,0,urgentcare,2023-01-19 17:02:07,4,0,17,1,Winter,F,white,nonhispanic,47,NO_INSURANCE,31,1,1,2,119,7.0,1
08d290f2-cacc-a5c9-0d2c-380878a08676,08d290f2-cacc-a5c9-e3f5-d1d9063f46e5,0.042,726.74,0,emergency,1985-05-18 12:35:15,6,1,12,5,Spring,M,white,nonhispanic,63,NO_INSURANCE,30,3,2,3,290,7.0,1
b48771f2-01da-2e3d-ec7e-2577d5d38b9e,b48771f2-01da-2e3d-b283-3a8fbb2b17a0,0.03,1303.7,0,urgentcare,2017-11-13 14:34:46,1,0,14,11,Fall,M,white,nonhispanic,58,GOVERNMENT,28,2,5,3,6,210.0,0
1fab8367-4a8d-ab1e-8eb1-b8b01cfc168f,1fab8367-4a8d-ab1e-b676-8acf3e8b1898,0.039,872.3,0,urgentcare,2021-06-12 05:28:17,6,1,5,6,Summer,M,white,nonhispanic,72,GOVERNMENT,19,2,6,2,24,21.0,1
6cebe382-6645-5849-a293-9d76f1ede787,6cebe382-6645-5849-f398-543d907d44bd,0.042,1091.6,0,emergency,2023-01-12 17:02:07,4,0,17,1,Winter,F,white,nonhispanic,47,NO_INSURANCE,31,1,5,2,118,7.0,1
6cebe382-6645-5849-cff5-dc2ccdc20880,6cebe382-6645-5849-f398-543d907d44bd,0.039,1088.0,0,urgentcare,2022-12-29 17:02:07,4,0,17,12,Winter,F,white,nonhispanic,46,NO_INSURANCE,32,1,5,2,116,7.0,1
08d290f2-cacc-a5c9-12c6-9dc48c64372f,08d290f2-cacc-a5c9-e3f5-d1d9063f46e5,0.042,726.74,0,emergency,1985-05-04 12:35:15,6,1,12,5,Spring,M,white,nonhispanic,63,NO_INSURANCE,30,3,6,3,288,14.0,1
6cebe382-6645-5849-0ba3-57029645efcd,6cebe382-6645-5849-f398-543d907d44bd,0.01,1154.54,0,urgentcare,2022-12-22 17:02:07,4,0,17,12,Winter,F,white,nonhispanic,46,NO_INSURANCE,32,1,1,2,115,7.0,1
1fab8367-4a8d-ab1e-f459-3968b4098482,1fab8367-4a8d-ab1e-b676-8acf3e8b1898,0.028,946.88,0,urgentcare,2021-04-17 05:28:17,6,1,5,4,Spring,M,white,nonhispanic,72,GOVERNMENT,18,2,4,2,21,84.0,0
6cebe382-6645-5849-54d1-6eac84637688,6cebe382-6645-5849-f398-543d907d44bd,0.042,1433.26,0,emergency,2022-12-15 17:02:07,4,0,17,12,Winter,F,white,nonhispanic,46,NO_INSURANCE,33,2,4,2,114,7.0,1
4e4789ee-69a4-1744-5848-03f330310daa,4e4789ee-69a4-1744-49dd-2f27c28a9bc2,0.042,5104.67,0,emergency,1994-01-28 13:01:59,5,0,13,1,Winter,M,white,nonhispanic,72,GOVERNMENT,25,2,3,2,9,328.0,0
08d290f2-cacc-a5c9-3e1e-0e3f2f303c91,08d290f2-cacc-a5c9-e3f5-d1d9063f46e5,0.034,723.14,0,urgentcare,1985-04-20 12:35:15,6,1,12,4,Spring,M,white,nonhispanic,63,NO_INSURANCE,30,1,4,3,287,7.0,1
b48771f2-01da-2e3d-34cd-bc84e0536740,b48771f2-01da-2e3d-b283-3a8fbb2b17a0,0.029,1439.7,0,urgentcare,2017-04-17 14:34:46,1,0,14,4,Spring,M,white,nonhispanic,58,GOVERNMENT,29,3,5,4,5,147.0,0
1fab8367-4a8d-ab1e-8722-75a6926bb982,1fab8367-4a8d-ab1e-b676-8acf3e8b1898,0.023,872.3,0,urgentcare,2021-01-23 05:28:17,6,1,5,1,Winter,M,white,nonhispanic,72,GOVERNMENT,19,3,5,3,20,35.0,0
6cebe382-6645-5849-2a2c-c8b493a1b8eb,6cebe382-6645-5849-f398-543d907d44bd,0.042,1738.7,0,emergency,2022-12-01 17:02:07,4,0,17,12,Winter,F,white,nonhispanic,46,GOVERNMENT,34,2,4,2,112,7.0,1
08d290f2-cacc-a5c9-c771-f94cc1c38c6e,08d290f2-cacc-a5c9-e3f5-d1d9063f46e5,0.042,942.44,0,emergency,1985-04-06 12:35:15,6,1,12,4,Spring,M,white,nonhispanic,63,NO_INSURANCE,30,1,5,3,285,7.0,1
08d290f2-cacc-a5c9-7962-c9064bc45377,08d290f2-cacc-a5c9-e3f5-d1d9063f46e5,0.042,726.74,0,emergency,1985-03-23 12:35:15,6,1,12,3,Spring,M,white,nonhispanic,63,NO_INSURANCE,30,3,5,3,283,7.0,1
6cebe382-6645-5849-b555-93387f1cb193,6cebe382-6645-5849-f398-543d907d44bd,0.01,509.37,0,urgentcare,2022-11-24 17:02:07,4,0,17,11,Fall,F,white,nonhispanic,46,GOVERNMENT,33,1,1,2,111,7.0,1
6cebe382-6645-5849-9385-2b2aac917d86,6cebe382-6645-5849-f398-543d907d44bd,0.021,1088.0,0,urgentcare,2022-11-17 17:02:07,4,0,17,11,Fall,F,white,nonhispanic,46,GOVERNMENT,34,2,4,2,110,7.0,1
08d290f2-cacc-a5c9-8898-d67562464784,08d290f2-cacc-a5c9-e3f5-d1d9063f46e5,0.042,479.44,0,emergency,1985-03-16 12:35:15,6,1,12,3,Spring,M,white,nonhispanic,63,NO_INSURANCE,28,1,1,3,282,7.0,1
6cebe382-6645-5849-bf8c-61d62681fd36,6cebe382-6645-5849-f398-543d907d44bd,0.042,875.9,0,emergency,2022-11-03 17:02:07,4,0,17,11,Fall,F,white,nonhispanic,46,GOVERNMENT,33,1,3,2,108,7.0,1
08d290f2-cacc-a5c9-d8f4-d772fccc3d59,08d290f2-cacc-a5c9-e3f5-d1d9063f46e5,0.042,942.44,0,emergency,1985-03-09 12:35:15,6,1,12,3,Spring,M,white,nonhispanic,63,NO_INSURANCE,30,2,6,3,281,7.0,1
b48771f2-01da-2e3d-9b1e-a3814624fcb4,b48771f2-01da-2e3d-b283-3a8fbb2b17a0,0.025,2166.5,0,urgentcare,2016-11-21 14:34:46,1,0,14,11,Fall,M,white,nonhispanic,57,GOVERNMENT,27,1,8,3,4,91.0,0
1fab8367-4a8d-ab1e-3e90-6569282d8991,1fab8367-4a8d-ab1e-b676-8acf3e8b1898,0.03,1425.4,0,urgentcare,2020-12-19 05:28:17,6,1,5,12,Winter,M,white,nonhispanic,71,GOVERNMENT,19,3,8,2,19,63.0,0
6cebe382-6645-5849-cbd0-4c650aff09e2,6cebe382-6645-5849-f398-543d907d44bd,0.024,1099.95,0,urgentcare,2022-10-20 17:02:07,4,0,17,10,Fall,F,white,nonhispanic,46,GOVERNMENT,34,1,3,2,106,7.0,1
08d290f2-cacc-a5c9-fdf7-5c32490e82b2,08d290f2-cacc-a5c9-e3f5-d1d9063f46e5,0.028,723.14,0,urgentcare,1985-02-23 12:35:15,6,1,12,2,Winter,M,white,nonhispanic,63,NO_INSURANCE,30,3,2,3,279,7.0,1
6cebe382-6645-5849-70db-811a98e94660,6cebe382-6645-5849-f398-543d907d44bd,0.042,875.9,0,emergency,2022-10-06 17:02:07,4,0,17,10,Fall,F,white,nonhispanic,46,GOVERNMENT,34,2,3,2,104,7.0,1
6cebe382-6645-5849-a3cc-b3a1739f84ee,6cebe382-6645-5849-f398-543d907d44bd,0.039,872.3,0,urgentcare,2023-08-24 17:02:07,4,0,17,8,Summer,F,white,nonhispanic,47,NO_INSURANCE,31,1,3,2,148,7.0,1
6cebe382-6645-5849-ee72-33828bf8b283,6cebe382-6645-5849-f398-543d907d44bd,0.033,1735.1,0,urgentcare,2023-09-07 17:02:07,4,0,17,9,Fall,F,white,nonhispanic,47,NO_INSURANCE,31,1,4,2,150,7.0,1
08d290f2-cacc-a5c9-8eb1-74df77ec050f,08d290f2-cacc-a5c9-e3f5-d1d9063f46e5,0.042,862.74,0,emergency,1985-02-09 12:35:15,6,1,12,2,Winter,M,white,nonhispanic,63,NO_INSURANCE,29,2,3,3,277,7.0,1
1fab8367-4a8d-ab1e-3fa1-29e009ced451,1fab8367-4a8d-ab1e-b676-8acf3e8b1898,0.033,872.3,0,urgentcare,2020-09-26 05:28:17,6,1,5,9,Fall,M,white,nonhispanic,71,GOVERNMENT,18,2,4,4,17,70.0,0
6cebe382-6645-5849-2663-ba046d831026,6cebe382-6645-5849-f398-543d907d44bd,0.042,1091.6,0,emergency,2022-09-22 17:02:07,4,0,17,9,Fall,F,white,nonhispanic,46,GOVERNMENT,33,2,4,2,102,7.0,1
6cebe382-6645-5849-535c-9eebf1d6199f,6cebe382-6645-5849-f398-543d907d44bd,0.042,875.9,0,emergency,2022-09-08 17:02:07,4,0,17,9,Fall,F,white,nonhispanic,46,GOVERNMENT,32,1,2,2,100,7.0,1
08d290f2-cacc-a5c9-1dac-0c5867fe6037,08d290f2-cacc-a5c9-e3f5-d1d9063f46e5,0.033,938.84,0,urgentcare,1985-01-26 12:35:15,6,1,12,1,Winter,M,white,nonhispanic,63,NO_INSURANCE,29,3,3,3,275,7.0,1
6cebe382-6645-5849-bfea-1e04ffa8586c,6cebe382-6645-5849-f398-543d907d44bd,0.03,872.3,0,urgentcare,2022-08-25 17:02:07,4,0,17,8,Summer,F,white,nonhispanic,46,GOVERNMENT,33,2,4,2,98,7.0,1
4e4789ee-69a4-1744-5f6e-40de307c9fc6,4e4789ee-69a4-1744-49dd-2f27c28a9bc2,0.026,1224.0,0,urgentcare,1993-03-06 12:35:15,6,1,12,3,Spring,M,white,nonhispanic,71,GOVERNMENT,24,1,6,2,8,273.0,0
6cebe382-6645-5849-48df-1c93f52a9b55,6cebe382-6645-5849-f398-543d907d44bd,0.042,875.9,0,emergency,2022-08-11 17:02:07,4,0,17,8,Summer,F,white,nonhispanic,46,GOVERNMENT,33,2,4,2,96,7.0,1
08d290f2-cacc-a5c9-3498-d9312662cce7,08d290f2-cacc-a5c9-e3f5-d1d9063f46e5,0.042,726.74,0,emergency,1985-01-12 12:35:15,6,1,12,1,Winter,M,white,nonhispanic,63,NO_INSURANCE,28,2,4,3,273,7.0,1
6cebe382-6645-5849-9e8f-f33813d71020,6cebe382-6645-5849-f398-543d907d44bd,0.042,875.9,0,emergency,2022-07-28 17:02:07,4,0,17,7,Summer,F,white,nonhispanic,46,GOVERNMENT,33,3,2,2,94,7.0,1
08d290f2-cacc-a5c9-e4e2-6780d339d15f,08d290f2-cacc-a5c9-e3f5-d1d9063f46e5,0.042,361.88,0,emergency,1985-01-05 12:35:15,6,1,12,1,Winter,M,white,nonhispanic,63,NO_INSURANCE,27,1,1,3,272,7.0,1
1fab8367-4a8d-ab1e-174e-15d9ff615582,1fab8367-4a8d-ab1e-b676-8acf3e8b1898,0.026,872.3,0,urgentcare,2020-07-18 05:28:17,6,1,5,7,Summer,M,white,nonhispanic,71,GOVERNMENT,18,2,5,7,16,28.0,1
08d290f2-cacc-a5c9-573c-08ba7cee001b,08d290f2-cacc-a5c9-e3f5-d1d9063f46e5,0.042,1130.74,0,emergency,1984-12-29 12:35:15,6,1,12,12,Winter,M,white,nonhispanic,62,NO_INSURANCE,29,1,5,3,271,7.0,1
61f048dc-f66e-bbda-bf86-50646ddbad70,61f048dc-f66e-bbda-48c8-593d92d2bf03,0.07,5104.67,0,emergency,2018-12-05 15:02:37,3,0,15,12,Winter,F,white,nonhispanic,72,GOVERNMENT,24,2,3,1,14,336.0,0
1fab8367-4a8d-ab1e-795d-e532f954c786,1fab8367-4a8d-ab1e-b676-8acf3e8b1898,0.029,872.3,0,urgentcare,2020-06-20 05:28:17,6,1,5,6,Summer,M,white,nonhispanic,71,GOVERNMENT,18,2,5,6,15,112.0,0
6cebe382-6645-5849-8bbd-62a994b33283,6cebe382-6645-5849-f398-543d907d44bd,0.042,875.9,0,emergency,2022-07-14 17:02:07,4,0,17,7,Summer,F,white,nonhispanic,46,GOVERNMENT,33,3,3,2,92,7.0,1
08d290f2-cacc-a5c9-1156-5d0bea9fa6bd,08d290f2-cacc-a5c9-e3f5-d1d9063f46e5,0.042,1049.35,0,emergency,1984-12-15 12:35:15,6,1,12,12,Winter,M,white,nonhispanic,62,NO_INSURANCE,28,2,7,3,269,7.0,1
6cebe382-6645-5849-df67-b06fc177e157,6cebe382-6645-5849-f398-543d907d44bd,0.042,875.9,0,emergency,2022-06-30 17:02:07,4,0,17,6,Summer,F,white,nonhispanic,46,GOVERNMENT,32,2,2,2,90,7.0,1
08d290f2-cacc-a5c9-7a82-3f0bbfcd71a1,08d290f2-cacc-a5c9-e3f5-d1d9063f46e5,0.042,726.74,0,emergency,1984-11-17 12:35:15,6,1,12,11,Fall,M,white,nonhispanic,62,NO_INSURANCE,29,2,5,3,265,7.0,1
e4511778-4c17-701c-91e0-db6372a0ddf1,e4511778-4c17-701c-efa2-110e4112b6fe,0.042,875.9,0,emergency,2017-11-03 22:06:25,5,0,22,11,Fall,F,white,nonhispanic,70,GOVERNMENT,32,4,5,3,11,21.0,1
6cebe382-6645-5849-a7dc-27a38b613b0a,6cebe382-6645-5849-f398-543d907d44bd,0.042,875.9,0,emergency,2022-06-16 17:02:07,4,0,17,6,Summer,F,white,nonhispanic,46,GOVERNMENT,33,3,4,2,88,7.0,1
08d290f2-cacc-a5c9-be77-2e0c3d80260f,08d290f2-cacc-a5c9-e3f5-d1d9063f46e5,0.042,1008.98,0,emergency,1984-11-10 12:35:15,6,1,12,11,Fall,M,white,nonhispanic,62,NO_INSURANCE,28,1,1,3,264,7.0,1
61f048dc-f66e-bbda-8f8f-80035ee760df,61f048dc-f66e-bbda-48c8-593d92d2bf03,0.033,872.3,0,urgentcare,2017-12-27 13:45:26,3,0,13,12,Winter,F,white,nonhispanic,71,GOVERNMENT,27,3,3,5,12,7.0,1
4e4789ee-69a4-1744-969d-3f7e7dd56c59,4e4789ee-69a4-1744-49dd-2f27c28a9bc2,0.01,1009.8,0,urgentcare,1992-06-06 12:35:15,6,1,12,6,Summer,M,white,nonhispanic,70,GOVERNMENT,24,1,1,4,7,28.0,1
08d290f2-cacc-a5c9-81b1-799e48b94206,08d290f2-cacc-a5c9-e3f5-d1d9063f46e5,0.035,938.84,0,urgentcare,1984-11-03 12:35:15,6,1,12,11,Fall,M,white,nonhispanic,62,NO_INSURANCE,29,1,6,3,263,7.0,1
08d290f2-cacc-a5c9-2cea-83c5d3452807,08d290f2-cacc-a5c9-e3f5-d1d9063f46e5,0.042,726.74,0,emergency,1984-10-20 12:35:15,6,1,12,10,Fall,M,white,nonhispanic,62,NO_INSURANCE,29,3,6,3,261,7.0,1
1fab8367-4a8d-ab1e-f7a7-b0bd1b3e3974,1fab8367-4a8d-ab1e-b676-8acf3e8b1898,0.035,1008.3,0,urgentcare,2020-02-29 05:28:17,6,1,5,2,Winter,M,white,nonhispanic,71,GOVERNMENT,16,1,5,2,14,49.0,0
6cebe382-6645-5849-d413-f0367bdfc95d,6cebe382-6645-5849-f398-543d907d44bd,0.042,875.9,0,emergency,2022-06-02 17:02:07,4,0,17,6,Summer,F,white,nonhispanic,46,GOVERNMENT,33,2,3,2,86,7.0,1
4e4789ee-69a4-1744-78b5-c10783370c2d,4e4789ee-69a4-1744-49dd-2f27c28a9bc2,0.033,872.3,0,urgentcare,1992-05-09 12:35:15,6,1,12,5,Spring,M,white,nonhispanic,70,GOVERNMENT,24,2,7,4,6,28.0,1
61f048dc-f66e-bbda-e2c7-181b1d7eeae0,61f048dc-f66e-bbda-48c8-593d92d2bf03,0.01,761.27,0,urgentcare,2017-12-20 13:45:26,3,0,13,12,Winter,F,white,nonhispanic,71,GOVERNMENT,25,1,1,5,11,7.0,1
61f048dc-f66e-bbda-11d9-10d7565b2f9a,61f048dc-f66e-bbda-48c8-593d92d2bf03,0.031,1588.22,0,urgentcare,2017-12-13 13:45:26,3,0,13,12,Winter,F,white,nonhispanic,71,GOVERNMENT,26,4,4,5,10,7.0,1
6cebe382-6645-5849-22ca-f6f03116b04c,6cebe382-6645-5849-f398-543d907d44bd,0.042,875.9,0,emergency,2022-05-19 17:02:07,4,0,17,5,Spring,F,white,nonhispanic,46,GOVERNMENT,32,1,4,2,84,7.0,1
4e4789ee-69a4-1744-9e1a-300416bca6b3,4e4789ee-69a4-1744-49dd-2f27c28a9bc2,0.042,4140.89,0,emergency,1992-04-11 12:35:15,6,1,12,4,Spring,M,white,nonhispanic,70,GOVERNMENT,24,2,1,4,5,14.0,1
08d290f2-cacc-a5c9-9a70-c375b9422841,08d290f2-cacc-a5c9-e3f5-d1d9063f46e5,0.031,723.14,0,urgentcare,1984-10-06 12:35:15,6,1,12,10,Fall,M,white,nonhispanic,62,NO_INSURANCE,27,1,4,3,259,7.0,1
e4511778-4c17-701c-1558-014ba1d4114c,e4511778-4c17-701c-efa2-110e4112b6fe,0.034,1088.0,0,urgentcare,2017-09-15 22:06:25,5,0,22,9,Fall,F,white,nonhispanic,70,GOVERNMENT,30,2,6,3,7,371.0,0
6cebe382-6645-5849-541c-f1bfb6d53f6a,6cebe382-6645-5849-f398-543d907d44bd,0.042,511.04,0,emergency,2022-05-12 17:02:07,4,0,17,5,Spring,F,white,nonhispanic,46,GOVERNMENT,32,1,1,2,83,7.0,1
6cebe382-6645-5849-f827-9aa959abea6b,6cebe382-6645-5849-f398-543d907d44bd,0.042,1738.7,0,emergency,2022-05-05 17:02:07,4,0,17,5,Spring,F,white,nonhispanic,46,GOVERNMENT,33,1,4,2,82,7.0,1
08d290f2-cacc-a5c9-878f-cd914ca47939,08d290f2-cacc-a5c9-e3f5-d1d9063f46e5,0.042,1589.54,0,emergency,1984-09-22 12:35:15,6,1,12,9,Fall,M,white,nonhispanic,62,NO_INSURANCE,28,2,3,3,257,7.0,1
1fab8367-4a8d-ab1e-787b-365733a47c24,1fab8367-4a8d-ab1e-b676-8acf3e8b1898,0.024,1088.0,0,urgentcare,2020-01-11 05:28:17,6,1,5,1,Winter,M,white,nonhispanic,71,GOVERNMENT,16,1,5,3,13,21.0,1
6cebe382-6645-5849-39bd-46aea3fae061,6cebe382-6645-5849-f398-543d907d44bd,0.042,1738.7,0,emergency,2022-04-21 17:02:07,4,0,17,4,Spring,F,white,nonhispanic,46,GOVERNMENT,32,1,4,2,80,7.0,1
4e4789ee-69a4-1744-f053-4f6c23c14284,4e4789ee-69a4-1744-49dd-2f27c28a9bc2,0.037,872.3,0,urgentcare,1991-12-14 12:35:15,6,1,12,12,Winter,M,white,nonhispanic,69,GOVERNMENT,26,2,8,2,2,63.0,0
08d290f2-cacc-a5c9-3170-636348933d1a,08d290f2-cacc-a5c9-e3f5-d1d9063f46e5,0.042,726.74,0,emergency,1984-09-08 12:35:15,6,1,12,9,Fall,M,white,nonhispanic,62,NO_INSURANCE,27,2,3,3,255,7.0,1
61f048dc-f66e-bbda-db45-766eb9845424,61f048dc-f66e-bbda-48c8-593d92d2bf03,0.031,872.3,0,urgentcare,2017-08-16 13:45:26,3,0,13,8,Summer,F,white,nonhispanic,71,GOVERNMENT,26,3,5,4,7,378.0,0
6cebe382-6645-5849-f712-b69176aff74f,6cebe382-6645-5849-f398-543d907d44bd,0.042,875.9,0,emergency,2022-04-07 17:02:07,4,0,17,4,Spring,F,white,nonhispanic,46,GOVERNMENT,32,2,5,3,78,7.0,1
1fab8367-4a8d-ab1e-7c08-01ea4b528a34,1fab8367-4a8d-ab1e-b676-8acf3e8b1898,0.037,872.3,0,urgentcare,2019-07-27 05:28:17,6,1,5,7,Summer,M,white,nonhispanic,70,GOVERNMENT,16,2,5,3,10,28.0,1
1fab8367-4a8d-ab1e-e0cb-1105b1939955,1fab8367-4a8d-ab1e-b676-8acf3e8b1898,0.028,872.3,0,urgentcare,2019-08-24 05:28:17,6,1,5,8,Summer,M,white,nonhispanic,70,GOVERNMENT,18,2,6,4,11,28.0,1
6cebe382-6645-5849-ef4c-c2e19acbd950,6cebe382-6645-5849-f398-543d907d44bd,0.035,872.3,0,urgentcare,2022-01-06 17:02:07,4,0,17,1,Winter,F,white,nonhispanic,46,GOVERNMENT,31,2,4,4,69,28.0,1
6cebe382-6645-5849-1c30-e7c150cd7811,6cebe382-6645-5849-f398-543d907d44bd,0.029,872.3,0,urgentcare,2022-02-10 17:02:07,4,0,17,2,Winter,F,white,nonhispanic,46,GOVERNMENT,31,1,2,4,71,28.0,1
6cebe382-6645-5849-b2f0-9d167a6ec001,6cebe382-6645-5849-f398-543d907d44bd,0.042,1091.6,0,emergency,2022-02-24 17:02:07,4,0,17,2,Winter,F,white,nonhispanic,46,GOVERNMENT,31,1,6,4,73,7.0,1
6cebe382-6645-5849-45fb-221943e48198,6cebe382-6645-5849-f398-543d907d44bd,0.042,1026.34,0,emergency,2022-03-03 17:02:07,4,0,17,3,Spring,F,white,nonhispanic,46,GOVERNMENT,31,1,1,3,74,7.0,1
6cebe382-6645-5849-88cf-ffcb1fca6e0d,6cebe382-6645-5849-f398-543d907d44bd,0.042,875.9,0,emergency,2022-03-10 17:02:07,4,0,17,3,Spring,F,white,nonhispanic,46,GOVERNMENT,31,1,4,3,75,7.0,1
6cebe382-6645-5849-2f5d-b2d5d8bf1de7,6cebe382-6645-5849-f398-543d907d44bd,0.042,875.9,0,emergency,2022-03-24 17:02:07,4,0,17,3,Spring,F,white,nonhispanic,46,GOVERNMENT,31,1,4,3,76,14.0,1
08d290f2-cacc-a5c9-9bee-efef1ebaf82d,08d290f2-cacc-a5c9-e3f5-d1d9063f46e5,0.042,942.44,0,emergency,1984-07-14 12:35:15,6,1,12,7,Summer,M,white,nonhispanic,62,NO_INSURANCE,27,1,6,3,247,7.0,1
08d290f2-cacc-a5c9-9d0f-ff0b6b287d91,08d290f2-cacc-a5c9-e3f5-d1d9063f46e5,0.033,1211.93,0,urgentcare,1984-06-30 12:35:15,6,1,12,6,Summer,M,white,nonhispanic,62,NO_INSURANCE,28,1,4,3,245,7.0,1
08d290f2-cacc-a5c9-8dcd-16ebd2939a53,08d290f2-cacc-a5c9-e3f5-d1d9063f46e5,0.042,1008.98,0,emergency,1984-07-21 12:35:15,6,1,12,7,Summer,M,white,nonhispanic,62,NO_INSURANCE,27,1,1,3,248,7.0,1
08d290f2-cacc-a5c9-4eab-8077b58592fb,08d290f2-cacc-a5c9-e3f5-d1d9063f46e5,0.042,726.74,0,emergency,1984-07-28 12:35:15,6,1,12,7,Summer,M,white,nonhispanic,62,NO_INSURANCE,27,1,2,3,249,7.0,1
08d290f2-cacc-a5c9-9571-9b3372f7bb62,08d290f2-cacc-a5c9-e3f5-d1d9063f46e5,0.042,942.44,0,emergency,1984-08-11 12:35:15,6,1,12,8,Summer,M,white,nonhispanic,62,NO_INSURANCE,28,1,7,3,251,7.0,1
6cebe382-6645-5849-a841-a9ff9d83bb4a,6cebe382-6645-5849-f398-543d907d44bd,0.027,872.3,0,urgentcare,2021-12-09 17:02:07,4,0,17,12,Winter,F,white,nonhispanic,45,GOVERNMENT,31,2,5,4,68,28.0,1
08d290f2-cacc-a5c9-396b-f53b361bd345,08d290f2-cacc-a5c9-e3f5-d1d9063f46e5,0.042,1247.87,0,emergency,1984-06-16 12:35:15,6,1,12,6,Summer,M,white,nonhispanic,62,NO_INSURANCE,28,2,5,3,243,7.0,1
08d290f2-cacc-a5c9-db50-01be78eb70fd,08d290f2-cacc-a5c9-e3f5-d1d9063f46e5,0.042,726.74,0,emergency,1984-06-02 12:35:15,6,1,12,6,Summer,M,white,nonhispanic,62,NO_INSURANCE,27,1,6,3,241,7.0,1
1fab8367-4a8d-ab1e-9ab5-f81a450d29c9,1fab8367-4a8d-ab1e-b676-8acf3e8b1898,0.035,1088.0,0,urgentcare,2019-04-27 05:28:17,6,1,5,4,Spring,M,white,nonhispanic,70,GOVERNMENT,15,2,7,2,8,63.0,0
08d290f2-cacc-a5c9-c683-e6def86eedbe,08d290f2-cacc-a5c9-e3f5-d1d9063f46e5,0.042,726.74,0,emergency,1984-05-19 12:35:15,6,1,12,5,Spring,M,white,nonhispanic,62,NO_INSURANCE,29,1,3,3,239,7.0,1
6cebe382-6645-5849-0b6c-04a6a0023fe5,6cebe382-6645-5849-f398-543d907d44bd,0.031,872.3,0,urgentcare,2021-10-07 17:02:07,4,0,17,10,Fall,F,white,nonhispanic,45,NO_INSURANCE,30,2,3,2,66,28.0,1
08d290f2-cacc-a5c9-70d6-64062c8044af,08d290f2-cacc-a5c9-e3f5-d1d9063f46e5,0.042,726.74,0,emergency,1984-05-05 12:35:15,6,1,12,5,Spring,M,white,nonhispanic,62,NO_INSURANCE,28,1,4,3,237,7.0,1
4e4789ee-69a4-1744-dc2e-aeb9342719d1,4e4789ee-69a4-1744-49dd-2f27c28a9bc2,0.037,1008.3,0,urgentcare,1991-03-09 12:35:15,6,1,12,3,Spring,M,white,nonhispanic,69,GOVERNMENT,24,3,5,2,0,,0
1fab8367-4a8d-ab1e-1be2-e45fa1f146c5,1fab8367-4a8d-ab1e-b676-8acf3e8b1898,0.029,1088.0,0,urgentcare,2019-02-23 05:28:17,6,1,5,2,Winter,M,white,nonhispanic,70,GOVERNMENT,16,1,9,3,7,84.0,0
08d290f2-cacc-a5c9-3bb2-20f7de95522f,08d290f2-cacc-a5c9-e3f5-d1d9063f46e5,0.024,1320.79,0,urgentcare,1984-04-07 12:35:15,6,1,12,4,Spring,M,white,nonhispanic,62,NO_INSURANCE,29,4,6,3,234,7.0,1
08d290f2-cacc-a5c9-95ce-9c5c79ab4841,08d290f2-cacc-a5c9-e3f5-d1d9063f46e5,0.01,358.28,0,urgentcare,1984-03-31 12:35:15,6,1,12,3,Spring,M,white,nonhispanic,62,NO_INSURANCE,26,1,1,3,233,7.0,1
1fab8367-4a8d-ab1e-746d-a7216124a890,1fab8367-4a8d-ab1e-b676-8acf3e8b1898,0.023,872.3,0,urgentcare,2018-12-01 05:28:17,6,1,5,12,Winter,M,white,nonhispanic,69,GOVERNMENT,17,3,6,2,6,63.0,0
08d290f2-cacc-a5c9-4b0d-c100ac34cbbd,08d290f2-cacc-a5c9-e3f5-d1d9063f46e5,0.042,1086.65,0,emergency,1984-03-24 12:35:15,6,1,12,3,Spring,M,white,nonhispanic,62,NO_INSURANCE,28,2,4,3,232,7.0,1
6cebe382-6645-5849-7a68-296e90041bf4,6cebe382-6645-5849-f398-543d907d44bd,0.034,1709.29,0,urgentcare,2021-08-12 17:02:07,4,0,17,8,Summer,F,white,nonhispanic,45,NO_INSURANCE,30,2,4,2,64,28.0,1
08d290f2-cacc-a5c9-135a-7ed372654d6c,08d290f2-cacc-a5c9-e3f5-d1d9063f46e5,0.042,361.88,0,emergency,1984-03-17 12:35:15,6,1,12,3,Spring,M,white,nonhispanic,62,NO_INSURANCE,27,1,1,3,231,7.0,1
08d290f2-cacc-a5c9-7253-c9e2d92bd982,08d290f2-cacc-a5c9-e3f5-d1d9063f46e5,0.024,723.14,0,urgentcare,1984-02-25 12:35:15,6,1,12,2,Winter,M,white,nonhispanic,62,NO_INSURANCE,27,2,4,3,228,7.0,1
6cebe382-6645-5849-51ed-b99bf9036f5d,6cebe382-6645-5849-f398-543d907d44bd,0.03,1735.1,0,urgentcare,2021-07-15 17:02:07,4,0,17,7,Summer,F,white,nonhispanic,45,NO_INSURANCE,29,2,5,2,63,28.0,1
08d290f2-cacc-a5c9-3530-86545852b3eb,08d290f2-cacc-a5c9-e3f5-d1d9063f46e5,0.042,862.74,0,emergency,1984-02-11 12:35:15,6,1,12,2,Winter,M,white,nonhispanic,62,NO_INSURANCE,28,1,7,3,226,7.0,1
1fab8367-4a8d-ab1e-8b29-a4d29669731a,1fab8367-4a8d-ab1e-b676-8acf3e8b1898,0.032,1601.94,0,urgentcare,2018-09-29 05:28:17,6,1,5,9,Fall,M,white,nonhispanic,69,GOVERNMENT,16,1,9,3,5,238.0,0
6cebe382-6645-5849-1822-49a5cd645a85,6cebe382-6645-5849-f398-543d907d44bd,0.034,1008.3,0,urgentcare,2021-06-17 17:02:07,4,0,17,6,Summer,F,white,nonhispanic,45,NO_INSURANCE,30,1,3,3,62,35.0,0
08d290f2-cacc-a5c9-7102-635a6061e2a7,08d290f2-cacc-a5c9-e3f5-d1d9063f46e5,0.027,723.14,0,urgentcare,1984-01-28 12:35:15,6,1,12,1,Winter,M,white,nonhispanic,62,NO_INSURANCE,28,2,6,3,224,7.0,1
6cebe382-6645-5849-22e8-088f000f1d17,6cebe382-6645-5849-f398-543d907d44bd,0.031,872.3,0,urgentcare,2021-05-13 17:02:07,4,0,17,5,Spring,F,white,nonhispanic,45,NO_INSURANCE,30,3,2,3,61,21.0,1
08d290f2-cacc-a5c9-c96c-6017961eb1fd,08d290f2-cacc-a5c9-e3f5-d1d9063f46e5,0.042,1589.54,0,emergency,1984-01-14 12:35:15,6,1,12,1,Winter,M,white,nonhispanic,62,NO_INSURANCE,29,1,6,3,222,7.0,1
08d290f2-cacc-a5c9-1674-85ae0986dcf3,08d290f2-cacc-a5c9-e3f5-d1d9063f46e5,0.029,723.14,0,urgentcare,1983-12-31 12:35:15,6,1,12,12,Winter,M,white,nonhispanic,61,NO_INSURANCE,29,2,4,3,220,7.0,1
6cebe382-6645-5849-0ca8-8aa9bd72988c,6cebe382-6645-5849-f398-543d907d44bd,0.042,1089.42,0,urgentcare,2021-04-22 17:02:07,4,0,17,4,Spring,F,white,nonhispanic,45,NO_INSURANCE,28,1,3,3,60,28.0,1
6cebe382-6645-5849-d0ac-b0dfd2747131,6cebe382-6645-5849-f398-543d907d44bd,0.029,1088.0,0,urgentcare,2021-03-25 17:02:07,4,0,17,3,Spring,F,white,nonhispanic,45,NO_INSURANCE,30,1,3,2,59,7.0,1
08d290f2-cacc-a5c9-a439-cea9cee90130,08d290f2-cacc-a5c9-e3f5-d1d9063f46e5,0.042,942.44,0,emergency,1983-12-17 12:35:15,6,1,12,12,Winter,M,white,nonhispanic,61,NO_INSURANCE,28,1,5,3,218,7.0,1
1fab8367-4a8d-ab1e-f184-a00a91dd176c,1fab8367-4a8d-ab1e-b676-8acf3e8b1898,0.029,1577.99,0,urgentcare,2018-02-03 05:28:17,6,1,5,2,Winter,M,white,nonhispanic,69,GOVERNMENT,17,1,4,3,4,63.0,0
08d290f2-cacc-a5c9-b5bb-dcd0c3ce2b81,08d290f2-cacc-a5c9-e3f5-d1d9063f46e5,0.01,358.28,0,urgentcare,1983-12-10 12:35:15,6,1,12,12,Winter,M,white,nonhispanic,61,NO_INSURANCE,28,1,1,3,217,7.0,1
08d290f2-cacc-a5c9-5a07-6cc8e84c9df9,08d290f2-cacc-a5c9-e3f5-d1d9063f46e5,0.035,1089.68,0,urgentcare,1983-12-03 12:35:15,6,1,12,12,Winter,M,white,nonhispanic,61,NO_INSURANCE,29,1,8,3,216,7.0,1
6cebe382-6645-5849-f0df-77b3cc7fe8f5,6cebe382-6645-5849-f398-543d907d44bd,0.022,872.3,0,urgentcare,2021-02-11 17:02:07,4,0,17,2,Winter,F,white,nonhispanic,45,NO_INSURANCE,31,1,3,3,55,28.0,1
08d290f2-cacc-a5c9-fccf-8f82947c5027,08d290f2-cacc-a5c9-e3f5-d1d9063f46e5,0.042,726.74,0,emergency,1983-11-19 12:35:15,6,1,12,11,Fall,M,white,nonhispanic,61,NO_INSURANCE,28,2,4,3,214,7.0,1
1fab8367-4a8d-ab1e-3dc9-ce1c6d8fc7cc,1fab8367-4a8d-ab1e-b676-8acf3e8b1898,0.027,1624.86,0,urgentcare,2017-12-02 05:28:17,6,1,5,12,Winter,M,white,nonhispanic,68,GOVERNMENT,15,1,6,2,3,147.0,0
6cebe382-6645-5849-3323-07b4f170bb68,6cebe382-6645-5849-f398-543d907d44bd,0.041,872.3,0,urgentcare,2021-01-14 17:02:07,4,0,17,1,Winter,F,white,nonhispanic,45,NO_INSURANCE,31,1,4,3,54,28.0,1
08d290f2-cacc-a5c9-f169-ab8311f9fa93,08d290f2-cacc-a5c9-e3f5-d1d9063f46e5,0.042,770.63,0,emergency,1983-11-12 12:35:15,6,1,12,11,Fall,M,white,nonhispanic,61,NO_INSURANCE,27,1,1,3,213,7.0,1
08d290f2-cacc-a5c9-c213-44441adc8ad6,08d290f2-cacc-a5c9-e3f5-d1d9063f46e5,0.042,1589.54,0,emergency,1983-11-05 12:35:15,6,1,12,11,Fall,M,white,nonhispanic,61,NO_INSURANCE,28,1,7,3,212,7.0,1
08d290f2-cacc-a5c9-f7c4-5e7f71f8f984,08d290f2-cacc-a5c9-e3f5-d1d9063f46e5,0.042,835.59,0,emergency,1983-10-29 12:35:15,6,1,12,10,Fall,M,white,nonhispanic,61,NO_INSURANCE,28,1,1,3,211,7.0,1
1fab8367-4a8d-ab1e-47cf-9585f0728378,1fab8367-4a8d-ab1e-b676-8acf3e8b1898,0.021,872.3,0,urgentcare,2017-07-08 05:28:17,6,1,5,7,Summer,M,white,nonhispanic,68,GOVERNMENT,17,3,5,3,2,245.0,0
6cebe382-6645-5849-98ac-64c11313ce46,6cebe382-6645-5849-f398-543d907d44bd,0.024,872.3,0,urgentcare,2020-12-17 17:02:07,4,0,17,12,Winter,F,white,nonhispanic,44,NO_INSURANCE,30,1,2,3,53,56.0,0
08d290f2-cacc-a5c9-619f-89e91e52a0d7,08d290f2-cacc-a5c9-e3f5-d1d9063f46e5,0.042,1154.52,0,emergency,1983-10-22 12:35:15,6,1,12,10,Fall,M,white,nonhispanic,61,NO_INSURANCE,30,2,5,3,210,7.0,1
08d290f2-cacc-a5c9-48f3-d1836c883833,08d290f2-cacc-a5c9-e3f5-d1d9063f46e5,0.042,726.74,0,emergency,1983-10-08 12:35:15,6,1,12,10,Fall,M,white,nonhispanic,61,NO_INSURANCE,28,1,4,3,208,7.0,1
08d290f2-cacc-a5c9-eaaf-13bf8d726c61,08d290f2-cacc-a5c9-e3f5-d1d9063f46e5,0.042,970.6,0,emergency,1983-09-24 12:35:15,6,1,12,9,Fall,M,white,nonhispanic,61,NO_INSURANCE,28,2,4,3,206,7.0,1
6cebe382-6645-5849-162a-720f2282e2de,6cebe382-6645-5849-f398-543d907d44bd,0.01,507.44,0,urgentcare,2020-09-17 17:02:07,4,0,17,9,Fall,F,white,nonhispanic,44,GOVERNMENT,28,1,1,2,51,35.0,0
08d290f2-cacc-a5c9-d8df-2df5493ed0f3,08d290f2-cacc-a5c9-e3f5-d1d9063f46e5,0.042,1153.53,0,emergency,1983-08-27 12:35:15,6,1,12,8,Summer,M,white,nonhispanic,61,NO_INSURANCE,28,1,5,3,202,7.0,1
1fab8367-4a8d-ab1e-7d3d-17beebcd8e52,1fab8367-4a8d-ab1e-b676-8acf3e8b1898,0.027,872.3,0,urgentcare,2016-11-05 05:28:17,6,1,5,11,Fall,M,white,nonhispanic,67,GOVERNMENT,18,2,5,2,1,56.0,0
6cebe382-6645-5849-b0a0-c8d138a66e63,6cebe382-6645-5849-f398-543d907d44bd,0.023,872.3,0,urgentcare,2020-04-23 17:02:07,4,0,17,4,Spring,F,white,nonhispanic,44,GOVERNMENT,28,1,3,3,45,28.0,1
6cebe382-6645-5849-b4a9-d62d1e2cdedf,6cebe382-6645-5849-f398-543d907d44bd,0.034,872.3,0,urgentcare,2020-05-21 17:02:07,4,0,17,5,Spring,F,white,nonhispanic,44,GOVERNMENT,28,1,2,3,46,28.0,1
08d290f2-cacc-a5c9-0db0-432a58934df6,08d290f2-cacc-a5c9-e3f5-d1d9063f46e5,0.042,622.34,0,emergency,1983-06-11 12:35:15,6,1,12,6,Summer,M,white,nonhispanic,61,NO_INSURANCE,27,1,1,3,191,7.0,1
08d290f2-cacc-a5c9-a62c-84437856865d,08d290f2-cacc-a5c9-e3f5-d1d9063f46e5,0.042,1072.19,0,emergency,1983-06-18 12:35:15,6,1,12,6,Summer,M,white,nonhispanic,61,NO_INSURANCE,28,2,6,3,192,7.0,1
08d290f2-cacc-a5c9-b53f-5e48be35d1c5,08d290f2-cacc-a5c9-e3f5-d1d9063f46e5,0.042,361.88,0,emergency,1983-06-25 12:35:15,6,1,12,6,Summer,M,white,nonhispanic,61,NO_INSURANCE,26,1,1,3,193,7.0,1
08d290f2-cacc-a5c9-6142-30819d706ad0,08d290f2-cacc-a5c9-e3f5-d1d9063f46e5,0.042,726.74,0,emergency,1983-07-02 12:35:15,6,1,12,7,Summer,M,white,nonhispanic,61,NO_INSURANCE,26,1,3,3,194,7.0,1
08d290f2-cacc-a5c9-3199-9ebc5cce3774,08d290f2-cacc-a5c9-e3f5-d1d9063f46e5,0.042,726.74,0,emergency,1983-07-16 12:35:15,6,1,12,7,Summer,M,white,nonhispanic,61,NO_INSURANCE,26,1,3,3,196,7.0,1
08d290f2-cacc-a5c9-753e-c2ea7620b1b3,08d290f2-cacc-a5c9-e3f5-d1d9063f46e5,0.042,726.74,0,emergency,1983-07-30 12:35:15,6,1,12,7,Summer,M,white,nonhispanic,61,NO_INSURANCE,27,2,3,3,198,7.0,1
08d290f2-cacc-a5c9-26c8-eff0eddf7455,08d290f2-cacc-a5c9-e3f5-d1d9063f46e5,0.042,879.05,0,emergency,1984-08-18 12:35:15,6,1,12,8,Summer,M,white,nonhispanic,62,NO_INSURANCE,26,1,1,3,252,7.0,1
08d290f2-cacc-a5c9-2a0a-8e630a787f51,08d290f2-cacc-a5c9-e3f5-d1d9063f46e5,0.042,726.74,0,emergency,1984-08-25 12:35:15,6,1,12,8,Summer,M,white,nonhispanic,62,NO_INSURANCE,27,2,7,3,253,7.0,1
6cebe382-6645-5849-46b6-53c704bceee8,6cebe382-6645-5849-f398-543d907d44bd,0.03,872.3,0,urgentcare,2020-03-19 17:02:07,4,0,17,3,Spring,F,white,nonhispanic,44,GOVERNMENT,29,1,4,3,43,21.0,1
08d290f2-cacc-a5c9-f01c-635b193cbd36,08d290f2-cacc-a5c9-e3f5-d1d9063f46e5,0.04,872.3,0,urgentcare,1983-06-04 12:35:15,6,1,12,6,Summer,M,white,nonhispanic,61,NO_INSURANCE,26,1,5,3,190,7.0,1
08d290f2-cacc-a5c9-199a-8a38869bb761,08d290f2-cacc-a5c9-e3f5-d1d9063f46e5,0.042,875.9,0,emergency,1983-05-21 12:35:15,6,1,12,5,Spring,M,white,nonhispanic,61,NO_INSURANCE,26,1,6,3,188,7.0,1
6cebe382-6645-5849-5f6f-3d4790149698,6cebe382-6645-5849-f398-543d907d44bd,0.025,1008.3,0,urgentcare,2020-06-18 17:02:07,4,0,17,6,Summer,F,white,nonhispanic,44,GOVERNMENT,28,1,2,3,47,28.0,1
08d290f2-cacc-a5c9-5cf4-c9c27c24a821,08d290f2-cacc-a5c9-e3f5-d1d9063f46e5,0.01,548.51,0,urgentcare,1983-05-14 12:35:15,6,1,12,5,Spring,M,white,nonhispanic,61,NO_INSURANCE,26,1,1,3,187,7.0,1
6cebe382-6645-5849-e356-6e8a485a6360,6cebe382-6645-5849-f398-543d907d44bd,0.032,1735.1,0,urgentcare,2020-02-20 17:02:07,4,0,17,2,Winter,F,white,nonhispanic,44,GOVERNMENT,28,2,3,3,41,28.0,1
08d290f2-cacc-a5c9-d4cb-ca93609339ce,08d290f2-cacc-a5c9-e3f5-d1d9063f46e5,0.042,1355.55,0,emergency,1983-05-07 12:35:15,6,1,12,5,Spring,M,white,nonhispanic,61,NO_INSURANCE,26,1,6,3,186,7.0,1
08d290f2-cacc-a5c9-870d-87dbd00323e2,08d290f2-cacc-a5c9-e3f5-d1d9063f46e5,0.042,815.7,0,emergency,1983-04-30 12:35:15,6,1,12,4,Spring,M,white,nonhispanic,61,NO_INSURANCE,26,1,1,3,185,7.0,1
08d290f2-cacc-a5c9-986f-3af4f89b2e97,08d290f2-cacc-a5c9-e3f5-d1d9063f46e5,0.042,1385.79,0,emergency,1983-04-23 12:35:15,6,1,12,4,Spring,M,white,nonhispanic,61,NO_INSURANCE,26,1,3,3,184,14.0,1
6cebe382-6645-5849-87f4-0af0e28a566e,6cebe382-6645-5849-f398-543d907d44bd,0.04,1088.0,0,urgentcare,2020-01-23 17:02:07,4,0,17,1,Winter,F,white,nonhispanic,44,GOVERNMENT,29,1,4,3,40,21.0,1
08d290f2-cacc-a5c9-5958-216e989ca652,08d290f2-cacc-a5c9-e3f5-d1d9063f46e5,0.034,872.3,0,urgentcare,1983-04-09 12:35:15,6,1,12,4,Spring,M,white,nonhispanic,61,NO_INSURANCE,26,1,5,3,183,7.0,1
08d290f2-cacc-a5c9-29d7-b9c45f1ac7d7,08d290f2-cacc-a5c9-e3f5-d1d9063f46e5,0.042,875.9,0,emergency,1983-03-26 12:35:15,6,1,12,3,Spring,M,white,nonhispanic,61,NO_INSURANCE,28,1,3,3,181,7.0,1
08d290f2-cacc-a5c9-36c5-5e615a6a1ce6,08d290f2-cacc-a5c9-e3f5-d1d9063f46e5,0.042,875.9,0,emergency,1983-03-12 12:35:15,6,1,12,3,Spring,M,white,nonhispanic,61,NO_INSURANCE,28,3,4,3,179,7.0,1
6cebe382-6645-5849-9b62-7eb8566c9139,6cebe382-6645-5849-f398-543d907d44bd,0.039,872.3,0,urgentcare,2019-12-26 17:02:07,4,0,17,12,Winter,F,white,nonhispanic,43,GOVERNMENT,32,3,4,3,38,28.0,1
6cebe382-6645-5849-76d4-868b2ebf89ba,6cebe382-6645-5849-f398-543d907d44bd,0.034,872.3,0,urgentcare,2019-11-28 17:02:07,4,0,17,11,Fall,F,white,nonhispanic,43,NO_INSURANCE,32,6,4,3,37,35.0,0
6cebe382-6645-5849-cdec-9dfbdfcb21ff,6cebe382-6645-5849-f398-543d907d44bd,0.022,872.3,0,urgentcare,2020-07-16 17:02:07,4,0,17,7,Summer,F,white,nonhispanic,44,GOVERNMENT,29,2,2,2,48,28.0,1
6cebe382-6645-5849-2198-3a741cbc9cc6,6cebe382-6645-5849-f398-543d907d44bd,0.038,872.3,0,urgentcare,2020-08-13 17:02:07,4,0,17,8,Summer,F,white,nonhispanic,44,GOVERNMENT,29,1,2,2,50,13.0,1
6cebe382-6645-5849-ea73-294947022470,6cebe382-6645-5849-f398-543d907d44bd,0.023,872.3,0,urgentcare,2019-10-24 17:02:07,4,0,17,10,Fall,F,white,nonhispanic,43,NO_INSURANCE,27,3,3,3,36,116.4,0
08d290f2-cacc-a5c9-7322-920e6993905e,08d290f2-cacc-a5c9-e3f5-d1d9063f46e5,0.042,1738.7,0,emergency,1982-12-18 12:35:15,6,1,12,12,Winter,M,white,nonhispanic,60,NO_INSURANCE,28,2,6,3,167,7.0,1
08d290f2-cacc-a5c9-1742-474f107ac12e,08d290f2-cacc-a5c9-e3f5-d1d9063f46e5,0.042,875.9,0,emergency,1983-01-29 12:35:15,6,1,12,1,Winter,M,white,nonhispanic,61,NO_INSURANCE,28,3,5,3,173,7.0,1
08d290f2-cacc-a5c9-1426-eb4750f6c90a,08d290f2-cacc-a5c9-e3f5-d1d9063f46e5,0.042,875.9,0,emergency,1983-02-12 12:35:15,6,1,12,2,Winter,M,white,nonhispanic,61,NO_INSURANCE,28,1,4,3,175,7.0,1
08d290f2-cacc-a5c9-aeae-1b30157d5563,08d290f2-cacc-a5c9-e3f5-d1d9063f46e5,0.042,875.9,0,emergency,1982-12-04 12:35:15,6,1,12,12,Winter,M,white,nonhispanic,60,NO_INSURANCE,27,1,2,3,165,7.0,1
6cebe382-6645-5849-6bb1-d6a49b9db5d7,6cebe382-6645-5849-f398-543d907d44bd,0.031,872.3,0,urgentcare,2018-04-26 17:02:07,4,0,17,4,Spring,F,white,nonhispanic,42,NO_INSURANCE,25,2,4,4,29,77.0,0
6cebe382-6645-5849-27e3-e0a7c2f39ac4,6cebe382-6645-5849-f398-543d907d44bd,0.028,1367.97,0,urgentcare,2019-01-24 17:02:07,4,0,17,1,Winter,F,white,nonhispanic,43,NO_INSURANCE,27,2,5,2,31,265.9,0
08d290f2-cacc-a5c9-fd7c-01adaca16456,08d290f2-cacc-a5c9-e3f5-d1d9063f46e5,0.042,511.04,0,emergency,1982-04-17 12:35:15,6,1,12,4,Spring,M,white,nonhispanic,60,NO_INSURANCE,26,1,1,3,132,14.0,1
08d290f2-cacc-a5c9-5359-0c12d2d367b5,08d290f2-cacc-a5c9-e3f5-d1d9063f46e5,0.042,875.9,0,emergency,1982-04-24 12:35:15,6,1,12,4,Spring,M,white,nonhispanic,60,NO_INSURANCE,27,2,5,3,133,7.0,1
08d290f2-cacc-a5c9-9f8f-896412c7b7c7,08d290f2-cacc-a5c9-e3f5-d1d9063f46e5,0.042,875.9,0,emergency,1982-05-08 12:35:15,6,1,12,5,Spring,M,white,nonhispanic,60,NO_INSURANCE,27,2,3,3,135,7.0,1
08d290f2-cacc-a5c9-0cbf-7292702a31e4,08d290f2-cacc-a5c9-e3f5-d1d9063f46e5,0.042,1594.81,0,emergency,1982-05-22 12:35:15,6,1,12,5,Spring,M,white,nonhispanic,60,NO_INSURANCE,28,2,6,3,137,7.0,1
08d290f2-cacc-a5c9-213e-ad5313ce28e6,08d290f2-cacc-a5c9-e3f5-d1d9063f46e5,0.042,586.11,0,emergency,1982-05-29 12:35:15,6,1,12,5,Spring,M,white,nonhispanic,60,NO_INSURANCE,27,1,1,3,138,7.0,1
08d290f2-cacc-a5c9-9796-7886b832a8b3,08d290f2-cacc-a5c9-e3f5-d1d9063f46e5,0.042,1738.7,0,emergency,1982-06-05 12:35:15,6,1,12,6,Summer,M,white,nonhispanic,60,NO_INSURANCE,27,1,5,3,139,7.0,1
08d290f2-cacc-a5c9-f8f7-4d5166d11d87,08d290f2-cacc-a5c9-e3f5-d1d9063f46e5,0.042,511.04,0,emergency,1982-06-26 12:35:15,6,1,12,6,Summer,M,white,nonhispanic,60,NO_INSURANCE,26,1,1,3,142,7.0,1
08d290f2-cacc-a5c9-6d6d-99db79657c93,08d290f2-cacc-a5c9-e3f5-d1d9063f46e5,0.042,875.9,0,emergency,1982-07-03 12:35:15,6,1,12,7,Summer,M,white,nonhispanic,60,NO_INSURANCE,27,2,4,3,143,7.0,1
08d290f2-cacc-a5c9-708a-efc020427b22,08d290f2-cacc-a5c9-e3f5-d1d9063f46e5,0.042,875.9,0,emergency,1982-07-17 12:35:15,6,1,12,7,Summer,M,white,nonhispanic,60,NO_INSURANCE,28,3,6,3,145,7.0,1
08d290f2-cacc-a5c9-f2bb-caddef7eebea,08d290f2-cacc-a5c9-e3f5-d1d9063f46e5,0.042,875.9,0,emergency,1982-07-31 12:35:15,6,1,12,7,Summer,M,white,nonhispanic,60,NO_INSURANCE,28,1,5,3,147,7.0,1
08d290f2-cacc-a5c9-41a5-801b497b5f32,08d290f2-cacc-a5c9-e3f5-d1d9063f46e5,0.042,1585.65,0,emergency,1982-08-14 12:35:15,6,1,12,8,Summer,M,white,nonhispanic,60,NO_INSURANCE,28,3,7,3,149,7.0,1
08d290f2-cacc-a5c9-b2ef-c5c3c03e5dd2,08d290f2-cacc-a5c9-e3f5-d1d9063f46e5,0.042,875.9,0,emergency,1982-08-28 12:35:15,6,1,12,8,Summer,M,white,nonhispanic,60,NO_INSURANCE,28,1,4,3,151,7.0,1
08d290f2-cacc-a5c9-8802-5895359b0b09,08d290f2-cacc-a5c9-e3f5-d1d9063f46e5,0.042,875.9,0,emergency,1982-09-11 12:35:15,6,1,12,9,Fall,M,white,nonhispanic,60,NO_INSURANCE,28,1,5,3,153,7.0,1
08d290f2-cacc-a5c9-dbea-720184f9d561,08d290f2-cacc-a5c9-e3f5-d1d9063f46e5,0.042,1130.8,0,emergency,1982-09-25 12:35:15,6,1,12,9,Fall,M,white,nonhispanic,60,NO_INSURANCE,28,2,6,3,155,7.0,1
08d290f2-cacc-a5c9-c9eb-6804f9f3b942,08d290f2-cacc-a5c9-e3f5-d1d9063f46e5,0.042,875.9,0,emergency,1982-10-09 12:35:15,6,1,12,10,Fall,M,white,nonhispanic,60,NO_INSURANCE,27,1,4,3,157,7.0,1
08d290f2-cacc-a5c9-e168-a1558f6d1e4f,08d290f2-cacc-a5c9-e3f5-d1d9063f46e5,0.042,1577.69,0,emergency,1982-10-23 12:35:15,6,1,12,10,Fall,M,white,nonhispanic,60,NO_INSURANCE,28,2,7,3,159,7.0,1
08d290f2-cacc-a5c9-e2ab-c7e8fdd417de,08d290f2-cacc-a5c9-e3f5-d1d9063f46e5,0.042,1019.3,0,emergency,1982-10-30 12:35:15,6,1,12,10,Fall,M,white,nonhispanic,60,NO_INSURANCE,26,1,1,3,160,7.0,1
08d290f2-cacc-a5c9-754a-cccbfe836d33,08d290f2-cacc-a5c9-e3f5-d1d9063f46e5,0.042,875.9,0,emergency,1982-11-06 12:35:15,6,1,12,11,Fall,M,white,nonhispanic,60,NO_INSURANCE,26,1,3,3,161,7.0,1
08d290f2-cacc-a5c9-fde9-ab8a0f0f2938,08d290f2-cacc-a5c9-e3f5-d1d9063f46e5,0.042,875.9,0,emergency,1982-11-20 12:35:15,6,1,12,11,Fall,M,white,nonhispanic,60,NO_INSURANCE,27,2,4,3,163,7.0,1
08d290f2-cacc-a5c9-93d0-df1d985201c3,08d290f2-cacc-a5c9-e3f5-d1d9063f46e5,0.042,1099.75,0,emergency,1982-03-13 12:35:15,6,1,12,3,Spring,M,white,nonhispanic,60,NO_INSURANCE,26,3,8,3,128,7.0,1
08d290f2-cacc-a5c9-6599-97284d2d3c3c,08d290f2-cacc-a5c9-e3f5-d1d9063f46e5,0.035,872.3,0,urgentcare,1980-11-22 12:35:15,6,1,12,11,Fall,M,white,nonhispanic,58,NO_INSURANCE,26,2,5,3,61,7.0,1
08d290f2-cacc-a5c9-96d8-f38e840051fe,08d290f2-cacc-a5c9-e3f5-d1d9063f46e5,0.021,872.3,0,urgentcare,1980-12-06 12:35:15,6,1,12,12,Winter,M,white,nonhispanic,58,NO_INSURANCE,27,1,2,3,63,7.0,1
6cebe382-6645-5849-5fb1-82e0f8971c41,6cebe382-6645-5849-f398-543d907d44bd,0.038,1735.1,0,urgentcare,2017-01-05 17:02:07,4,0,17,1,Winter,F,white,nonhispanic,41,GOVERNMENT,29,1,3,2,9,7.0,1
6cebe382-6645-5849-3724-a951333b5a32,6cebe382-6645-5849-f398-543d907d44bd,0.01,791.12,0,urgentcare,2017-01-12 17:02:07,4,0,17,1,Winter,F,white,nonhispanic,41,GOVERNMENT,28,1,1,2,10,7.0,1
6cebe382-6645-5849-f056-0f504f430913,6cebe382-6645-5849-f398-543d907d44bd,0.032,1125.59,0,urgentcare,2017-02-02 17:02:07,4,0,17,2,Winter,F,white,nonhispanic,41,GOVERNMENT,28,2,2,2,11,21.0,1
6cebe382-6645-5849-b147-de21e67911bf,6cebe382-6645-5849-f398-543d907d44bd,0.038,872.3,0,urgentcare,2017-03-16 17:02:07,4,0,17,3,Spring,F,white,nonhispanic,41,GOVERNMENT,31,3,2,2,15,7.0,1
6cebe382-6645-5849-7800-fc0e06851546,6cebe382-6645-5849-f398-543d907d44bd,0.042,1091.6,0,emergency,2017-04-27 17:02:07,4,0,17,4,Spring,F,white,nonhispanic,41,GOVERNMENT,31,1,2,3,17,35.0,0
6cebe382-6645-5849-2cbd-e18f1dbbd1e2,6cebe382-6645-5849-f398-543d907d44bd,0.026,872.3,0,urgentcare,2017-05-11 17:02:07,4,0,17,5,Spring,F,white,nonhispanic,41,GOVERNMENT,29,1,1,3,19,7.0,1
6cebe382-6645-5849-8ed1-00dfc6721e35,6cebe382-6645-5849-f398-543d907d44bd,0.022,1658.87,0,urgentcare,2017-07-06 17:02:07,4,0,17,7,Summer,F,white,nonhispanic,41,GOVERNMENT,26,1,2,3,21,35.0,0
6cebe382-6645-5849-4453-98ab7d3f0652,6cebe382-6645-5849-f398-543d907d44bd,0.025,872.3,0,urgentcare,2017-08-31 17:02:07,4,0,17,8,Summer,F,white,nonhispanic,41,GOVERNMENT,30,3,3,3,22,56.0,0
6cebe382-6645-5849-1b8a-00831c04eb51,6cebe382-6645-5849-f398-543d907d44bd,0.025,1088.0,0,urgentcare,2017-09-28 17:02:07,4,0,17,9,Fall,F,white,nonhispanic,41,GOVERNMENT,30,2,5,2,23,28.0,1
6cebe382-6645-5849-fce6-cd884272573f,6cebe382-6645-5849-f398-543d907d44bd,0.031,1008.3,0,urgentcare,2017-12-28 17:02:07,4,0,17,12,Winter,F,white,nonhispanic,41,NO_INSURANCE,27,1,3,3,25,63.0,0
6cebe382-6645-5849-439c-4c20e6d24b37,6cebe382-6645-5849-f398-543d907d44bd,0.04,872.3,0,urgentcare,2018-02-01 17:02:07,4,0,17,2,Winter,F,white,nonhispanic,42,NO_INSURANCE,27,1,3,3,27,28.0,1
6cebe382-6645-5849-8f58-d827ee7369ee,6cebe382-6645-5849-f398-543d907d44bd,0.037,872.3,0,urgentcare,2019-03-28 17:02:07,4,0,17,3,Spring,F,white,nonhispanic,43,NO_INSURANCE,26,1,4,3,32,63.0,0
08d290f2-cacc-a5c9-43d5-4cbb609e0b6d,08d290f2-cacc-a5c9-e3f5-d1d9063f46e5,0.029,872.3,0,urgentcare,1980-12-20 12:35:15,6,1,12,12,Winter,M,white,nonhispanic,58,NO_INSURANCE,27,2,5,3,65,7.0,1
08d290f2-cacc-a5c9-977d-8341d1325f90,08d290f2-cacc-a5c9-e3f5-d1d9063f46e5,0.028,872.3,0,urgentcare,1980-10-25 12:35:15,6,1,12,10,Fall,M,white,nonhispanic,58,NO_INSURANCE,25,1,7,3,57,7.0,1
08d290f2-cacc-a5c9-3844-86072e581e40,08d290f2-cacc-a5c9-e3f5-d1d9063f46e5,0.01,507.44,0,urgentcare,1980-10-18 12:35:15,6,1,12,10,Fall,M,white,nonhispanic,58,NO_INSURANCE,25,1,1,3,56,7.0,1
08d290f2-cacc-a5c9-0934-c05c9537e425,08d290f2-cacc-a5c9-e3f5-d1d9063f46e5,0.033,1088.0,0,urgentcare,1980-10-11 12:35:15,6,1,12,10,Fall,M,white,nonhispanic,58,NO_INSURANCE,25,1,7,3,55,7.0,1
6cebe382-6645-5849-2f78-8b656dd5bd6c,6cebe382-6645-5849-f398-543d907d44bd,0.035,1735.1,0,urgentcare,2019-05-16 17:02:07,4,0,17,5,Spring,F,white,nonhispanic,43,NO_INSURANCE,25,2,5,4,33,49.0,0
6cebe382-6645-5849-55fa-d407b749a064,6cebe382-6645-5849-f398-543d907d44bd,0.034,1352.72,0,urgentcare,2019-06-20 17:02:07,4,0,17,6,Summer,F,white,nonhispanic,43,NO_INSURANCE,24,2,4,4,34,35.0,0
08d290f2-cacc-a5c9-30ef-051b44c65fba,08d290f2-cacc-a5c9-e3f5-d1d9063f46e5,0.032,1227.38,0,urgentcare,1980-09-13 12:35:15,6,1,12,9,Fall,M,white,nonhispanic,58,NO_INSURANCE,25,2,5,3,52,7.0,1
08d290f2-cacc-a5c9-23d7-6f0b027fc882,08d290f2-cacc-a5c9-e3f5-d1d9063f46e5,0.01,1154.54,0,urgentcare,1980-09-06 12:35:15,6,1,12,9,Fall,M,white,nonhispanic,58,NO_INSURANCE,24,1,1,3,51,7.0,1
08d290f2-cacc-a5c9-4d13-8ccd0413ea4b,08d290f2-cacc-a5c9-e3f5-d1d9063f46e5,0.042,1738.7,0,emergency,1980-08-30 12:35:15,6,1,12,8,Summer,M,white,nonhispanic,58,NO_INSURANCE,26,1,5,3,50,7.0,1
08d290f2-cacc-a5c9-ce66-879c641cef65,08d290f2-cacc-a5c9-e3f5-d1d9063f46e5,0.042,875.9,0,emergency,1981-01-31 12:35:15,6,1,12,1,Winter,M,white,nonhispanic,59,NO_INSURANCE,27,3,5,3,71,7.0,1
08d290f2-cacc-a5c9-c551-248174c443b8,08d290f2-cacc-a5c9-e3f5-d1d9063f46e5,0.035,872.3,0,urgentcare,1980-08-16 12:35:15,6,1,12,8,Summer,M,white,nonhispanic,58,NO_INSURANCE,26,2,3,3,48,7.0,1
08d290f2-cacc-a5c9-d37e-655926474bf7,08d290f2-cacc-a5c9-e3f5-d1d9063f46e5,0.01,507.44,0,urgentcare,1980-08-09 12:35:15,6,1,12,8,Summer,M,white,nonhispanic,58,NO_INSURANCE,25,1,1,3,47,7.0,1
08d290f2-cacc-a5c9-a576-8102ad52b49f,08d290f2-cacc-a5c9-e3f5-d1d9063f46e5,0.032,872.3,0,urgentcare,1980-06-21 12:35:15,6,1,12,6,Summer,M,white,nonhispanic,58,NO_INSURANCE,25,2,7,3,40,7.0,1
08d290f2-cacc-a5c9-02e6-0a1e7c68d47d,08d290f2-cacc-a5c9-e3f5-d1d9063f46e5,0.01,1154.54,0,urgentcare,1980-06-14 12:35:15,6,1,12,6,Summer,M,white,nonhispanic,58,NO_INSURANCE,24,1,1,3,39,7.0,1
08d290f2-cacc-a5c9-d383-b87e2d11e7f1,08d290f2-cacc-a5c9-e3f5-d1d9063f46e5,0.042,1587.27,0,emergency,1980-06-07 12:35:15,6,1,12,6,Summer,M,white,nonhispanic,58,NO_INSURANCE,24,1,6,3,38,7.0,1
08d290f2-cacc-a5c9-1948-41ec2158654f,08d290f2-cacc-a5c9-e3f5-d1d9063f46e5,0.042,1158.14,0,emergency,1980-05-31 12:35:15,6,1,12,5,Spring,M,white,nonhispanic,58,NO_INSURANCE,24,1,1,3,37,7.0,1
08d290f2-cacc-a5c9-d2dc-703e9c7b173a,08d290f2-cacc-a5c9-e3f5-d1d9063f46e5,0.037,1735.1,0,urgentcare,1980-05-24 12:35:15,6,1,12,5,Spring,M,white,nonhispanic,58,NO_INSURANCE,26,1,6,3,36,7.0,1
08d290f2-cacc-a5c9-004e-8189ee626ae1,08d290f2-cacc-a5c9-e3f5-d1d9063f46e5,0.042,875.9,0,emergency,1980-05-10 12:35:15,6,1,12,5,Spring,M,white,nonhispanic,58,NO_INSURANCE,26,2,5,3,34,7.0,1
08d290f2-cacc-a5c9-820d-76454f209d1e,08d290f2-cacc-a5c9-e3f5-d1d9063f46e5,0.023,872.3,0,urgentcare,1980-04-26 12:35:15,6,1,12,4,Spring,M,white,nonhispanic,58,NO_INSURANCE,25,1,5,3,32,7.0,1
08d290f2-cacc-a5c9-eee3-2dbfeb9f5d39,08d290f2-cacc-a5c9-e3f5-d1d9063f46e5,0.042,875.9,0,emergency,1980-04-12 12:35:15,6,1,12,4,Spring,M,white,nonhispanic,58,NO_INSURANCE,25,1,5,3,30,7.0,1
08d290f2-cacc-a5c9-f6e4-000f459c4cb1,08d290f2-cacc-a5c9-e3f5-d1d9063f46e5,0.025,872.3,0,urgentcare,1981-02-14 12:35:15,6,1,12,2,Winter,M,white,nonhispanic,59,NO_INSURANCE,28,3,4,3,73,7.0,1
08d290f2-cacc-a5c9-960d-f464fd94b0b9,08d290f2-cacc-a5c9-e3f5-d1d9063f46e5,0.042,875.9,0,emergency,1981-02-28 12:35:15,6,1,12,2,Winter,M,white,nonhispanic,59,NO_INSURANCE,28,1,4,3,75,7.0,1
08d290f2-cacc-a5c9-50e3-3bf9acf21f28,08d290f2-cacc-a5c9-e3f5-d1d9063f46e5,0.042,875.9,0,emergency,1981-03-14 12:35:15,6,1,12,3,Spring,M,white,nonhispanic,59,NO_INSURANCE,30,3,4,3,77,7.0,1
08d290f2-cacc-a5c9-44c2-bf10f9a6a9a5,08d290f2-cacc-a5c9-e3f5-d1d9063f46e5,0.042,875.9,0,emergency,1981-03-28 12:35:15,6,1,12,3,Spring,M,white,nonhispanic,59,NO_INSURANCE,26,1,4,3,79,7.0,1
08d290f2-cacc-a5c9-a357-c10c3dbd08c6,08d290f2-cacc-a5c9-e3f5-d1d9063f46e5,0.042,875.9,0,emergency,1981-04-25 12:35:15,6,1,12,4,Spring,M,white,nonhispanic,59,NO_INSURANCE,25,1,6,3,82,7.0,1
08d290f2-cacc-a5c9-a8d7-735ac9213aa0,08d290f2-cacc-a5c9-e3f5-d1d9063f46e5,0.042,875.9,0,emergency,1981-06-06 12:35:15,6,1,12,6,Summer,M,white,nonhispanic,59,NO_INSURANCE,25,1,5,3,88,7.0,1
08d290f2-cacc-a5c9-10b3-f502d93e7c27,08d290f2-cacc-a5c9-e3f5-d1d9063f46e5,0.042,875.9,0,emergency,1981-06-20 12:35:15,6,1,12,6,Summer,M,white,nonhispanic,59,NO_INSURANCE,26,2,3,3,90,7.0,1
08d290f2-cacc-a5c9-9e33-7f88dfc832e8,08d290f2-cacc-a5c9-e3f5-d1d9063f46e5,0.042,875.9,0,emergency,1981-07-04 12:35:15,6,1,12,7,Summer,M,white,nonhispanic,59,NO_INSURANCE,26,2,4,3,92,7.0,1
08d290f2-cacc-a5c9-08ca-9dabe9aa6fa7,08d290f2-cacc-a5c9-e3f5-d1d9063f46e5,0.042,875.9,0,emergency,1981-07-18 12:35:15,6,1,12,7,Summer,M,white,nonhispanic,59,NO_INSURANCE,26,1,2,3,94,7.0,1
08d290f2-cacc-a5c9-194b-3eb1d98deb63,08d290f2-cacc-a5c9-e3f5-d1d9063f46e5,0.042,875.9,0,emergency,1981-08-01 12:35:15,6,1,12,8,Summer,M,white,nonhispanic,59,NO_INSURANCE,26,1,6,3,96,7.0,1
08d290f2-cacc-a5c9-edf0-3aeff59b43c3,08d290f2-cacc-a5c9-e3f5-d1d9063f46e5,0.042,875.9,0,emergency,1981-08-15 12:35:15,6,1,12,8,Summer,M,white,nonhispanic,59,NO_INSURANCE,27,1,2,3,98,7.0,1
08d290f2-cacc-a5c9-aaf0-832a3bafba05,08d290f2-cacc-a5c9-e3f5-d1d9063f46e5,0.042,1091.6,0,emergency,1981-08-29 12:35:15,6,1,12,8,Summer,M,white,nonhispanic,59,NO_INSURANCE,27,2,5,3,100,7.0,1
08d290f2-cacc-a5c9-50cc-f9e1ea9ea883,08d290f2-cacc-a5c9-e3f5-d1d9063f46e5,0.042,648.75,0,emergency,1981-09-05 12:35:15,6,1,12,9,Fall,M,white,nonhispanic,59,NO_INSURANCE,25,1,1,3,101,7.0,1
08d290f2-cacc-a5c9-e29d-efb841265643,08d290f2-cacc-a5c9-e3f5-d1d9063f46e5,0.042,1507.35,0,emergency,1981-09-12 12:35:15,6,1,12,9,Fall,M,white,nonhispanic,59,NO_INSURANCE,25,1,6,3,102,7.0,1
08d290f2-cacc-a5c9-4181-708a628cd223,08d290f2-cacc-a5c9-e3f5-d1d9063f46e5,0.042,1091.6,0,emergency,1981-09-26 12:35:15,6,1,12,9,Fall,M,white,nonhispanic,59,NO_INSURANCE,26,1,3,3,104,7.0,1
08d290f2-cacc-a5c9-45be-80dc0ef236f4,08d290f2-cacc-a5c9-e3f5-d1d9063f46e5,0.042,511.04,0,emergency,1981-10-03 12:35:15,6,1,12,10,Fall,M,white,nonhispanic,59,NO_INSURANCE,26,1,1,3,105,7.0,1
08d290f2-cacc-a5c9-f9d7-29707ed03f2c,08d290f2-cacc-a5c9-e3f5-d1d9063f46e5,0.042,1091.6,0,emergency,1981-10-10 12:35:15,6,1,12,10,Fall,M,white,nonhispanic,59,NO_INSURANCE,26,1,6,3,106,7.0,1
08d290f2-cacc-a5c9-b2ab-099d47fa7781,08d290f2-cacc-a5c9-e3f5-d1d9063f46e5,0.042,511.04,0,emergency,1981-11-14 12:35:15,6,1,12,11,Fall,M,white,nonhispanic,59,NO_INSURANCE,24,1,1,3,111,7.0,1
08d290f2-cacc-a5c9-f441-4fbafb68ebb7,08d290f2-cacc-a5c9-e3f5-d1d9063f46e5,0.042,1091.6,0,emergency,1981-11-21 12:35:15,6,1,12,11,Fall,M,white,nonhispanic,59,NO_INSURANCE,25,2,3,3,112,7.0,1
08d290f2-cacc-a5c9-4a3a-fe69fd74cabe,08d290f2-cacc-a5c9-e3f5-d1d9063f46e5,0.042,875.9,0,emergency,1981-12-05 12:35:15,6,1,12,12,Winter,M,white,nonhispanic,59,NO_INSURANCE,26,1,3,3,114,7.0,1
08d290f2-cacc-a5c9-a4d4-2f76649b29dc,08d290f2-cacc-a5c9-e3f5-d1d9063f46e5,0.042,875.9,0,emergency,1981-12-19 12:35:15,6,1,12,12,Winter,M,white,nonhispanic,59,NO_INSURANCE,26,1,6,3,116,7.0,1
08d290f2-cacc-a5c9-8f6d-9bc721a11a96,08d290f2-cacc-a5c9-e3f5-d1d9063f46e5,0.042,875.9,0,emergency,1982-01-02 12:35:15,6,1,12,1,Winter,M,white,nonhispanic,60,NO_INSURANCE,26,1,4,3,118,7.0,1
08d290f2-cacc-a5c9-fda4-ae50bcfa9e05,08d290f2-cacc-a5c9-e3f5-d1d9063f46e5,0.042,875.9,0,emergency,1982-01-16 12:35:15,6,1,12,1,Winter,M,white,nonhispanic,60,NO_INSURANCE,25,1,5,3,120,7.0,1
08d290f2-cacc-a5c9-3797-f87103b9f45b,08d290f2-cacc-a5c9-e3f5-d1d9063f46e5,0.042,875.9,0,emergency,1982-02-13 12:35:15,6,1,12,2,Winter,M,white,nonhispanic,60,NO_INSURANCE,25,2,5,3,124,7.0,1
08d290f2-cacc-a5c9-ff68-780307d6acdd,08d290f2-cacc-a5c9-e3f5-d1d9063f46e5,0.042,875.9,0,emergency,1982-02-27 12:35:15,6,1,12,2,Winter,M,white,nonhispanic,60,NO_INSURANCE,26,1,5,3,126,7.0,1
08d290f2-cacc-a5c9-c7f8-d2189fcc4605,08d290f2-cacc-a5c9-e3f5-d1d9063f46e5,0.042,875.9,0,emergency,1980-03-15 12:35:15,6,1,12,3,Spring,M,white,nonhispanic,58,NO_INSURANCE,24,1,4,4,27,7.0,1
08d290f2-cacc-a5c9-72ec-3f9ca2231ba9,08d290f2-cacc-a5c9-e3f5-d1d9063f46e5,0.031,872.3,0,urgentcare,1980-03-01 12:35:15,6,1,12,3,Spring,M,white,nonhispanic,58,NO_INSURANCE,25,2,4,4,25,21.0,1
08d290f2-cacc-a5c9-c524-22a52765e520,08d290f2-cacc-a5c9-e3f5-d1d9063f46e5,0.01,1154.54,0,urgentcare,1978-10-14 12:35:15,6,1,12,10,Fall,M,white,nonhispanic,56,NO_INSURANCE,24,1,1,3,6,35.0,0
08d290f2-cacc-a5c9-15ad-9a8aafc43145,08d290f2-cacc-a5c9-e3f5-d1d9063f46e5,0.022,872.3,0,urgentcare,1978-11-11 12:35:15,6,1,12,11,Fall,M,white,nonhispanic,56,NO_INSURANCE,23,1,5,4,7,28.0,1
08d290f2-cacc-a5c9-f2c1-2a857e7ee2e8,08d290f2-cacc-a5c9-e3f5-d1d9063f46e5,0.04,872.3,0,urgentcare,1978-12-09 12:35:15,6,1,12,12,Winter,M,white,nonhispanic,56,NO_INSURANCE,27,5,2,4,9,21.0,1
08d290f2-cacc-a5c9-0692-4bd1210a995d,08d290f2-cacc-a5c9-e3f5-d1d9063f46e5,0.024,1088.0,0,urgentcare,1979-01-20 12:35:15,6,1,12,1,Winter,M,white,nonhispanic,57,NO_INSURANCE,24,1,6,4,11,7.0,1
08d290f2-cacc-a5c9-b1cd-3b69fac2b77f,08d290f2-cacc-a5c9-e3f5-d1d9063f46e5,0.022,1008.3,0,urgentcare,1979-02-10 12:35:15,6,1,12,2,Winter,M,white,nonhispanic,57,NO_INSURANCE,24,2,2,5,12,21.0,1
08d290f2-cacc-a5c9-3f28-025b19cb02e6,08d290f2-cacc-a5c9-e3f5-d1d9063f46e5,0.01,715.39,0,urgentcare,1979-03-10 12:35:15,6,1,12,3,Spring,M,white,nonhispanic,57,NO_INSURANCE,25,1,1,4,13,28.0,1
08d290f2-cacc-a5c9-d9b7-6c484fa60f30,08d290f2-cacc-a5c9-e3f5-d1d9063f46e5,0.022,1088.0,0,urgentcare,1979-03-31 12:35:15,6,1,12,3,Spring,M,white,nonhispanic,57,NO_INSURANCE,25,1,8,4,14,21.0,1
08d290f2-cacc-a5c9-d61c-748dafb16a11,08d290f2-cacc-a5c9-e3f5-d1d9063f46e5,0.024,872.3,0,urgentcare,1979-07-07 12:35:15,6,1,12,7,Summer,M,white,nonhispanic,57,NO_INSURANCE,27,5,5,3,17,56.0,0
08d290f2-cacc-a5c9-6b0c-fea993c86a0d,08d290f2-cacc-a5c9-e3f5-d1d9063f46e5,0.039,872.3,0,urgentcare,1979-09-01 12:35:15,6,1,12,9,Fall,M,white,nonhispanic,57,NO_INSURANCE,28,2,2,3,18,56.0,0
08d290f2-cacc-a5c9-0264-b0a231f256f2,08d290f2-cacc-a5c9-e3f5-d1d9063f46e5,0.028,872.3,0,urgentcare,1979-11-03 12:35:15,6,1,12,11,Fall,M,white,nonhispanic,57,NO_INSURANCE,26,1,6,4,21,28.0,1
08d290f2-cacc-a5c9-a157-c285bf5e8698,08d290f2-cacc-a5c9-e3f5-d1d9063f46e5,0.03,872.3,0,urgentcare,1979-12-08 12:35:15,6,1,12,12,Winter,M,white,nonhispanic,57,NO_INSURANCE,25,2,3,4,22,35.0,0
08d290f2-cacc-a5c9-58ec-4d586dfdc455,08d290f2-cacc-a5c9-e3f5-d1d9063f46e5,0.034,872.3,0,urgentcare,1980-02-02 12:35:15,6,1,12,2,Winter,M,white,nonhispanic,58,NO_INSURANCE,25,2,4,4,23,56.0,0
08d290f2-cacc-a5c9-c1d1-86e3928ec27d,08d290f2-cacc-a5c9-e3f5-d1d9063f46e5,0.042,726.74,0,emergency,1988-07-23 12:35:15,6,1,12,7,Summer,M,white,nonhispanic,66,GOVERNMENT,29,3,5,3,453,7.0,1
941047c8-9491-5bc3-a622-d31d84ae8c86,941047c8-9491-5bc3-90c8-e875c0a88421,0.042,146.18,0,emergency,2026-08-08 07:43:48,6,1,7,8,Summer,M,white,nonhispanic,23,PRIVATE,7,2,0,1,2,1159.0,0
1f703c38-c6c9-3325-c304-3ee2bc190548,1f703c38-c6c9-3325-f42d-20368eee4e2b,0.042,146.18,0,emergency,1995-06-11 05:18:50,0,1,5,6,Summer,M,white,nonhispanic,19,PRIVATE,7,1,0,0,8,1414.0,0
2de52dae-a91a-92fe-ebe9-f0680dc3763c,2de52dae-a91a-92fe-e5b1-7698701766ee,0.042,146.18,0,emergency,2024-09-28 23:14:59,6,1,23,9,Fall,M,white,nonhispanic,38,PRIVATE,9,2,0,1,1,13807.0,0
d34d1b52-3371-888d-31a3-f71628c90762,d34d1b52-3371-888d-365f-0ef95ce5301b,0.042,146.18,0,emergency,1977-01-12 15:10:54,3,0,15,1,Winter,F,white,nonhispanic,6,GOVERNMENT,2,1,0,0,0,,0
2660d0e2-ecd3-443e-7051-221684ae8110,2660d0e2-ecd3-443e-107c-0c4698e5861c,0.042,146.18,0,emergency,2025-03-17 14:48:54,1,0,14,3,Spring,M,white,nonhispanic,27,PRIVATE,7,2,0,0,0,,0
bb86e857-62e1-a037-11f5-3a1e11ad251b,bb86e857-62e1-a037-58ba-107438936546,0.042,146.18,0,emergency,2025-11-17 17:29:53,1,0,17,11,Fall,M,white,nonhispanic,50,GOVERNMENT,9,2,0,1,0,,0
3a8baac2-e931-2f10-51cc-cf822ed670eb,3a8baac2-e931-2f10-cc11-48441c18da63,0.042,146.18,0,emergency,2019-12-25 09:56:35,3,0,9,12,Winter,M,white,nonhispanic,12,PRIVATE,3,1,0,2,3,954.0,0
93bf64c2-9be6-e3e2-b1c5-68ad78cd4814,93bf64c2-9be6-e3e2-ed7d-4959ac98649a,0.042,146.18,0,emergency,2009-08-21 06:43:50,5,0,6,8,Summer,M,white,nonhispanic,31,PRIVATE,12,1,0,0,10,458.3,0
15e36d33-d8b6-de1d-f47e-a9ef222f556c,15e36d33-d8b6-de1d-0391-190d15a4e782,0.083,146.18,0,emergency,1999-10-12 12:35:15,2,0,12,10,Fall,M,white,nonhispanic,77,GOVERNMENT,12,1,0,0,8,686.9,0
3d3a1f88-085e-d08e-de2c-59fb91f0a47c,3d3a1f88-085e-d08e-7129-fcb9adb8183f,0.042,146.18,0,emergency,2025-10-24 02:20:19,5,0,2,10,Fall,F,white,hispanic,16,NO_INSURANCE,3,2,0,1,1,819.0,0
61f048dc-f66e-bbda-c277-cb2379760c9b,61f048dc-f66e-bbda-48c8-593d92d2bf03,0.01,142.58,0,urgentcare,2026-08-05 13:45:26,3,0,13,8,Summer,F,white,nonhispanic,80,GOVERNMENT,33,1,0,5,66,35.0,0
8d659511-03d6-8322-5794-230e21133942,8d659511-03d6-8322-9521-4d78efa0c5a8,0.042,146.18,0,emergency,2024-04-21 18:57:53,0,1,18,4,Spring,M,white,hispanic,5,PRIVATE,3,2,0,1,1,1459.0,0
100c338f-2f34-9561-9256-723e060017cb,100c338f-2f34-9561-5413-cf6b1ebb7c6a,0.042,146.18,0,emergency,2026-01-20 00:25:35,2,0,0,1,Winter,M,white,nonhispanic,32,PRIVATE,10,2,0,1,0,,0
6584d844-def6-c89c-3f77-84270d4db47f,6584d844-def6-c89c-9e84-1229ed30d1c1,0.042,146.18,0,emergency,2024-12-28 19:29:43,6,1,19,12,Winter,M,white,nonhispanic,61,GOVERNMENT,22,2,0,4,4,481.0,0
8c6d2f1b-5511-c429-1acc-de3fcc0eb439,8c6d2f1b-5511-c429-bee7-d55f2fb4600d,0.208,146.18,0,emergency,2026-01-02 16:04:48,5,0,16,1,Winter,M,white,nonhispanic,48,PRIVATE,13,1,0,0,8,557.1,0
7a05d1c9-1035-8758-8b9e-2a27c9c41486,7a05d1c9-1035-8758-b18f-15659b309c11,0.042,146.18,0,emergency,2024-12-18 16:07:41,3,0,16,12,Winter,M,white,nonhispanic,48,PRIVATE,17,2,0,1,14,354.0,0
f12b5cfe-ef86-3b19-aa2c-a17f05b80c0d,f12b5cfe-ef86-3b19-9324-7c152f8ca4a5,0.01,142.58,0,urgentcare,2025-04-06 23:31:52,0,1,23,4,Spring,F,white,hispanic,4,NO_INSURANCE,3,1,0,1,3,7.0,1
bcf816fa-6fcd-78af-ba73-ae032161ffc3,bcf816fa-6fcd-78af-c47a-8f55c5f8ecbf,0.042,146.18,0,emergency,2024-12-28 06:13:32,6,1,6,12,Winter,F,white,nonhispanic,60,PRIVATE,21,2,0,2,4,491.0,0
ca2969b2-948d-a5e3-2f68-f5450d1c1c9f,ca2969b2-948d-a5e3-f93a-318c91e9a474,0.042,146.18,0,emergency,2024-06-03 18:35:13,1,0,18,6,Summer,F,white,hispanic,31,PRIVATE,5,2,0,1,3,165.0,0
af613246-c519-86b2-f87e-ec1bf8877964,af613246-c519-86b2-c724-7f9e94213b57,0.042,146.18,0,emergency,2022-08-23 10:24:14,2,0,10,8,Summer,M,white,nonhispanic,31,NO_INSURANCE,10,2,0,0,2,1316.0,0
357ed0b1-93d9-74de-bb82-eda7bd458a2e,357ed0b1-93d9-74de-959b-9cd9c1f1177d,0.042,146.18,0,emergency,2025-01-11 02:38:58,6,1,2,1,Winter,F,white,hispanic,31,PRIVATE,6,2,0,0,5,239.0,0
dfeee4b9-c104-213b-9447-d0977606879f,dfeee4b9-c104-213b-ef2c-17383bad3236,0.875,146.18,0,emergency,2026-04-15 18:18:29,3,0,18,4,Spring,F,white,hispanic,103,GOVERNMENT,16,1,0,0,16,104.1,0
8c6d2f1b-5511-c429-a5b4-25b8865ff222,8c6d2f1b-5511-c429-bee7-d55f2fb4600d,0.125,146.18,0,emergency,2024-06-01 10:18:11,6,1,10,6,Summer,M,white,nonhispanic,46,PRIVATE,13,1,0,0,6,172.0,0
4abcd538-d0ce-5a2a-0263-dd144431dabf,4abcd538-d0ce-5a2a-0be5-88209c082f0a,0.042,146.18,0,emergency,1997-07-06 12:59:44,0,1,12,7,Summer,M,white,nonhispanic,75,GOVERNMENT,20,2,0,1,3,1473.0,0
dfeee4b9-c104-213b-4e17-12a99353b4e8,dfeee4b9-c104-213b-ef2c-17383bad3236,0.042,146.18,0,emergency,2026-01-01 15:05:59,4,0,15,1,Winter,F,white,hispanic,103,GOVERNMENT,15,2,0,1,15,26.3,1
509b0c5b-be42-fc32-9d72-cb595354f252,509b0c5b-be42-fc32-1781-046e762c0d6b,0.042,146.18,0,emergency,2021-09-27 05:21:40,1,0,5,9,Fall,F,white,nonhispanic,5,PRIVATE,3,2,0,1,1,1575.0,0
f58b068c-f7b4-9493-d61c-aef07923b9d4,f58b068c-f7b4-9493-d114-90cfcbf108cf,0.042,146.18,0,emergency,2025-11-15 11:22:28,6,1,11,11,Fall,M,white,nonhispanic,69,GOVERNMENT,18,2,0,1,6,255.7,0
8f8b1851-9cd1-92d0-f8f2-ec3a9a4dd928,8f8b1851-9cd1-92d0-8d35-8e7c79e907d7,0.042,146.18,0,emergency,2019-08-10 01:40:26,6,1,1,8,Summer,F,white,nonhispanic,4,GOVERNMENT,3,2,0,1,0,,0
7f267b17-469e-eca7-afb0-9bc25575e08e,7f267b17-469e-eca7-5ed2-6e5817a1ecab,0.042,146.18,0,emergency,2024-11-14 04:43:26,4,0,4,11,Fall,F,white,nonhispanic,11,NO_INSURANCE,4,2,0,1,1,308.9,0
3c6d9ae6-d3ab-779c-043b-1ca695c911bb,3c6d9ae6-d3ab-779c-b577-b4cdfc7fdfe1,0.042,146.18,0,emergency,2025-06-07 23:31:17,6,1,23,6,Summer,M,asian,nonhispanic,50,PRIVATE,13,2,0,0,1,6167.0,0
81002825-713a-14f9-53f9-7f92d053ac08,81002825-713a-14f9-4e9e-1d4ed435477f,0.042,146.18,0,emergency,2022-02-01 06:12:15,2,0,6,2,Winter,F,white,nonhispanic,6,PRIVATE,3,2,0,2,1,1861.0,0
5cd84a0d-8f4d-3d73-66e8-2b6469979e5f,5cd84a0d-8f4d-3d73-9cad-6eb97a592a76,0.042,146.18,0,emergency,2023-07-06 16:07:13,4,0,16,7,Summer,F,white,nonhispanic,51,PRIVATE,12,2,0,0,3,1183.0,0
64fc6ff7-f44c-cf27-71bc-39c4a27c5178,64fc6ff7-f44c-cf27-2cc9-0f3ec3f50c46,0.042,146.18,0,emergency,2022-01-09 12:36:03,0,1,12,1,Winter,M,white,nonhispanic,7,GOVERNMENT,3,2,0,0,1,776.0,0
b0254f72-8d4f-233b-55e3-4c4f4a113b31,b0254f72-8d4f-233b-9aef-74c2c4019761,0.208,146.18,0,emergency,2024-08-02 16:21:30,5,0,16,8,Summer,M,white,nonhispanic,36,GOVERNMENT,12,1,0,0,15,138.8,0
b2a47352-a222-d454-2b26-d4d2842b6c5b,b2a47352-a222-d454-52a7-083891c96aa0,0.01,149.38,0,urgentcare,2025-10-08 15:03:30,3,0,15,10,Fall,F,white,nonhispanic,75,GOVERNMENT,18,1,0,0,2,7.0,1
cea9384c-b73d-bcff-09d9-6ba06e96e049,cea9384c-b73d-bcff-8454-7a71a56aa47b,0.01,291.74,0,urgentcare,2026-06-25 13:53:14,4,0,13,6,Summer,F,white,nonhispanic,63,PRIVATE,17,1,0,3,1,7.0,1
60ff4c3e-9712-fea2-ac69-49fd2554acf5,60ff4c3e-9712-fea2-32a4-4b47b26ddcf5,0.042,146.18,0,emergency,2019-07-06 21:14:50,6,1,21,7,Summer,F,asian,hispanic,63,PRIVATE,18,2,0,3,6,216.1,0
6873f1ca-d5dc-2962-14a5-4184f8f9d9a2,6873f1ca-d5dc-2962-aa07-68141aa4e9be,0.042,146.18,0,emergency,2024-05-21 16:48:17,2,0,16,5,Spring,M,white,nonhispanic,42,PRIVATE,11,2,0,1,0,,0
904d7220-936a-4a9d-23d7-746d60615746,904d7220-936a-4a9d-0b23-58eb3a7b21ac,0.042,146.18,0,emergency,2023-01-15 04:10:11,0,1,4,1,Winter,F,white,nonhispanic,14,NO_INSURANCE,3,2,0,1,0,,0
dfeee4b9-c104-213b-9a10-df75438b6909,dfeee4b9-c104-213b-ef2c-17383bad3236,0.5,146.18,0,emergency,2025-12-05 19:44:21,5,0,19,12,Winter,F,white,hispanic,102,GOVERNMENT,14,1,0,0,14,637.9,0
cca04c04-e02e-2bac-409e-136d3ac7b6af,cca04c04-e02e-2bac-ff0f-207af6460e91,0.208,146.18,0,emergency,2022-01-16 01:38:29,0,1,1,1,Winter,F,hawaiian,nonhispanic,45,PRIVATE,12,1,0,0,7,554.2,0
cb516324-bbf5-6e8a-f342-c5ab1b5bd629,cb516324-bbf5-6e8a-1d80-bd569fa51d89,0.042,146.18,0,emergency,2022-09-29 09:37:57,4,0,9,9,Fall,F,white,nonhispanic,13,PRIVATE,3,1,0,0,5,7.0,1
97e95143-f963-df2a-ddc8-7e24f9a4974e,97e95143-f963-df2a-3b59-b9d535818a5e,0.042,146.18,0,emergency,1964-09-21 10:58:47,1,0,10,9,Fall,M,white,nonhispanic,4,NO_INSURANCE,6,2,0,3,13,21.0,1
0877c35e-4c12-5662-9d29-88381a76f939,0877c35e-4c12-5662-8cba-73763f2366f6,0.042,146.18,0,emergency,2024-10-19 11:25:05,6,1,11,10,Fall,M,white,nonhispanic,64,PRIVATE,13,2,0,1,3,767.0,0
cca04c04-e02e-2bac-0a95-9506afd27a6d,cca04c04-e02e-2bac-ff0f-207af6460e91,0.125,146.18,0,emergency,2020-07-10 17:39:55,5,0,17,7,Summer,F,hawaiian,nonhispanic,43,PRIVATE,12,1,0,0,6,794.6,0
1f8e3327-db2f-23db-2e99-789584c5d5c4,1f8e3327-db2f-23db-8638-3eac99fcc4cf,0.01,291.74,0,urgentcare,2001-08-11 23:40:05,6,1,23,8,Summer,M,white,nonhispanic,51,PRIVATE,13,1,0,3,2,7.0,1
89a05562-333c-60ed-ef98-c2a4a9a149d0,89a05562-333c-60ed-5660-ff34b7f6e814,0.01,142.58,0,urgentcare,2014-04-25 13:26:05,5,0,13,4,Spring,M,white,nonhispanic,61,GOVERNMENT,32,1,0,7,38,63.0,0
e539629f-12bf-2439-f20c-f6e64743c17b,e539629f-12bf-2439-155d-ad6e1e79962f,0.042,146.18,0,emergency,2018-07-17 07:22:18,2,0,7,7,Summer,F,white,nonhispanic,1,PRIVATE,2,2,0,1,0,,0
70e52269-2c10-4683-7ce7-0a9c5251f6b6,70e52269-2c10-4683-e160-145aaa96930e,0.042,146.18,0,emergency,2017-01-13 08:42:37,5,0,8,1,Winter,F,white,nonhispanic,21,PRIVATE,7,2,0,2,0,,0
569a5039-07b0-3769-90ed-dae51dc1c075,569a5039-07b0-3769-b644-614c3d87275a,0.01,142.58,0,urgentcare,2025-04-19 16:57:59,6,1,16,4,Spring,M,white,nonhispanic,85,GOVERNMENT,22,1,0,4,45,7.0,1
9cc18676-fda5-105d-112a-0ba43a71ff2d,9cc18676-fda5-105d-62c5-c369b8cdbd91,0.042,146.18,0,emergency,2024-07-09 13:13:29,2,0,13,7,Summer,M,white,nonhispanic,1,PRIVATE,2,2,0,1,0,,0
357ed0b1-93d9-74de-38ed-a1a7d530fd2a,357ed0b1-93d9-74de-959b-9cd9c1f1177d,0.042,146.18,0,emergency,2021-05-14 02:38:58,5,0,2,5,Spring,F,white,hispanic,27,PRIVATE,6,2,0,1,2,406.0,0
9d60dfae-efd2-f4f3-4caa-a4f78ea2a4c5,9d60dfae-efd2-f4f3-3510-e483dc850874,0.458,146.18,0,emergency,2022-10-14 10:12:47,5,0,10,10,Fall,M,black,nonhispanic,76,GOVERNMENT,12,1,0,0,14,326.1,0
cca04c04-e02e-2bac-6385-17ca7a9fc49e,cca04c04-e02e-2bac-ff0f-207af6460e91,0.042,146.18,0,emergency,2018-05-08 01:59:54,2,0,1,5,Spring,F,hawaiian,nonhispanic,41,PRIVATE,15,1,0,0,5,126.0,0
4abcd538-d0ce-5a2a-ce3b-5b7286be7439,4abcd538-d0ce-5a2a-0be5-88209c082f0a,0.042,146.18,0,emergency,1993-06-24 12:59:44,4,0,12,6,Summer,M,white,nonhispanic,71,GOVERNMENT,19,2,0,2,2,545.0,0
e4688329-14b8-5dcb-5813-7717d4c07f56,e4688329-14b8-5dcb-f02f-f585af8478e1,0.042,146.18,0,emergency,2020-05-19 13:58:52,2,0,13,5,Spring,M,white,nonhispanic,35,PRIVATE,7,2,0,0,1,3811.2,0
61f048dc-f66e-bbda-51a8-07ea11061571,61f048dc-f66e-bbda-48c8-593d92d2bf03,0.01,142.58,0,urgentcare,2026-03-11 13:45:26,3,0,13,3,Spring,F,white,nonhispanic,80,GOVERNMENT,33,1,0,7,60,7.0,1
22535c9e-168b-3f92-9c54-1c2d13837f2e,22535c9e-168b-3f92-fd09-3a506e40beaa,0.01,217.16,0,urgentcare,2021-04-24 12:58:30,6,1,12,4,Spring,F,asian,nonhispanic,5,PRIVATE,1,1,0,1,0,,0
8d659511-03d6-8322-6949-901dbf4773ab,8d659511-03d6-8322-9521-4d78efa0c5a8,0.042,146.18,0,emergency,2020-04-23 18:57:53,4,0,18,4,Spring,M,white,hispanic,1,GOVERNMENT,3,2,0,1,0,,0
30ae48b3-f8fc-2aff-a41a-875e334ac30a,30ae48b3-f8fc-2aff-577f-fdaea9ff2940,0.042,146.18,0,emergency,2019-11-24 13:23:01,0,1,13,11,Fall,F,white,nonhispanic,11,NO_INSURANCE,2,2,0,2,2,412.0,0
0dab04ec-7905-3a98-d8b7-d6f322ff581a,0dab04ec-7905-3a98-fe89-199613c09ec5,0.042,146.18,0,emergency,2019-06-23 02:49:51,0,1,2,6,Summer,M,black,nonhispanic,24,NO_INSURANCE,10,2,0,1,0,,0
f515ade8-b2ab-7686-869f-73f106f3d08b,f515ade8-b2ab-7686-a20e-18b2a0ca84bc,0.042,146.18,0,emergency,2020-08-07 09:51:16,5,0,9,8,Summer,M,white,nonhispanic,30,PRIVATE,5,2,0,1,0,,0
7a05d1c9-1035-8758-ba04-b8280c55191a,7a05d1c9-1035-8758-b18f-15659b309c11,0.958,146.18,0,emergency,2020-01-31 00:50:35,5,0,0,1,Winter,M,white,nonhispanic,44,PRIVATE,17,1,0,0,10,429.7,0
3f5ae3db-d7b5-e990-21f0-deab967854b5,3f5ae3db-d7b5-e990-79e2-5ab9d40e8844,0.042,146.18,0,emergency,2024-06-05 12:50:30,3,0,12,6,Summer,M,white,nonhispanic,48,PRIVATE,11,2,0,1,0,,0
970e27db-668f-15cf-4683-3c868471c269,970e27db-668f-15cf-e4e8-6700e822c668,0.042,146.18,0,emergency,2025-05-24 22:35:58,6,1,22,5,Spring,M,white,nonhispanic,18,PRIVATE,5,1,0,0,8,536.9,0
81002825-713a-14f9-12e7-90cf09edc94a,81002825-713a-14f9-4e9e-1d4ed435477f,0.042,146.18,0,emergency,2016-12-28 06:12:15,3,0,6,12,Winter,F,white,nonhispanic,0,PRIVATE,5,2,0,1,0,,0
481c67fe-e8a9-d5da-9061-a8bf93110d6e,481c67fe-e8a9-d5da-d0df-6c733cf47f2e,0.042,146.18,0,emergency,2021-09-21 04:05:08,2,0,4,9,Fall,F,white,nonhispanic,15,PRIVATE,5,2,0,1,2,378.0,0
dfeee4b9-c104-213b-c1f6-dabbdbc5f390,dfeee4b9-c104-213b-ef2c-17383bad3236,0.292,146.18,0,emergency,2024-03-07 15:54:28,4,0,15,3,Spring,F,white,hispanic,101,GOVERNMENT,13,1,0,0,13,203.0,0
554433f6-0e15-63d5-6176-96c509a630d4,554433f6-0e15-63d5-4568-1977a03ac68a,0.042,146.18,0,emergency,2020-07-07 11:28:06,2,0,11,7,Summer,M,white,nonhispanic,19,GOVERNMENT,6,2,0,1,1,454.0,0
0fdbc34e-6d83-f024-9728-b7944fb27547,0fdbc34e-6d83-f024-de2b-f788fabffc39,0.042,146.18,0,emergency,2022-08-14 13:25:22,0,1,13,8,Summer,M,white,nonhispanic,19,PRIVATE,7,2,0,3,0,,0
93bf64c2-9be6-e3e2-ea9c-c5bacd5edde4,93bf64c2-9be6-e3e2-ed7d-4959ac98649a,0.167,146.18,0,emergency,2008-03-09 20:07:55,0,1,20,3,Spring,M,white,nonhispanic,30,PRIVATE,10,1,0,0,8,224.0,0
eca939f6-fbb9-0555-d1b6-34967b1bb8da,eca939f6-fbb9-0555-e330-40745d4d6c30,0.042,146.18,0,emergency,2021-04-19 12:34:03,1,0,12,4,Spring,F,white,nonhispanic,24,PRIVATE,6,2,0,2,2,739.0,0
93bf64c2-9be6-e3e2-db55-085ba88c2bb5,93bf64c2-9be6-e3e2-ed7d-4959ac98649a,0.792,146.18,0,emergency,2007-01-20 01:07:55,6,1,1,1,Winter,M,white,nonhispanic,29,PRIVATE,10,1,0,0,6,1262.4,0
1f703c38-c6c9-3325-3236-cb9d91bb001c,1f703c38-c6c9-3325-f42d-20368eee4e2b,7.0,146.18,0,inpatient,1991-07-21 05:18:50,0,1,5,7,Summer,M,white,nonhispanic,15,PRIVATE,5,1,0,1,7,217.0,0
15d2023e-7261-4ed1-4476-ba37ae201a7c,15d2023e-7261-4ed1-d81a-5b9ba8e4b338,0.5,146.18,0,emergency,2021-12-22 15:58:11,3,0,15,12,Winter,F,white,nonhispanic,24,PRIVATE,11,1,0,0,19,238.0,0
b0254f72-8d4f-233b-7ebb-d8ac62ab2c40,b0254f72-8d4f-233b-9aef-74c2c4019761,1.375,146.18,0,emergency,2023-08-10 07:21:30,4,0,7,8,Summer,M,white,nonhispanic,35,GOVERNMENT,10,1,0,0,13,340.2,0
30ae48b3-f8fc-2aff-acd6-08518d24ac95,30ae48b3-f8fc-2aff-577f-fdaea9ff2940,0.042,146.18,0,emergency,2018-10-08 13:23:01,1,0,13,10,Fall,F,white,nonhispanic,10,NO_INSURANCE,3,2,0,2,1,375.0,0
0d7fe276-2205-f6f7-1665-45364bd72dd0,0d7fe276-2205-f6f7-5667-b5dae0f5a1ac,0.042,146.18,0,emergency,2020-09-13 01:06:39,0,1,1,9,Fall,M,white,nonhispanic,5,PRIVATE,2,3,0,1,0,,0
5ef6bfb1-b930-bd01-690c-f57472d05ae9,5ef6bfb1-b930-bd01-0f1c-a97248be14f8,0.167,146.18,0,emergency,2022-12-20 03:03:29,2,0,3,12,Winter,M,white,nonhispanic,72,GOVERNMENT,20,1,0,0,11,160.2,0
d56007d4-29fb-4049-bf2f-ee49614925a8,d56007d4-29fb-4049-d7de-d02be8374446,0.042,146.18,0,emergency,2022-10-16 03:42:38,0,1,3,10,Fall,F,asian,nonhispanic,61,PRIVATE,12,2,0,1,0,,0
15d2023e-7261-4ed1-4ec8-dfea83bde4f0,15d2023e-7261-4ed1-d81a-5b9ba8e4b338,9.0,146.18,1,inpatient,2020-08-22 15:58:11,6,1,15,8,Summer,F,white,nonhispanic,23,PRIVATE,10,1,0,0,17,28.0,1
2de52dae-a91a-92fe-423d-5f274df9d5ed,2de52dae-a91a-92fe-e5b1-7698701766ee,0.082,17189.78,0,emergency,1986-12-10 21:16:59,3,0,21,12,Winter,M,white,nonhispanic,0,PRIVATE,2,2,0,0,0,,0
8bcce517-567c-46d2-b6ec-53acb0db088e,8bcce517-567c-46d2-42bc-ab92da8221f4,0.042,146.18,0,emergency,2020-04-26 02:21:14,0,1,2,4,Spring,M,asian,nonhispanic,14,PRIVATE,4,2,0,1,0,,0
bcf816fa-6fcd-78af-1c54-474a95fe3d6b,bcf816fa-6fcd-78af-c47a-8f55c5f8ecbf,0.042,146.18,0,emergency,2022-05-13 06:55:32,5,0,6,5,Spring,F,white,nonhispanic,58,PRIVATE,18,2,0,2,1,5387.2,0
5d84fe6d-27c0-5b15-62ad-0c983082bb76,5d84fe6d-27c0-5b15-6884-619849b747a4,0.042,146.18,0,emergency,2020-03-30 14:14:48,1,0,14,3,Spring,M,asian,nonhispanic,4,PRIVATE,3,2,0,1,1,1224.9,0
dfeee4b9-c104-213b-b920-b33deabdd70e,dfeee4b9-c104-213b-ef2c-17383bad3236,0.208,146.18,0,emergency,2023-04-15 10:54:28,6,1,10,4,Spring,F,white,hispanic,100,GOVERNMENT,12,1,0,0,11,450.4,0
f58b068c-f7b4-9493-0ca3-48b036e15a8f,f58b068c-f7b4-9493-d114-90cfcbf108cf,4.0,146.18,0,inpatient,2024-10-02 10:07:04,3,0,10,10,Fall,M,white,nonhispanic,68,GOVERNMENT,14,1,0,0,3,1282.9,0
5ef6bfb1-b930-bd01-453f-6bd10dd766bd,5ef6bfb1-b930-bd01-0f1c-a97248be14f8,0.458,146.18,0,emergency,2022-07-12 12:14:17,2,0,12,7,Summer,M,white,nonhispanic,72,GOVERNMENT,20,1,0,5,10,133.0,0
4abcd538-d0ce-5a2a-954b-420d9f22b221,4abcd538-d0ce-5a2a-0be5-88209c082f0a,0.042,87.71,0,emergency,1991-12-27 12:35:15,5,0,12,12,Winter,M,white,nonhispanic,69,GOVERNMENT,17,1,0,3,1,4339.9,0
35e0f778-7ddf-f4bf-3354-b07d5c324024,35e0f778-7ddf-f4bf-df8b-4a6521b753e4,0.01,291.74,0,urgentcare,2023-12-13 13:06:47,3,0,13,12,Winter,M,white,nonhispanic,47,PRIVATE,22,1,0,3,4,370.9,0
481c67fe-e8a9-d5da-9f6c-708834a2cfa4,481c67fe-e8a9-d5da-d0df-6c733cf47f2e,0.042,146.18,0,emergency,2020-09-08 04:05:08,2,0,4,9,Fall,F,white,nonhispanic,14,PRIVATE,3,2,0,2,1,79.0,0
9cc5911e-abf1-274c-1932-4c913e30841d,9cc5911e-abf1-274c-3448-11e9f41698b7,0.042,146.18,0,emergency,2020-03-21 14:46:31,6,1,14,3,Spring,F,white,nonhispanic,70,GOVERNMENT,12,2,0,1,0,,0
e0f711eb-6045-f479-7d4c-0f29c2ae9ce1,e0f711eb-6045-f479-32f2-b16fe78bbb4f,0.028,789.68,0,urgentcare,2010-08-28 03:21:32,6,1,3,8,Summer,F,white,hispanic,19,GOVERNMENT,7,1,0,0,0,,0
65d190f9-a947-7403-4ff8-de9dfda3d7cd,65d190f9-a947-7403-ab4e-853a64f5f0c3,0.042,146.18,0,emergency,2023-04-05 00:20:33,3,0,0,4,Spring,M,white,nonhispanic,73,GOVERNMENT,22,2,0,1,2,6587.9,0
1f703c38-c6c9-3325-01d3-cf5e9beee294,1f703c38-c6c9-3325-f42d-20368eee4e2b,0.042,87.71,0,emergency,1990-11-09 05:18:50,5,0,5,11,Fall,M,white,nonhispanic,14,PRIVATE,3,1,0,2,5,58.0,0
15d2023e-7261-4ed1-2500-175911d30d35,15d2023e-7261-4ed1-d81a-5b9ba8e4b338,0.083,146.18,0,emergency,2020-07-25 13:58:11,6,1,13,7,Summer,F,white,nonhispanic,23,PRIVATE,10,1,0,0,16,350.0,0
0877c35e-4c12-5662-7846-b2d2dd9dab65,0877c35e-4c12-5662-8cba-73763f2366f6,0.042,146.18,0,emergency,2022-09-13 11:25:05,2,0,11,9,Fall,M,white,nonhispanic,62,PRIVATE,11,2,0,1,2,1604.0,0
23d25649-b558-2a19-2a07-5802f7725ba0,23d25649-b558-2a19-4dfe-cd7b77e926fc,0.042,146.18,0,emergency,2014-10-26 22:52:27,0,1,22,10,Fall,F,white,nonhispanic,50,PRIVATE,8,2,0,1,3,544.0,0
02a1a10f-78a3-da88-ce14-075cc1f68ab4,02a1a10f-78a3-da88-f0ee-7df27e2d2a9f,0.042,146.18,0,emergency,2019-07-13 14:13:29,6,1,14,7,Summer,F,white,nonhispanic,40,NO_INSURANCE,14,2,0,3,0,,0
82e97671-9f3a-eab7-bfe6-851b48c4bd7d,82e97671-9f3a-eab7-10c0-f1a54f088dfc,0.042,146.18,0,emergency,2020-10-04 08:59:57,0,1,8,10,Fall,F,white,nonhispanic,62,PRIVATE,14,2,0,0,1,9765.0,0
7303ace7-0bce-fc45-6cf5-9e34cd529618,7303ace7-0bce-fc45-3757-9e3f26f4836a,0.042,146.18,0,emergency,2019-12-30 22:18:10,1,0,22,12,Winter,M,white,nonhispanic,32,PRIVATE,10,2,0,1,1,5735.8,0
30ae48b3-f8fc-2aff-b2ae-5ebd365d4d09,30ae48b3-f8fc-2aff-577f-fdaea9ff2940,0.042,146.18,0,emergency,2017-09-28 13:23:01,4,0,13,9,Fall,F,white,nonhispanic,9,NO_INSURANCE,3,2,0,1,0,,0
eca939f6-fbb9-0555-b41d-1d156ea774a2,eca939f6-fbb9-0555-e330-40745d4d6c30,0.042,146.18,0,emergency,2019-04-11 12:34:03,4,0,12,4,Spring,F,white,nonhispanic,22,PRIVATE,7,2,0,1,1,441.0,0
1581781c-aa5f-8485-fddc-251a9ebe4982,1581781c-aa5f-8485-65f6-81c132c10355,0.042,146.18,0,emergency,2019-12-04 13:38:00,3,0,13,12,Winter,M,white,nonhispanic,66,GOVERNMENT,17,2,0,1,4,754.0,0
5ef6bfb1-b930-bd01-ef83-5da9af885d3f,5ef6bfb1-b930-bd01-0f1c-a97248be14f8,0.625,146.18,0,emergency,2022-02-28 21:14:17,1,0,21,2,Winter,M,white,nonhispanic,72,GOVERNMENT,20,1,0,0,9,312.5,0
93bf64c2-9be6-e3e2-e37b-9f91ccf0efc8,93bf64c2-9be6-e3e2-ed7d-4959ac98649a,0.125,146.18,0,emergency,2003-08-06 11:50:00,3,0,11,8,Summer,M,white,nonhispanic,25,NO_INSURANCE,11,1,0,0,5,576.0,0
1f703c38-c6c9-3325-da08-3dac485f7dfc,1f703c38-c6c9-3325-f42d-20368eee4e2b,0.042,146.18,0,emergency,1990-05-24 05:18:50,4,0,5,5,Spring,M,white,nonhispanic,14,PRIVATE,4,1,0,2,3,10.6,1
7a05d1c9-1035-8758-0fca-4066ea0e0af3,7a05d1c9-1035-8758-b18f-15659b309c11,0.375,146.18,0,emergency,2017-07-13 14:22:33,4,0,14,7,Summer,M,white,nonhispanic,41,PRIVATE,14,1,0,1,7,76.9,0
e8233637-a645-7460-413e-8ca15973e594,e8233637-a645-7460-78fd-808cf87933da,0.01,291.74,0,urgentcare,2002-09-21 12:35:15,6,1,12,9,Fall,M,white,nonhispanic,80,GOVERNMENT,28,1,0,4,42,7.0,1
7a05d1c9-1035-8758-eb65-ae4e57568f98,7a05d1c9-1035-8758-b18f-15659b309c11,0.042,146.18,0,emergency,2017-04-27 15:38:50,4,0,15,4,Spring,M,white,nonhispanic,41,PRIVATE,15,2,0,1,6,2881.4,0
af613246-c519-86b2-bc3a-d7aa006be0d8,af613246-c519-86b2-c724-7f9e94213b57,0.035,1192.56,0,urgentcare,2012-11-13 09:48:24,2,0,9,11,Fall,M,white,nonhispanic,21,NO_INSURANCE,3,1,0,0,0,,0
9d60dfae-efd2-f4f3-a7fe-6326f7efd6df,9d60dfae-efd2-f4f3-3510-e483dc850874,0.042,146.18,0,emergency,2021-09-28 06:57:23,2,0,6,9,Fall,M,black,nonhispanic,75,GOVERNMENT,9,1,0,0,10,315.0,0
eca939f6-fbb9-0555-647b-b93cdfc3fb0a,eca939f6-fbb9-0555-e330-40745d4d6c30,0.042,146.18,0,emergency,2018-01-25 12:34:03,4,0,12,1,Winter,F,white,nonhispanic,21,PRIVATE,7,2,0,1,0,,0
ef0f65e9-6b19-092b-c492-532f4ccd302d,ef0f65e9-6b19-092b-451a-5af9e9c1d7ae,0.042,146.18,0,emergency,2021-07-17 15:28:02,6,1,15,7,Summer,F,white,nonhispanic,30,PRIVATE,11,2,0,1,3,840.0,0
b0254f72-8d4f-233b-1cc6-0eaa7b68873a,b0254f72-8d4f-233b-9aef-74c2c4019761,0.375,146.18,0,emergency,2022-09-03 18:42:53,6,1,18,9,Fall,M,white,nonhispanic,34,GOVERNMENT,11,1,0,0,12,203.0,0
e91e81ed-4cd5-d351-0092-712368afde35,e91e81ed-4cd5-d351-8339-c83d75dac736,0.042,146.18,0,emergency,2020-04-30 03:41:25,4,0,3,4,Spring,M,white,hispanic,46,PRIVATE,15,2,0,0,1,924.0,0
5ef6bfb1-b930-bd01-6e2d-766881b28dc0,5ef6bfb1-b930-bd01-0f1c-a97248be14f8,0.042,146.18,0,emergency,2020-12-11 09:50:01,5,0,9,12,Winter,M,white,nonhispanic,70,GOVERNMENT,22,2,0,1,7,504.4,0
93bf64c2-9be6-e3e2-59da-e8e8023c2afa,93bf64c2-9be6-e3e2-ed7d-4959ac98649a,0.333,146.18,0,emergency,2002-01-07 02:44:16,1,0,2,1,Winter,M,white,nonhispanic,24,NO_INSURANCE,12,1,0,0,4,1917.6,0
35e0f778-7ddf-f4bf-efe3-45b129d668a1,35e0f778-7ddf-f4bf-df8b-4a6521b753e4,0.042,146.18,0,emergency,2022-12-07 13:49:03,3,0,13,12,Winter,M,white,nonhispanic,46,PRIVATE,22,2,0,6,3,805.0,0
d83493af-db79-e566-149d-226592eee6e5,d83493af-db79-e566-0963-ccadfbdac049,0.042,146.18,0,emergency,2012-11-19 18:06:03,1,0,18,11,Fall,M,white,nonhispanic,14,PRIVATE,1,1,0,0,0,,0
e4688329-14b8-5dcb-fdbd-1f6e1e1da29d,e4688329-14b8-5dcb-f02f-f585af8478e1,0.042,87.71,0,emergency,2009-12-12 08:59:58,6,1,8,12,Winter,M,white,nonhispanic,24,PRIVATE,4,1,0,0,0,,0
e2d7b75a-63f0-2840-fb84-bc2840687167,e2d7b75a-63f0-2840-158a-72516b9d15c2,0.042,146.18,0,emergency,2019-07-19 09:56:35,5,0,9,7,Summer,M,white,nonhispanic,12,PRIVATE,3,2,0,1,1,767.0,0
2b550547-5163-3b59-a0b7-77a9f0622397,2b550547-5163-3b59-c405-6e2baabdab86,0.042,146.18,0,emergency,2017-01-18 17:42:48,3,0,17,1,Winter,M,asian,nonhispanic,12,PRIVATE,2,2,0,1,0,,0
0624bc58-5c5b-d88d-da51-f41fa838d853,0624bc58-5c5b-d88d-33c9-076abb41330b,1.0,983.03,0,inpatient,2014-11-14 07:16:41,5,0,7,11,Fall,F,white,nonhispanic,41,GOVERNMENT,10,1,0,0,0,,0
569a5039-07b0-3769-45f6-adfc097c110e,569a5039-07b0-3769-b644-614c3d87275a,0.01,142.58,0,urgentcare,2023-07-08 16:57:59,6,1,16,7,Summer,M,white,nonhispanic,83,GOVERNMENT,21,1,0,4,42,7.0,1
0672a55d-40c9-af5b-f8a4-900627fd9ad4,0672a55d-40c9-af5b-41f3-46c31e57ee51,0.042,146.18,0,emergency,2022-04-23 07:18:38,6,1,7,4,Spring,M,white,nonhispanic,59,GOVERNMENT,22,1,0,4,3,671.2,0
cca04c04-e02e-2bac-71b1-43b92f46338b,cca04c04-e02e-2bac-ff0f-207af6460e91,0.042,87.71,0,emergency,1992-06-15 10:37:00,1,0,10,6,Summer,F,hawaiian,nonhispanic,15,PRIVATE,3,1,0,0,2,199.0,0
dea30b60-62a4-f7d4-b57b-baa7ce26e47a,dea30b60-62a4-f7d4-0ebf-828d7da37a8c,4.069,6629.58,0,inpatient,2012-06-17 20:36:28,0,1,20,6,Summer,M,white,nonhispanic,43,PRIVATE,7,1,0,0,0,,0
dfc9eb96-3c2a-6c32-6b7c-41935af5f372,dfc9eb96-3c2a-6c32-6584-9d2ab6f64f18,0.01,142.58,0,urgentcare,1992-01-25 12:35:15,6,1,12,1,Winter,M,white,nonhispanic,70,GOVERNMENT,31,1,0,7,43,21.0,1
7a05d1c9-1035-8758-fc97-8b54b5a0fe60,7a05d1c9-1035-8758-b18f-15659b309c11,0.028,784.56,0,urgentcare,2009-06-07 05:18:50,0,1,5,6,Summer,M,white,nonhispanic,33,PRIVATE,11,1,0,0,5,1809.9,0
24e683ac-9faa-5fb1-2d4f-7df754d13fe4,24e683ac-9faa-5fb1-697c-0f4e0b6f478f,7.333,1025.09,1,emergency,2016-07-14 14:58:10,4,0,14,7,Summer,F,white,nonhispanic,34,GOVERNMENT,9,1,0,0,0,,0
4fa39422-619e-8ff6-4206-417dc703a015,4fa39422-619e-8ff6-d151-6804e18d267e,0.028,648.56,0,urgentcare,2016-08-06 09:45:51,6,1,9,8,Summer,M,white,nonhispanic,42,GOVERNMENT,15,2,0,5,2,161.0,0
cca04c04-e02e-2bac-7be1-7c80d2974e45,cca04c04-e02e-2bac-ff0f-207af6460e91,0.042,146.18,0,emergency,1991-11-29 10:37:00,5,0,10,11,Fall,F,hawaiian,nonhispanic,14,PRIVATE,2,1,0,0,1,1526.3,0
844a9d90-7b88-1a03-1f1e-653696bbbb6b,844a9d90-7b88-1a03-5772-4bc76b2d8760,0.042,146.18,0,emergency,2018-07-31 16:23:32,2,0,16,7,Summer,M,white,nonhispanic,26,PRIVATE,11,2,0,1,0,,0
ae34ab54-b219-95ff-646a-d017fdb6d4da,ae34ab54-b219-95ff-18ec-68c3fdde0ab4,2.671,5423.98,0,inpatient,1999-09-06 22:32:40,1,0,22,9,Fall,M,white,nonhispanic,18,GOVERNMENT,3,1,0,0,0,,0
970e27db-668f-15cf-a51e-52ef127f6704,970e27db-668f-15cf-e4e8-6700e822c668,0.01,142.58,0,urgentcare,2021-03-23 01:35:58,2,0,1,3,Spring,M,white,nonhispanic,14,PRIVATE,4,1,0,3,5,7.0,1
b0254f72-8d4f-233b-5ba3-b9ca473796fe,b0254f72-8d4f-233b-9aef-74c2c4019761,0.208,146.18,0,emergency,2021-11-05 13:42:53,5,0,13,11,Fall,M,white,nonhispanic,33,GOVERNMENT,11,1,0,0,9,244.2,0
cca04c04-e02e-2bac-ce40-c0206382d8fe,cca04c04-e02e-2bac-ff0f-207af6460e91,1.945,21432.77,0,inpatient,1987-09-23 04:37:00,3,0,4,9,Fall,F,hawaiian,nonhispanic,10,PRIVATE,1,1,0,0,0,,0
56f34420-5ec7-7716-ad95-3d87d0ea6031,56f34420-5ec7-7716-0431-6355936f3355,1.0,15951.79,0,inpatient,1989-05-04 02:41:39,4,0,2,5,Spring,F,white,nonhispanic,59,PRIVATE,12,1,0,2,0,,0
e1e67ff6-6c48-c360-a50f-1231e959ac28,e1e67ff6-6c48-c360-23bc-367228890c40,0.01,142.58,0,urgentcare,2016-06-03 07:51:48,5,0,7,6,Summer,M,white,nonhispanic,2,PRIVATE,6,1,0,3,2,7.0,1
b0254f72-8d4f-233b-cde0-c27649c775ad,b0254f72-8d4f-233b-9aef-74c2c4019761,0.083,146.18,0,emergency,2021-01-26 07:44:13,2,0,7,1,Winter,M,white,nonhispanic,33,GOVERNMENT,11,1,0,0,7,604.1,0
e2d7b75a-63f0-2840-862f-b5d0454055e1,e2d7b75a-63f0-2840-158a-72516b9d15c2,0.042,146.18,0,emergency,2017-06-12 09:56:35,1,0,9,6,Summer,M,white,nonhispanic,10,PRIVATE,2,2,0,1,0,,0
5ef6bfb1-b930-bd01-accd-c9b1e47ef3fb,5ef6bfb1-b930-bd01-0f1c-a97248be14f8,0.583,146.18,0,emergency,2019-07-25 09:02:23,4,0,9,7,Summer,M,white,nonhispanic,69,GOVERNMENT,22,1,0,1,6,530.9,0
77576681-70f3-74d3-f5a0-5989f8bb4978,77576681-70f3-74d3-e60e-bb7c3a782eb8,0.125,146.18,0,emergency,2019-04-19 01:37:40,5,0,1,4,Spring,M,white,nonhispanic,39,PRIVATE,15,1,0,1,5,452.1,0
d6425b51-9af4-973e-f493-01fde03c7fa6,d6425b51-9af4-973e-dd1e-715e2efb60cb,1.0,3817.64,0,inpatient,2006-08-16 15:57:07,3,0,15,8,Summer,F,white,nonhispanic,35,GOVERNMENT,3,1,0,0,0,,0
e1e67ff6-6c48-c360-a929-4498c02c9401,e1e67ff6-6c48-c360-23bc-367228890c40,0.042,146.18,0,emergency,2016-05-20 07:51:48,5,0,7,5,Spring,M,white,nonhispanic,2,PRIVATE,6,1,0,3,0,,0
9687d149-cb9c-3d51-2f6c-f91228303911,9687d149-cb9c-3d51-458a-b41a8b006bbd,0.042,146.18,0,emergency,2017-05-23 06:27:21,2,0,6,5,Spring,M,white,hispanic,49,GOVERNMENT,14,2,0,1,1,4559.0,0
f5c33945-f052-3569-6fda-0724c1437982,f5c33945-f052-3569-eea8-f862e26a90bc,0.039,791.36,0,urgentcare,2008-07-03 16:23:51,4,0,16,7,Summer,M,asian,hispanic,46,PRIVATE,8,1,0,0,0,,0
4fa39422-619e-8ff6-9773-6c1195e9682d,4fa39422-619e-8ff6-d151-6804e18d267e,0.031,1679.95,0,urgentcare,2016-02-27 09:45:51,6,1,9,2,Winter,M,white,nonhispanic,42,GOVERNMENT,12,2,0,0,1,13741.9,0
8e4adb1e-ec1b-cea3-f161-65b9dba41809,8e4adb1e-ec1b-cea3-6de3-e0a210f31968,1.0,13725.29,0,inpatient,2009-07-21 17:03:37,2,0,17,7,Summer,F,white,nonhispanic,59,PRIVATE,13,1,0,4,0,,0
48b91ccb-63e2-e0eb-cffa-7df592388fd6,48b91ccb-63e2-e0eb-78ee-cdf5ce23dc2e,1.0,68536.74,0,inpatient,1982-10-21 06:47:37,4,0,6,10,Fall,M,white,nonhispanic,60,NO_INSURANCE,7,1,0,2,0,,0
4abcd538-d0ce-5a2a-a019-4880a3761d18,4abcd538-d0ce-5a2a-0be5-88209c082f0a,0.088,17189.78,0,emergency,1980-02-08 12:35:15,5,0,12,2,Winter,M,white,nonhispanic,58,NO_INSURANCE,10,3,0,0,0,,0
7a05d1c9-1035-8758-73c9-e892db15056c,7a05d1c9-1035-8758-b18f-15659b309c11,3.0,146.18,0,inpatient,2002-08-22 05:18:50,4,0,5,8,Summer,M,white,nonhispanic,26,PRIVATE,7,1,0,0,3,4373.0,0
15d2023e-7261-4ed1-d02c-c468d24cb651,15d2023e-7261-4ed1-d81a-5b9ba8e4b338,0.042,87.71,0,emergency,2012-09-21 13:58:11,5,0,13,9,Fall,F,white,nonhispanic,15,GOVERNMENT,4,1,0,0,2,412.0,0
b48771f2-01da-2e3d-70f0-7a53a2557d77,b48771f2-01da-2e3d-b283-3a8fbb2b17a0,0.01,291.74,0,urgentcare,2025-08-11 14:34:46,1,0,14,8,Summer,M,white,nonhispanic,66,GOVERNMENT,27,1,0,3,47,35.0,0
d618f3ee-2948-b184-4e94-4df3ef37c7b1,d618f3ee-2948-b184-1e22-58f8b059aabc,4.747,13776.71,0,inpatient,2016-07-09 21:52:27,6,1,21,7,Summer,F,white,nonhispanic,52,PRIVATE,12,1,0,0,1,9752.9,0
298b84e9-f2e7-a858-a1e9-3a0dd2df501e,298b84e9-f2e7-a858-81ca-fc481aaddb2f,9.125,82268.46,1,emergency,2002-12-14 05:24:45,6,1,5,12,Winter,M,white,nonhispanic,20,NO_INSURANCE,3,2,0,0,0,,0
2655a447-09d1-cf35-a529-9214c19d5dc2,2655a447-09d1-cf35-4140-797ad488b96f,0.01,142.58,0,urgentcare,2018-10-06 14:48:04,6,1,14,10,Fall,F,white,hispanic,69,GOVERNMENT,11,1,0,1,0,,0
e5af8abb-a368-7780-2b51-811673563555,e5af8abb-a368-7780-7a07-882baf990aab,0.542,146.18,0,emergency,2000-07-12 11:44:22,3,0,11,7,Summer,M,white,nonhispanic,50,GOVERNMENT,13,1,0,2,16,27.3,1
15d2023e-7261-4ed1-c080-ed1124cd5c2e,15d2023e-7261-4ed1-d81a-5b9ba8e4b338,0.042,146.18,0,emergency,2011-08-06 13:58:11,6,1,13,8,Summer,F,white,nonhispanic,14,GOVERNMENT,3,1,0,0,1,82.0,0
6d438268-b607-38f0-7557-dac80199f6e0,6d438268-b607-38f0-cadf-854839f74e3f,0.064,8955.26,0,emergency,2015-09-24 11:08:36,4,0,11,9,Fall,F,white,nonhispanic,47,PRIVATE,11,2,0,0,1,4069.5,0
b0254f72-8d4f-233b-3745-f887421b4653,b0254f72-8d4f-233b-9aef-74c2c4019761,0.583,146.18,0,emergency,2018-12-05 16:15:09,3,0,16,12,Winter,M,white,nonhispanic,30,GOVERNMENT,12,1,0,0,5,1466.8,0
9d60dfae-efd2-f4f3-a1d8-29e32697a1b7,9d60dfae-efd2-f4f3-3510-e483dc850874,0.5,146.18,0,emergency,2018-05-30 18:57:23,3,0,18,5,Spring,M,black,nonhispanic,72,GOVERNMENT,10,1,0,0,6,72.1,0
96c2084c-6ab2-627f-5cea-81d48092e00d,96c2084c-6ab2-627f-bdfe-bd69ac00af38,0.042,146.18,0,emergency,2016-12-15 09:22:32,4,0,9,12,Winter,F,white,nonhispanic,86,GOVERNMENT,21,2,0,2,3,6618.1,0
15d2023e-7261-4ed1-ca68-cfc9da2c9ce2,15d2023e-7261-4ed1-d81a-5b9ba8e4b338,0.042,5308.14,0,emergency,2011-05-16 13:58:11,1,0,13,5,Spring,F,white,nonhispanic,14,GOVERNMENT,2,1,0,0,0,,0
3c6d9ae6-d3ab-779c-bff3-e182a5a099d3,3c6d9ae6-d3ab-779c-b577-b4cdfc7fdfe1,0.028,709.98,0,urgentcare,2008-07-19 23:13:18,6,1,23,7,Summer,M,asian,nonhispanic,33,PRIVATE,2,1,0,0,0,,0
9d60dfae-efd2-f4f3-3db3-ddc4bd0f2544,9d60dfae-efd2-f4f3-3510-e483dc850874,1.208,146.18,0,emergency,2018-03-18 12:28:47,0,1,12,3,Spring,M,black,nonhispanic,72,GOVERNMENT,10,1,0,0,5,171.6,0
7303ace7-0bce-fc45-5de7-5d952b98f461,7303ace7-0bce-fc45-3757-9e3f26f4836a,2.534,12786.62,0,inpatient,2004-04-14 14:39:38,3,0,14,4,Spring,M,white,nonhispanic,17,PRIVATE,1,1,0,0,0,,0
7a05d1c9-1035-8758-f235-6bc9bedbc684,7a05d1c9-1035-8758-b18f-15659b309c11,0.042,87.71,0,emergency,1990-09-01 05:18:50,6,1,5,9,Fall,M,white,nonhispanic,14,PRIVATE,4,1,0,0,2,65.0,0
1f8e3327-db2f-23db-3d7d-d5fe53044449,1f8e3327-db2f-23db-8638-3eac99fcc4cf,0.042,146.18,0,emergency,1993-11-21 23:40:05,0,1,23,11,Fall,M,white,nonhispanic,43,PRIVATE,14,2,0,1,0,,0
7a05d1c9-1035-8758-dce0-5d1376b53578,7a05d1c9-1035-8758-b18f-15659b309c11,0.042,17462.55,0,emergency,1990-06-28 05:18:50,4,0,5,6,Summer,M,white,nonhispanic,14,PRIVATE,3,1,0,0,1,65.0,0
97e95143-f963-df2a-40c6-efc126f7b560,97e95143-f963-df2a-3b59-b9d535818a5e,0.01,142.58,0,urgentcare,1962-01-29 10:58:47,1,0,10,1,Winter,M,white,nonhispanic,2,GOVERNMENT,5,1,0,1,4,14.0,1
8e4eecdb-5881-e677-c1f0-6ecce079604c,8e4eecdb-5881-e677-7814-0de6d2558a84,1.0,8411.43,0,inpatient,2010-10-07 12:07:45,4,0,12,10,Fall,F,white,nonhispanic,35,PRIVATE,8,1,0,0,1,359.8,0
dfeee4b9-c104-213b-d32f-d1de92b9325f,dfeee4b9-c104-213b-ef2c-17383bad3236,1.917,146.18,0,emergency,2020-10-13 17:57:45,2,0,17,10,Fall,F,white,hispanic,97,GOVERNMENT,12,1,0,0,7,142.1,0
56f6e610-b1e1-cb7a-5cd6-a2f3c4c0ec14,56f6e610-b1e1-cb7a-7bbf-ceba2ee76513,0.042,146.18,0,emergency,2015-11-02 15:26:24,1,0,15,11,Fall,F,white,nonhispanic,65,PRIVATE,14,2,0,1,0,,0
12cf26a6-b0da-66bb-8ff7-999b8dc43d19,12cf26a6-b0da-66bb-dbc9-08807426e9cf,0.042,146.18,0,emergency,2022-02-27 01:50:46,0,1,1,2,Winter,M,white,nonhispanic,75,GOVERNMENT,24,2,0,7,3,1810.6,0
f58b068c-f7b4-9493-90dc-620c2a2a58ae,f58b068c-f7b4-9493-d114-90cfcbf108cf,0.042,146.18,0,emergency,2018-01-29 11:11:57,1,0,11,1,Winter,M,white,nonhispanic,62,PRIVATE,12,2,0,2,0,,0
8c6d2f1b-5511-c429-c874-73397fbed0c0,8c6d2f1b-5511-c429-bee7-d55f2fb4600d,0.042,87.71,0,emergency,1992-11-20 10:16:25,5,0,10,11,Fall,M,white,nonhispanic,14,NO_INSURANCE,3,1,0,0,2,146.0,0
7a05d1c9-1035-8758-6610-e4d9d81135b1,7a05d1c9-1035-8758-b18f-15659b309c11,0.042,146.18,0,emergency,1990-04-24 05:18:50,2,0,5,4,Spring,M,white,nonhispanic,14,PRIVATE,2,1,0,0,0,,0
b0254f72-8d4f-233b-d0d1-ae51a80a570e,b0254f72-8d4f-233b-9aef-74c2c4019761,0.037,1278.65,0,urgentcare,2014-11-29 19:47:05,6,1,19,11,Fall,M,white,nonhispanic,26,GOVERNMENT,9,1,0,0,4,2587.9,0
dfeee4b9-c104-213b-4d93-9d153ea09902,dfeee4b9-c104-213b-ef2c-17383bad3236,0.25,146.18,0,emergency,2020-05-24 10:32:24,0,1,10,5,Spring,F,white,hispanic,97,GOVERNMENT,12,1,0,0,6,100.0,0
5ef6bfb1-b930-bd01-7019-9e02c2dea8ac,5ef6bfb1-b930-bd01-0f1c-a97248be14f8,0.25,146.18,0,emergency,2017-10-17 22:05:22,2,0,22,10,Fall,M,white,nonhispanic,67,GOVERNMENT,23,1,0,0,4,5835.5,0
93bf64c2-9be6-e3e2-9d85-537a95a20a21,93bf64c2-9be6-e3e2-ed7d-4959ac98649a,0.042,87.71,0,emergency,1994-02-14 10:16:25,1,0,10,2,Winter,M,white,nonhispanic,16,NO_INSURANCE,3,1,0,0,2,458.0,0
8c6d2f1b-5511-c429-c267-732cbbd5870c,8c6d2f1b-5511-c429-bee7-d55f2fb4600d,0.042,20794.05,0,emergency,1992-06-27 10:16:25,6,1,10,6,Summer,M,white,nonhispanic,14,NO_INSURANCE,2,1,0,0,1,44.0,0
dc84508a-79dc-1807-d72f-23163992eda6,dc84508a-79dc-1807-ab54-7f2ba51d3029,0.01,291.74,0,urgentcare,2024-05-17 01:57:50,5,0,1,5,Spring,M,white,nonhispanic,48,PRIVATE,22,1,0,4,5,7.0,1
f4dccac7-7a87-6c1b-a419-c2d55e5441f1,f4dccac7-7a87-6c1b-4161-588e2d607cc8,0.042,87.71,0,emergency,1998-09-20 08:41:53,0,1,8,9,Fall,F,white,nonhispanic,42,NO_INSURANCE,6,1,0,0,0,,0
6cebe382-6645-5849-5ef5-78ad25e11e0d,6cebe382-6645-5849-f398-543d907d44bd,0.01,291.74,0,urgentcare,2025-06-26 17:02:07,4,0,17,6,Summer,F,white,nonhispanic,49,NO_INSURANCE,31,1,0,3,233,7.0,1
1581781c-aa5f-8485-4a2c-9f33bc305241,1581781c-aa5f-8485-65f6-81c132c10355,0.042,17513.08,0,emergency,2009-10-12 13:26:05,1,0,13,10,Fall,M,white,nonhispanic,56,PRIVATE,10,1,0,0,1,2240.3,0
1581781c-aa5f-8485-00c1-b2b327f961b2,1581781c-aa5f-8485-65f6-81c132c10355,1.0,15994.84,0,inpatient,2009-10-12 14:23:13,1,0,14,10,Fall,M,white,nonhispanic,56,PRIVATE,10,1,0,0,1,2240.3,0
93bf64c2-9be6-e3e2-1865-867247072e0e,93bf64c2-9be6-e3e2-ed7d-4959ac98649a,0.042,20794.05,0,emergency,1992-11-13 10:16:25,5,0,10,11,Fall,M,white,nonhispanic,14,NO_INSURANCE,2,1,0,0,1,123.0,0
8c6d2f1b-5511-c429-e570-60afbe498805,8c6d2f1b-5511-c429-bee7-d55f2fb4600d,0.042,146.18,0,emergency,1992-05-14 10:16:25,4,0,10,5,Spring,M,white,nonhispanic,14,NO_INSURANCE,1,1,0,0,0,,0
a5798f59-255c-4592-b5ba-d356124650c8,a5798f59-255c-4592-2770-bdb75b02e3b9,1.0,9843.7,0,inpatient,1991-03-28 19:46:51,4,0,19,3,Spring,F,asian,hispanic,35,PRIVATE,4,1,0,0,0,,0
7c5e9c73-5673-cbd4-d60b-26c604d7a55a,7c5e9c73-5673-cbd4-403e-db20b90f7df8,0.025,920.56,0,urgentcare,2001-02-11 20:18:57,0,1,20,2,Winter,F,white,nonhispanic,41,NO_INSURANCE,6,1,0,0,1,1902.0,0
b2a47352-a222-d454-0893-de1974d98697,b2a47352-a222-d454-52a7-083891c96aa0,0.042,146.18,0,emergency,2017-03-18 15:17:58,6,1,15,3,Spring,F,white,nonhispanic,67,GOVERNMENT,15,2,0,0,0,,0
93bf64c2-9be6-e3e2-2358-6614f10a4a44,93bf64c2-9be6-e3e2-ed7d-4959ac98649a,0.042,146.18,0,emergency,1992-07-13 10:16:25,1,0,10,7,Summer,M,white,nonhispanic,14,NO_INSURANCE,1,1,0,0,0,,0
1eeb0108-f9ae-c364-f0fe-81ab73390913,1eeb0108-f9ae-c364-c5fe-84053947dd9b,0.042,146.18,0,emergency,2022-09-20 00:12:46,2,0,0,9,Fall,M,white,nonhispanic,65,GOVERNMENT,22,2,0,0,7,821.1,0
8e4eecdb-5881-e677-feb6-842fc81daa71,8e4eecdb-5881-e677-7814-0de6d2558a84,28.229,95891.96,1,emergency,2009-09-14 11:13:28,1,0,11,9,Fall,F,white,nonhispanic,34,PRIVATE,4,1,0,0,0,,0
5cd84a0d-8f4d-3d73-061d-6d402a2756f0,5cd84a0d-8f4d-3d73-9cad-6eb97a592a76,0.042,146.18,0,emergency,2016-10-05 16:07:13,3,0,16,10,Fall,F,white,nonhispanic,44,PRIVATE,7,2,0,2,0,,0
f3c338ed-729e-f5a1-61c5-8d27931f5675,f3c338ed-729e-f5a1-a5fe-60c26f0e306e,0.042,146.18,0,emergency,1998-02-23 12:12:57,1,0,12,2,Winter,M,white,hispanic,36,NO_INSURANCE,8,1,0,0,0,,0
9687d149-cb9c-3d51-0905-2f00b41f073d,9687d149-cb9c-3d51-458a-b41a8b006bbd,1.0,967.94,0,inpatient,2004-11-27 06:23:44,6,1,6,11,Fall,M,white,hispanic,36,GOVERNMENT,7,1,0,0,0,,0
4fa39422-619e-8ff6-f724-d7eabc33dc3d,4fa39422-619e-8ff6-d151-6804e18d267e,0.073,4407.08,0,emergency,1978-07-14 09:45:51,5,0,9,7,Summer,M,white,nonhispanic,4,NO_INSURANCE,3,3,0,0,0,,0
dfeee4b9-c104-213b-92e9-89aaf1e881ac,dfeee4b9-c104-213b-ef2c-17383bad3236,0.25,146.18,0,emergency,2020-02-14 03:31:21,5,0,3,2,Winter,F,white,hispanic,97,GOVERNMENT,12,1,0,0,5,182.0,0
7c5e9c73-5673-cbd4-1a52-fcbe45bdb5dd,7c5e9c73-5673-cbd4-403e-db20b90f7df8,1.0,3817.64,0,inpatient,1995-11-27 21:15:18,1,0,21,11,Fall,F,white,nonhispanic,35,NO_INSURANCE,5,1,0,0,0,,0
e46c32e6-8644-eeeb-0429-6704e1fa5fab,e46c32e6-8644-eeeb-049f-05a3b8a33649,1.0,976.84,0,inpatient,2005-06-25 12:03:26,6,1,12,6,Summer,M,white,nonhispanic,46,PRIVATE,5,1,0,0,0,,0
1581781c-aa5f-8485-f8d2-095b795c6b74,1581781c-aa5f-8485-65f6-81c132c10355,1.0,9178.89,0,inpatient,2003-08-24 06:20:02,0,1,6,8,Summer,M,white,nonhispanic,50,PRIVATE,8,1,0,4,0,,0
4e4789ee-69a4-1744-68a9-f588f69874b5,4e4789ee-69a4-1744-49dd-2f27c28a9bc2,0.01,427.74,0,urgentcare,1999-02-06 12:35:15,6,1,12,2,Winter,M,white,nonhispanic,77,GOVERNMENT,33,1,0,4,58,19.7,1
3e96f51e-17a8-7d29-f900-7bb410e13b0f,3e96f51e-17a8-7d29-bef0-6daf9d11a50b,0.028,1602.1,0,urgentcare,2003-11-23 00:05:30,0,1,0,11,Fall,F,white,nonhispanic,39,PRIVATE,7,1,0,0,2,1408.0,0
6d438268-b607-38f0-2ab3-3302a3f0ef4c,6d438268-b607-38f0-cadf-854839f74e3f,1.0,11546.15,0,inpatient,2004-08-02 00:18:46,1,0,0,8,Summer,F,white,nonhispanic,36,PRIVATE,3,1,0,0,0,,0
93450ed4-713b-85cb-3b00-c62ff0c00953,93450ed4-713b-85cb-12f3-f7d78de34f63,0.042,146.18,0,emergency,2018-08-01 15:25:30,3,0,15,8,Summer,F,white,nonhispanic,68,GOVERNMENT,13,2,0,1,0,,0
dfeee4b9-c104-213b-2873-13c2697c8d8d,dfeee4b9-c104-213b-ef2c-17383bad3236,0.208,146.18,0,emergency,2019-08-15 22:31:21,4,0,22,8,Summer,F,white,hispanic,96,GOVERNMENT,12,1,0,0,4,670.3,0
bc0d8197-7731-c937-832f-265a6d25854c,bc0d8197-7731-c937-5191-4cb1fb7bcf62,1.074,5423.98,0,inpatient,1997-09-29 21:59:40,1,0,21,9,Fall,M,white,nonhispanic,24,GOVERNMENT,4,1,0,0,0,,0
89a05562-333c-60ed-e4bb-a4304893af59,89a05562-333c-60ed-5660-ff34b7f6e814,0.042,146.18,0,emergency,2013-07-19 13:26:05,5,0,13,7,Summer,M,white,nonhispanic,60,GOVERNMENT,32,2,0,9,29,77.0,0
96c2084c-6ab2-627f-8d50-53209daade85,96c2084c-6ab2-627f-bdfe-bd69ac00af38,0.042,5810.12,0,emergency,1998-11-01 05:37:34,0,1,5,11,Fall,F,white,nonhispanic,68,GOVERNMENT,13,1,0,0,1,12037.0,0
96c2084c-6ab2-627f-e41e-f4eb819c7059,96c2084c-6ab2-627f-bdfe-bd69ac00af38,1.0,13252.38,0,inpatient,1998-11-01 06:07:15,0,1,6,11,Fall,F,white,nonhispanic,68,GOVERNMENT,13,1,0,0,1,12037.0,0
3e96f51e-17a8-7d29-e269-a6a222254da5,3e96f51e-17a8-7d29-bef0-6daf9d11a50b,1.0,3817.64,0,inpatient,2000-01-14 00:53:01,5,0,0,1,Winter,F,white,nonhispanic,36,PRIVATE,6,1,0,0,1,5642.4,0
aea82eb4-d136-a060-0661-210e4ed821a7,aea82eb4-d136-a060-b162-bef0cd93166c,0.042,146.18,0,emergency,1951-11-24 18:37:04,6,1,18,11,Fall,F,white,nonhispanic,2,GOVERNMENT,1,1,0,0,0,,0
e5af8abb-a368-7780-ca7f-ee6dfa7b0970,e5af8abb-a368-7780-7a07-882baf990aab,1.0,146.18,0,inpatient,1994-10-18 09:34:04,2,0,9,10,Fall,M,white,nonhispanic,44,GOVERNMENT,9,1,0,0,3,1347.0,0
e8233637-a645-7460-3033-b616a778e29a,e8233637-a645-7460-78fd-808cf87933da,0.01,291.74,0,urgentcare,2002-02-16 12:35:15,6,1,12,2,Winter,M,white,nonhispanic,80,GOVERNMENT,29,1,0,5,31,56.0,0
1dfb116a-4bd8-32ab-14f4-8010e14f58f5,1dfb116a-4bd8-32ab-b084-945e0527e130,0.042,87.71,0,emergency,2010-02-21 21:02:36,0,1,21,2,Winter,F,black,nonhispanic,40,PRIVATE,5,1,0,0,1,5053.0,0
77576681-70f3-74d3-491b-d70d1530661a,77576681-70f3-74d3-e60e-bb7c3a782eb8,0.034,709.98,0,urgentcare,2016-02-17 22:05:33,3,0,22,2,Winter,M,white,nonhispanic,36,PRIVATE,10,2,0,0,3,5913.0,0
97e95143-f963-df2a-3b2b-e761c9f00aed,97e95143-f963-df2a-3b59-b9d535818a5e,0.01,142.58,0,urgentcare,1960-12-12 10:58:47,1,0,10,12,Winter,M,white,nonhispanic,0,NO_INSURANCE,4,1,0,1,0,,0
d618f3ee-2948-b184-b601-ddddae1ac686,d618f3ee-2948-b184-1e22-58f8b059aabc,1.0,7626.23,0,inpatient,1989-10-25 23:38:22,3,0,23,10,Fall,F,white,nonhispanic,25,PRIVATE,1,1,0,0,0,,0
b0254f72-8d4f-233b-204b-f6d8f43db6e2,b0254f72-8d4f-233b-9aef-74c2c4019761,0.042,87.71,0,emergency,2003-05-19 19:47:05,1,0,19,5,Spring,M,white,nonhispanic,15,GOVERNMENT,3,1,0,0,2,72.0,0
3e96f51e-17a8-7d29-3546-5a9499f9e42d,3e96f51e-17a8-7d29-bef0-6daf9d11a50b,1.295,5423.98,0,inpatient,1984-08-01 08:05:30,3,0,8,8,Summer,F,white,nonhispanic,20,PRIVATE,4,1,0,0,0,,0
a520e1a2-226d-6c9f-cafa-07a5e89e101d,a520e1a2-226d-6c9f-f6f8-d95c63537483,0.042,295.34,0,emergency,2021-06-25 04:19:19,5,0,4,6,Summer,M,white,nonhispanic,45,PRIVATE,15,1,0,3,4,7.0,1
b0254f72-8d4f-233b-b75b-298df411c418,b0254f72-8d4f-233b-9aef-74c2c4019761,0.042,20794.05,0,emergency,2003-03-08 19:47:05,6,1,19,3,Spring,M,white,nonhispanic,15,GOVERNMENT,2,1,0,0,1,118.0,0
b0254f72-8d4f-233b-22b8-01f29ec24e25,b0254f72-8d4f-233b-9aef-74c2c4019761,0.042,146.18,0,emergency,2002-11-10 19:47:05,0,1,19,11,Fall,M,white,nonhispanic,14,GOVERNMENT,1,1,0,0,0,,0
9d60dfae-efd2-f4f3-d7e7-bb13160a4fb4,9d60dfae-efd2-f4f3-3510-e483dc850874,2.371,9761.7,0,inpatient,2007-01-16 23:06:29,2,0,23,1,Winter,M,black,nonhispanic,61,GOVERNMENT,7,1,0,0,3,5731.3,0
737d446d-e874-34fd-fcd2-aae06bd6448c,737d446d-e874-34fd-021d-300b585bb7b8,0.042,5308.14,0,emergency,2007-02-05 13:54:04,1,0,13,2,Winter,M,white,nonhispanic,54,PRIVATE,5,1,0,0,0,,0
e5af8abb-a368-7780-36c5-bdf617f7589f,e5af8abb-a368-7780-7a07-882baf990aab,0.042,146.18,0,emergency,1991-02-09 09:34:04,6,1,9,2,Winter,M,white,nonhispanic,41,GOVERNMENT,6,1,0,0,2,176.0,0
1dfb116a-4bd8-32ab-3a66-42113a1c238c,1dfb116a-4bd8-32ab-b084-945e0527e130,1.0,4414.85,0,inpatient,1996-04-21 21:56:55,0,1,21,4,Spring,F,black,nonhispanic,26,PRIVATE,2,1,0,0,0,,0
970e27db-668f-15cf-8a0a-f38863f520a8,970e27db-668f-15cf-e4e8-6700e822c668,0.01,142.58,0,urgentcare,2019-08-27 01:35:58,2,0,1,8,Summer,M,white,nonhispanic,12,PRIVATE,3,1,0,2,2,7.0,1
1fab8367-4a8d-ab1e-147e-a7a639454f82,1fab8367-4a8d-ab1e-b676-8acf3e8b1898,0.01,291.74,0,urgentcare,2025-07-26 05:28:17,6,1,5,7,Summer,M,white,nonhispanic,76,GOVERNMENT,18,1,0,3,75,28.0,1
569a5039-07b0-3769-4bd8-a449eb6a280e,569a5039-07b0-3769-b644-614c3d87275a,0.01,291.74,0,urgentcare,2022-06-18 16:57:59,6,1,16,6,Summer,M,white,nonhispanic,82,GOVERNMENT,24,1,0,4,32,7.0,1
e5af8abb-a368-7780-6d3a-7c4c23e28697,e5af8abb-a368-7780-7a07-882baf990aab,0.042,9123.35,0,emergency,1990-08-17 09:34:04,5,0,9,8,Summer,M,white,nonhispanic,40,GOVERNMENT,5,1,0,0,1,104.0,0
179cdf88-e0ea-5242-918d-cfebf9dd1562,179cdf88-e0ea-5242-e47c-474fcdc38dd9,1.0,3817.64,0,inpatient,1978-03-01 22:05:15,3,0,22,3,Spring,F,white,nonhispanic,36,GOVERNMENT,3,1,0,0,0,,0
e10b2bb7-20fc-603f-468f-fe44b96f7296,e10b2bb7-20fc-603f-eded-4141ad76ea1f,0.042,146.18,0,emergency,2007-04-03 15:53:54,2,0,15,4,Spring,M,white,nonhispanic,54,PRIVATE,10,2,0,0,0,,0
e5af8abb-a368-7780-0551-9ecc6c8aa99f,e5af8abb-a368-7780-7a07-882baf990aab,0.042,87.71,0,emergency,1990-05-05 09:34:04,6,1,9,5,Spring,M,white,nonhispanic,40,GOVERNMENT,4,1,0,0,0,,0
0877c35e-4c12-5662-dfec-4068906da63d,0877c35e-4c12-5662-8cba-73763f2366f6,0.042,849.58,0,emergency,1983-08-15 10:58:47,1,0,10,8,Summer,M,white,nonhispanic,23,NO_INSURANCE,4,1,0,0,0,,0
cb883151-8519-0000-e7d4-95806633a615,cb883151-8519-0000-668a-4727c84b2f04,5.002,6335.91,0,inpatient,2000-10-07 07:03:45,6,1,7,10,Fall,F,white,nonhispanic,13,PRIVATE,2,1,0,0,0,,0
bcf816fa-6fcd-78af-9417-85b7030d52cd,bcf816fa-6fcd-78af-c47a-8f55c5f8ecbf,3.792,1025.09,0,emergency,2007-08-09 06:34:57,4,0,6,8,Summer,F,white,nonhispanic,43,PRIVATE,5,1,0,0,0,,0
9d60dfae-efd2-f4f3-c8f3-2ed857f4f25e,9d60dfae-efd2-f4f3-3510-e483dc850874,6.0,146.18,0,inpatient,1991-05-03 15:06:29,5,0,15,5,Spring,M,black,nonhispanic,45,GOVERNMENT,4,1,0,0,2,14.0,1
6584d844-def6-c89c-9da8-479854ac0333,6584d844-def6-c89c-9e84-1229ed30d1c1,1.0,979.9,0,inpatient,2009-05-01 19:53:50,5,0,19,5,Spring,M,white,nonhispanic,46,GOVERNMENT,7,1,0,0,0,,0
65d190f9-a947-7403-4d6c-3f873e59c16d,65d190f9-a947-7403-ab4e-853a64f5f0c3,2.165,2319.26,0,inpatient,2005-03-19 23:40:05,6,1,23,3,Spring,M,white,nonhispanic,55,PRIVATE,13,1,0,0,1,3360.0,0
3a16dc79-ae15-22fc-8c49-c0348758e61e,3a16dc79-ae15-22fc-a1c4-65206f6ad11f,4.797,5423.98,0,inpatient,1983-07-08 09:36:36,5,0,9,7,Summer,F,white,nonhispanic,21,NO_INSURANCE,2,1,0,0,0,,0
23dca163-74ab-e839-ae36-6ff3b1eb38dd,23dca163-74ab-e839-7d2b-2bfeddad5f80,0.042,295.34,0,emergency,2017-10-28 16:34:25,6,1,16,10,Fall,F,asian,nonhispanic,38,PRIVATE,14,1,0,3,1,7.0,1
0d660332-0b57-c70d-6925-ffe448fb76db,0d660332-0b57-c70d-98a7-e4e436e3cad2,0.042,146.18,0,emergency,2021-11-27 02:21:55,6,1,2,11,Fall,M,white,nonhispanic,49,PRIVATE,18,2,0,6,5,497.0,0
82e97671-9f3a-eab7-6365-c734bff411b6,82e97671-9f3a-eab7-10c0-f1a54f088dfc,1.0,5012.21,0,inpatient,1994-01-08 09:15:35,6,1,9,1,Winter,F,white,nonhispanic,36,NO_INSURANCE,6,1,0,0,0,,0
9d60dfae-efd2-f4f3-2c83-6a217063f3b2,9d60dfae-efd2-f4f3-3510-e483dc850874,0.042,5308.14,0,emergency,1990-05-03 22:06:29,4,0,22,5,Spring,M,black,nonhispanic,44,GOVERNMENT,3,1,0,0,0,,0
6cebe382-6645-5849-a502-e66c4506424c,6cebe382-6645-5849-f398-543d907d44bd,0.042,295.34,0,emergency,2025-03-20 17:02:07,4,0,17,3,Spring,F,white,nonhispanic,49,NO_INSURANCE,32,1,0,5,226,7.0,1
65d190f9-a947-7403-7c5c-3b67a40a81a0,65d190f9-a947-7403-ab4e-853a64f5f0c3,0.042,1011.9,0,emergency,1996-01-06 23:40:05,6,1,23,1,Winter,M,white,nonhispanic,46,PRIVATE,12,1,0,0,0,,0
89a05562-333c-60ed-fb8f-5d619a1a7ff7,89a05562-333c-60ed-5660-ff34b7f6e814,0.01,142.58,0,urgentcare,2013-03-01 13:26:05,5,0,13,3,Spring,M,white,nonhispanic,60,GOVERNMENT,31,1,0,8,27,91.0,0
569a5039-07b0-3769-e748-0355d02cf069,569a5039-07b0-3769-b644-614c3d87275a,0.01,291.74,0,urgentcare,2022-04-16 16:57:59,6,1,16,4,Spring,M,white,nonhispanic,82,GOVERNMENT,24,1,0,5,28,7.0,1
ad550938-7a4a-6355-fb21-9f4dec01ec91,ad550938-7a4a-6355-9187-5384c714be3f,0.042,146.18,0,emergency,2014-01-24 22:06:25,5,0,22,1,Winter,F,white,nonhispanic,67,GOVERNMENT,26,1,0,6,5,35.0,0
96c2084c-6ab2-627f-0f8e-74f9e9e1c1e7,96c2084c-6ab2-627f-bdfe-bd69ac00af38,1.0,13537.81,0,inpatient,1965-11-16 06:25:15,2,0,6,11,Fall,F,white,nonhispanic,35,PRIVATE,4,1,0,0,0,,0
77576681-70f3-74d3-4afb-697c1385289f,77576681-70f3-74d3-e60e-bb7c3a782eb8,0.042,146.18,0,emergency,1995-04-20 22:05:33,4,0,22,4,Spring,M,white,nonhispanic,15,GOVERNMENT,2,1,0,0,1,201.0,0
b8bd9ba3-65d6-0924-4356-fd0b63e78ced,b8bd9ba3-65d6-0924-03c0-300de291928d,0.042,5308.14,0,emergency,1996-01-05 04:38:20,5,0,4,1,Winter,F,white,nonhispanic,36,PRIVATE,9,1,0,0,0,,0
77576681-70f3-74d3-5956-e5e470422712,77576681-70f3-74d3-e60e-bb7c3a782eb8,0.042,5308.14,0,emergency,1994-10-01 22:05:33,6,1,22,10,Fall,M,white,nonhispanic,14,GOVERNMENT,1,1,0,0,0,,0
96468de4-ae86-3cb4-ce5e-7f7ede068d5a,96468de4-ae86-3cb4-ff21-a8a7acc8379f,1.0,3817.64,0,inpatient,1983-01-14 22:51:27,5,0,22,1,Winter,F,white,nonhispanic,36,NO_INSURANCE,5,1,0,0,0,,0
6cebe382-6645-5849-936e-ca9dd763d862,6cebe382-6645-5849-f398-543d907d44bd,0.042,146.18,0,emergency,2025-02-27 17:02:07,4,0,17,2,Winter,F,white,nonhispanic,49,NO_INSURANCE,30,2,0,5,223,21.0,1
6cebe382-6645-5849-f4eb-99df185481ac,6cebe382-6645-5849-f398-543d907d44bd,0.167,146.18,0,emergency,2025-02-27 17:02:07,4,0,17,2,Winter,F,white,nonhispanic,49,NO_INSURANCE,30,1,0,5,223,21.0,1
a520e1a2-226d-6c9f-b24a-e3de975fe6b4,a520e1a2-226d-6c9f-f6f8-d95c63537483,0.01,291.74,0,urgentcare,2018-08-17 04:19:19,5,0,4,8,Summer,M,white,nonhispanic,42,PRIVATE,14,1,0,3,1,7.0,1
35c48f20-08e9-d381-93a9-453cb48694d7,35c48f20-08e9-d381-ab80-6200d5b12851,0.01,427.74,0,urgentcare,2021-04-27 12:06:04,2,0,12,4,Spring,M,black,nonhispanic,54,GOVERNMENT,16,1,0,2,18,7.0,1
dfeee4b9-c104-213b-b0c2-a19381809704,dfeee4b9-c104-213b-ef2c-17383bad3236,4.0,146.18,0,inpatient,1991-05-03 22:18:29,5,0,22,5,Spring,F,white,hispanic,68,GOVERNMENT,8,1,0,0,2,252.0,0
5ef6bfb1-b930-bd01-4caa-ae84e70c8c02,5ef6bfb1-b930-bd01-0f1c-a97248be14f8,0.024,6680.19,0,urgentcare,2001-10-26 09:34:04,5,0,9,10,Fall,M,white,nonhispanic,51,GOVERNMENT,10,1,0,0,3,2611.0,0
4100538e-7f5f-2872-cd9e-c893807c98bc,4100538e-7f5f-2872-dc1d-76589c3b738e,1.0,11833.61,0,inpatient,2002-07-03 18:09:34,3,0,18,7,Summer,F,white,nonhispanic,25,NO_INSURANCE,5,1,0,0,0,,0
5ef6bfb1-b930-bd01-52a0-e408c7dd981b,5ef6bfb1-b930-bd01-0f1c-a97248be14f8,0.024,7529.45,0,urgentcare,1994-09-02 09:34:04,5,0,9,9,Fall,M,white,nonhispanic,44,GOVERNMENT,7,1,0,0,2,1263.7,0
0d660332-0b57-c70d-4fa1-9462c08542aa,0d660332-0b57-c70d-98a7-e4e436e3cad2,0.01,291.74,0,urgentcare,2020-07-11 01:24:13,6,1,1,7,Summer,M,white,nonhispanic,48,PRIVATE,20,1,0,6,3,7.0,1
dfeee4b9-c104-213b-039e-0d90925594e5,dfeee4b9-c104-213b-ef2c-17383bad3236,1.0,8564.01,0,inpatient,1948-05-25 19:07:40,2,0,19,5,Spring,F,white,hispanic,25,PRIVATE,3,1,0,0,0,,0
1fab8367-4a8d-ab1e-2eaf-f0ac5c49e1e9,1fab8367-4a8d-ab1e-b676-8acf3e8b1898,0.042,295.34,0,emergency,2025-04-05 05:28:17,6,1,5,4,Spring,M,white,nonhispanic,76,GOVERNMENT,19,1,0,2,65,7.0,1
5ef6bfb1-b930-bd01-4254-7503440e232d,5ef6bfb1-b930-bd01-0f1c-a97248be14f8,0.042,5308.14,0,emergency,1990-02-04 09:34:04,0,1,9,2,Winter,M,white,nonhispanic,40,GOVERNMENT,4,1,0,0,0,,0
fce8425c-ab23-bb8e-d691-10cb70f988f5,fce8425c-ab23-bb8e-cafb-6591bae1c484,0.085,9086.21,0,emergency,1944-03-17 11:10:36,5,0,11,3,Spring,M,white,nonhispanic,3,PRIVATE,3,3,0,0,0,,0
decc5415-1684-abaf-68e2-0aa1d10fc976,decc5415-1684-abaf-49de-bd278ae61777,0.01,291.74,0,urgentcare,2021-02-20 14:56:43,6,1,14,2,Winter,M,asian,nonhispanic,52,PRIVATE,20,1,0,4,5,7.0,1
ad3d4ce5-b7b8-c722-d7e9-e0fa6f9190ca,ad3d4ce5-b7b8-c722-0535-d96c562c9f55,5.458,1025.09,0,emergency,1975-08-06 18:18:29,3,0,18,8,Summer,F,white,hispanic,52,PRIVATE,5,1,0,0,1,5976.0,0
12cf26a6-b0da-66bb-97c0-8986828fe2f5,12cf26a6-b0da-66bb-dbc9-08807426e9cf,2.145,2319.26,0,inpatient,1997-10-05 01:50:46,0,1,1,10,Fall,M,white,nonhispanic,50,NO_INSURANCE,12,1,0,0,0,,0
ad3d4ce5-b7b8-c722-0c1b-07577c7e69e5,ad3d4ce5-b7b8-c722-0535-d96c562c9f55,1.0,13537.81,0,inpatient,1959-03-26 19:06:41,4,0,19,3,Spring,F,white,hispanic,36,PRIVATE,3,1,0,0,0,,0
e4511778-4c17-701c-09ba-3753e0263e7c,e4511778-4c17-701c-efa2-110e4112b6fe,0.01,291.74,0,urgentcare,2024-09-13 22:06:25,5,0,22,9,Fall,F,white,nonhispanic,77,GOVERNMENT,29,1,0,4,33,7.0,1
e4511778-4c17-701c-a5c2-d82d1ef4d716,e4511778-4c17-701c-efa2-110e4112b6fe,0.042,295.34,0,emergency,2024-08-30 22:06:25,5,0,22,8,Summer,F,white,nonhispanic,77,GOVERNMENT,29,1,0,4,31,7.0,1
1eeb0108-f9ae-c364-6a99-cce4a16a1084,1eeb0108-f9ae-c364-c5fe-84053947dd9b,0.042,146.18,0,emergency,2017-10-27 00:12:46,5,0,0,10,Fall,M,white,nonhispanic,60,PRIVATE,19,2,0,1,0,,0
0672a55d-40c9-af5b-d7bf-ce8c6c18d14b,0672a55d-40c9-af5b-41f3-46c31e57ee51,0.042,577.58,0,emergency,1995-04-15 07:18:38,6,1,7,4,Spring,M,white,nonhispanic,32,GOVERNMENT,3,1,0,0,0,,0
60ff4c3e-9712-fea2-3938-f566fbfcf1fa,60ff4c3e-9712-fea2-32a4-4b47b26ddcf5,0.036,1722.21,0,urgentcare,2009-06-28 18:47:22,0,1,18,6,Summer,F,asian,hispanic,53,PRIVATE,11,1,0,0,0,,0
35e0f778-7ddf-f4bf-1d1d-daa2a73faf66,35e0f778-7ddf-f4bf-df8b-4a6521b753e4,0.04,709.98,0,urgentcare,2003-03-05 13:06:47,3,0,13,3,Spring,M,white,nonhispanic,27,PRIVATE,3,1,0,0,0,,0
6cebe382-6645-5849-d68a-39cdc5a6a0f8,6cebe382-6645-5849-f398-543d907d44bd,0.042,295.34,0,emergency,2024-10-10 17:02:07,4,0,17,10,Fall,F,white,nonhispanic,48,GOVERNMENT,29,1,0,2,205,7.0,1
b48771f2-01da-2e3d-85c1-b41dcdacecb0,b48771f2-01da-2e3d-b283-3a8fbb2b17a0,0.01,291.74,0,urgentcare,2021-12-13 14:34:46,1,0,14,12,Winter,M,white,nonhispanic,62,GOVERNMENT,27,1,0,4,26,7.0,1
decc5415-1684-abaf-2825-edfe066567cb,decc5415-1684-abaf-49de-bd278ae61777,0.032,797.72,0,urgentcare,2015-12-05 14:56:43,6,1,14,12,Winter,M,asian,nonhispanic,46,PRIVATE,14,1,0,0,0,,0
6cebe382-6645-5849-9f38-f98692484c14,6cebe382-6645-5849-f398-543d907d44bd,0.042,295.34,0,emergency,2024-08-01 17:02:07,4,0,17,8,Summer,F,white,nonhispanic,48,GOVERNMENT,31,1,0,2,195,7.0,1
dfc9eb96-3c2a-6c32-3978-7085465c5c59,dfc9eb96-3c2a-6c32-6584-9d2ab6f64f18,0.042,146.18,0,emergency,1989-06-03 12:35:15,6,1,12,6,Summer,M,white,nonhispanic,67,GOVERNMENT,27,1,0,5,25,7.0,1
1fab8367-4a8d-ab1e-44f4-fa11e51c2276,1fab8367-4a8d-ab1e-b676-8acf3e8b1898,0.01,291.74,0,urgentcare,2023-12-30 05:28:17,6,1,5,12,Winter,M,white,nonhispanic,74,GOVERNMENT,16,1,0,2,54,28.0,1
6cebe382-6645-5849-d04e-b8e38a195a57,6cebe382-6645-5849-f398-543d907d44bd,0.042,295.34,0,emergency,2024-07-04 17:02:07,4,0,17,7,Summer,F,white,nonhispanic,48,GOVERNMENT,30,1,0,2,191,7.0,1
4e4789ee-69a4-1744-7cff-89c29b0dc7bd,4e4789ee-69a4-1744-49dd-2f27c28a9bc2,0.01,291.74,0,urgentcare,1997-03-15 12:35:15,6,1,12,3,Spring,M,white,nonhispanic,75,GOVERNMENT,29,1,0,5,27,16.5,1
0d660332-0b57-c70d-837f-7b1303deefe3,0d660332-0b57-c70d-98a7-e4e436e3cad2,0.025,859.14,0,urgentcare,2007-11-10 01:24:13,6,1,1,11,Fall,M,white,nonhispanic,35,PRIVATE,7,2,0,0,1,6286.0,0
6cebe382-6645-5849-e6ea-bcb349646a50,6cebe382-6645-5849-f398-543d907d44bd,0.042,295.34,0,emergency,2024-05-23 17:02:07,4,0,17,5,Spring,F,white,nonhispanic,48,GOVERNMENT,30,1,0,2,185,7.0,1
dfc9eb96-3c2a-6c32-ff47-814f14741a6f,dfc9eb96-3c2a-6c32-6584-9d2ab6f64f18,0.01,142.58,0,urgentcare,1988-12-24 12:35:15,6,1,12,12,Winter,M,white,nonhispanic,66,GOVERNMENT,28,1,0,5,19,14.0,1
569a5039-07b0-3769-38e2-0add84e7bc10,569a5039-07b0-3769-b644-614c3d87275a,0.01,291.74,0,urgentcare,2018-06-09 16:57:59,6,1,16,6,Summer,M,white,nonhispanic,78,GOVERNMENT,23,1,0,3,7,7.0,1
0d660332-0b57-c70d-15ab-4e339e79fb53,0d660332-0b57-c70d-98a7-e4e436e3cad2,0.02,709.98,0,urgentcare,1990-08-25 01:24:13,6,1,1,8,Summer,M,white,nonhispanic,18,PRIVATE,1,1,0,0,0,,0
dfc9eb96-3c2a-6c32-4e8b-8a197ad16c2d,dfc9eb96-3c2a-6c32-6584-9d2ab6f64f18,0.01,291.74,0,urgentcare,1988-11-26 12:35:15,6,1,12,11,Fall,M,white,nonhispanic,66,GOVERNMENT,26,1,0,6,16,14.0,1
61f048dc-f66e-bbda-b797-8819f0a5883a,61f048dc-f66e-bbda-48c8-593d92d2bf03,0.01,291.74,0,urgentcare,2023-05-31 13:45:26,3,0,13,5,Spring,F,white,nonhispanic,77,GOVERNMENT,36,1,0,6,27,7.0,1
569a5039-07b0-3769-ebe5-0aa0f404e050,569a5039-07b0-3769-b644-614c3d87275a,0.042,146.18,0,emergency,2018-02-02 05:57:59,5,0,5,2,Winter,M,white,nonhispanic,78,GOVERNMENT,22,1,0,0,2,3208.3,0
1fab8367-4a8d-ab1e-626a-574901ac331b,1fab8367-4a8d-ab1e-b676-8acf3e8b1898,0.01,291.74,0,urgentcare,2023-03-04 05:28:17,6,1,5,3,Spring,M,white,nonhispanic,74,GOVERNMENT,20,1,0,5,43,56.0,0
6cebe382-6645-5849-ce58-face1ab9e106,6cebe382-6645-5849-f398-543d907d44bd,0.042,295.34,0,emergency,2024-02-15 17:02:07,4,0,17,2,Winter,F,white,nonhispanic,48,GOVERNMENT,32,1,0,2,172,7.0,1
08d290f2-cacc-a5c9-270d-a6ffdc5677a8,08d290f2-cacc-a5c9-e3f5-d1d9063f46e5,0.01,142.58,0,urgentcare,1986-03-29 12:35:15,6,1,12,3,Spring,M,white,nonhispanic,64,NO_INSURANCE,28,1,0,3,335,7.0,1
ad550938-7a4a-6355-f9be-880140ff1df8,ad550938-7a4a-6355-9187-5384c714be3f,1.0,34335.94,0,inpatient,1998-09-11 22:06:25,5,0,22,9,Fall,F,white,nonhispanic,51,GOVERNMENT,13,1,0,4,1,11456.9,0
08d290f2-cacc-a5c9-84eb-7e236e51ec00,08d290f2-cacc-a5c9-e3f5-d1d9063f46e5,0.042,146.18,0,emergency,1986-02-15 12:35:15,6,1,12,2,Winter,M,white,nonhispanic,64,NO_INSURANCE,28,1,0,3,329,7.0,1
569a5039-07b0-3769-6445-5813282e75d0,569a5039-07b0-3769-b644-614c3d87275a,3.179,3389.72,0,inpatient,2009-04-18 19:07:08,6,1,19,4,Spring,M,white,nonhispanic,69,GOVERNMENT,11,1,0,0,1,88.1,0
6cebe382-6645-5849-d97f-1bad03fd1713,6cebe382-6645-5849-f398-543d907d44bd,0.042,295.34,0,emergency,2023-12-21 17:02:07,4,0,17,12,Winter,F,white,nonhispanic,47,GOVERNMENT,32,1,0,2,164,7.0,1
569a5039-07b0-3769-88b3-dbfd1c5fe257,569a5039-07b0-3769-b644-614c3d87275a,4.0,146.18,0,inpatient,2009-01-16 16:57:59,5,0,16,1,Winter,M,white,nonhispanic,69,GOVERNMENT,10,1,0,0,0,,0
b3604373-0cdc-3c4a-fa64-0cbba6030efd,b3604373-0cdc-3c4a-8a51-24ebb281b704,1.0,992.76,0,inpatient,2013-08-09 12:49:26,5,0,12,8,Summer,M,white,nonhispanic,50,GOVERNMENT,8,1,0,0,1,12229.6,0
08d290f2-cacc-a5c9-2719-ca757a6c7399,08d290f2-cacc-a5c9-e3f5-d1d9063f46e5,0.042,146.18,0,emergency,1986-01-04 12:35:15,6,1,12,1,Winter,M,white,nonhispanic,64,NO_INSURANCE,28,1,0,3,323,7.0,1
ad550938-7a4a-6355-dc58-449930dfee33,ad550938-7a4a-6355-9187-5384c714be3f,0.1,4476.29,0,emergency,1967-04-30 22:06:25,0,1,22,4,Spring,F,white,nonhispanic,20,NO_INSURANCE,1,1,0,0,0,,0
6cebe382-6645-5849-f835-ffc87169c38b,6cebe382-6645-5849-f398-543d907d44bd,0.01,291.74,0,urgentcare,2023-10-12 17:02:07,4,0,17,10,Fall,F,white,nonhispanic,47,NO_INSURANCE,30,1,0,2,155,7.0,1
b3604373-0cdc-3c4a-f137-9b76dc8c933f,b3604373-0cdc-3c4a-8a51-24ebb281b704,4.49,5423.98,0,inpatient,1980-02-10 10:08:54,0,1,10,2,Winter,M,white,nonhispanic,17,NO_INSURANCE,2,1,0,0,0,,0
e4511778-4c17-701c-8393-352290a784d7,e4511778-4c17-701c-efa2-110e4112b6fe,0.01,291.74,0,urgentcare,2021-06-25 22:06:25,5,0,22,6,Summer,F,white,nonhispanic,74,GOVERNMENT,27,1,0,4,16,126.0,0
08d290f2-cacc-a5c9-341e-a87bc66a4ed3,08d290f2-cacc-a5c9-e3f5-d1d9063f46e5,0.042,146.18,0,emergency,1985-12-07 12:35:15,6,1,12,12,Winter,M,white,nonhispanic,63,NO_INSURANCE,29,1,0,3,319,7.0,1
08d290f2-cacc-a5c9-226c-546d4b7f2a5a,08d290f2-cacc-a5c9-e3f5-d1d9063f46e5,0.01,142.58,0,urgentcare,1985-11-23 12:35:15,6,1,12,11,Fall,M,white,nonhispanic,63,NO_INSURANCE,29,1,0,3,317,7.0,1
6cebe382-6645-5849-8c34-c22217d66a65,6cebe382-6645-5849-f398-543d907d44bd,0.01,291.74,0,urgentcare,2023-09-14 17:02:07,4,0,17,9,Fall,F,white,nonhispanic,47,NO_INSURANCE,31,1,0,2,151,7.0,1
1fab8367-4a8d-ab1e-99d2-e3dc2ce56543,1fab8367-4a8d-ab1e-b676-8acf3e8b1898,0.01,291.74,0,urgentcare,2022-04-16 05:28:17,6,1,5,4,Spring,M,white,nonhispanic,73,GOVERNMENT,16,1,0,3,35,7.0,1
08d290f2-cacc-a5c9-43cb-e48c7161a599,08d290f2-cacc-a5c9-e3f5-d1d9063f46e5,0.042,146.18,0,emergency,1985-09-14 12:35:15,6,1,12,9,Fall,M,white,nonhispanic,63,NO_INSURANCE,29,1,0,3,307,7.0,1
6cebe382-6645-5849-20d3-94209b3fd77c,6cebe382-6645-5849-f398-543d907d44bd,0.01,291.74,0,urgentcare,2023-05-25 17:02:07,4,0,17,5,Spring,F,white,nonhispanic,47,NO_INSURANCE,32,1,0,2,136,7.0,1
89a05562-333c-60ed-2df1-2456ae798688,89a05562-333c-60ed-5660-ff34b7f6e814,0.01,291.74,0,urgentcare,2006-09-08 13:26:05,5,0,13,9,Fall,M,white,nonhispanic,53,PRIVATE,22,1,0,5,7,119.0,0
1fab8367-4a8d-ab1e-2e78-b6739d109ad0,1fab8367-4a8d-ab1e-b676-8acf3e8b1898,0.01,291.74,0,urgentcare,2021-09-18 05:28:17,6,1,5,9,Fall,M,white,nonhispanic,72,GOVERNMENT,19,1,0,3,27,7.0,1
6cebe382-6645-5849-8e94-957acf240bc7,6cebe382-6645-5849-f398-543d907d44bd,0.01,291.74,0,urgentcare,2023-02-16 17:02:07,4,0,17,2,Winter,F,white,nonhispanic,47,NO_INSURANCE,34,1,0,2,123,7.0,1
dfc9eb96-3c2a-6c32-cab4-3da52c44d0ae,dfc9eb96-3c2a-6c32-6584-9d2ab6f64f18,0.024,1042.52,0,urgentcare,1984-12-22 12:35:15,6,1,12,12,Winter,M,white,nonhispanic,62,NO_INSURANCE,19,3,0,3,1,1274.0,0
89a05562-333c-60ed-9991-49f0c2c27bdc,89a05562-333c-60ed-5660-ff34b7f6e814,0.027,1735.1,0,urgentcare,2004-09-17 13:26:05,5,0,13,9,Fall,M,white,nonhispanic,51,PRIVATE,19,1,0,0,2,385.0,0
dfc9eb96-3c2a-6c32-a2d7-76a3c4bb3eb5,dfc9eb96-3c2a-6c32-6584-9d2ab6f64f18,0.042,801.32,0,emergency,1981-06-27 12:35:15,6,1,12,6,Summer,M,white,nonhispanic,59,NO_INSURANCE,15,1,0,1,0,,0
89a05562-333c-60ed-de7c-a7341a26f794,89a05562-333c-60ed-5660-ff34b7f6e814,0.039,872.3,0,urgentcare,2003-08-29 13:26:05,5,0,13,8,Summer,M,white,nonhispanic,50,PRIVATE,18,2,0,0,1,336.0,0
6cebe382-6645-5849-9938-6c961cdcc401,6cebe382-6645-5849-f398-543d907d44bd,0.042,295.34,0,emergency,2023-01-05 17:02:07,4,0,17,1,Winter,F,white,nonhispanic,47,NO_INSURANCE,30,1,0,2,117,7.0,1
89a05562-333c-60ed-b32f-f2ca35ed5729,89a05562-333c-60ed-5660-ff34b7f6e814,0.04,1230.8,0,urgentcare,2002-09-27 13:26:05,5,0,13,9,Fall,M,white,nonhispanic,49,PRIVATE,16,2,0,0,0,,0
6cebe382-6645-5849-12da-71c5a5c1abd4,6cebe382-6645-5849-f398-543d907d44bd,0.042,295.34,0,emergency,2022-12-08 17:02:07,4,0,17,12,Winter,F,white,nonhispanic,46,GOVERNMENT,31,1,0,2,113,7.0,1
e8233637-a645-7460-31e5-408e3075964c,e8233637-a645-7460-78fd-808cf87933da,0.023,1058.55,0,urgentcare,1983-11-05 12:35:15,6,1,12,11,Fall,M,white,nonhispanic,61,NO_INSURANCE,17,1,0,1,1,56.0,0
08d290f2-cacc-a5c9-671b-414b3120a425,08d290f2-cacc-a5c9-e3f5-d1d9063f46e5,0.042,146.18,0,emergency,1985-04-13 12:35:15,6,1,12,4,Spring,M,white,nonhispanic,63,NO_INSURANCE,29,1,0,3,286,7.0,1
e8233637-a645-7460-4470-29962d249227,e8233637-a645-7460-78fd-808cf87933da,0.023,1175.12,0,urgentcare,1983-09-10 12:35:15,6,1,12,9,Fall,M,white,nonhispanic,61,NO_INSURANCE,16,2,0,0,0,,0
6cebe382-6645-5849-6165-07d03c858778,6cebe382-6645-5849-f398-543d907d44bd,0.01,291.74,0,urgentcare,2022-10-27 17:02:07,4,0,17,10,Fall,F,white,nonhispanic,46,GOVERNMENT,32,1,0,2,107,7.0,1
6cebe382-6645-5849-ba58-2ec4d479704d,6cebe382-6645-5849-f398-543d907d44bd,0.01,291.74,0,urgentcare,2023-08-17 17:02:07,4,0,17,8,Summer,F,white,nonhispanic,47,NO_INSURANCE,30,1,0,2,147,7.0,1
b48771f2-01da-2e3d-8f28-d3521101b3b5,b48771f2-01da-2e3d-b283-3a8fbb2b17a0,0.033,1303.7,0,urgentcare,2016-08-22 14:34:46,1,0,14,8,Summer,M,white,nonhispanic,57,GOVERNMENT,26,1,0,4,3,1379.0,0
6cebe382-6645-5849-5739-4bd6047928ed,6cebe382-6645-5849-f398-543d907d44bd,0.01,291.74,0,urgentcare,2022-09-29 17:02:07,4,0,17,9,Fall,F,white,nonhispanic,46,GOVERNMENT,32,1,0,2,103,7.0,1
08d290f2-cacc-a5c9-9a43-6fe9a8909500,08d290f2-cacc-a5c9-e3f5-d1d9063f46e5,0.01,142.58,0,urgentcare,1985-02-02 12:35:15,6,1,12,2,Winter,M,white,nonhispanic,63,NO_INSURANCE,27,1,0,3,276,7.0,1
b48771f2-01da-2e3d-7567-fe083f91771f,b48771f2-01da-2e3d-b283-3a8fbb2b17a0,0.023,1310.5,0,urgentcare,2012-11-12 14:34:46,1,0,14,11,Fall,M,white,nonhispanic,53,GOVERNMENT,20,2,0,0,2,36.9,0
b48771f2-01da-2e3d-12dc-d7565c5af946,b48771f2-01da-2e3d-b283-3a8fbb2b17a0,1.0,1027.97,0,inpatient,2012-10-05 16:01:43,5,0,16,10,Fall,M,white,nonhispanic,53,GOVERNMENT,18,1,0,0,1,492.5,0
b48771f2-01da-2e3d-8bd0-484931b6f862,b48771f2-01da-2e3d-b283-3a8fbb2b17a0,1.0,21486.28,0,inpatient,2011-05-31 03:25:06,2,0,3,5,Spring,M,white,nonhispanic,52,PRIVATE,16,1,0,4,0,,0
08d290f2-cacc-a5c9-538f-7206edc34c73,08d290f2-cacc-a5c9-e3f5-d1d9063f46e5,0.01,142.58,0,urgentcare,1984-12-22 12:35:15,6,1,12,12,Winter,M,white,nonhispanic,62,NO_INSURANCE,28,1,0,3,270,7.0,1
08d290f2-cacc-a5c9-fbff-c6604897caf2,08d290f2-cacc-a5c9-e3f5-d1d9063f46e5,0.042,146.18,0,emergency,1984-12-08 12:35:15,6,1,12,12,Winter,M,white,nonhispanic,62,NO_INSURANCE,26,1,0,3,268,7.0,1
e4511778-4c17-701c-91d6-4eab80f00449,e4511778-4c17-701c-efa2-110e4112b6fe,0.01,291.74,0,urgentcare,2017-10-06 22:06:25,5,0,22,10,Fall,F,white,nonhispanic,70,GOVERNMENT,29,1,0,3,9,14.0,1
e4511778-4c17-701c-591b-6328ecdac7da,e4511778-4c17-701c-efa2-110e4112b6fe,0.01,291.74,0,urgentcare,2017-09-22 22:06:25,5,0,22,9,Fall,F,white,nonhispanic,70,GOVERNMENT,29,1,0,3,8,7.0,1
08d290f2-cacc-a5c9-a383-5206e390951c,08d290f2-cacc-a5c9-e3f5-d1d9063f46e5,0.01,142.58,0,urgentcare,1984-09-29 12:35:15,6,1,12,9,Fall,M,white,nonhispanic,62,NO_INSURANCE,26,1,0,3,258,7.0,1
6cebe382-6645-5849-8eaa-7fddb959e8fd,6cebe382-6645-5849-f398-543d907d44bd,0.042,295.34,0,emergency,2022-04-28 17:02:07,4,0,17,4,Spring,F,white,nonhispanic,46,GOVERNMENT,32,1,0,2,81,7.0,1
61f048dc-f66e-bbda-2a8a-5786ea71290f,61f048dc-f66e-bbda-48c8-593d92d2bf03,0.025,1394.04,0,urgentcare,2016-07-27 13:45:26,3,0,13,7,Summer,F,white,nonhispanic,70,GOVERNMENT,24,1,0,0,5,42.0,0
61f048dc-f66e-bbda-95d9-a8d25c28a3e0,61f048dc-f66e-bbda-48c8-593d92d2bf03,0.01,291.74,0,urgentcare,2016-08-03 13:45:26,3,0,13,8,Summer,F,white,nonhispanic,70,GOVERNMENT,25,1,0,4,6,7.0,1
08d290f2-cacc-a5c9-3ebc-fe53eca7a668,08d290f2-cacc-a5c9-e3f5-d1d9063f46e5,0.042,146.18,0,emergency,1984-07-07 12:35:15,6,1,12,7,Summer,M,white,nonhispanic,62,NO_INSURANCE,26,1,0,3,246,7.0,1
61f048dc-f66e-bbda-d323-eb900b438956,61f048dc-f66e-bbda-48c8-593d92d2bf03,0.027,1382.9,0,urgentcare,2016-06-15 13:45:26,3,0,13,6,Summer,F,white,nonhispanic,70,GOVERNMENT,23,1,0,0,4,14.0,1
61f048dc-f66e-bbda-8565-13133a55f64c,61f048dc-f66e-bbda-48c8-593d92d2bf03,0.031,872.3,0,urgentcare,2016-06-01 13:45:26,3,0,13,6,Summer,F,white,nonhispanic,70,GOVERNMENT,22,1,0,0,3,2380.0,0
08d290f2-cacc-a5c9-1769-d6a993432423,08d290f2-cacc-a5c9-e3f5-d1d9063f46e5,0.042,146.18,0,emergency,1984-06-23 12:35:15,6,1,12,6,Summer,M,white,nonhispanic,62,NO_INSURANCE,27,1,0,3,244,7.0,1
08d290f2-cacc-a5c9-1494-a42356b263d3,08d290f2-cacc-a5c9-e3f5-d1d9063f46e5,0.042,146.18,0,emergency,1984-04-28 12:35:15,6,1,12,4,Spring,M,white,nonhispanic,62,NO_INSURANCE,27,1,0,3,236,14.0,1
08d290f2-cacc-a5c9-ea89-f6f5b73adfa8,08d290f2-cacc-a5c9-e3f5-d1d9063f46e5,0.042,146.18,0,emergency,1984-04-14 12:35:15,6,1,12,4,Spring,M,white,nonhispanic,62,NO_INSURANCE,28,1,0,3,235,7.0,1
61f048dc-f66e-bbda-2cc5-5fc5144d94ac,61f048dc-f66e-bbda-48c8-593d92d2bf03,0.042,17561.72,0,emergency,2009-11-25 13:45:26,3,0,13,11,Fall,F,white,nonhispanic,63,PRIVATE,14,1,0,0,2,202.8,0
61f048dc-f66e-bbda-a0c1-e4b0f9c7dc7e,61f048dc-f66e-bbda-48c8-593d92d2bf03,0.114,4407.08,0,emergency,2009-05-06 16:02:25,3,0,16,5,Spring,F,white,nonhispanic,63,PRIVATE,13,1,0,0,1,152.0,0
e4511778-4c17-701c-6c20-f18cc440482f,e4511778-4c17-701c-efa2-110e4112b6fe,0.037,872.3,0,urgentcare,2016-09-09 22:06:25,5,0,22,9,Fall,F,white,nonhispanic,69,GOVERNMENT,29,1,0,3,6,91.0,0
61f048dc-f66e-bbda-6f2e-02f58d218ce0,61f048dc-f66e-bbda-48c8-593d92d2bf03,0.095,17189.78,0,emergency,2008-12-05 13:45:26,5,0,13,12,Winter,F,white,nonhispanic,62,PRIVATE,12,2,0,0,0,,0
e4511778-4c17-701c-2bf0-10a9f18816af,e4511778-4c17-701c-efa2-110e4112b6fe,0.034,872.3,0,urgentcare,2016-06-10 22:06:25,5,0,22,6,Summer,F,white,nonhispanic,69,GOVERNMENT,27,1,0,0,5,2359.0,0
e4511778-4c17-701c-7d2e-3d1b0777b7e5,e4511778-4c17-701c-efa2-110e4112b6fe,0.042,875.9,0,emergency,2009-12-25 22:06:25,5,0,22,12,Winter,F,white,nonhispanic,62,NO_INSURANCE,23,1,0,0,4,1379.0,0
08d290f2-cacc-a5c9-bcc0-c395e779ca43,08d290f2-cacc-a5c9-e3f5-d1d9063f46e5,0.042,146.18,0,emergency,1984-01-21 12:35:15,6,1,12,1,Winter,M,white,nonhispanic,62,NO_INSURANCE,26,1,0,3,223,7.0,1
e4511778-4c17-701c-2bcf-5da86312697c,e4511778-4c17-701c-efa2-110e4112b6fe,0.042,1011.9,0,emergency,1991-05-10 22:06:25,5,0,22,5,Spring,F,white,nonhispanic,44,NO_INSURANCE,16,2,0,0,2,574.0,0
e4511778-4c17-701c-de44-2ac01b09deeb,e4511778-4c17-701c-efa2-110e4112b6fe,0.035,1008.3,0,urgentcare,1989-10-13 22:06:25,5,0,22,10,Fall,F,white,nonhispanic,42,NO_INSURANCE,14,5,0,0,1,2304.0,0
08d290f2-cacc-a5c9-ebfa-bc3f5b0831e8,08d290f2-cacc-a5c9-e3f5-d1d9063f46e5,0.042,146.18,0,emergency,1983-12-24 12:35:15,6,1,12,12,Winter,M,white,nonhispanic,61,NO_INSURANCE,27,1,0,3,219,7.0,1
6cebe382-6645-5849-c038-1bfbc9603c91,6cebe382-6645-5849-f398-543d907d44bd,0.01,291.74,0,urgentcare,2021-03-18 17:02:07,4,0,17,3,Spring,F,white,nonhispanic,45,NO_INSURANCE,29,1,0,2,58,20.6,1
6cebe382-6645-5849-f247-968febee3800,6cebe382-6645-5849-f398-543d907d44bd,0.375,146.18,0,emergency,2021-02-25 17:02:07,4,0,17,2,Winter,F,white,nonhispanic,45,NO_INSURANCE,31,1,0,2,57,7.0,1
e4511778-4c17-701c-080a-1fffd95ecfb0,e4511778-4c17-701c-efa2-110e4112b6fe,1.0,3817.64,0,inpatient,1983-06-22 22:56:59,3,0,22,6,Summer,F,white,nonhispanic,36,GOVERNMENT,4,1,0,0,0,,0
08d290f2-cacc-a5c9-3f47-93b7a2a1f68c,08d290f2-cacc-a5c9-e3f5-d1d9063f46e5,0.01,142.58,0,urgentcare,1983-10-01 12:35:15,6,1,12,10,Fall,M,white,nonhispanic,61,NO_INSURANCE,27,1,0,3,207,7.0,1
08d290f2-cacc-a5c9-34e3-3ce65e20cfcc,08d290f2-cacc-a5c9-e3f5-d1d9063f46e5,0.01,142.58,0,urgentcare,1983-09-03 12:35:15,6,1,12,9,Fall,M,white,nonhispanic,61,NO_INSURANCE,28,1,0,3,203,7.0,1
08d290f2-cacc-a5c9-98ab-8b2f860d0c2b,08d290f2-cacc-a5c9-e3f5-d1d9063f46e5,0.042,146.18,0,emergency,1983-08-20 12:35:15,6,1,12,8,Summer,M,white,nonhispanic,61,NO_INSURANCE,27,1,0,3,201,7.0,1
6cebe382-6645-5849-d02e-e4716a2a858c,6cebe382-6645-5849-f398-543d907d44bd,0.01,291.74,0,urgentcare,2020-02-27 17:02:07,4,0,17,2,Winter,F,white,nonhispanic,44,GOVERNMENT,28,1,0,3,42,7.0,1
08d290f2-cacc-a5c9-b09e-10c192281675,08d290f2-cacc-a5c9-e3f5-d1d9063f46e5,0.042,295.34,0,emergency,1983-01-08 12:35:15,6,1,12,1,Winter,M,white,nonhispanic,61,NO_INSURANCE,26,1,0,3,170,7.0,1
08d290f2-cacc-a5c9-2a6e-4ab4b1cf35c3,08d290f2-cacc-a5c9-e3f5-d1d9063f46e5,0.042,295.34,0,emergency,1982-12-25 12:35:15,6,1,12,12,Winter,M,white,nonhispanic,60,NO_INSURANCE,27,1,0,3,168,7.0,1
08d290f2-cacc-a5c9-8c94-0a6960e4bff2,08d290f2-cacc-a5c9-e3f5-d1d9063f46e5,0.042,295.34,0,emergency,1983-01-22 12:35:15,6,1,12,1,Winter,M,white,nonhispanic,61,NO_INSURANCE,25,1,0,3,172,7.0,1
6cebe382-6645-5849-ffb9-6f38d2fed082,6cebe382-6645-5849-f398-543d907d44bd,0.125,146.18,0,emergency,2018-05-03 17:02:07,4,0,17,5,Spring,F,white,nonhispanic,42,NO_INSURANCE,26,1,0,4,30,7.0,1
08d290f2-cacc-a5c9-68b8-3f6dfd588679,08d290f2-cacc-a5c9-e3f5-d1d9063f46e5,0.042,295.34,0,emergency,1982-06-12 12:35:15,6,1,12,6,Summer,M,white,nonhispanic,60,NO_INSURANCE,26,1,0,3,140,7.0,1
08d290f2-cacc-a5c9-8253-222480a024d8,08d290f2-cacc-a5c9-e3f5-d1d9063f46e5,0.042,295.34,0,emergency,1982-08-21 12:35:15,6,1,12,8,Summer,M,white,nonhispanic,60,NO_INSURANCE,27,1,0,3,150,7.0,1
08d290f2-cacc-a5c9-fb2f-844c53deedc2,08d290f2-cacc-a5c9-e3f5-d1d9063f46e5,0.042,295.34,0,emergency,1982-10-02 12:35:15,6,1,12,10,Fall,M,white,nonhispanic,60,NO_INSURANCE,26,1,0,3,156,7.0,1
08d290f2-cacc-a5c9-e046-d3a4cdfef0e2,08d290f2-cacc-a5c9-e3f5-d1d9063f46e5,0.042,295.34,0,emergency,1982-03-20 12:35:15,6,1,12,3,Spring,M,white,nonhispanic,60,NO_INSURANCE,25,1,0,3,129,7.0,1
6cebe382-6645-5849-9bf1-60c6dc37be93,6cebe382-6645-5849-f398-543d907d44bd,0.01,291.74,0,urgentcare,2016-12-29 17:02:07,4,0,17,12,Winter,F,white,nonhispanic,40,GOVERNMENT,28,1,0,2,8,7.0,1
6cebe382-6645-5849-2f39-d986710155b9,6cebe382-6645-5849-f398-543d907d44bd,0.01,291.74,0,urgentcare,2017-02-09 17:02:07,4,0,17,2,Winter,F,white,nonhispanic,41,GOVERNMENT,27,1,0,2,12,7.0,1
6cebe382-6645-5849-8e6f-11006ac7d64c,6cebe382-6645-5849-f398-543d907d44bd,0.042,295.34,0,emergency,2017-05-04 17:02:07,4,0,17,5,Spring,F,white,nonhispanic,41,GOVERNMENT,28,1,0,3,18,7.0,1
6cebe382-6645-5849-a103-f7199c6e8c54,6cebe382-6645-5849-f398-543d907d44bd,0.042,146.18,0,emergency,2019-06-30 05:58:54,0,1,5,6,Summer,F,white,nonhispanic,43,NO_INSURANCE,24,1,0,4,35,9.5,1
08d290f2-cacc-a5c9-cb8f-26090807c41b,08d290f2-cacc-a5c9-e3f5-d1d9063f46e5,0.042,295.34,0,emergency,1980-10-04 12:35:15,6,1,12,10,Fall,M,white,nonhispanic,58,NO_INSURANCE,24,1,0,3,54,14.0,1
08d290f2-cacc-a5c9-6a5a-0649cee1d5fb,08d290f2-cacc-a5c9-e3f5-d1d9063f46e5,0.01,291.74,0,urgentcare,1980-09-20 12:35:15,6,1,12,9,Fall,M,white,nonhispanic,58,NO_INSURANCE,25,1,0,3,53,7.0,1
6cebe382-6645-5849-ec1b-ae44d61cc2b8,6cebe382-6645-5849-f398-543d907d44bd,0.036,1871.1,0,urgentcare,2014-01-23 17:02:07,4,0,17,1,Winter,F,white,nonhispanic,38,NO_INSURANCE,18,5,0,0,5,5885.4,0
08d290f2-cacc-a5c9-fbe5-c1892f06f8c6,08d290f2-cacc-a5c9-e3f5-d1d9063f46e5,0.01,291.74,0,urgentcare,1980-07-12 12:35:15,6,1,12,7,Summer,M,white,nonhispanic,58,NO_INSURANCE,25,1,0,3,43,7.0,1
6cebe382-6645-5849-f11f-50231317af85,6cebe382-6645-5849-f398-543d907d44bd,0.042,6226.39,0,emergency,1991-06-07 17:02:07,5,0,17,6,Summer,F,white,nonhispanic,15,NO_INSURANCE,4,1,0,0,3,109.0,0
6cebe382-6645-5849-f2ee-2f712b2a1f0c,6cebe382-6645-5849-f398-543d907d44bd,0.042,146.18,0,emergency,1991-02-18 17:02:07,1,0,17,2,Winter,F,white,nonhispanic,15,NO_INSURANCE,3,1,0,0,2,37.0,0
6cebe382-6645-5849-301b-e56e7c6b8006,6cebe382-6645-5849-f398-543d907d44bd,0.042,87.71,0,emergency,1991-01-12 17:02:07,6,1,17,1,Winter,F,white,nonhispanic,15,NO_INSURANCE,2,1,0,0,1,2723.5,0
08d290f2-cacc-a5c9-4a99-b81a7230e444,08d290f2-cacc-a5c9-e3f5-d1d9063f46e5,0.042,295.34,0,emergency,1981-05-30 12:35:15,6,1,12,5,Spring,M,white,nonhispanic,59,NO_INSURANCE,24,1,0,3,87,7.0,1
08d290f2-cacc-a5c9-74e1-b2ab339d6985,08d290f2-cacc-a5c9-e3f5-d1d9063f46e5,0.042,295.34,0,emergency,1981-09-19 12:35:15,6,1,12,9,Fall,M,white,nonhispanic,59,NO_INSURANCE,25,1,0,3,103,7.0,1
08d290f2-cacc-a5c9-da45-a0a499eb07e7,08d290f2-cacc-a5c9-e3f5-d1d9063f46e5,0.042,295.34,0,emergency,1981-10-17 12:35:15,6,1,12,10,Fall,M,white,nonhispanic,59,NO_INSURANCE,25,1,0,3,107,7.0,1
08d290f2-cacc-a5c9-43ec-3ddb2ca3c429,08d290f2-cacc-a5c9-e3f5-d1d9063f46e5,0.042,295.34,0,emergency,1981-10-31 12:35:15,6,1,12,10,Fall,M,white,nonhispanic,59,NO_INSURANCE,25,1,0,3,109,7.0,1
08d290f2-cacc-a5c9-b6aa-b9aa4bb62b53,08d290f2-cacc-a5c9-e3f5-d1d9063f46e5,0.042,295.34,0,emergency,1981-11-28 12:35:15,6,1,12,11,Fall,M,white,nonhispanic,59,NO_INSURANCE,25,1,0,3,113,7.0,1
6cebe382-6645-5849-e9ca-9a67e1dc729d,6cebe382-6645-5849-f398-543d907d44bd,1.529,21432.77,0,inpatient,1983-07-28 17:02:07,4,0,17,7,Summer,F,white,nonhispanic,7,NO_INSURANCE,1,1,0,0,0,,0
08d290f2-cacc-a5c9-8d38-9795118997f4,08d290f2-cacc-a5c9-e3f5-d1d9063f46e5,0.01,291.74,0,urgentcare,1979-04-07 12:35:15,6,1,12,4,Spring,M,white,nonhispanic,57,NO_INSURANCE,25,1,0,4,15,7.0,1
08d290f2-cacc-a5c9-322d-3ab280e8c4e7,08d290f2-cacc-a5c9-e3f5-d1d9063f46e5,0.028,1088.0,0,urgentcare,1970-05-30 12:35:15,6,1,12,5,Spring,M,white,nonhispanic,48,NO_INSURANCE,19,2,0,0,2,3213.0,0
08d290f2-cacc-a5c9-28c2-f34105251f06,08d290f2-cacc-a5c9-e3f5-d1d9063f46e5,0.03,1735.1,0,urgentcare,1975-12-20 12:35:15,6,1,12,12,Winter,M,white,nonhispanic,53,NO_INSURANCE,19,1,0,0,3,2030.0,0
08d290f2-cacc-a5c9-0932-e6d3ff4d8953,08d290f2-cacc-a5c9-e3f5-d1d9063f46e5,0.04,872.3,0,urgentcare,1961-08-12 12:35:15,6,1,12,8,Summer,M,white,nonhispanic,39,NO_INSURANCE,16,1,0,0,1,2555.0,0
08d290f2-cacc-a5c9-6957-f1e2ab9ff8cd,08d290f2-cacc-a5c9-e3f5-d1d9063f46e5,0.039,872.3,0,urgentcare,1954-08-14 12:35:15,6,1,12,8,Summer,M,white,nonhispanic,32,NO_INSURANCE,11,1,0,0,0,,0
15d2023e-7261-4ed1-3c7a-a8679f81586e,15d2023e-7261-4ed1-d81a-5b9ba8e4b338,0.042,577.58,0,emergency,2026-04-18 15:03:17,6,1,15,4,Spring,F,white,nonhispanic,29,GOVERNMENT,12,0,1,0,24,952.0,0
77576681-70f3-74d3-f859-63e144c42ce2,77576681-70f3-74d3-e60e-bb7c3a782eb8,0.01,358.28,0,urgentcare,2026-05-27 22:05:33,3,0,22,5,Spring,M,white,nonhispanic,46,PRIVATE,14,0,1,1,11,7.0,1
d618f3ee-2948-b184-9c34-529ab8cdc455,d618f3ee-2948-b184-1e22-58f8b059aabc,2.097,13585.78,0,inpatient,2026-05-14 21:41:57,4,0,21,5,Spring,F,white,nonhispanic,62,PRIVATE,15,0,5,17,2,3591.2,0
d618f3ee-2948-b184-470a-5b170f826c57,d618f3ee-2948-b184-1e22-58f8b059aabc,1.0,1871.78,0,inpatient,2026-05-16 23:46:34,6,1,23,5,Spring,F,white,nonhispanic,62,PRIVATE,15,0,4,17,3,1.4,1
0b7671e1-a17e-250b-61dc-59023c035c29,0b7671e1-a17e-250b-77f0-ef1e5434420d,0.042,17262.65,0,emergency,2026-03-13 22:36:22,5,0,22,3,Spring,F,white,nonhispanic,23,GOVERNMENT,6,0,2,0,2,665.0,0
6a15bf29-6352-10c4-af12-3276c9ff21e3,6a15bf29-6352-10c4-f13e-1097de41f0d1,2.086,14035.7,0,inpatient,2024-10-28 12:18:52,1,0,12,10,Fall,M,white,nonhispanic,65,GOVERNMENT,14,0,4,15,0,,0
6a15bf29-6352-10c4-a4cf-fd62171a4427,6a15bf29-6352-10c4-f13e-1097de41f0d1,1.0,1871.78,0,inpatient,2024-10-30 14:08:08,3,0,14,10,Fall,M,white,nonhispanic,65,GOVERNMENT,14,0,4,15,1,1.4,1
904d7220-936a-4a9d-e7a9-aa096d0b1248,904d7220-936a-4a9d-0b23-58eb3a7b21ac,0.042,2151.82,0,emergency,2026-06-26 03:40:38,5,0,3,6,Summer,F,white,nonhispanic,17,GOVERNMENT,3,0,2,0,1,1257.9,0
f3c338ed-729e-f5a1-e563-92cb1bf7d426,f3c338ed-729e-f5a1-a5fe-60c26f0e306e,1.059,6027.95,0,inpatient,2024-12-19 21:20:24,4,0,21,12,Winter,M,white,hispanic,62,PRIVATE,16,0,5,14,2,1600.3,0
f3c338ed-729e-f5a1-2825-13a279cc8535,f3c338ed-729e-f5a1-a5fe-60c26f0e306e,1.0,1871.78,0,inpatient,2024-12-20 22:30:41,5,0,22,12,Winter,M,white,hispanic,62,PRIVATE,16,0,4,14,2,1601.4,0
46ea3767-2231-db81-e098-955c4a632e5c,46ea3767-2231-db81-8e57-1dec59f6de2b,2.093,20786.5,0,inpatient,2026-08-20 21:42:14,4,0,21,8,Summer,F,white,nonhispanic,76,GOVERNMENT,12,0,5,17,1,3356.2,0
46ea3767-2231-db81-4810-e28139210d13,46ea3767-2231-db81-8e57-1dec59f6de2b,1.0,1871.78,0,inpatient,2026-08-22 23:41:45,6,1,23,8,Summer,F,white,nonhispanic,76,GOVERNMENT,12,0,4,17,2,1.4,1
357ed0b1-93d9-74de-ec53-e469d1d2b698,357ed0b1-93d9-74de-959b-9cd9c1f1177d,0.042,577.58,0,emergency,2026-04-10 02:38:58,5,0,2,4,Spring,F,white,hispanic,32,PRIVATE,6,0,1,0,6,454.0,0
f5c33945-f052-3569-b791-90f9199b025d,f5c33945-f052-3569-eea8-f862e26a90bc,1.062,7954.05,0,inpatient,2026-06-16 01:20:05,2,0,1,6,Summer,M,asian,hispanic,64,PRIVATE,13,0,6,13,1,6556.3,0
f5c33945-f052-3569-1066-d19dc0f01462,f5c33945-f052-3569-eea8-f862e26a90bc,1.0,1871.78,0,inpatient,2026-06-17 02:34:03,3,0,2,6,Summer,M,asian,hispanic,64,PRIVATE,13,0,4,13,2,0.3,1
7c5e9c73-5673-cbd4-c31c-dbde9935c8e3,7c5e9c73-5673-cbd4-403e-db20b90f7df8,9.031,10764.3,1,inpatient,2026-08-16 20:18:57,0,1,20,8,Summer,F,white,nonhispanic,66,GOVERNMENT,11,0,2,3,4,371.0,0
37953896-de03-e7c0-0f43-98103f71d5ee,37953896-de03-e7c0-5f92-0ef080c71ed6,0.01,365.08,0,urgentcare,2026-08-09 14:29:57,0,1,14,8,Summer,F,white,nonhispanic,65,PRIVATE,15,0,1,3,1,7.0,1
ae34ab54-b219-95ff-5043-b3bed667b7ff,ae34ab54-b219-95ff-18ec-68c3fdde0ab4,1.869,19188.96,0,inpatient,2026-08-31 00:38:37,1,0,0,8,Summer,M,white,nonhispanic,45,GOVERNMENT,9,0,2,1,3,7.0,1
e5af8abb-a368-7780-4d82-59c4cfd77677,e5af8abb-a368-7780-7a07-882baf990aab,4.376,28908.99,0,inpatient,2004-08-28 02:22:04,6,1,2,8,Summer,M,white,nonhispanic,54,GOVERNMENT,16,0,3,2,60,31.0,0
0966dcf2-1498-2c7a-2d8e-09598470050f,0966dcf2-1498-2c7a-04be-238eaf816b78,0.042,14530.8,0,emergency,1994-12-22 14:52:00,4,0,14,12,Winter,M,white,nonhispanic,72,GOVERNMENT,16,0,3,5,2,180.0,0
0966dcf2-1498-2c7a-b107-98e89a8a233c,0966dcf2-1498-2c7a-04be-238eaf816b78,6.03,9740.78,0,inpatient,1994-12-22 14:52:00,4,0,14,12,Winter,M,white,nonhispanic,72,GOVERNMENT,16,0,5,5,2,180.0,0
97a6442d-b21d-acfb-ce34-db9d59fcb4ea,97a6442d-b21d-acfb-9143-56906f91917b,0.042,4681.19,0,emergency,1985-09-05 13:42:18,4,0,13,9,Fall,M,white,nonhispanic,63,GOVERNMENT,18,0,3,1,7,1980.0,0
97a6442d-b21d-acfb-fc4b-9023ac4e0b52,97a6442d-b21d-acfb-9143-56906f91917b,1.005,3285.48,0,inpatient,1985-09-05 13:42:18,4,0,13,9,Fall,M,white,nonhispanic,63,GOVERNMENT,18,0,5,1,7,1980.0,0
063223b7-ccdb-5607-cbe2-03d9442dc82d,063223b7-ccdb-5607-13f7-26115e100d11,0.042,14530.8,0,emergency,2025-11-01 04:56:46,6,1,4,11,Fall,F,asian,nonhispanic,43,GOVERNMENT,13,0,3,4,1,2798.0,0
063223b7-ccdb-5607-33a7-8dbf24b44185,063223b7-ccdb-5607-13f7-26115e100d11,3.044,7230.41,0,inpatient,2025-11-01 04:56:46,6,1,4,11,Fall,F,asian,nonhispanic,43,GOVERNMENT,13,0,5,4,1,2798.0,0
33a068d0-c2b4-f71b-b0d3-e0bd6dc8b74a,33a068d0-c2b4-f71b-ca16-2280ad9f26be,3.131,26188.18,0,inpatient,2023-07-11 00:33:02,2,0,0,7,Summer,F,white,hispanic,19,GOVERNMENT,8,0,2,3,9,135.4,0
ef0f65e9-6b19-092b-f91e-2f13a9ab8d22,ef0f65e9-6b19-092b-451a-5af9e9c1d7ae,0.042,4797.17,0,emergency,2025-07-26 13:17:51,6,1,13,7,Summer,F,white,nonhispanic,34,PRIVATE,11,0,2,0,4,1469.9,0
e5af8abb-a368-7780-3066-aafeadabfdf5,e5af8abb-a368-7780-7a07-882baf990aab,4.307,49942.63,0,inpatient,2004-09-29 14:24:04,3,0,14,9,Fall,M,white,nonhispanic,54,GOVERNMENT,15,0,3,2,62,22.9,1
e5af8abb-a368-7780-ebab-d5883f338223,e5af8abb-a368-7780-7a07-882baf990aab,7.772,106641.49,1,inpatient,2004-11-06 02:46:04,6,1,2,11,Fall,M,white,nonhispanic,54,NO_INSURANCE,15,0,3,2,63,33.2,0
e5af8abb-a368-7780-a725-e833a1ad308a,e5af8abb-a368-7780-7a07-882baf990aab,10.029,75193.8,1,inpatient,2004-12-16 21:18:04,4,0,21,12,Winter,M,white,nonhispanic,54,NO_INSURANCE,15,0,3,2,64,33.0,0
e5af8abb-a368-7780-a61a-78536d05ed2f,e5af8abb-a368-7780-7a07-882baf990aab,4.359,36852.55,0,inpatient,2005-01-29 09:00:04,6,1,9,1,Winter,M,white,nonhispanic,55,NO_INSURANCE,15,0,2,2,65,33.5,0
83bcad0c-8f4b-bcaf-2007-984ade85a758,83bcad0c-8f4b-bcaf-2497-6b253e9e6f18,5.413,42739.63,0,inpatient,1987-11-17 22:00:15,2,0,22,11,Fall,M,white,nonhispanic,65,GOVERNMENT,13,0,1,2,10,34.6,0
83bcad0c-8f4b-bcaf-9588-d4c5c22b7a18,83bcad0c-8f4b-bcaf-2497-6b253e9e6f18,4.425,36520.9,0,inpatient,1987-12-21 11:55:15,1,0,11,12,Winter,M,white,nonhispanic,65,GOVERNMENT,13,0,1,2,11,28.2,1
83bcad0c-8f4b-bcaf-1ef2-4a52211992cc,83bcad0c-8f4b-bcaf-2497-6b253e9e6f18,20.734,166406.29,1,inpatient,1988-01-24 23:07:15,0,1,23,1,Winter,M,white,nonhispanic,66,GOVERNMENT,13,0,1,2,12,30.0,0
83bcad0c-8f4b-bcaf-5573-2be5667b6f52,83bcad0c-8f4b-bcaf-2497-6b253e9e6f18,6.484,53306.38,0,inpatient,1988-03-17 10:44:15,4,0,10,3,Spring,M,white,nonhispanic,66,GOVERNMENT,13,0,1,2,13,31.8,0
83bcad0c-8f4b-bcaf-81bb-268b46d869ff,83bcad0c-8f4b-bcaf-2497-6b253e9e6f18,3.362,34267.69,0,inpatient,1988-04-27 01:21:15,3,0,1,4,Spring,M,white,nonhispanic,66,GOVERNMENT,13,0,1,2,14,34.1,0
83bcad0c-8f4b-bcaf-f7d7-228493cc02e6,83bcad0c-8f4b-bcaf-2497-6b253e9e6f18,6.342,88048.44,0,inpatient,1988-05-30 22:02:15,1,0,22,5,Spring,M,white,nonhispanic,66,GOVERNMENT,13,0,1,2,15,30.5,0
83bcad0c-8f4b-bcaf-99f3-7a05f9f3f24d,83bcad0c-8f4b-bcaf-2497-6b253e9e6f18,5.367,37694.25,0,inpatient,1988-07-08 16:14:15,5,0,16,7,Summer,M,white,nonhispanic,66,GOVERNMENT,13,0,1,2,16,32.4,0
83bcad0c-8f4b-bcaf-3ef8-1a63c43e5faf,83bcad0c-8f4b-bcaf-2497-6b253e9e6f18,4.238,42664.44,0,inpatient,1988-08-14 13:03:15,0,1,13,8,Summer,M,white,nonhispanic,66,GOVERNMENT,13,0,1,2,17,31.5,0
83bcad0c-8f4b-bcaf-fe54-cff1de58275c,83bcad0c-8f4b-bcaf-2497-6b253e9e6f18,11.732,83604.33,1,inpatient,1988-09-16 10:45:15,5,0,10,9,Fall,M,white,nonhispanic,66,GOVERNMENT,13,0,1,2,18,28.7,1
83bcad0c-8f4b-bcaf-0af3-ebfce240ddae,83bcad0c-8f4b-bcaf-2497-6b253e9e6f18,6.589,60555.05,0,inpatient,1988-10-29 05:19:15,6,1,5,10,Fall,M,white,nonhispanic,66,GOVERNMENT,13,0,1,2,19,31.0,0
0966dcf2-1498-2c7a-0124-58f78571458e,0966dcf2-1498-2c7a-04be-238eaf816b78,0.042,4681.19,0,emergency,1994-06-21 13:46:04,2,0,13,6,Summer,M,white,nonhispanic,72,GOVERNMENT,15,0,3,0,0,,0
0966dcf2-1498-2c7a-302c-91d94ca6c80e,0966dcf2-1498-2c7a-04be-238eaf816b78,4.046,7617.88,0,inpatient,1994-06-21 13:46:04,2,0,13,6,Summer,M,white,nonhispanic,72,GOVERNMENT,15,0,6,0,0,,0
23d25649-b558-2a19-aec1-11ef8eb8c89b,23d25649-b558-2a19-4dfe-cd7b77e926fc,0.042,5252.23,0,emergency,2019-04-11 22:52:27,4,0,22,4,Spring,F,white,nonhispanic,55,GOVERNMENT,6,0,3,0,6,645.9,0
23d25649-b558-2a19-511b-d15e639f8271,23d25649-b558-2a19-4dfe-cd7b77e926fc,1.047,4562.54,0,inpatient,2019-04-11 22:52:27,4,0,22,4,Spring,F,white,nonhispanic,55,GOVERNMENT,6,0,5,0,6,645.9,0
9e9b7e84-a573-7762-a49a-1a46948fdd11,9e9b7e84-a573-7762-9ce5-d6e70ed0dc91,0.119,6660.25,0,emergency,2011-10-10 00:23:41,1,0,0,10,Fall,M,white,nonhispanic,13,GOVERNMENT,4,0,1,1,2,276.9,0
6cebe382-6645-5849-9201-d2902cbd3da3,6cebe382-6645-5849-f398-543d907d44bd,0.035,1405.25,0,urgentcare,2026-09-10 17:02:07,4,0,17,9,Fall,F,white,nonhispanic,50,GOVERNMENT,32,0,2,3,245,8.0,1
56f6e610-b1e1-cb7a-1a4e-b3b595253478,56f6e610-b1e1-cb7a-7bbf-ceba2ee76513,0.01,13560.09,0,urgentcare,2023-12-13 15:03:30,3,0,15,12,Winter,F,white,nonhispanic,73,GOVERNMENT,16,0,1,2,5,7.0,1
6d1318b3-125c-a45c-f75a-55542ba6df4f,6d1318b3-125c-a45c-7c19-a8e18a01201f,0.042,5846.51,0,emergency,2025-01-22 19:59:39,3,0,19,1,Winter,F,white,hispanic,46,PRIVATE,10,0,2,0,2,1687.0,0
e8233637-a645-7460-0226-81f54a4738ac,e8233637-a645-7460-78fd-808cf87933da,0.042,1660.52,0,urgentcare,2003-02-22 12:35:15,6,1,12,2,Winter,M,white,nonhispanic,81,GOVERNMENT,31,0,5,5,48,14.0,1
1a9b16ad-e469-50ab-ed5f-9a39f4838d68,1a9b16ad-e469-50ab-0240-77049e72ad4b,0.042,4028.78,0,emergency,2024-10-12 08:58:15,6,1,8,10,Fall,F,white,nonhispanic,47,PRIVATE,8,0,2,1,1,1688.4,0
0d660332-0b57-c70d-7e6f-366493b518f9,0d660332-0b57-c70d-98a7-e4e436e3cad2,0.01,846.95,0,urgentcare,2026-08-15 01:24:13,6,1,1,8,Summer,M,white,nonhispanic,54,PRIVATE,23,0,1,5,15,7.0,1
e0123aac-2e7a-d32f-9246-aa99eee30522,e0123aac-2e7a-d32f-1eaf-7972858ab858,0.042,2800.0,0,emergency,2024-04-22 13:04:49,1,0,13,4,Spring,F,white,hispanic,21,PRIVATE,4,0,2,0,4,679.0,0
98c26c98-245d-900b-4cd4-6aa49945a74c,98c26c98-245d-900b-d256-36c0bf9cec5d,2.625,1696.26,0,inpatient,2025-12-14 13:44:49,0,1,13,12,Winter,F,white,hispanic,21,GOVERNMENT,7,0,2,1,3,23.9,1
b8bd9ba3-65d6-0924-36bc-cd81af7aa46d,b8bd9ba3-65d6-0924-03c0-300de291928d,0.01,358.28,0,urgentcare,2025-03-01 04:38:20,6,1,4,3,Spring,F,white,nonhispanic,65,PRIVATE,20,0,1,5,4,7.0,1
cca04c04-e02e-2bac-6e0b-046c33236ee7,cca04c04-e02e-2bac-ff0f-207af6460e91,0.042,14066.07,0,emergency,2025-08-15 10:37:00,5,0,10,8,Summer,F,hawaiian,nonhispanic,48,PRIVATE,11,0,2,0,10,5.8,1
7c5e9c73-5673-cbd4-6d75-56bd1a69124a,7c5e9c73-5673-cbd4-403e-db20b90f7df8,0.01,573.98,0,urgentcare,2025-08-10 20:18:57,0,1,20,8,Summer,F,white,nonhispanic,65,GOVERNMENT,11,0,1,3,3,2373.0,0
65d190f9-a947-7403-4a41-2d98861a1daf,65d190f9-a947-7403-ab4e-853a64f5f0c3,0.01,358.28,0,urgentcare,2025-06-28 23:40:05,6,1,23,6,Summer,M,white,nonhispanic,75,GOVERNMENT,20,0,1,4,6,7.0,1
83bcad0c-8f4b-bcaf-7be5-0d2d53c272f6,83bcad0c-8f4b-bcaf-2497-6b253e9e6f18,8.727,72196.52,1,inpatient,1987-06-05 11:54:18,5,0,11,6,Summer,M,white,nonhispanic,65,NO_INSURANCE,13,0,1,3,6,32.0,0
7ce05688-db08-ad35-2035-e51879267faa,7ce05688-db08-ad35-23c5-ab44b6a2e30c,9.317,90303.88,1,inpatient,2024-06-02 17:55:49,0,1,17,6,Summer,M,white,hispanic,56,GOVERNMENT,13,0,5,13,7,421.2,0
7ce05688-db08-ad35-29ab-18e1ad5a4369,7ce05688-db08-ad35-23c5-ab44b6a2e30c,1.0,1871.78,0,inpatient,2024-06-12 01:16:58,3,0,1,6,Summer,M,white,hispanic,56,GOVERNMENT,13,0,4,13,7,430.5,0
23d25649-b558-2a19-1509-7a3d008730c4,23d25649-b558-2a19-4dfe-cd7b77e926fc,0.042,4681.19,0,emergency,2017-06-25 00:14:31,0,1,0,6,Summer,F,white,nonhispanic,53,GOVERNMENT,9,0,3,3,4,972.0,0
23d25649-b558-2a19-24a0-f8b45b537a68,23d25649-b558-2a19-4dfe-cd7b77e926fc,10.033,18030.42,1,inpatient,2017-06-25 00:14:31,0,1,0,6,Summer,F,white,nonhispanic,53,GOVERNMENT,9,0,6,3,4,972.0,0
0b7671e1-a17e-250b-7563-b60279eebb17,0b7671e1-a17e-250b-77f0-ef1e5434420d,0.042,17561.75,0,emergency,2024-05-17 22:36:22,5,0,22,5,Spring,F,white,nonhispanic,21,GOVERNMENT,6,0,2,0,1,2443.0,0
d6425b51-9af4-973e-97de-0475ba2c6f21,d6425b51-9af4-973e-dd1e-715e2efb60cb,8.289,65328.16,1,inpatient,2024-04-13 08:13:00,6,1,8,4,Spring,F,white,nonhispanic,53,GOVERNMENT,11,0,4,13,1,6448.7,0
d6425b51-9af4-973e-d2b8-8267689737f9,d6425b51-9af4-973e-dd1e-715e2efb60cb,1.0,1871.78,0,inpatient,2024-04-21 14:54:33,0,1,14,4,Spring,F,white,nonhispanic,53,GOVERNMENT,11,0,4,13,1,6457.0,0
6ec8e93c-256c-8a22-f24b-2a9f776b6819,6ec8e93c-256c-8a22-5184-8c23682dfebf,0.098,7857.51,0,emergency,1977-06-19 13:04:06,0,1,13,6,Summer,F,white,nonhispanic,2,NO_INSURANCE,2,0,1,0,1,117.0,0
33a068d0-c2b4-f71b-21f6-af512413510f,33a068d0-c2b4-f71b-ca16-2280ad9f26be,0.042,577.58,0,emergency,2023-02-25 14:53:18,6,1,14,2,Winter,F,white,hispanic,19,GOVERNMENT,9,0,1,1,8,1589.0,0
357ed0b1-93d9-74de-8570-e152dfae16ab,357ed0b1-93d9-74de-959b-9cd9c1f1177d,0.042,577.58,0,emergency,2024-05-17 02:38:58,5,0,2,5,Spring,F,white,hispanic,30,PRIVATE,5,0,1,0,4,313.9,0
1f8e3327-db2f-23db-154e-253d41207fbb,1f8e3327-db2f-23db-8638-3eac99fcc4cf,0.039,1318.8,0,urgentcare,2001-09-01 23:40:05,6,1,23,9,Fall,M,white,nonhispanic,51,PRIVATE,14,0,6,3,4,14.0,1
83bcad0c-8f4b-bcaf-0aa1-f3ebdbefb3fb,83bcad0c-8f4b-bcaf-2497-6b253e9e6f18,4.437,51298.65,0,inpatient,1986-12-12 17:05:18,5,0,17,12,Winter,M,white,nonhispanic,64,NO_INSURANCE,12,0,1,2,1,13.1,1
83bcad0c-8f4b-bcaf-5dd1-b4f21681f34f,83bcad0c-8f4b-bcaf-2497-6b253e9e6f18,4.386,39073.25,0,inpatient,1987-01-18 11:34:18,0,1,11,1,Winter,M,white,nonhispanic,65,NO_INSURANCE,12,0,1,2,2,32.3,0
83bcad0c-8f4b-bcaf-bf9f-87fc5da31621,83bcad0c-8f4b-bcaf-2497-6b253e9e6f18,3.29,22185.24,0,inpatient,1987-02-23 23:50:18,1,0,23,2,Winter,M,white,nonhispanic,65,NO_INSURANCE,12,0,1,2,3,32.1,0
83bcad0c-8f4b-bcaf-5780-6e8932594b28,83bcad0c-8f4b-bcaf-2497-6b253e9e6f18,3.176,35637.83,0,inpatient,1987-03-30 18:47:18,1,0,18,3,Spring,M,white,nonhispanic,65,NO_INSURANCE,12,0,1,2,4,31.5,0
83bcad0c-8f4b-bcaf-0cd6-18856ce54964,83bcad0c-8f4b-bcaf-2497-6b253e9e6f18,3.288,34693.73,0,inpatient,1987-05-01 04:00:18,5,0,4,5,Spring,M,white,nonhispanic,65,NO_INSURANCE,12,0,1,2,5,28.2,1
83bcad0c-8f4b-bcaf-f3c8-d02f1c351cfa,83bcad0c-8f4b-bcaf-2497-6b253e9e6f18,7.585,80068.71,1,inpatient,1987-07-13 01:21:18,1,0,1,7,Summer,M,white,nonhispanic,65,NO_INSURANCE,12,0,1,3,7,28.8,1
83bcad0c-8f4b-bcaf-dba3-176a26e39e85,83bcad0c-8f4b-bcaf-2497-6b253e9e6f18,4.337,41127.24,0,inpatient,1987-09-05 12:35:15,6,1,12,9,Fall,M,white,nonhispanic,65,GOVERNMENT,12,0,1,2,8,46.9,0
83bcad0c-8f4b-bcaf-f76f-99475bd35831,83bcad0c-8f4b-bcaf-2497-6b253e9e6f18,4.264,36931.72,0,inpatient,1987-10-10 01:40:15,6,1,1,10,Fall,M,white,nonhispanic,65,GOVERNMENT,12,0,2,2,9,30.2,0
4e4789ee-69a4-1744-2d9f-61152c15bcab,4e4789ee-69a4-1744-49dd-2f27c28a9bc2,4.474,39559.08,0,inpatient,2000-06-17 12:35:15,6,1,12,6,Summer,M,white,nonhispanic,78,GOVERNMENT,34,0,1,4,76,49.0,0
1fab8367-4a8d-ab1e-9a07-2240b0810312,1fab8367-4a8d-ab1e-b676-8acf3e8b1898,0.038,872.3,0,urgentcare,2026-06-20 05:28:17,6,1,5,6,Summer,M,white,nonhispanic,77,GOVERNMENT,21,0,6,3,84,28.0,1
ca2969b2-948d-a5e3-6a8e-5acde2ce6e52,ca2969b2-948d-a5e3-f93a-318c91e9a474,0.042,6177.71,0,emergency,2023-12-21 18:35:13,4,0,18,12,Winter,F,white,hispanic,30,PRIVATE,5,0,2,0,2,616.0,0
d9d615b8-d2fc-c186-0673-4a80bc2e8e39,d9d615b8-d2fc-c186-6c00-d3170a441cd1,0.042,3362.86,0,emergency,2024-04-21 07:18:35,0,1,7,4,Spring,F,white,nonhispanic,39,GOVERNMENT,10,0,2,0,2,1484.0,0
357ed0b1-93d9-74de-896a-b163dcd2e76d,357ed0b1-93d9-74de-959b-9cd9c1f1177d,0.094,4476.29,0,emergency,2023-07-08 02:38:58,6,1,2,7,Summer,F,white,hispanic,29,PRIVATE,5,0,9,0,3,785.0,0
eca939f6-fbb9-0555-3e36-fdceb970f68c,eca939f6-fbb9-0555-e330-40745d4d6c30,0.085,4476.29,0,emergency,2023-11-02 12:01:00,4,0,12,11,Fall,F,white,nonhispanic,26,PRIVATE,6,0,9,0,3,926.9,0
8e4adb1e-ec1b-cea3-5033-2e31bef25c8f,8e4adb1e-ec1b-cea3-6de3-e0a210f31968,1.745,26105.87,0,inpatient,2024-03-05 00:15:39,2,0,0,3,Spring,F,white,nonhispanic,74,GOVERNMENT,18,0,2,0,1,5339.3,0
e5af8abb-a368-7780-da63-8a32cb060e5d,e5af8abb-a368-7780-7a07-882baf990aab,6.583,95801.09,0,inpatient,2003-09-08 03:41:04,1,0,3,9,Fall,M,white,nonhispanic,53,GOVERNMENT,13,0,2,3,50,30.3,0
e5af8abb-a368-7780-8230-b54f72ef6e59,e5af8abb-a368-7780-7a07-882baf990aab,4.382,33324.44,0,inpatient,2003-10-12 21:40:04,0,1,21,10,Fall,M,white,nonhispanic,53,GOVERNMENT,13,0,3,3,51,28.2,1
e5af8abb-a368-7780-9150-b9a4957dc675,e5af8abb-a368-7780-7a07-882baf990aab,6.527,66881.88,0,inpatient,2003-11-18 12:50:04,2,0,12,11,Fall,M,white,nonhispanic,53,GOVERNMENT,13,0,3,3,52,32.3,0
e5af8abb-a368-7780-73bc-b621c8223064,e5af8abb-a368-7780-7a07-882baf990aab,6.848,66038.81,0,inpatient,2003-12-24 19:29:04,3,0,19,12,Winter,M,white,nonhispanic,53,GOVERNMENT,13,0,3,2,54,19.2,1
e5af8abb-a368-7780-80ac-ca1d5c56f6d4,e5af8abb-a368-7780-7a07-882baf990aab,22.203,158693.99,1,inpatient,2004-01-31 14:50:04,6,1,14,1,Winter,M,white,nonhispanic,54,GOVERNMENT,13,0,3,2,55,31.0,0
e5af8abb-a368-7780-fc33-daf522caf2ea,e5af8abb-a368-7780-7a07-882baf990aab,4.39,25800.53,0,inpatient,2004-03-26 23:43:04,5,0,23,3,Spring,M,white,nonhispanic,54,GOVERNMENT,13,0,3,2,56,33.2,0
e5af8abb-a368-7780-999c-a9b755658402,e5af8abb-a368-7780-7a07-882baf990aab,7.566,55171.0,1,inpatient,2004-05-01 16:05:04,6,1,16,5,Spring,M,white,nonhispanic,54,GOVERNMENT,13,0,2,2,57,31.3,0
e5af8abb-a368-7780-0eb6-eca2f1d29759,e5af8abb-a368-7780-7a07-882baf990aab,5.547,29903.64,0,inpatient,2004-06-09 06:40:04,3,0,6,6,Summer,M,white,nonhispanic,54,GOVERNMENT,13,0,3,2,58,31.0,0
e5af8abb-a368-7780-9848-2ec97b5b0043,e5af8abb-a368-7780-7a07-882baf990aab,11.149,128291.81,1,inpatient,2004-07-16 21:48:04,5,0,21,7,Summer,M,white,nonhispanic,54,GOVERNMENT,13,0,3,2,59,32.1,0
3eb73944-953b-95f5-4bfd-3f0b55e3a9c4,3eb73944-953b-95f5-d6d1-a422d8f8a54b,0.042,4951.3,0,emergency,2025-12-31 21:10:04,3,0,21,12,Winter,F,white,nonhispanic,34,NO_INSURANCE,12,0,2,0,2,2212.0,0
35e0f778-7ddf-f4bf-8d6d-17161df50fb7,35e0f778-7ddf-f4bf-df8b-4a6521b753e4,0.01,507.44,0,urgentcare,2024-01-31 13:06:47,3,0,13,1,Winter,M,white,nonhispanic,48,PRIVATE,24,0,1,4,7,7.0,1
d56007d4-29fb-4049-8963-cd9a5a00b8fa,d56007d4-29fb-4049-d7de-d02be8374446,6.226,72340.04,0,inpatient,2025-01-30 23:43:47,4,0,23,1,Winter,F,asian,nonhispanic,64,PRIVATE,15,0,6,11,2,13.5,1
ca2969b2-948d-a5e3-f604-3534001f979b,ca2969b2-948d-a5e3-f93a-318c91e9a474,0.042,577.58,0,emergency,2022-04-14 18:35:13,4,0,18,4,Spring,F,white,hispanic,29,PRIVATE,5,0,1,0,1,371.0,0
93450ed4-713b-85cb-fbab-750604ac1e78,93450ed4-713b-85cb-12f3-f7d78de34f63,5.19,28349.22,0,inpatient,2023-08-19 12:08:23,6,1,12,8,Summer,F,white,nonhispanic,73,GOVERNMENT,14,0,5,15,2,924.8,0
93450ed4-713b-85cb-9c80-b968e208032c,93450ed4-713b-85cb-12f3-f7d78de34f63,1.0,1871.78,0,inpatient,2023-08-24 16:27:03,4,0,16,8,Summer,F,white,nonhispanic,73,GOVERNMENT,14,0,4,15,3,4.4,1
61f048dc-f66e-bbda-5758-d64925b95d17,61f048dc-f66e-bbda-48c8-593d92d2bf03,0.01,799.18,0,urgentcare,2026-05-13 13:45:26,3,0,13,5,Spring,F,white,nonhispanic,80,GOVERNMENT,33,0,1,6,63,7.0,1
179cdf88-e0ea-5242-fec9-d5004fe7cbf9,179cdf88-e0ea-5242-e47c-474fcdc38dd9,0.01,573.98,0,urgentcare,2024-02-17 21:15:53,6,1,21,2,Winter,F,white,nonhispanic,82,GOVERNMENT,17,0,1,0,4,1725.8,0
e5af8abb-a368-7780-a989-e17899271d7a,e5af8abb-a368-7780-7a07-882baf990aab,4.408,37443.79,0,inpatient,2002-08-18 15:35:04,0,1,15,8,Summer,M,white,nonhispanic,52,GOVERNMENT,14,0,2,2,39,31.3,0
e5af8abb-a368-7780-924b-cb99945d34c3,e5af8abb-a368-7780-7a07-882baf990aab,14.155,158279.48,1,inpatient,2002-09-26 04:22:04,4,0,4,9,Fall,M,white,nonhispanic,52,GOVERNMENT,14,0,3,2,40,34.1,0
e5af8abb-a368-7780-7b66-64a402e40d3a,e5af8abb-a368-7780-7a07-882baf990aab,3.305,28083.19,0,inpatient,2002-11-09 20:05:04,6,1,20,11,Fall,M,white,nonhispanic,52,GOVERNMENT,14,0,3,2,41,30.5,0
e5af8abb-a368-7780-5eb1-8bf77684663b,e5af8abb-a368-7780-7a07-882baf990aab,5.552,82936.25,0,inpatient,2002-12-11 06:24:04,3,0,6,12,Winter,M,white,nonhispanic,52,GOVERNMENT,14,0,3,2,42,28.1,1
e5af8abb-a368-7780-6d2b-9d6d0bae88f0,e5af8abb-a368-7780-7a07-882baf990aab,4.378,40558.7,0,inpatient,2003-01-19 12:39:04,0,1,12,1,Winter,M,white,nonhispanic,53,GOVERNMENT,14,0,3,2,43,33.7,0
e5af8abb-a368-7780-8d2e-cc63000f9ba6,e5af8abb-a368-7780-7a07-882baf990aab,10.014,72007.38,1,inpatient,2003-02-22 02:44:04,6,1,2,2,Winter,M,white,nonhispanic,53,GOVERNMENT,14,0,3,2,45,29.2,1
e5af8abb-a368-7780-5301-acc704f8f1c3,e5af8abb-a368-7780-7a07-882baf990aab,7.472,70614.61,1,inpatient,2003-04-03 21:04:04,4,0,21,4,Spring,M,white,nonhispanic,53,GOVERNMENT,14,0,3,2,46,30.8,0
e5af8abb-a368-7780-8b1b-eed09e4e3d0c,e5af8abb-a368-7780-7a07-882baf990aab,7.637,51976.6,1,inpatient,2003-05-09 10:24:04,5,0,10,5,Spring,M,white,nonhispanic,53,GOVERNMENT,14,0,3,2,47,28.1,1
e5af8abb-a368-7780-bcfb-63d169bdf7ab,e5af8abb-a368-7780-7a07-882baf990aab,7.558,75948.49,1,inpatient,2003-06-14 20:41:04,6,1,20,6,Summer,M,white,nonhispanic,53,GOVERNMENT,14,0,3,2,48,28.8,1
e5af8abb-a368-7780-cda6-d9a42031b90a,e5af8abb-a368-7780-7a07-882baf990aab,15.651,216090.81,1,inpatient,2003-07-24 06:04:04,4,0,6,7,Summer,M,white,nonhispanic,53,GOVERNMENT,14,0,3,2,49,31.8,0
90a4d7fc-bfb4-0e30-a628-0c946a2f56bf,90a4d7fc-bfb4-0e30-cfa8-99073696950a,0.01,789.68,0,urgentcare,2024-07-24 09:54:17,3,0,9,7,Summer,F,white,hispanic,17,GOVERNMENT,5,0,6,2,4,28.0,1
b48771f2-01da-2e3d-f3ee-f6fb4586c263,b48771f2-01da-2e3d-b283-3a8fbb2b17a0,0.01,507.44,0,urgentcare,2026-05-11 14:34:46,1,0,14,5,Spring,M,white,nonhispanic,67,GOVERNMENT,28,0,1,4,54,7.0,1
0624bc58-5c5b-d88d-0d0b-c6216a79557a,0624bc58-5c5b-d88d-33c9-076abb41330b,0.042,2925.6,0,emergency,2023-09-12 05:50:24,2,0,5,9,Fall,F,white,nonhispanic,50,GOVERNMENT,15,0,2,0,2,2065.0,0
a5798f59-255c-4592-9bc7-30464e60a413,a5798f59-255c-4592-2770-bdb75b02e3b9,3.086,12930.72,0,inpatient,2020-06-09 20:41:22,2,0,20,6,Summer,F,asian,hispanic,64,PRIVATE,16,0,2,2,3,7.0,1
e1e67ff6-6c48-c360-1483-c2d87b225002,e1e67ff6-6c48-c360-23bc-367228890c40,0.01,358.28,0,urgentcare,2017-10-13 07:51:48,5,0,7,10,Fall,M,white,nonhispanic,3,GOVERNMENT,6,0,1,1,7,147.0,0
6cebe382-6645-5849-8851-70440efebd08,6cebe382-6645-5849-f398-543d907d44bd,0.01,507.44,0,urgentcare,2026-04-23 17:02:07,4,0,17,4,Spring,F,white,nonhispanic,50,GOVERNMENT,34,0,1,5,242,7.0,1
c120a64b-1e23-d121-c0b2-1332bc099763,c120a64b-1e23-d121-2c9d-31244647871a,0.042,2151.82,0,emergency,2024-04-16 01:36:56,2,0,1,4,Spring,F,white,nonhispanic,17,PRIVATE,2,0,2,0,0,,0
eca939f6-fbb9-0555-174c-905f5f921155,eca939f6-fbb9-0555-e330-40745d4d6c30,0.042,577.58,0,emergency,2024-04-04 12:01:00,4,0,12,4,Spring,F,white,nonhispanic,27,PRIVATE,5,0,1,0,4,153.9,0
12cf26a6-b0da-66bb-4940-fe4821c7df10,12cf26a6-b0da-66bb-dbc9-08807426e9cf,0.03,797.72,0,urgentcare,2026-04-19 01:50:46,0,1,1,4,Spring,M,white,nonhispanic,79,GOVERNMENT,23,0,4,5,9,21.0,1
cb516324-bbf5-6e8a-5564-0ee8d13416e2,cb516324-bbf5-6e8a-1d80-bd569fa51d89,0.01,358.28,0,urgentcare,2022-09-22 09:37:57,4,0,9,9,Fall,F,white,nonhispanic,13,PRIVATE,2,0,1,0,4,7.0,1
e0123aac-2e7a-d32f-bc01-e84a65fcf4e2,e0123aac-2e7a-d32f-1eaf-7972858ab858,0.042,2151.82,0,emergency,2022-04-25 13:04:49,1,0,13,4,Spring,F,white,hispanic,19,PRIVATE,4,0,2,0,2,686.0,0
bcf816fa-6fcd-78af-378e-ab4bdfe96231,bcf816fa-6fcd-78af-c47a-8f55c5f8ecbf,2.971,29739.08,0,inpatient,2023-08-22 06:55:32,2,0,6,8,Summer,F,white,nonhispanic,59,PRIVATE,18,0,2,1,3,7.0,1
ca2969b2-948d-a5e3-bca1-0f9d21e031a7,ca2969b2-948d-a5e3-f93a-318c91e9a474,0.042,12273.29,0,emergency,2021-04-08 18:35:13,4,0,18,4,Spring,F,white,hispanic,28,PRIVATE,6,0,2,0,0,,0
0672a55d-40c9-af5b-5b70-f89910fcf366,0672a55d-40c9-af5b-41f3-46c31e57ee51,0.035,723.14,0,urgentcare,2025-06-14 07:18:38,6,1,7,6,Summer,M,white,nonhispanic,62,GOVERNMENT,23,0,6,5,6,497.0,0
661fbc22-848d-a3c7-b478-bca79ee7662e,661fbc22-848d-a3c7-2748-4b4eebe34c4b,0.042,2925.6,0,emergency,2021-12-01 19:22:51,3,0,19,12,Winter,F,white,nonhispanic,50,PRIVATE,12,0,2,0,1,1652.0,0
9687d149-cb9c-3d51-0617-2d453fd211c4,9687d149-cb9c-3d51-458a-b41a8b006bbd,2.097,20381.76,0,inpatient,2023-01-05 11:12:09,4,0,11,1,Winter,M,white,hispanic,55,GOVERNMENT,14,0,5,13,3,959.2,0
9687d149-cb9c-3d51-3b86-6bc034155a6f,9687d149-cb9c-3d51-458a-b41a8b006bbd,1.0,1871.78,0,inpatient,2023-01-07 13:16:13,6,1,13,1,Winter,M,white,hispanic,55,GOVERNMENT,14,0,4,13,3,961.3,0
4e4789ee-69a4-1744-730b-91954de687a3,4e4789ee-69a4-1744-49dd-2f27c28a9bc2,4.244,44229.81,0,inpatient,2000-03-09 01:08:15,4,0,1,3,Spring,M,white,nonhispanic,78,GOVERNMENT,34,0,1,5,73,30.2,0
4e4789ee-69a4-1744-4118-e320a5add87f,4e4789ee-69a4-1744-49dd-2f27c28a9bc2,10.743,120954.91,1,inpatient,2000-04-11 17:59:15,2,0,17,4,Spring,M,white,nonhispanic,78,GOVERNMENT,34,0,1,6,74,29.5,1
15d2023e-7261-4ed1-ef42-954bced1e85c,15d2023e-7261-4ed1-d81a-5b9ba8e4b338,0.01,684.38,0,urgentcare,2023-09-09 13:58:11,6,1,13,9,Fall,F,white,nonhispanic,26,PRIVATE,10,0,1,0,23,7.0,1
9167fde6-31f7-afa2-da2d-e29f6577bb05,9167fde6-31f7-afa2-9f89-e9df16f7e75c,1.983,10764.3,0,inpatient,2018-06-23 18:28:04,6,1,18,6,Summer,M,white,nonhispanic,56,GOVERNMENT,6,0,2,0,0,,0
7a05d1c9-1035-8758-58ad-a27b5daeb443,7a05d1c9-1035-8758-b18f-15659b309c11,0.099,4476.29,0,emergency,2018-11-27 05:18:50,2,0,5,11,Fall,M,white,nonhispanic,42,PRIVATE,17,0,9,0,9,489.2,0
6eafe410-c814-11e2-e42a-10c1b0d3913d,6eafe410-c814-11e2-9ace-bcdcee44a7f6,0.01,709.98,0,urgentcare,2022-10-19 18:28:29,3,0,18,10,Fall,M,white,nonhispanic,14,PRIVATE,2,0,6,1,0,,0
90a4d7fc-bfb4-0e30-9e01-da0067c95081,90a4d7fc-bfb4-0e30-cfa8-99073696950a,0.01,573.98,0,urgentcare,2024-04-17 09:54:17,3,0,9,4,Spring,F,white,hispanic,17,GOVERNMENT,3,0,3,1,2,7.0,1
9cc5911e-abf1-274c-6512-d9fde550a323,9cc5911e-abf1-274c-3448-11e9f41698b7,0.01,573.98,0,urgentcare,2021-05-22 14:27:48,6,1,14,5,Spring,F,white,nonhispanic,71,GOVERNMENT,10,0,1,0,1,426.9,0
56f6e610-b1e1-cb7a-4ea9-4d9c5b6fb825,56f6e610-b1e1-cb7a-7bbf-ceba2ee76513,2.085,24694.07,0,inpatient,2022-04-20 14:54:25,3,0,14,4,Spring,F,white,nonhispanic,72,GOVERNMENT,14,0,5,13,1,2360.9,0
56f6e610-b1e1-cb7a-b06f-cd4f64e775ae,56f6e610-b1e1-cb7a-7bbf-ceba2ee76513,1.0,1871.78,0,inpatient,2022-04-22 16:42:28,5,0,16,4,Spring,F,white,nonhispanic,72,GOVERNMENT,14,0,4,13,1,2363.0,0
12cf26a6-b0da-66bb-37ed-811ebebfbfb6,12cf26a6-b0da-66bb-dbc9-08807426e9cf,0.01,579.9,0,urgentcare,2026-03-29 01:50:46,0,1,1,3,Spring,M,white,nonhispanic,79,GOVERNMENT,22,0,1,5,8,7.0,1
e5af8abb-a368-7780-334b-56d54e676e93,e5af8abb-a368-7780-7a07-882baf990aab,3.4,21575.76,0,inpatient,2002-05-31 09:34:04,5,0,9,5,Spring,M,white,nonhispanic,52,GOVERNMENT,14,0,2,3,37,14.0,1
e5af8abb-a368-7780-6f8f-2314d2b6d18f,e5af8abb-a368-7780-7a07-882baf990aab,10.017,83730.61,1,inpatient,2002-07-08 08:10:04,1,0,8,7,Summer,M,white,nonhispanic,52,GOVERNMENT,14,0,3,3,38,34.5,0
15e36d33-d8b6-de1d-20a5-9a0ac905707a,15e36d33-d8b6-de1d-0391-190d15a4e782,1.064,7203.46,0,inpatient,1995-01-30 02:05:49,1,0,2,1,Winter,M,white,nonhispanic,73,GOVERNMENT,11,0,4,14,4,743.5,0
15e36d33-d8b6-de1d-cbee-b9fdaa867e96,15e36d33-d8b6-de1d-0391-190d15a4e782,1.0,1871.78,0,inpatient,1995-01-31 03:22:50,2,0,3,1,Winter,M,white,nonhispanic,73,GOVERNMENT,11,0,4,14,5,0.4,1
53f24e94-a5e6-287d-ce8e-f10e87d66047,53f24e94-a5e6-287d-8a9e-56697bd171e1,0.042,3362.86,0,emergency,2021-11-24 23:03:22,3,0,23,11,Fall,F,white,nonhispanic,24,PRIVATE,7,0,2,0,2,588.0,0
e0123aac-2e7a-d32f-920a-52c2e8eb4c2c,e0123aac-2e7a-d32f-1eaf-7972858ab858,0.042,9969.67,0,emergency,2020-06-08 13:04:49,1,0,13,6,Summer,F,white,hispanic,17,PRIVATE,2,0,2,0,1,339.1,0
6bb5488f-7d95-d874-0145-5210ecf264d5,6bb5488f-7d95-d874-27b2-d332ec826404,0.042,2847.16,0,emergency,2022-09-05 11:17:42,1,0,11,9,Fall,F,asian,nonhispanic,25,PRIVATE,5,0,2,0,1,1631.0,0
357ed0b1-93d9-74de-7fbe-f362ddf61fa1,357ed0b1-93d9-74de-959b-9cd9c1f1177d,0.042,1634.42,0,emergency,2020-04-03 02:38:58,5,0,2,4,Spring,F,white,hispanic,26,PRIVATE,5,0,2,0,1,1008.0,0
e4511778-4c17-701c-070a-9fe9718fa601,e4511778-4c17-701c-efa2-110e4112b6fe,0.01,507.44,0,urgentcare,2026-06-19 22:06:25,5,0,22,6,Summer,F,white,nonhispanic,79,GOVERNMENT,32,0,1,4,45,7.0,1
65d190f9-a947-7403-56ca-820faefcfd13,65d190f9-a947-7403-ab4e-853a64f5f0c3,0.01,1005.38,0,urgentcare,2023-06-17 23:40:05,6,1,23,6,Summer,M,white,nonhispanic,73,GOVERNMENT,19,0,1,4,4,7.0,1
53f24e94-a5e6-287d-aa4c-e7701b72dc68,53f24e94-a5e6-287d-8a9e-56697bd171e1,0.042,3761.37,0,emergency,2020-04-15 23:03:22,3,0,23,4,Spring,F,white,nonhispanic,23,PRIVATE,7,0,2,0,1,357.0,0
e0123aac-2e7a-d32f-a095-538af606c76c,e0123aac-2e7a-d32f-1eaf-7972858ab858,0.073,3613.49,0,emergency,2019-07-05 07:54:45,5,0,7,7,Summer,F,white,hispanic,16,PRIVATE,2,0,7,0,0,,0
d9d615b8-d2fc-c186-f051-9ba99d2d37cf,d9d615b8-d2fc-c186-6c00-d3170a441cd1,0.042,2333.24,0,emergency,2020-03-29 07:18:35,0,1,7,3,Spring,F,white,nonhispanic,35,NO_INSURANCE,8,0,2,0,1,1213.9,0
258586cd-e18a-b5b3-4ceb-499d62c40820,258586cd-e18a-b5b3-5579-60595ea9b92d,0.01,573.98,0,urgentcare,2020-02-28 13:26:05,5,0,13,2,Winter,M,white,nonhispanic,67,GOVERNMENT,10,0,1,0,0,,0
7ce05688-db08-ad35-7e4b-ed3862875601,7ce05688-db08-ad35-23c5-ab44b6a2e30c,0.026,1511.36,0,urgentcare,2023-04-08 13:04:51,6,1,13,4,Spring,M,white,hispanic,55,GOVERNMENT,12,0,4,1,6,77.0,0
0672a55d-40c9-af5b-9e37-6c0406dff3ff,0672a55d-40c9-af5b-41f3-46c31e57ee51,0.01,439.25,0,urgentcare,2024-02-03 07:18:38,6,1,7,2,Winter,M,white,nonhispanic,61,GOVERNMENT,25,0,1,3,5,7.0,1
6d1318b3-125c-a45c-eb02-b087607371d3,6d1318b3-125c-a45c-7c19-a8e18a01201f,0.042,1973.8,0,emergency,2020-06-10 19:59:39,3,0,19,6,Summer,F,white,hispanic,41,PRIVATE,6,0,2,0,1,717.8,0
3eb73944-953b-95f5-dd35-f6f2a6c06777,3eb73944-953b-95f5-d6d1-a422d8f8a54b,0.042,577.58,0,emergency,2019-12-11 21:10:04,3,0,21,12,Winter,F,white,nonhispanic,28,NO_INSURANCE,12,0,1,0,1,644.0,0
97a6442d-b21d-acfb-f41e-86f81489024e,97a6442d-b21d-acfb-9143-56906f91917b,0.042,4681.19,0,emergency,1980-03-20 12:35:15,4,0,12,3,Spring,M,white,nonhispanic,58,GOVERNMENT,15,0,3,0,5,907.9,0
97a6442d-b21d-acfb-0624-ee1677730952,97a6442d-b21d-acfb-9143-56906f91917b,15.047,21525.98,1,inpatient,1980-03-20 12:35:15,4,0,12,3,Spring,M,white,nonhispanic,58,GOVERNMENT,15,0,5,0,5,907.9,0
53f24e94-a5e6-287d-c1a5-1810d2607576,53f24e94-a5e6-287d-8a9e-56697bd171e1,0.042,1440.38,0,emergency,2019-04-24 23:03:22,3,0,23,4,Spring,F,white,nonhispanic,22,PRIVATE,7,0,2,0,0,,0
e94d81a5-d112-4634-8602-88cd6ac6a3ef,e94d81a5-d112-4634-f045-637a4b74075f,0.042,2481.07,0,emergency,1976-05-27 13:00:20,4,0,13,5,Spring,F,white,nonhispanic,33,PRIVATE,7,0,2,0,0,,0
23dca163-74ab-e839-f464-7d0758a4002f,23dca163-74ab-e839-7d2b-2bfeddad5f80,0.027,797.72,0,urgentcare,2023-07-08 16:34:25,6,1,16,7,Summer,F,asian,nonhispanic,44,PRIVATE,17,0,5,3,11,203.0,0
2b550547-5163-3b59-8ba6-8bd1e9e1a687,2b550547-5163-3b59-c405-6e2baabdab86,0.01,845.98,0,urgentcare,2018-05-13 17:42:48,0,1,17,5,Spring,M,asian,nonhispanic,13,PRIVATE,3,0,4,1,1,480.0,0
c2caed61-3e95-cbf8-f13a-2ae0d1bec9ca,c2caed61-3e95-cbf8-8b74-0c872bc786b5,0.01,573.98,0,urgentcare,2021-09-16 13:00:20,4,0,13,9,Fall,F,white,nonhispanic,78,GOVERNMENT,5,0,1,0,0,,0
357ed0b1-93d9-74de-c217-8c74d41cd3ad,357ed0b1-93d9-74de-959b-9cd9c1f1177d,0.042,577.58,0,emergency,2017-06-30 02:38:58,5,0,2,6,Summer,F,white,hispanic,23,PRIVATE,5,0,1,0,0,,0
97e95143-f963-df2a-45d1-85b143208ddb,97e95143-f963-df2a-3b59-b9d535818a5e,0.01,358.28,0,urgentcare,1964-06-22 10:58:47,1,0,10,6,Summer,M,white,nonhispanic,4,GOVERNMENT,5,0,1,2,9,756.0,0
cb883151-8519-0000-ebb5-02617f1033a7,cb883151-8519-0000-668a-4727c84b2f04,0.042,1440.38,0,emergency,2021-02-21 15:03:45,0,1,15,2,Winter,F,white,nonhispanic,34,PRIVATE,15,0,2,0,4,455.0,0
6852c1d6-9b00-395e-545e-11f5d68ea00e,6852c1d6-9b00-395e-7108-72e0b1c85cba,0.042,4681.19,0,emergency,2025-06-20 21:30:44,5,0,21,6,Summer,M,white,nonhispanic,57,GOVERNMENT,14,0,3,3,5,78.9,0
6852c1d6-9b00-395e-5a3c-134e7c602541,6852c1d6-9b00-395e-7108-72e0b1c85cba,7.025,10989.67,1,inpatient,2025-06-20 21:30:44,5,0,21,6,Summer,M,white,nonhispanic,57,GOVERNMENT,14,0,5,3,5,78.9,0
ad3d4ce5-b7b8-c722-000f-98b97fe77ece,ad3d4ce5-b7b8-c722-0535-d96c562c9f55,0.039,729.94,0,urgentcare,2015-12-09 18:18:29,3,0,18,12,Winter,F,white,hispanic,92,GOVERNMENT,22,0,4,0,10,7.0,1
4e4789ee-69a4-1744-fe31-954243931fa4,4e4789ee-69a4-1744-49dd-2f27c28a9bc2,4.439,40197.26,0,inpatient,1999-10-02 12:35:15,6,1,12,10,Fall,M,white,nonhispanic,77,GOVERNMENT,33,0,1,5,68,28.0,1
4e4789ee-69a4-1744-430b-86cabcb6b38e,4e4789ee-69a4-1744-49dd-2f27c28a9bc2,3.234,32290.35,0,inpatient,1999-11-04 16:07:15,4,0,16,11,Fall,M,white,nonhispanic,77,GOVERNMENT,33,0,1,5,69,28.7,1
4e4789ee-69a4-1744-a76c-bb473a5c94ee,4e4789ee-69a4-1744-49dd-2f27c28a9bc2,13.232,104389.37,1,inpatient,1999-12-18 12:35:15,6,1,12,12,Winter,M,white,nonhispanic,77,GOVERNMENT,33,0,1,4,70,40.6,0
97a6442d-b21d-acfb-2e65-5894c07c4406,97a6442d-b21d-acfb-9143-56906f91917b,0.042,14530.8,0,emergency,1977-09-09 13:56:42,5,0,13,9,Fall,M,white,nonhispanic,55,GOVERNMENT,13,0,3,4,3,360.0,0
97a6442d-b21d-acfb-3a99-eca03cb6eb03,97a6442d-b21d-acfb-9143-56906f91917b,15.032,22097.83,1,inpatient,1977-09-09 13:56:42,5,0,13,9,Fall,M,white,nonhispanic,55,GOVERNMENT,13,0,5,4,3,360.0,0
6cebe382-6645-5849-304d-651e159bc20b,6cebe382-6645-5849-f398-543d907d44bd,0.032,1088.71,0,urgentcare,2026-01-01 17:02:07,4,0,17,1,Winter,F,white,nonhispanic,50,GOVERNMENT,33,0,5,4,237,42.0,0
4e4789ee-69a4-1744-4ac2-7ade591616ea,4e4789ee-69a4-1744-49dd-2f27c28a9bc2,0.01,840.08,0,urgentcare,2000-01-15 12:35:15,6,1,12,1,Winter,M,white,nonhispanic,78,GOVERNMENT,31,0,1,4,71,14.8,1
970e27db-668f-15cf-d556-4c8eed96b82d,970e27db-668f-15cf-e4e8-6700e822c668,0.01,1059.99,0,urgentcare,2023-12-05 01:35:58,2,0,1,12,Winter,M,white,nonhispanic,16,PRIVATE,4,0,7,3,7,471.9,0
23d25649-b558-2a19-1bf4-93b17f309d0f,23d25649-b558-2a19-4dfe-cd7b77e926fc,0.042,2925.6,0,emergency,2013-04-30 22:52:27,2,0,22,4,Spring,F,white,nonhispanic,49,PRIVATE,6,0,2,0,2,266.0,0
6bb5488f-7d95-d874-f266-a6cf552b5663,6bb5488f-7d95-d874-27b2-d332ec826404,0.042,577.58,0,emergency,2018-03-19 11:17:42,1,0,11,3,Spring,F,asian,nonhispanic,21,PRIVATE,5,0,1,0,0,,0
661fbc22-848d-a3c7-824a-40a50f974747,661fbc22-848d-a3c7-2748-4b4eebe34c4b,0.042,2925.6,0,emergency,2017-05-24 19:22:51,3,0,19,5,Spring,F,white,nonhispanic,46,PRIVATE,12,0,2,1,0,,0
f77f966b-4550-f6f4-05ec-f9436c5e6228,f77f966b-4550-f6f4-2860-bc31c1853fd6,0.042,10598.41,0,emergency,2017-11-13 18:47:17,1,0,18,11,Fall,F,white,nonhispanic,40,PRIVATE,5,0,2,0,0,,0
aea82eb4-d136-a060-90f9-a55e79daf1b3,aea82eb4-d136-a060-b162-bef0cd93166c,0.01,358.28,0,urgentcare,2019-05-14 18:37:04,2,0,18,5,Spring,F,white,nonhispanic,70,GOVERNMENT,13,0,1,1,1,24643.0,0
f58b068c-f7b4-9493-f598-566dc4bb9737,f58b068c-f7b4-9493-d114-90cfcbf108cf,8.283,75310.84,1,inpatient,2021-03-20 05:22:29,6,1,5,3,Spring,M,white,nonhispanic,65,PRIVATE,12,0,6,15,1,1145.7,0
f58b068c-f7b4-9493-df97-3c74cdd53b0c,f58b068c-f7b4-9493-d114-90cfcbf108cf,1.0,1871.78,0,inpatient,2021-03-28 11:55:10,0,1,11,3,Spring,M,white,nonhispanic,65,PRIVATE,12,0,4,15,1,1154.0,0
4e4789ee-69a4-1744-824c-6db6c86b41f4,4e4789ee-69a4-1744-49dd-2f27c28a9bc2,4.442,44602.28,0,inpatient,1999-08-21 12:35:15,6,1,12,8,Summer,M,white,nonhispanic,77,GOVERNMENT,32,0,1,5,66,21.0,1
97a6442d-b21d-acfb-8e4d-e33bee715e9c,97a6442d-b21d-acfb-9143-56906f91917b,0.042,5729.61,0,emergency,1976-09-12 13:00:31,0,1,13,9,Fall,M,white,nonhispanic,54,GOVERNMENT,11,0,3,3,1,15311.0,0
97a6442d-b21d-acfb-fdfa-02ef3614cd9a,97a6442d-b21d-acfb-9143-56906f91917b,2.039,5108.73,0,inpatient,1976-09-12 13:00:31,0,1,13,9,Fall,M,white,nonhispanic,54,GOVERNMENT,11,0,5,3,1,15311.0,0
1f703c38-c6c9-3325-0c20-c769002610e9,1f703c38-c6c9-3325-f42d-20368eee4e2b,1.404,21094.97,0,inpatient,1987-10-24 05:18:50,6,1,5,10,Fall,M,white,nonhispanic,11,PRIVATE,2,0,2,1,1,7.0,1
5cd84a0d-8f4d-3d73-be75-cb62afb4e949,5cd84a0d-8f4d-3d73-9cad-6eb97a592a76,0.042,1440.38,0,emergency,2020-04-09 15:29:19,4,0,15,4,Spring,F,white,nonhispanic,48,PRIVATE,7,0,2,0,2,693.0,0
ad3d4ce5-b7b8-c722-2575-1d27efc26df9,ad3d4ce5-b7b8-c722-0535-d96c562c9f55,0.01,963.75,0,urgentcare,2015-11-18 18:18:29,3,0,18,11,Fall,F,white,hispanic,92,GOVERNMENT,21,0,1,0,7,140.0,0
e5af8abb-a368-7780-608a-10defacd9526,e5af8abb-a368-7780-7a07-882baf990aab,3.377,16968.92,0,inpatient,2001-08-12 16:01:04,0,1,16,8,Summer,M,white,nonhispanic,51,GOVERNMENT,12,0,2,2,27,33.3,0
e5af8abb-a368-7780-1a22-bd1a05eb4050,e5af8abb-a368-7780-7a07-882baf990aab,3.29,17551.49,0,inpatient,2001-09-19 12:04:04,3,0,12,9,Fall,M,white,nonhispanic,51,GOVERNMENT,12,0,2,3,28,34.5,0
e5af8abb-a368-7780-90ee-8b0792d6e45e,e5af8abb-a368-7780-7a07-882baf990aab,5.528,47240.16,0,inpatient,2001-10-27 05:01:04,6,1,5,10,Fall,M,white,nonhispanic,51,GOVERNMENT,12,0,2,3,29,34.4,0
e5af8abb-a368-7780-b4db-d5b413927ec4,e5af8abb-a368-7780-7a07-882baf990aab,6.762,59385.57,0,inpatient,2001-12-06 03:41:04,4,0,3,12,Winter,M,white,nonhispanic,51,GOVERNMENT,12,0,3,2,30,34.4,0
e5af8abb-a368-7780-0653-c6e6508c0a7c,e5af8abb-a368-7780-7a07-882baf990aab,6.674,51193.93,0,inpatient,2002-01-11 04:58:04,5,0,4,1,Winter,M,white,nonhispanic,52,GOVERNMENT,12,0,3,2,31,29.3,1
e5af8abb-a368-7780-aef6-bfdf07b149f5,e5af8abb-a368-7780-7a07-882baf990aab,6.688,48080.1,0,inpatient,2002-02-17 10:08:04,0,1,10,2,Winter,M,white,nonhispanic,52,GOVERNMENT,12,0,3,2,32,30.5,0
e5af8abb-a368-7780-73f3-bbb71e28a8b7,e5af8abb-a368-7780-7a07-882baf990aab,4.438,26971.14,0,inpatient,2002-03-25 16:39:04,1,0,16,3,Spring,M,white,nonhispanic,52,GOVERNMENT,12,0,2,2,33,29.6,1
9d2b1771-334f-c3d0-f765-1e2f0ec108d8,9d2b1771-334f-c3d0-776d-562573632e1e,0.016,573.98,0,urgentcare,2020-12-29 13:12:06,2,0,13,12,Winter,F,white,nonhispanic,13,GOVERNMENT,4,0,7,1,0,,0
15d2023e-7261-4ed1-53df-f3a72098c6f2,15d2023e-7261-4ed1-d81a-5b9ba8e4b338,0.042,15316.02,0,emergency,2017-05-04 13:58:11,4,0,13,5,Spring,F,white,nonhispanic,20,PRIVATE,8,0,1,2,7,37.0,0
15d2023e-7261-4ed1-4ec5-ad2e28bc5580,15d2023e-7261-4ed1-d81a-5b9ba8e4b338,0.042,6214.6,0,emergency,2018-08-25 13:58:11,6,1,13,8,Summer,F,white,nonhispanic,21,PRIVATE,8,0,1,2,12,37.0,0
15d2023e-7261-4ed1-e8b7-1815809b4c80,15d2023e-7261-4ed1-d81a-5b9ba8e4b338,0.042,5308.14,0,emergency,2019-08-10 13:58:11,6,1,13,8,Summer,F,white,nonhispanic,22,PRIVATE,8,0,1,1,15,123.0,0
21f1ed4f-83be-991b-14a9-c307b399426b,21f1ed4f-83be-991b-ea87-76bb53b4200d,0.042,2333.24,0,emergency,2021-08-07 19:48:18,6,1,19,8,Summer,F,black,nonhispanic,24,GOVERNMENT,7,0,2,0,2,197.9,0
cb883151-8519-0000-e8d9-dac8fb7dd8ca,cb883151-8519-0000-668a-4727c84b2f04,0.042,14010.65,0,emergency,2019-11-24 15:03:45,0,1,15,11,Fall,F,white,nonhispanic,32,PRIVATE,13,0,2,0,3,616.0,0
4e4789ee-69a4-1744-99a0-79ee2d2a07b0,4e4789ee-69a4-1744-49dd-2f27c28a9bc2,0.01,586.27,0,urgentcare,1999-07-31 12:35:15,6,1,12,7,Summer,M,white,nonhispanic,77,GOVERNMENT,32,0,1,5,65,7.0,1
3a003f46-e1dd-a6f1-e9b6-88b73ed2278f,3a003f46-e1dd-a6f1-2328-dc64c7fee8ee,0.1,4476.29,0,emergency,2021-04-03 04:29:53,6,1,4,4,Spring,F,white,nonhispanic,17,GOVERNMENT,4,0,9,0,2,120.2,0
e5af8abb-a368-7780-20c6-887cee9cd4cf,e5af8abb-a368-7780-7a07-882baf990aab,4.644,30878.5,0,inpatient,2000-09-01 09:34:04,5,0,9,9,Fall,M,white,nonhispanic,50,GOVERNMENT,12,0,3,2,18,39.6,0
e5af8abb-a368-7780-e13d-46bf263c8950,e5af8abb-a368-7780-7a07-882baf990aab,10.163,91757.49,1,inpatient,2000-10-04 22:01:04,3,0,22,10,Fall,M,white,nonhispanic,50,GOVERNMENT,12,0,3,2,19,28.9,1
e5af8abb-a368-7780-4268-3f438db53dc0,e5af8abb-a368-7780-7a07-882baf990aab,5.308,73380.42,0,inpatient,2000-11-16 15:56:04,4,0,15,11,Fall,M,white,nonhispanic,50,GOVERNMENT,12,0,3,2,20,32.6,0
e5af8abb-a368-7780-f1f9-48c975bee9cd,e5af8abb-a368-7780-7a07-882baf990aab,5.353,35283.35,0,inpatient,2000-12-21 14:19:04,4,0,14,12,Winter,M,white,nonhispanic,50,GOVERNMENT,12,0,3,2,21,29.6,1
e5af8abb-a368-7780-1abb-4cc593c3bc45,e5af8abb-a368-7780-7a07-882baf990aab,5.4,56014.01,0,inpatient,2001-01-29 12:47:04,1,0,12,1,Winter,M,white,nonhispanic,51,GOVERNMENT,12,0,3,2,22,33.6,0
e5af8abb-a368-7780-4b73-3a86b7b10d4a,e5af8abb-a368-7780-7a07-882baf990aab,3.387,17381.68,0,inpatient,2001-03-04 05:23:04,0,1,5,3,Spring,M,white,nonhispanic,51,GOVERNMENT,12,0,2,2,23,28.3,1
e5af8abb-a368-7780-9be0-ae588618b353,e5af8abb-a368-7780-7a07-882baf990aab,4.531,39548.93,0,inpatient,2001-04-11 07:40:04,3,0,7,4,Spring,M,white,nonhispanic,51,GOVERNMENT,12,0,2,2,24,34.7,0
e5af8abb-a368-7780-dd84-2a838f64cbc4,e5af8abb-a368-7780-7a07-882baf990aab,7.813,80500.78,1,inpatient,2001-05-18 10:25:04,5,0,10,5,Spring,M,white,nonhispanic,51,GOVERNMENT,12,0,3,2,25,32.6,0
e5af8abb-a368-7780-be2d-afa7b221734c,e5af8abb-a368-7780-7a07-882baf990aab,16.712,146254.41,1,inpatient,2001-06-23 14:56:04,6,1,14,6,Summer,M,white,nonhispanic,51,GOVERNMENT,12,0,3,2,26,28.4,1
3eb73944-953b-95f5-34cd-a0e24e57656b,3eb73944-953b-95f5-d6d1-a422d8f8a54b,0.042,3759.53,0,emergency,2018-03-07 21:10:04,3,0,21,3,Spring,F,white,nonhispanic,27,NO_INSURANCE,10,0,2,0,0,,0
970e27db-668f-15cf-000f-6b2f6ba0a50c,970e27db-668f-15cf-e4e8-6700e822c668,0.014,1572.78,0,urgentcare,2021-03-16 01:35:58,2,0,1,3,Spring,M,white,nonhispanic,14,PRIVATE,5,0,7,3,4,560.0,0
7ce05688-db08-ad35-aa42-9d79d9731f57,7ce05688-db08-ad35-23c5-ab44b6a2e30c,0.025,1317.98,0,urgentcare,2022-12-03 13:04:51,6,1,13,12,Winter,M,white,hispanic,54,GOVERNMENT,10,0,6,0,2,42.0,0
6d438268-b607-38f0-1790-5ea89c5649db,6d438268-b607-38f0-cadf-854839f74e3f,0.053,10389.58,0,emergency,2018-07-26 11:08:36,4,0,11,7,Summer,F,white,nonhispanic,50,GOVERNMENT,11,0,1,0,3,429.0,0
e1e67ff6-6c48-c360-0925-1691a2480f4a,e1e67ff6-6c48-c360-23bc-367228890c40,0.01,659.6,0,urgentcare,2016-06-10 07:51:48,5,0,7,6,Summer,M,white,nonhispanic,2,PRIVATE,6,0,1,3,3,7.0,1
4e4789ee-69a4-1744-0a59-790b5c8c2a7f,4e4789ee-69a4-1744-49dd-2f27c28a9bc2,12.067,84839.42,1,inpatient,1999-07-03 12:35:15,6,1,12,7,Summer,M,white,nonhispanic,77,GOVERNMENT,32,0,1,5,63,63.5,0
e8233637-a645-7460-c8c4-bf6bc1c90f08,e8233637-a645-7460-78fd-808cf87933da,0.042,511.04,0,emergency,2002-07-13 12:35:15,6,1,12,7,Summer,M,white,nonhispanic,80,GOVERNMENT,28,0,1,3,38,7.0,1
fce8425c-ab23-bb8e-2451-bfad5156cdfb,fce8425c-ab23-bb8e-cafb-6591bae1c484,0.01,573.98,0,urgentcare,2024-06-04 11:10:36,2,0,11,6,Summer,M,white,nonhispanic,83,GOVERNMENT,19,0,1,0,1,29298.9,0
97e95143-f963-df2a-bc3d-8f22d58383ea,97e95143-f963-df2a-3b59-b9d535818a5e,0.01,1005.38,0,urgentcare,1962-05-28 10:58:47,1,0,10,5,Spring,M,white,nonhispanic,2,GOVERNMENT,5,0,1,1,8,77.0,0
e1e67ff6-6c48-c360-c9db-7f987bc35eb9,e1e67ff6-6c48-c360-23bc-367228890c40,0.01,358.28,0,urgentcare,2016-05-27 07:51:48,5,0,7,5,Spring,M,white,nonhispanic,2,PRIVATE,6,0,1,3,1,7.0,1
3a003f46-e1dd-a6f1-af0e-d519afadbbd1,3a003f46-e1dd-a6f1-2328-dc64c7fee8ee,0.097,4476.29,0,emergency,2020-12-03 22:10:41,4,0,22,12,Winter,F,white,nonhispanic,16,GOVERNMENT,3,0,9,1,1,931.6,0
dc84508a-79dc-1807-1b04-5059738c6522,dc84508a-79dc-1807-ab54-7f2ba51d3029,0.021,872.3,0,urgentcare,2024-07-19 01:57:50,5,0,1,7,Summer,M,white,nonhispanic,48,PRIVATE,25,0,1,5,9,42.0,0
4e4789ee-69a4-1744-259b-d8121965e78a,4e4789ee-69a4-1744-49dd-2f27c28a9bc2,4.499,39309.3,0,inpatient,2000-02-03 08:09:15,4,0,8,2,Winter,M,white,nonhispanic,78,GOVERNMENT,30,0,1,5,72,18.8,1
dc84508a-79dc-1807-8c61-dc733d76b5c5,dc84508a-79dc-1807-ab54-7f2ba51d3029,0.01,507.44,0,urgentcare,2024-07-26 01:57:50,5,0,1,7,Summer,M,white,nonhispanic,48,PRIVATE,23,0,1,4,10,7.0,1
0672a55d-40c9-af5b-228d-b0de55e068af,0672a55d-40c9-af5b-41f3-46c31e57ee51,2.09,23637.32,0,inpatient,2020-06-18 01:15:19,4,0,1,6,Summer,M,white,nonhispanic,57,GOVERNMENT,23,0,5,16,1,9195.7,0
0672a55d-40c9-af5b-262a-ffc0f5961904,0672a55d-40c9-af5b-41f3-46c31e57ee51,1.0,1871.78,0,inpatient,2020-06-20 03:10:34,6,1,3,6,Summer,M,white,nonhispanic,57,GOVERNMENT,23,0,4,12,1,9197.8,0
33a068d0-c2b4-f71b-b1b0-b53b26a98343,33a068d0-c2b4-f71b-ca16-2280ad9f26be,0.01,436.62,0,urgentcare,2017-10-21 13:44:49,6,1,13,10,Fall,F,white,hispanic,13,GOVERNMENT,3,0,1,2,6,7.0,1
e5af8abb-a368-7780-cfc9-db81ecdf2e37,e5af8abb-a368-7780-7a07-882baf990aab,5.545,74121.63,0,inpatient,1999-08-14 22:18:40,6,1,22,8,Summer,M,white,nonhispanic,49,GOVERNMENT,12,0,3,0,7,8.5,1
e5af8abb-a368-7780-a63a-5fd409b76df3,e5af8abb-a368-7780-7a07-882baf990aab,3.291,17831.72,0,inpatient,1999-09-23 20:23:40,4,0,20,9,Fall,M,white,nonhispanic,49,GOVERNMENT,12,0,3,2,8,34.4,0
e5af8abb-a368-7780-ecdd-159b62dc879e,e5af8abb-a368-7780-7a07-882baf990aab,4.352,68611.28,0,inpatient,1999-10-27 14:22:40,3,0,14,10,Fall,M,white,nonhispanic,49,GOVERNMENT,12,0,2,2,9,30.5,0
e5af8abb-a368-7780-6462-f2aafbf1da4a,e5af8abb-a368-7780-7a07-882baf990aab,5.412,61678.12,0,inpatient,1999-11-30 18:49:40,2,0,18,11,Fall,M,white,nonhispanic,49,GOVERNMENT,12,0,3,2,10,29.8,1
e5af8abb-a368-7780-9e70-b9952348f45f,e5af8abb-a368-7780-7a07-882baf990aab,5.488,46884.36,0,inpatient,2000-01-09 17:42:40,0,1,17,1,Winter,M,white,nonhispanic,50,GOVERNMENT,12,0,3,2,11,34.5,0
e5af8abb-a368-7780-e8c8-8a13a0dc3242,e5af8abb-a368-7780-7a07-882baf990aab,5.489,46466.22,0,inpatient,2000-02-12 10:24:40,6,1,10,2,Winter,M,white,nonhispanic,50,GOVERNMENT,12,0,2,2,12,28.2,1
e5af8abb-a368-7780-4ea9-b30bd3193dd2,e5af8abb-a368-7780-7a07-882baf990aab,7.771,70209.5,1,inpatient,2000-03-21 19:08:40,2,0,19,3,Spring,M,white,nonhispanic,50,GOVERNMENT,12,0,3,2,13,32.9,0
e5af8abb-a368-7780-21dc-cce1df38c667,e5af8abb-a368-7780-7a07-882baf990aab,5.409,75909.43,0,inpatient,2000-04-27 00:38:40,4,0,0,4,Spring,M,white,nonhispanic,50,GOVERNMENT,12,0,3,2,14,28.5,1
e5af8abb-a368-7780-efd5-745c6807411d,e5af8abb-a368-7780-7a07-882baf990aab,12.043,127199.98,1,inpatient,2000-06-03 03:27:40,6,1,3,6,Summer,M,white,nonhispanic,50,GOVERNMENT,12,0,3,2,15,31.7,0
e5af8abb-a368-7780-fdd6-47b10b4d0e35,e5af8abb-a368-7780-7a07-882baf990aab,7.775,93404.61,1,inpatient,2000-07-15 23:29:40,6,1,23,7,Summer,M,white,nonhispanic,50,GOVERNMENT,12,0,2,2,17,2.9,1
23dca163-74ab-e839-c924-8194a2d7ff7c,23dca163-74ab-e839-7d2b-2bfeddad5f80,0.031,933.72,0,urgentcare,2020-11-07 16:34:25,6,1,16,11,Fall,F,asian,nonhispanic,41,PRIVATE,15,0,1,3,5,672.0,0
23dca163-74ab-e839-3543-9878625c08d1,23dca163-74ab-e839-7d2b-2bfeddad5f80,0.01,507.44,0,urgentcare,2020-11-14 16:34:25,6,1,16,11,Fall,F,asian,nonhispanic,41,PRIVATE,15,0,1,3,6,7.0,1
5cd84a0d-8f4d-3d73-7ebb-401ce0704a65,5cd84a0d-8f4d-3d73-9cad-6eb97a592a76,0.042,4230.63,0,emergency,2018-05-17 15:29:19,4,0,15,5,Spring,F,white,nonhispanic,46,PRIVATE,7,0,2,0,1,588.9,0
e8233637-a645-7460-59c6-43cf96ee113a,e8233637-a645-7460-78fd-808cf87933da,0.03,797.72,0,urgentcare,2002-05-11 12:35:15,6,1,12,5,Spring,M,white,nonhispanic,80,GOVERNMENT,27,0,7,4,35,28.0,1
97e95143-f963-df2a-b28f-0fa04f743a08,97e95143-f963-df2a-3b59-b9d535818a5e,0.01,895.15,0,urgentcare,1962-02-12 10:58:47,1,0,10,2,Winter,M,white,nonhispanic,2,GOVERNMENT,5,0,1,1,5,14.0,1
23d25649-b558-2a19-9c25-468f08e081a0,23d25649-b558-2a19-4dfe-cd7b77e926fc,0.042,16560.41,0,emergency,2011-01-04 22:52:27,2,0,22,1,Winter,F,white,nonhispanic,47,PRIVATE,7,0,2,0,0,,0
dc84508a-79dc-1807-86cf-2926ae5ebe6a,dc84508a-79dc-1807-ab54-7f2ba51d3029,0.01,1154.54,0,urgentcare,2024-05-31 01:57:50,5,0,1,5,Spring,M,white,nonhispanic,48,PRIVATE,23,0,1,4,7,7.0,1
cb883151-8519-0000-9758-866849992578,cb883151-8519-0000-668a-4727c84b2f04,0.042,577.58,0,emergency,2018-03-18 15:03:45,0,1,15,3,Spring,F,white,nonhispanic,31,PRIVATE,13,0,1,1,2,392.0,0
33a068d0-c2b4-f71b-d720-fb0fa19a7d5a,33a068d0-c2b4-f71b-ca16-2280ad9f26be,0.01,920.15,0,urgentcare,2017-09-23 13:44:49,6,1,13,9,Fall,F,white,hispanic,13,GOVERNMENT,3,0,1,2,4,7.0,1
97e95143-f963-df2a-d488-e63909381bc5,97e95143-f963-df2a-3b59-b9d535818a5e,0.01,835.68,0,urgentcare,1962-01-15 10:58:47,1,0,10,1,Winter,M,white,nonhispanic,2,GOVERNMENT,5,0,1,1,3,7.0,1
cb883151-8519-0000-59c5-6762ab0fb172,cb883151-8519-0000-668a-4727c84b2f04,0.042,1786.61,0,emergency,2017-02-19 15:03:45,0,1,15,2,Winter,F,white,nonhispanic,30,PRIVATE,12,0,2,0,1,5974.3,0
15e36d33-d8b6-de1d-987f-9415953655f4,15e36d33-d8b6-de1d-0391-190d15a4e782,0.01,799.37,0,urgentcare,1992-08-22 12:35:15,6,1,12,8,Summer,M,white,nonhispanic,70,GOVERNMENT,9,0,1,2,1,7.0,1
4e4789ee-69a4-1744-865d-c72766756710,4e4789ee-69a4-1744-49dd-2f27c28a9bc2,6.458,48199.25,0,inpatient,1999-04-24 12:35:15,6,1,12,4,Spring,M,white,nonhispanic,77,GOVERNMENT,31,0,1,6,62,21.0,1
dc84508a-79dc-1807-5b40-a1d529302534,dc84508a-79dc-1807-ab54-7f2ba51d3029,0.042,1571.33,0,emergency,2024-05-10 01:57:50,5,0,1,5,Spring,M,white,nonhispanic,48,PRIVATE,22,0,6,4,4,462.0,0
ef0f65e9-6b19-092b-3203-3b3f31297a43,ef0f65e9-6b19-092b-451a-5af9e9c1d7ae,0.042,6874.57,0,emergency,2019-03-30 13:17:51,6,1,13,3,Spring,F,white,nonhispanic,28,PRIVATE,9,0,2,0,2,795.9,0
4e4789ee-69a4-1744-a11e-0ca5f9b6fc90,4e4789ee-69a4-1744-49dd-2f27c28a9bc2,6.472,60868.09,0,inpatient,1999-02-27 12:35:15,6,1,12,2,Winter,M,white,nonhispanic,77,GOVERNMENT,33,0,1,6,59,21.0,1
4e4789ee-69a4-1744-340d-c4965a9ab5f0,4e4789ee-69a4-1744-49dd-2f27c28a9bc2,0.022,1088.0,0,urgentcare,1999-03-13 12:35:15,6,1,12,3,Spring,M,white,nonhispanic,77,GOVERNMENT,33,0,8,6,60,7.5,1
ef0f65e9-6b19-092b-9844-0b0db602bc96,ef0f65e9-6b19-092b-451a-5af9e9c1d7ae,2.073,18516.36,0,inpatient,2017-01-21 13:43:02,6,1,13,1,Winter,F,white,nonhispanic,26,PRIVATE,11,0,2,1,1,7.0,1
4e4789ee-69a4-1744-02ab-047e30740c23,4e4789ee-69a4-1744-49dd-2f27c28a9bc2,4.233,44052.03,0,inpatient,1999-01-13 13:00:15,3,0,13,1,Winter,M,white,nonhispanic,77,GOVERNMENT,32,0,1,4,57,28.8,1
4e4789ee-69a4-1744-6885-07661d4adb4f,4e4789ee-69a4-1744-49dd-2f27c28a9bc2,3.267,17111.82,0,inpatient,1998-12-12 12:35:15,6,1,12,12,Winter,M,white,nonhispanic,76,GOVERNMENT,32,0,2,5,56,14.0,1
1fab8367-4a8d-ab1e-b288-9ee54797aaf8,1fab8367-4a8d-ab1e-b676-8acf3e8b1898,0.01,507.44,0,urgentcare,2025-08-09 05:28:17,6,1,5,8,Summer,M,white,nonhispanic,76,GOVERNMENT,18,0,1,3,76,14.0,1
21f1ed4f-83be-991b-1ec9-fd723ea27339,21f1ed4f-83be-991b-ea87-76bb53b4200d,0.042,8306.1,0,emergency,2019-03-09 19:48:18,6,1,19,3,Spring,F,black,nonhispanic,22,GOVERNMENT,7,0,2,0,0,,0
dfc9eb96-3c2a-6c32-2022-70c6c3570f73,dfc9eb96-3c2a-6c32-6584-9d2ab6f64f18,0.03,648.56,0,urgentcare,1991-06-29 12:35:15,6,1,12,6,Summer,M,white,nonhispanic,69,GOVERNMENT,30,0,5,4,40,35.0,0
4e4789ee-69a4-1744-4504-569a72c75c85,4e4789ee-69a4-1744-49dd-2f27c28a9bc2,3.181,15450.98,0,inpatient,1998-10-31 12:35:15,6,1,12,10,Fall,M,white,nonhispanic,76,GOVERNMENT,30,0,1,5,54,49.0,0
569a5039-07b0-3769-1892-3d885c93007d,569a5039-07b0-3769-b644-614c3d87275a,0.022,1152.63,0,urgentcare,2022-07-09 16:57:59,6,1,16,7,Summer,M,white,nonhispanic,82,GOVERNMENT,24,0,7,4,33,21.0,1
6cebe382-6645-5849-3afa-eaa4977e3431,6cebe382-6645-5849-f398-543d907d44bd,0.01,526.96,0,urgentcare,2025-05-01 17:02:07,4,0,17,5,Spring,F,white,nonhispanic,49,NO_INSURANCE,30,0,1,5,230,7.0,1
970e27db-668f-15cf-bb9c-c7de09f24e4e,970e27db-668f-15cf-e4e8-6700e822c668,0.01,1045.12,0,urgentcare,2019-08-20 01:35:58,2,0,1,8,Summer,M,white,nonhispanic,12,PRIVATE,3,0,7,2,1,402.9,0
23dca163-74ab-e839-f7b2-216d3e418433,23dca163-74ab-e839-7d2b-2bfeddad5f80,0.042,577.58,0,emergency,2018-06-23 16:34:25,6,1,16,6,Summer,F,asian,nonhispanic,39,PRIVATE,15,0,1,0,2,238.0,0
1fab8367-4a8d-ab1e-2718-cc5ee19caa25,1fab8367-4a8d-ab1e-b676-8acf3e8b1898,0.01,507.44,0,urgentcare,2025-06-28 05:28:17,6,1,5,6,Summer,M,white,nonhispanic,76,GOVERNMENT,21,0,1,2,74,7.0,1
6852c1d6-9b00-395e-4dc4-4463a58ea4d6,6852c1d6-9b00-395e-7108-72e0b1c85cba,0.01,643.44,0,urgentcare,2020-01-11 21:02:43,6,1,21,1,Winter,M,white,nonhispanic,52,GOVERNMENT,11,0,1,1,1,7.0,1
6cebe382-6645-5849-e5c7-5f94595ccb32,6cebe382-6645-5849-f398-543d907d44bd,0.031,1088.0,0,urgentcare,2025-03-27 17:02:07,4,0,17,3,Spring,F,white,nonhispanic,49,NO_INSURANCE,31,0,2,5,227,7.0,1
4e4789ee-69a4-1744-b0f8-ae7bdc27ae15,4e4789ee-69a4-1744-49dd-2f27c28a9bc2,3.26,19756.61,0,inpatient,1998-08-29 12:35:15,6,1,12,8,Summer,M,white,nonhispanic,76,GOVERNMENT,31,0,1,6,52,50.6,0
4e4789ee-69a4-1744-7c3c-41d2b1b2b2fd,4e4789ee-69a4-1744-49dd-2f27c28a9bc2,5.399,27609.03,0,inpatient,1998-07-04 12:35:15,6,1,12,7,Summer,M,white,nonhispanic,76,GOVERNMENT,31,0,1,5,51,28.0,1
dfc9eb96-3c2a-6c32-bdd7-516af3d6484e,dfc9eb96-3c2a-6c32-6584-9d2ab6f64f18,0.01,573.98,0,urgentcare,1990-09-08 12:35:15,6,1,12,9,Fall,M,white,nonhispanic,68,GOVERNMENT,29,0,1,5,37,98.0,0
a520e1a2-226d-6c9f-4755-dca97fb6ab3b,a520e1a2-226d-6c9f-f6f8-d95c63537483,0.042,1008.85,0,emergency,2018-08-10 04:19:19,5,0,4,8,Summer,M,white,nonhispanic,42,PRIVATE,14,0,5,3,0,,0
61f048dc-f66e-bbda-3ab7-78612535ae3b,61f048dc-f66e-bbda-48c8-593d92d2bf03,0.03,938.84,0,urgentcare,2024-11-27 13:45:26,3,0,13,11,Fall,F,white,nonhispanic,78,GOVERNMENT,33,0,7,5,42,28.0,1
35c48f20-08e9-d381-3d22-c329fce1c96b,35c48f20-08e9-d381-ab80-6200d5b12851,0.01,507.74,0,urgentcare,2021-04-13 12:06:04,2,0,12,4,Spring,M,black,nonhispanic,54,GOVERNMENT,15,0,1,2,16,7.0,1
4e4789ee-69a4-1744-179b-b9d15c280f25,4e4789ee-69a4-1744-49dd-2f27c28a9bc2,5.43,62671.44,0,inpatient,1998-05-16 12:35:15,6,1,12,5,Spring,M,white,nonhispanic,76,GOVERNMENT,31,0,1,4,49,7.0,1
b48771f2-01da-2e3d-8a94-cf446eddb0cf,b48771f2-01da-2e3d-b283-3a8fbb2b17a0,0.027,1303.7,0,urgentcare,2023-11-13 14:34:46,1,0,14,11,Fall,M,white,nonhispanic,64,GOVERNMENT,27,0,5,3,40,91.0,0
61f048dc-f66e-bbda-bab2-5c591bff5ba6,61f048dc-f66e-bbda-48c8-593d92d2bf03,0.026,723.14,0,urgentcare,2024-09-11 13:45:26,3,0,13,9,Fall,F,white,nonhispanic,78,GOVERNMENT,35,0,4,5,39,28.0,1
4e4789ee-69a4-1744-c38a-a9c99e5675f3,4e4789ee-69a4-1744-49dd-2f27c28a9bc2,5.419,52874.06,0,inpatient,1998-03-28 12:35:15,6,1,12,3,Spring,M,white,nonhispanic,76,GOVERNMENT,31,0,1,5,46,21.0,1
6cebe382-6645-5849-2245-e41e72a7c22d,6cebe382-6645-5849-f398-543d907d44bd,0.042,875.9,0,emergency,2025-01-09 17:02:07,4,0,17,1,Winter,F,white,nonhispanic,49,NO_INSURANCE,30,0,3,2,218,7.0,1
6cebe382-6645-5849-e0a7-400ebe876b35,6cebe382-6645-5849-f398-543d907d44bd,0.042,511.04,0,emergency,2025-01-16 17:02:07,4,0,17,1,Winter,F,white,nonhispanic,49,NO_INSURANCE,29,0,1,2,219,7.0,1
89a05562-333c-60ed-79fb-612b71c9ade2,89a05562-333c-60ed-5660-ff34b7f6e814,0.038,723.14,0,urgentcare,2012-08-10 13:26:05,5,0,13,8,Summer,M,white,nonhispanic,59,GOVERNMENT,30,0,2,7,24,21.0,1
4e4789ee-69a4-1744-cd04-dd918f72f4b9,4e4789ee-69a4-1744-49dd-2f27c28a9bc2,0.028,1420.28,0,urgentcare,1998-01-17 12:35:15,6,1,12,1,Winter,M,white,nonhispanic,76,GOVERNMENT,32,0,3,4,42,7.0,1
4e4789ee-69a4-1744-e129-6a27afbd7b3e,4e4789ee-69a4-1744-49dd-2f27c28a9bc2,4.293,54501.95,0,inpatient,1998-02-07 12:35:15,6,1,12,2,Winter,M,white,nonhispanic,76,GOVERNMENT,30,0,1,5,43,21.0,1
e8233637-a645-7460-7bf4-e72a6f0a90c8,e8233637-a645-7460-78fd-808cf87933da,0.033,1013.42,0,urgentcare,2001-05-19 12:35:15,6,1,12,5,Spring,M,white,nonhispanic,79,GOVERNMENT,29,0,8,4,20,35.0,0
569a5039-07b0-3769-efb9-cbb0a51a93c8,569a5039-07b0-3769-b644-614c3d87275a,0.01,709.74,0,urgentcare,2021-10-16 16:57:59,6,1,16,10,Fall,M,white,nonhispanic,81,GOVERNMENT,23,0,1,5,21,7.0,1
e4511778-4c17-701c-e4aa-d918e1d0734c,e4511778-4c17-701c-efa2-110e4112b6fe,0.027,872.3,0,urgentcare,2024-09-20 22:06:25,5,0,22,9,Fall,F,white,nonhispanic,77,GOVERNMENT,29,0,3,4,34,7.0,1
6cebe382-6645-5849-8213-a123d9803113,6cebe382-6645-5849-f398-543d907d44bd,0.042,875.9,0,emergency,2024-11-28 17:02:07,4,0,17,11,Fall,F,white,nonhispanic,48,GOVERNMENT,31,0,4,2,212,7.0,1
b3604373-0cdc-3c4a-ea2c-e348c8aeeff7,b3604373-0cdc-3c4a-8a51-24ebb281b704,0.01,781.81,0,urgentcare,2020-06-18 11:08:54,4,0,11,6,Summer,M,white,nonhispanic,57,GOVERNMENT,15,0,1,2,8,7.0,1
e4511778-4c17-701c-5b62-609d91d922e5,e4511778-4c17-701c-efa2-110e4112b6fe,0.031,1088.0,0,urgentcare,2024-09-06 22:06:25,5,0,22,9,Fall,F,white,nonhispanic,77,GOVERNMENT,29,0,8,4,32,7.0,1
6cebe382-6645-5849-b236-b7f5fbbaf547,6cebe382-6645-5849-f398-543d907d44bd,0.042,511.04,0,emergency,2024-12-05 17:02:07,4,0,17,12,Winter,F,white,nonhispanic,48,GOVERNMENT,30,0,1,2,213,7.0,1
35c48f20-08e9-d381-071a-f731d853d744,35c48f20-08e9-d381-ab80-6200d5b12851,0.03,1406.54,0,urgentcare,2019-04-30 12:06:04,2,0,12,4,Spring,M,black,nonhispanic,52,GOVERNMENT,16,0,6,4,11,14.0,1
b3604373-0cdc-3c4a-94c0-60ab6c797dd7,b3604373-0cdc-3c4a-8a51-24ebb281b704,0.01,710.13,0,urgentcare,2020-06-04 11:08:54,4,0,11,6,Summer,M,white,nonhispanic,57,GOVERNMENT,16,0,1,2,6,7.0,1
b48771f2-01da-2e3d-118a-f5d9f282b4f4,b48771f2-01da-2e3d-b283-3a8fbb2b17a0,0.036,1303.7,0,urgentcare,2023-01-16 14:34:46,1,0,14,1,Winter,M,white,nonhispanic,64,GOVERNMENT,27,0,5,4,36,28.0,1
6cebe382-6645-5849-e968-6fdb3da4d856,6cebe382-6645-5849-f398-543d907d44bd,0.042,681.49,0,emergency,2024-11-07 17:02:07,4,0,17,11,Fall,F,white,nonhispanic,48,GOVERNMENT,29,0,1,2,209,7.0,1
4e4789ee-69a4-1744-75e9-dfbf82f0be59,4e4789ee-69a4-1744-49dd-2f27c28a9bc2,3.384,46467.61,0,inpatient,1997-12-07 01:31:15,0,1,1,12,Winter,M,white,nonhispanic,75,GOVERNMENT,30,0,1,4,40,21.5,1
35c48f20-08e9-d381-a9aa-9b6b22d62739,35c48f20-08e9-d381-ab80-6200d5b12851,0.038,797.72,0,urgentcare,2019-03-12 12:06:04,2,0,12,3,Spring,M,black,nonhispanic,52,GOVERNMENT,13,0,6,2,8,70.0,0
61f048dc-f66e-bbda-63f7-56f0e76366d4,61f048dc-f66e-bbda-48c8-593d92d2bf03,0.038,1467.92,0,urgentcare,2024-05-29 13:45:26,3,0,13,5,Spring,F,white,nonhispanic,78,GOVERNMENT,35,0,5,6,36,42.0,0
35c48f20-08e9-d381-30ba-97965b75cfbb,35c48f20-08e9-d381-ab80-6200d5b12851,0.031,1295.64,0,urgentcare,2019-01-01 12:06:04,2,0,12,1,Winter,M,black,nonhispanic,52,GOVERNMENT,15,0,7,2,7,28.0,1
89a05562-333c-60ed-4cff-3c2b07230eab,89a05562-333c-60ed-5660-ff34b7f6e814,0.037,1526.38,0,urgentcare,2012-05-18 13:26:05,5,0,13,5,Spring,M,white,nonhispanic,59,GOVERNMENT,31,0,7,5,21,42.0,0
61f048dc-f66e-bbda-44cc-6c0f9faf3b72,61f048dc-f66e-bbda-48c8-593d92d2bf03,0.031,859.14,0,urgentcare,2024-03-20 13:45:26,3,0,13,3,Spring,F,white,nonhispanic,78,GOVERNMENT,35,0,3,6,34,35.0,0
e4511778-4c17-701c-46a5-c923805cdc4b,e4511778-4c17-701c-efa2-110e4112b6fe,0.01,1154.54,0,urgentcare,2024-08-16 22:06:25,5,0,22,8,Summer,F,white,nonhispanic,77,GOVERNMENT,28,0,1,4,29,245.0,0
89a05562-333c-60ed-4813-1209dfd078bc,89a05562-333c-60ed-5660-ff34b7f6e814,0.01,358.28,0,urgentcare,2012-03-09 13:26:05,5,0,13,3,Spring,M,white,nonhispanic,59,GOVERNMENT,31,0,1,8,19,28.0,1
dfc9eb96-3c2a-6c32-6573-a9956e3e075f,dfc9eb96-3c2a-6c32-6584-9d2ab6f64f18,0.01,358.28,0,urgentcare,1989-09-16 12:35:15,6,1,12,9,Fall,M,white,nonhispanic,67,GOVERNMENT,29,0,1,5,35,7.0,1
89a05562-333c-60ed-ad91-63ae505490de,89a05562-333c-60ed-5660-ff34b7f6e814,0.029,1230.66,0,urgentcare,2012-02-10 13:26:05,5,0,13,2,Winter,M,white,nonhispanic,59,GOVERNMENT,30,0,5,8,18,49.0,0
61f048dc-f66e-bbda-1987-0e1ebde6bc22,61f048dc-f66e-bbda-48c8-593d92d2bf03,0.01,358.28,0,urgentcare,2024-02-14 13:45:26,3,0,13,2,Winter,F,white,nonhispanic,78,GOVERNMENT,34,0,1,5,33,7.0,1
6cebe382-6645-5849-984c-fe641d9045d8,6cebe382-6645-5849-f398-543d907d44bd,0.042,719.8,0,emergency,2024-09-26 17:02:07,4,0,17,9,Fall,F,white,nonhispanic,48,GOVERNMENT,30,0,1,2,203,7.0,1
4e4789ee-69a4-1744-93f5-373abc651156,4e4789ee-69a4-1744-49dd-2f27c28a9bc2,5.289,48898.11,0,inpatient,1997-11-01 12:35:15,6,1,12,11,Fall,M,white,nonhispanic,75,GOVERNMENT,29,0,1,3,38,21.0,1
dfc9eb96-3c2a-6c32-c2bc-18447fcb850b,dfc9eb96-3c2a-6c32-6584-9d2ab6f64f18,0.01,358.28,0,urgentcare,1989-07-29 12:35:15,6,1,12,7,Summer,M,white,nonhispanic,67,GOVERNMENT,28,0,1,4,32,7.0,1
569a5039-07b0-3769-0717-be0d1fedfc8a,569a5039-07b0-3769-b644-614c3d87275a,0.034,723.14,0,urgentcare,2021-03-20 16:57:59,6,1,16,3,Spring,M,white,nonhispanic,81,GOVERNMENT,23,0,4,4,12,7.0,1
e4511778-4c17-701c-f077-3312ea11a107,e4511778-4c17-701c-efa2-110e4112b6fe,0.01,1100.31,0,urgentcare,2023-12-08 22:06:25,5,0,22,12,Winter,F,white,nonhispanic,76,GOVERNMENT,29,0,1,7,27,7.0,1
6cebe382-6645-5849-ca15-e5c3f9115802,6cebe382-6645-5849-f398-543d907d44bd,0.042,511.04,0,emergency,2024-08-29 17:02:07,4,0,17,8,Summer,F,white,nonhispanic,48,GOVERNMENT,30,0,1,2,199,7.0,1
e8233637-a645-7460-4451-23e0669f10fb,e8233637-a645-7460-78fd-808cf87933da,2.231,10764.3,0,inpatient,2000-06-04 02:48:46,0,1,2,6,Summer,M,white,nonhispanic,78,GOVERNMENT,27,0,2,0,13,286.6,0
b48771f2-01da-2e3d-3309-43d7a383503f,b48771f2-01da-2e3d-b283-3a8fbb2b17a0,0.042,1122.05,0,emergency,2021-12-27 14:34:46,1,0,14,12,Winter,M,white,nonhispanic,62,GOVERNMENT,27,0,1,4,27,14.0,1
dfc9eb96-3c2a-6c32-1e8e-fae0547905b3,dfc9eb96-3c2a-6c32-6584-9d2ab6f64f18,0.01,358.28,0,urgentcare,1989-06-17 12:35:15,6,1,12,6,Summer,M,white,nonhispanic,67,GOVERNMENT,28,0,1,5,27,7.0,1
4e4789ee-69a4-1744-8966-c8df917d0b92,4e4789ee-69a4-1744-49dd-2f27c28a9bc2,7.497,53577.43,1,inpatient,1997-09-13 12:35:15,6,1,12,9,Fall,M,white,nonhispanic,75,GOVERNMENT,29,0,1,4,35,35.0,0
b48771f2-01da-2e3d-d883-85b5d93e1d00,b48771f2-01da-2e3d-b283-3a8fbb2b17a0,0.035,1582.57,0,urgentcare,2021-12-06 14:34:46,1,0,14,12,Winter,M,white,nonhispanic,62,GOVERNMENT,27,0,5,4,25,7.0,1
6cebe382-6645-5849-650e-b2a13aeb6f0a,6cebe382-6645-5849-f398-543d907d44bd,0.042,511.04,0,emergency,2024-08-15 17:02:07,4,0,17,8,Summer,F,white,nonhispanic,48,GOVERNMENT,30,0,1,2,197,7.0,1
1fab8367-4a8d-ab1e-88b1-93f07c32024a,1fab8367-4a8d-ab1e-b676-8acf3e8b1898,0.029,872.3,0,urgentcare,2024-02-03 05:28:17,6,1,5,2,Winter,M,white,nonhispanic,75,GOVERNMENT,17,0,3,3,56,28.0,1
35c48f20-08e9-d381-7b10-b1529ccff961,35c48f20-08e9-d381-ab80-6200d5b12851,0.039,1280.3,0,urgentcare,2018-09-04 12:06:04,2,0,12,9,Fall,M,black,nonhispanic,51,GOVERNMENT,13,0,4,2,0,,0
e8233637-a645-7460-b8d5-c73a6f21a046,e8233637-a645-7460-78fd-808cf87933da,1.0,801.32,0,inpatient,1999-08-21 13:25:45,6,1,13,8,Summer,M,white,nonhispanic,77,GOVERNMENT,26,0,1,10,11,0.2,1
dfc9eb96-3c2a-6c32-8ca6-e05d01bd4283,dfc9eb96-3c2a-6c32-6584-9d2ab6f64f18,0.042,1514.96,0,emergency,1989-05-27 12:35:15,6,1,12,5,Spring,M,white,nonhispanic,67,GOVERNMENT,28,0,6,5,24,98.0,0
4e4789ee-69a4-1744-aed0-b065da02be3f,4e4789ee-69a4-1744-49dd-2f27c28a9bc2,3.248,21457.47,0,inpatient,1997-07-12 12:35:15,6,1,12,7,Summer,M,white,nonhispanic,75,GOVERNMENT,29,0,1,4,32,28.0,1
e8233637-a645-7460-a9ca-bbecb90283af,e8233637-a645-7460-78fd-808cf87933da,1.0,1813.31,0,inpatient,1999-07-17 12:53:45,6,1,12,7,Summer,M,white,nonhispanic,77,GOVERNMENT,25,0,4,0,9,1162.0,0
6cebe382-6645-5849-07ef-c479e143fe16,6cebe382-6645-5849-f398-543d907d44bd,0.042,875.9,0,emergency,2024-07-11 17:02:07,4,0,17,7,Summer,F,white,nonhispanic,48,GOVERNMENT,30,0,2,2,192,7.0,1
4e4789ee-69a4-1744-d709-de09e1227a60,4e4789ee-69a4-1744-49dd-2f27c28a9bc2,13.206,98896.46,1,inpatient,1997-04-26 12:35:15,6,1,12,4,Spring,M,white,nonhispanic,75,GOVERNMENT,30,0,1,3,29,14.0,1
4e4789ee-69a4-1744-53d1-d678085dcb40,4e4789ee-69a4-1744-49dd-2f27c28a9bc2,0.032,872.3,0,urgentcare,1997-05-17 12:35:15,6,1,12,5,Spring,M,white,nonhispanic,75,GOVERNMENT,30,0,5,3,30,7.8,1
1fab8367-4a8d-ab1e-89ea-0b4582fa67ef,1fab8367-4a8d-ab1e-b676-8acf3e8b1898,0.036,872.3,0,urgentcare,2023-12-02 05:28:17,6,1,5,12,Winter,M,white,nonhispanic,74,GOVERNMENT,18,0,5,3,53,28.0,1
6cebe382-6645-5849-a91a-2f2c0b8e1805,6cebe382-6645-5849-f398-543d907d44bd,0.042,511.04,0,emergency,2024-06-20 17:02:07,4,0,17,6,Summer,F,white,nonhispanic,48,GOVERNMENT,29,0,1,2,189,7.0,1
6cebe382-6645-5849-afa4-0e5ac33ab9fa,6cebe382-6645-5849-f398-543d907d44bd,0.042,1046.17,0,emergency,2024-06-06 17:02:07,4,0,17,6,Summer,F,white,nonhispanic,48,GOVERNMENT,30,0,1,2,187,7.0,1
dfc9eb96-3c2a-6c32-9506-1fa57d2b5b54,dfc9eb96-3c2a-6c32-6584-9d2ab6f64f18,0.01,358.28,0,urgentcare,1989-01-07 12:35:15,6,1,12,1,Winter,M,white,nonhispanic,67,GOVERNMENT,29,0,1,4,21,7.0,1
569a5039-07b0-3769-36e6-f5d65cc09bcb,569a5039-07b0-3769-b644-614c3d87275a,0.032,723.14,0,urgentcare,2018-06-30 16:57:59,6,1,16,6,Summer,M,white,nonhispanic,78,GOVERNMENT,23,0,6,3,8,21.0,1
569a5039-07b0-3769-dc64-953dc54444d0,569a5039-07b0-3769-b644-614c3d87275a,0.01,866.14,0,urgentcare,2018-07-07 16:57:59,6,1,16,7,Summer,M,white,nonhispanic,78,GOVERNMENT,22,0,1,3,9,7.0,1
4e4789ee-69a4-1744-4585-dce6b5542c6e,4e4789ee-69a4-1744-49dd-2f27c28a9bc2,4.46,33628.9,0,inpatient,1997-02-22 13:48:21,6,1,13,2,Winter,M,white,nonhispanic,75,GOVERNMENT,28,0,1,5,26,28.0,1
6cebe382-6645-5849-3aa6-947b7c36c867,6cebe382-6645-5849-f398-543d907d44bd,0.042,511.04,0,emergency,2024-05-09 17:02:07,4,0,17,5,Spring,F,white,nonhispanic,48,GOVERNMENT,31,0,1,2,183,7.0,1
b48771f2-01da-2e3d-073d-63ed190200ae,b48771f2-01da-2e3d-b283-3a8fbb2b17a0,0.022,1303.7,0,urgentcare,2020-11-02 14:34:46,1,0,14,11,Fall,M,white,nonhispanic,61,GOVERNMENT,27,0,7,3,19,35.0,0
dfc9eb96-3c2a-6c32-5f29-94cf41fe7b0c,dfc9eb96-3c2a-6c32-6584-9d2ab6f64f18,0.01,642.62,0,urgentcare,1988-12-10 12:35:15,6,1,12,12,Winter,M,white,nonhispanic,66,GOVERNMENT,26,0,1,5,18,7.0,1
dfc9eb96-3c2a-6c32-aa9f-872291ce9c6f,dfc9eb96-3c2a-6c32-6584-9d2ab6f64f18,0.01,908.61,0,urgentcare,1988-11-12 12:35:15,6,1,12,11,Fall,M,white,nonhispanic,66,GOVERNMENT,27,0,1,6,15,7.0,1
dfc9eb96-3c2a-6c32-4ce3-184a2eafee6c,dfc9eb96-3c2a-6c32-6584-9d2ab6f64f18,0.042,511.04,0,emergency,1988-09-24 12:35:15,6,1,12,9,Fall,M,white,nonhispanic,66,GOVERNMENT,28,0,1,5,11,7.0,1
89a05562-333c-60ed-cdcd-a93f5ae14cac,89a05562-333c-60ed-5660-ff34b7f6e814,0.033,872.3,0,urgentcare,2009-10-23 13:26:05,5,0,13,10,Fall,M,white,nonhispanic,56,GOVERNMENT,30,0,2,5,14,301.0,0
61f048dc-f66e-bbda-d80c-2186f0a2a348,61f048dc-f66e-bbda-48c8-593d92d2bf03,0.023,1088.0,0,urgentcare,2023-03-22 13:45:26,3,0,13,3,Spring,F,white,nonhispanic,77,GOVERNMENT,33,0,8,6,24,91.0,0
08d290f2-cacc-a5c9-aa38-0b5c59f9fc83,08d290f2-cacc-a5c9-e3f5-d1d9063f46e5,0.042,361.88,0,emergency,1986-04-12 12:35:15,6,1,12,4,Spring,M,white,nonhispanic,64,NO_INSURANCE,29,0,1,3,337,7.0,1
61f048dc-f66e-bbda-52fe-707928bc210b,61f048dc-f66e-bbda-48c8-593d92d2bf03,0.01,507.44,0,urgentcare,2022-12-21 13:45:26,3,0,13,12,Winter,F,white,nonhispanic,76,GOVERNMENT,31,0,1,5,23,147.0,0
dfc9eb96-3c2a-6c32-75af-828d8a18abb4,dfc9eb96-3c2a-6c32-6584-9d2ab6f64f18,0.042,801.32,0,emergency,1988-07-02 12:35:15,6,1,12,7,Summer,M,white,nonhispanic,66,GOVERNMENT,28,0,5,5,6,7.0,1
6cebe382-6645-5849-f662-78b1a88e4ae7,6cebe382-6645-5849-f398-543d907d44bd,0.042,595.04,0,emergency,2024-02-01 17:02:07,4,0,17,2,Winter,F,white,nonhispanic,48,GOVERNMENT,30,0,1,2,170,7.0,1
1fab8367-4a8d-ab1e-34d9-57c883315c56,1fab8367-4a8d-ab1e-b676-8acf3e8b1898,0.042,1091.6,0,emergency,2022-11-05 05:28:17,6,1,5,11,Fall,M,white,nonhispanic,73,GOVERNMENT,19,0,7,3,39,56.0,0
61f048dc-f66e-bbda-7049-8b3fd1381243,61f048dc-f66e-bbda-48c8-593d92d2bf03,0.01,901.54,0,urgentcare,2022-06-29 13:45:26,3,0,13,6,Summer,F,white,nonhispanic,76,GOVERNMENT,29,0,1,5,21,35.0,0
08d290f2-cacc-a5c9-8128-5b03054e14ae,08d290f2-cacc-a5c9-e3f5-d1d9063f46e5,0.042,1017.02,0,emergency,1986-01-11 12:35:15,6,1,12,1,Winter,M,white,nonhispanic,64,NO_INSURANCE,28,0,6,3,324,7.0,1
6cebe382-6645-5849-cffb-27e9d1b6dffc,6cebe382-6645-5849-f398-543d907d44bd,0.042,875.9,0,emergency,2023-11-02 17:02:07,4,0,17,11,Fall,F,white,nonhispanic,47,NO_INSURANCE,32,0,4,2,157,14.0,1
6cebe382-6645-5849-172e-bf07d63ae8b3,6cebe382-6645-5849-f398-543d907d44bd,0.038,872.3,0,urgentcare,2023-11-16 17:02:07,4,0,17,11,Fall,F,white,nonhispanic,47,NO_INSURANCE,32,0,4,2,159,7.0,1
6cebe382-6645-5849-0ae9-5941a29d7a70,6cebe382-6645-5849-f398-543d907d44bd,0.01,507.44,0,urgentcare,2023-11-23 17:02:07,4,0,17,11,Fall,F,white,nonhispanic,47,NO_INSURANCE,32,0,1,2,160,7.0,1
e8233637-a645-7460-b2ff-189f3f54aab0,e8233637-a645-7460-78fd-808cf87933da,0.01,692.76,0,urgentcare,1994-07-09 12:35:15,6,1,12,7,Summer,M,white,nonhispanic,72,GOVERNMENT,24,0,1,3,7,7.0,1
08d290f2-cacc-a5c9-306f-ee48f0f73aeb,08d290f2-cacc-a5c9-e3f5-d1d9063f46e5,0.042,361.88,0,emergency,1985-11-09 12:35:15,6,1,12,11,Fall,M,white,nonhispanic,63,NO_INSURANCE,29,0,1,3,315,7.0,1
1fab8367-4a8d-ab1e-a11f-59346e1fb806,1fab8367-4a8d-ab1e-b676-8acf3e8b1898,0.024,872.3,0,urgentcare,2022-02-12 05:28:17,6,1,5,2,Winter,M,white,nonhispanic,73,GOVERNMENT,19,0,6,3,32,35.0,0
6cebe382-6645-5849-7dc5-662ed909f783,6cebe382-6645-5849-f398-543d907d44bd,0.042,1003.71,0,emergency,2023-08-03 17:02:07,4,0,17,8,Summer,F,white,nonhispanic,47,NO_INSURANCE,31,0,1,2,145,14.0,1
08d290f2-cacc-a5c9-6afa-34e9e69df5b6,08d290f2-cacc-a5c9-e3f5-d1d9063f46e5,0.042,881.55,0,emergency,1985-09-28 12:35:15,6,1,12,9,Fall,M,white,nonhispanic,63,NO_INSURANCE,30,0,1,3,309,7.0,1
1fab8367-4a8d-ab1e-d7b9-d257caa493b9,1fab8367-4a8d-ab1e-b676-8acf3e8b1898,0.04,872.3,0,urgentcare,2022-03-12 05:28:17,6,1,5,3,Spring,M,white,nonhispanic,73,GOVERNMENT,17,0,4,3,33,28.0,1
1fab8367-4a8d-ab1e-b9b7-0e6d34d8a3bc,1fab8367-4a8d-ab1e-b676-8acf3e8b1898,0.037,1720.02,0,urgentcare,2022-04-09 05:28:17,6,1,5,4,Spring,M,white,nonhispanic,73,GOVERNMENT,17,0,4,3,34,28.0,1
e4511778-4c17-701c-7789-1859e9bf9b2f,e4511778-4c17-701c-efa2-110e4112b6fe,0.035,872.3,0,urgentcare,2021-02-19 22:06:25,5,0,22,2,Winter,F,white,nonhispanic,74,GOVERNMENT,27,0,7,4,15,35.0,0
08d290f2-cacc-a5c9-3a1c-c6c52e559d6e,08d290f2-cacc-a5c9-e3f5-d1d9063f46e5,0.042,942.44,0,emergency,1985-09-07 12:35:15,6,1,12,9,Fall,M,white,nonhispanic,63,NO_INSURANCE,30,0,6,3,306,7.0,1
6cebe382-6645-5849-fa9e-f5dbf9196895,6cebe382-6645-5849-f398-543d907d44bd,0.035,1735.1,0,urgentcare,2023-07-13 17:02:07,4,0,17,7,Summer,F,white,nonhispanic,47,NO_INSURANCE,32,0,5,2,143,7.0,1
6cebe382-6645-5849-9c0b-f5539671188b,6cebe382-6645-5849-f398-543d907d44bd,0.032,1008.3,0,urgentcare,2023-06-15 17:02:07,4,0,17,6,Summer,F,white,nonhispanic,47,NO_INSURANCE,33,0,3,2,139,7.0,1
6cebe382-6645-5849-754f-8b11aad7fe6a,6cebe382-6645-5849-f398-543d907d44bd,0.01,507.44,0,urgentcare,2023-06-22 17:02:07,4,0,17,6,Summer,F,white,nonhispanic,47,NO_INSURANCE,32,0,1,2,140,7.0,1
e8233637-a645-7460-a5cc-8336619aa022,e8233637-a645-7460-78fd-808cf87933da,0.01,1154.54,0,urgentcare,1994-06-04 12:35:15,6,1,12,6,Summer,M,white,nonhispanic,72,GOVERNMENT,24,0,1,2,5,7.0,1
08d290f2-cacc-a5c9-3601-e1f642ff9cc1,08d290f2-cacc-a5c9-e3f5-d1d9063f46e5,0.042,361.88,0,emergency,1985-08-03 12:35:15,6,1,12,8,Summer,M,white,nonhispanic,63,NO_INSURANCE,28,0,1,3,301,7.0,1
6cebe382-6645-5849-81e1-444bcf8eec2b,6cebe382-6645-5849-f398-543d907d44bd,0.042,875.9,0,emergency,2023-05-04 17:02:07,4,0,17,5,Spring,F,white,nonhispanic,47,NO_INSURANCE,32,0,4,2,133,7.0,1
1fab8367-4a8d-ab1e-2ce7-5540583ecc08,1fab8367-4a8d-ab1e-b676-8acf3e8b1898,0.029,1088.0,0,urgentcare,2021-11-20 05:28:17,6,1,5,11,Fall,M,white,nonhispanic,72,GOVERNMENT,19,0,7,2,29,35.0,0
6cebe382-6645-5849-f95d-b6f61efe8256,6cebe382-6645-5849-f398-543d907d44bd,0.01,1154.54,0,urgentcare,2023-03-30 17:02:07,4,0,17,3,Spring,F,white,nonhispanic,47,NO_INSURANCE,33,0,1,2,128,14.0,1
08d290f2-cacc-a5c9-f746-29c16c33c539,08d290f2-cacc-a5c9-e3f5-d1d9063f46e5,0.042,918.02,0,emergency,1985-07-06 12:35:15,6,1,12,7,Summer,M,white,nonhispanic,63,NO_INSURANCE,28,0,1,3,297,7.0,1
6cebe382-6645-5849-7fa5-ed7b2bc0739f,6cebe382-6645-5849-f398-543d907d44bd,0.024,872.3,0,urgentcare,2023-02-23 17:02:07,4,0,17,2,Winter,F,white,nonhispanic,47,NO_INSURANCE,34,0,4,2,124,7.0,1
6cebe382-6645-5849-b2f0-8f7a2adf6d0d,6cebe382-6645-5849-f398-543d907d44bd,0.027,872.3,0,urgentcare,2023-03-09 17:02:07,4,0,17,3,Spring,F,white,nonhispanic,47,NO_INSURANCE,33,0,5,2,126,7.0,1
6cebe382-6645-5849-9d4a-1334568a982c,6cebe382-6645-5849-f398-543d907d44bd,0.01,1154.54,0,urgentcare,2023-03-16 17:02:07,4,0,17,3,Spring,F,white,nonhispanic,47,NO_INSURANCE,32,0,1,2,127,7.0,1
89a05562-333c-60ed-807a-c1d64e50beb6,89a05562-333c-60ed-5660-ff34b7f6e814,0.01,779.44,0,urgentcare,2006-02-10 13:26:05,5,0,13,2,Winter,M,white,nonhispanic,53,PRIVATE,22,0,1,3,4,91.0,0
1fab8367-4a8d-ab1e-e946-b446ee2a5ec3,1fab8367-4a8d-ab1e-b676-8acf3e8b1898,0.01,507.44,0,urgentcare,2021-07-17 05:28:17,6,1,5,7,Summer,M,white,nonhispanic,72,GOVERNMENT,19,0,1,2,25,35.0,0
6cebe382-6645-5849-c3e7-db7b1ee096ec,6cebe382-6645-5849-f398-543d907d44bd,0.042,511.04,0,emergency,2023-02-02 17:02:07,4,0,17,2,Winter,F,white,nonhispanic,47,NO_INSURANCE,32,0,1,2,121,7.0,1
08d290f2-cacc-a5c9-5cc6-5db99785a398,08d290f2-cacc-a5c9-e3f5-d1d9063f46e5,0.042,361.88,0,emergency,1985-06-08 12:35:15,6,1,12,6,Summer,M,white,nonhispanic,63,NO_INSURANCE,28,0,1,3,293,7.0,1
08d290f2-cacc-a5c9-7f98-77fea3a9e056,08d290f2-cacc-a5c9-e3f5-d1d9063f46e5,0.01,375.91,0,urgentcare,1985-05-25 12:35:15,6,1,12,5,Spring,M,white,nonhispanic,63,NO_INSURANCE,29,0,1,3,291,7.0,1
08d290f2-cacc-a5c9-bc77-c23c9902d4eb,08d290f2-cacc-a5c9-e3f5-d1d9063f46e5,0.042,361.88,0,emergency,1985-05-11 12:35:15,6,1,12,5,Spring,M,white,nonhispanic,63,NO_INSURANCE,28,0,1,3,289,7.0,1
1fab8367-4a8d-ab1e-77b6-41e48dcb019f,1fab8367-4a8d-ab1e-b676-8acf3e8b1898,0.04,1088.0,0,urgentcare,2021-05-22 05:28:17,6,1,5,5,Spring,M,white,nonhispanic,72,GOVERNMENT,18,0,5,2,23,28.0,1
08d290f2-cacc-a5c9-616d-fd63d88a617a,08d290f2-cacc-a5c9-e3f5-d1d9063f46e5,0.042,361.88,0,emergency,1985-02-16 12:35:15,6,1,12,2,Winter,M,white,nonhispanic,63,NO_INSURANCE,28,0,1,3,278,7.0,1
1fab8367-4a8d-ab1e-5e67-1950cf560b57,1fab8367-4a8d-ab1e-b676-8acf3e8b1898,0.029,872.3,0,urgentcare,2020-10-17 05:28:17,6,1,5,10,Fall,M,white,nonhispanic,71,GOVERNMENT,18,0,4,4,18,21.0,1
6cebe382-6645-5849-41cc-5205cad04616,6cebe382-6645-5849-f398-543d907d44bd,0.01,573.21,0,urgentcare,2022-09-01 17:02:07,4,0,17,9,Fall,F,white,nonhispanic,46,GOVERNMENT,32,0,1,2,99,7.0,1
08d290f2-cacc-a5c9-e69e-ff62ac8a79d9,08d290f2-cacc-a5c9-e3f5-d1d9063f46e5,0.042,361.88,0,emergency,1985-01-19 12:35:15,6,1,12,1,Winter,M,white,nonhispanic,63,NO_INSURANCE,27,0,1,3,274,7.0,1
6cebe382-6645-5849-eeb8-554ef9f22018,6cebe382-6645-5849-f398-543d907d44bd,0.042,1158.14,0,emergency,2022-08-04 17:02:07,4,0,17,8,Summer,F,white,nonhispanic,46,GOVERNMENT,32,0,1,2,95,7.0,1
6cebe382-6645-5849-5d91-d7f25365c0d9,6cebe382-6645-5849-f398-543d907d44bd,0.042,1158.14,0,emergency,2022-07-21 17:02:07,4,0,17,7,Summer,F,white,nonhispanic,46,GOVERNMENT,31,0,1,2,93,7.0,1
6cebe382-6645-5849-5b59-256f4c3b524a,6cebe382-6645-5849-f398-543d907d44bd,0.042,839.46,0,emergency,2022-07-07 17:02:07,4,0,17,7,Summer,F,white,nonhispanic,46,GOVERNMENT,31,0,1,2,91,7.0,1
08d290f2-cacc-a5c9-a00e-ec29c112e88a,08d290f2-cacc-a5c9-e3f5-d1d9063f46e5,0.042,1341.36,0,emergency,1984-12-01 12:35:15,6,1,12,12,Winter,M,white,nonhispanic,62,NO_INSURANCE,27,0,6,3,267,7.0,1
6cebe382-6645-5849-909e-410b8831818e,6cebe382-6645-5849-f398-543d907d44bd,0.042,511.04,0,emergency,2022-06-23 17:02:07,4,0,17,6,Summer,F,white,nonhispanic,46,GOVERNMENT,31,0,1,2,89,7.0,1
6cebe382-6645-5849-072c-3f44432b9180,6cebe382-6645-5849-f398-543d907d44bd,0.042,647.04,0,emergency,2022-06-09 17:02:07,4,0,17,6,Summer,F,white,nonhispanic,46,GOVERNMENT,31,0,1,2,87,7.0,1
e4511778-4c17-701c-fd52-f8fb12564275,e4511778-4c17-701c-efa2-110e4112b6fe,0.04,1106.9,0,urgentcare,2017-10-13 22:06:25,5,0,22,10,Fall,F,white,nonhispanic,70,GOVERNMENT,29,0,4,3,10,7.0,1
4e4789ee-69a4-1744-a69c-b02f7d2265e4,4e4789ee-69a4-1744-49dd-2f27c28a9bc2,0.042,1011.9,0,emergency,1992-03-21 12:35:15,6,1,12,3,Spring,M,white,nonhispanic,70,GOVERNMENT,24,0,6,3,3,98.0,0
08d290f2-cacc-a5c9-c6df-a4e44ee0f235,08d290f2-cacc-a5c9-e3f5-d1d9063f46e5,0.042,1008.98,0,emergency,1984-09-15 12:35:15,6,1,12,9,Fall,M,white,nonhispanic,62,NO_INSURANCE,27,0,1,3,256,7.0,1
1fab8367-4a8d-ab1e-da90-acf5fd40c3d7,1fab8367-4a8d-ab1e-b676-8acf3e8b1898,0.038,1088.0,0,urgentcare,2019-12-21 05:28:17,6,1,5,12,Winter,M,white,nonhispanic,70,GOVERNMENT,16,0,4,3,12,119.0,0
61f048dc-f66e-bbda-b7bb-2c78a81fd761,61f048dc-f66e-bbda-48c8-593d92d2bf03,0.042,1011.9,0,emergency,2017-11-29 13:45:26,3,0,13,11,Fall,F,white,nonhispanic,71,GOVERNMENT,26,0,4,5,8,105.0,0
4e4789ee-69a4-1744-0178-625ba791ac70,4e4789ee-69a4-1744-49dd-2f27c28a9bc2,0.042,873.92,0,emergency,1992-03-28 12:35:15,6,1,12,3,Spring,M,white,nonhispanic,70,GOVERNMENT,23,0,1,3,4,7.0,1
6cebe382-6645-5849-511f-99fa35d8f77e,6cebe382-6645-5849-f398-543d907d44bd,0.01,507.44,0,urgentcare,2022-02-17 17:02:07,4,0,17,2,Winter,F,white,nonhispanic,46,GOVERNMENT,31,0,1,4,72,7.0,1
6cebe382-6645-5849-0c2d-a1c3c6445690,6cebe382-6645-5849-f398-543d907d44bd,0.042,511.04,0,emergency,2022-03-31 17:02:07,4,0,17,3,Spring,F,white,nonhispanic,46,GOVERNMENT,31,0,1,3,77,7.0,1
4e4789ee-69a4-1744-a9be-fc4e5923635f,4e4789ee-69a4-1744-49dd-2f27c28a9bc2,0.027,1088.0,0,urgentcare,1991-10-12 12:35:15,6,1,12,10,Fall,M,white,nonhispanic,69,GOVERNMENT,25,0,4,1,1,217.0,0
61f048dc-f66e-bbda-b784-dc9af61b125b,61f048dc-f66e-bbda-48c8-593d92d2bf03,0.01,555.85,0,urgentcare,2017-12-06 13:45:26,3,0,13,12,Winter,F,white,nonhispanic,71,GOVERNMENT,23,0,1,5,9,7.0,1
1fab8367-4a8d-ab1e-aa4c-467aacf51b89,1fab8367-4a8d-ab1e-b676-8acf3e8b1898,0.01,507.44,0,urgentcare,2019-06-29 05:28:17,6,1,5,6,Summer,M,white,nonhispanic,70,GOVERNMENT,14,0,1,3,9,63.0,0
08d290f2-cacc-a5c9-36ca-81adbbab8d85,08d290f2-cacc-a5c9-e3f5-d1d9063f46e5,0.042,960.28,0,emergency,1984-06-09 12:35:15,6,1,12,6,Summer,M,white,nonhispanic,62,NO_INSURANCE,27,0,1,3,242,7.0,1
6cebe382-6645-5849-ee90-0f70e868999b,6cebe382-6645-5849-f398-543d907d44bd,0.01,507.44,0,urgentcare,2021-09-09 17:02:07,4,0,17,9,Fall,F,white,nonhispanic,45,NO_INSURANCE,29,0,1,2,65,28.0,1
08d290f2-cacc-a5c9-d1ee-58e8d6f3b9e7,08d290f2-cacc-a5c9-e3f5-d1d9063f46e5,0.038,1458.18,0,urgentcare,1984-03-10 12:35:15,6,1,12,3,Spring,M,white,nonhispanic,62,NO_INSURANCE,27,0,5,3,230,7.0,1
08d290f2-cacc-a5c9-6e4d-9b6f8b828f22,08d290f2-cacc-a5c9-e3f5-d1d9063f46e5,0.042,1008.98,0,emergency,1984-02-18 12:35:15,6,1,12,2,Winter,M,white,nonhispanic,62,NO_INSURANCE,26,0,1,3,227,7.0,1
08d290f2-cacc-a5c9-d0e9-9b77f3794a8f,08d290f2-cacc-a5c9-e3f5-d1d9063f46e5,0.01,391.22,0,urgentcare,1984-02-04 12:35:15,6,1,12,2,Winter,M,white,nonhispanic,62,NO_INSURANCE,28,0,1,3,225,7.0,1
08d290f2-cacc-a5c9-0ce3-231a89bee3e7,08d290f2-cacc-a5c9-e3f5-d1d9063f46e5,0.042,426.2,0,emergency,1984-01-07 12:35:15,6,1,12,1,Winter,M,white,nonhispanic,62,NO_INSURANCE,29,0,1,3,221,7.0,1
6cebe382-6645-5849-3128-0112f0701e74,6cebe382-6645-5849-f398-543d907d44bd,0.021,1107.23,0,urgentcare,2020-10-22 17:02:07,4,0,17,10,Fall,F,white,nonhispanic,44,GOVERNMENT,28,0,4,2,52,35.0,0
08d290f2-cacc-a5c9-8c3b-6e99a900d05b,08d290f2-cacc-a5c9-e3f5-d1d9063f46e5,0.024,723.14,0,urgentcare,1983-09-10 12:35:15,6,1,12,9,Fall,M,white,nonhispanic,61,NO_INSURANCE,28,0,6,3,204,7.0,1
08d290f2-cacc-a5c9-c3b7-0b9131290f5b,08d290f2-cacc-a5c9-e3f5-d1d9063f46e5,0.042,361.88,0,emergency,1983-09-17 12:35:15,6,1,12,9,Fall,M,white,nonhispanic,61,NO_INSURANCE,27,0,1,3,205,7.0,1
08d290f2-cacc-a5c9-6ceb-d5cfbcc4241c,08d290f2-cacc-a5c9-e3f5-d1d9063f46e5,0.042,942.7,0,emergency,1983-07-09 12:35:15,6,1,12,7,Summer,M,white,nonhispanic,61,NO_INSURANCE,26,0,1,3,195,7.0,1
08d290f2-cacc-a5c9-4589-22a8f1f58c06,08d290f2-cacc-a5c9-e3f5-d1d9063f46e5,0.042,1002.88,0,emergency,1983-07-23 12:35:15,6,1,12,7,Summer,M,white,nonhispanic,61,NO_INSURANCE,26,0,1,3,197,7.0,1
08d290f2-cacc-a5c9-fe22-ad5dfe82eb7e,08d290f2-cacc-a5c9-e3f5-d1d9063f46e5,0.032,938.84,0,urgentcare,1983-08-13 12:35:15,6,1,12,8,Summer,M,white,nonhispanic,61,NO_INSURANCE,27,0,6,3,200,7.0,1
08d290f2-cacc-a5c9-1279-a54eba55aad2,08d290f2-cacc-a5c9-e3f5-d1d9063f46e5,0.042,361.88,0,emergency,1984-09-01 12:35:15,6,1,12,9,Fall,M,white,nonhispanic,62,NO_INSURANCE,26,0,1,3,254,7.0,1
08d290f2-cacc-a5c9-7ff9-4ea89aba7c35,08d290f2-cacc-a5c9-e3f5-d1d9063f46e5,0.042,511.04,0,emergency,1983-05-28 12:35:15,6,1,12,5,Spring,M,white,nonhispanic,61,NO_INSURANCE,26,0,1,3,189,7.0,1
08d290f2-cacc-a5c9-e412-7d5bf7cf3b6a,08d290f2-cacc-a5c9-e3f5-d1d9063f46e5,0.042,511.04,0,emergency,1983-04-02 12:35:15,6,1,12,4,Spring,M,white,nonhispanic,61,NO_INSURANCE,26,0,1,3,182,7.0,1
08d290f2-cacc-a5c9-9db5-41894bf108e4,08d290f2-cacc-a5c9-e3f5-d1d9063f46e5,0.042,1158.14,0,emergency,1983-03-19 12:35:15,6,1,12,3,Spring,M,white,nonhispanic,61,NO_INSURANCE,28,0,1,3,180,7.0,1
6cebe382-6645-5849-f72d-355c9e40aa85,6cebe382-6645-5849-f398-543d907d44bd,0.01,507.44,0,urgentcare,2020-01-02 17:02:07,4,0,17,1,Winter,F,white,nonhispanic,44,GOVERNMENT,30,0,1,3,39,7.0,1
08d290f2-cacc-a5c9-3333-073631c44e2a,08d290f2-cacc-a5c9-e3f5-d1d9063f46e5,0.042,1125.32,0,emergency,1983-01-15 12:35:15,6,1,12,1,Winter,M,white,nonhispanic,61,NO_INSURANCE,26,0,6,3,171,7.0,1
08d290f2-cacc-a5c9-3af7-fbb8a43f96f7,08d290f2-cacc-a5c9-e3f5-d1d9063f46e5,0.042,1091.6,0,emergency,1983-01-01 12:35:15,6,1,12,1,Winter,M,white,nonhispanic,61,NO_INSURANCE,27,0,4,3,169,7.0,1
08d290f2-cacc-a5c9-2ef1-6a6a49b7ad98,08d290f2-cacc-a5c9-e3f5-d1d9063f46e5,0.042,647.04,0,emergency,1983-02-05 12:35:15,6,1,12,2,Winter,M,white,nonhispanic,61,NO_INSURANCE,28,0,1,3,174,7.0,1
08d290f2-cacc-a5c9-c584-f420038bc199,08d290f2-cacc-a5c9-e3f5-d1d9063f46e5,0.042,875.9,0,emergency,1983-02-26 12:35:15,6,1,12,2,Winter,M,white,nonhispanic,61,NO_INSURANCE,25,0,5,3,177,7.0,1
08d290f2-cacc-a5c9-719a-f8a3721d99d8,08d290f2-cacc-a5c9-e3f5-d1d9063f46e5,0.042,1091.6,0,emergency,1982-06-19 12:35:15,6,1,12,6,Summer,M,white,nonhispanic,60,NO_INSURANCE,26,0,7,3,141,7.0,1
08d290f2-cacc-a5c9-91dd-0f8b41d1393c,08d290f2-cacc-a5c9-e3f5-d1d9063f46e5,0.042,511.04,0,emergency,1982-07-10 12:35:15,6,1,12,7,Summer,M,white,nonhispanic,60,NO_INSURANCE,26,0,1,3,144,7.0,1
08d290f2-cacc-a5c9-bc99-d9f007f873d6,08d290f2-cacc-a5c9-e3f5-d1d9063f46e5,0.042,511.04,0,emergency,1982-08-07 12:35:15,6,1,12,8,Summer,M,white,nonhispanic,60,NO_INSURANCE,26,0,1,3,148,7.0,1
08d290f2-cacc-a5c9-4d96-b04766f3c6b3,08d290f2-cacc-a5c9-e3f5-d1d9063f46e5,0.042,511.04,0,emergency,1982-09-18 12:35:15,6,1,12,9,Fall,M,white,nonhispanic,60,NO_INSURANCE,27,0,1,3,154,7.0,1
08d290f2-cacc-a5c9-de5f-8078c02d5a9d,08d290f2-cacc-a5c9-e3f5-d1d9063f46e5,0.042,644.32,0,emergency,1982-11-13 12:35:15,6,1,12,11,Fall,M,white,nonhispanic,60,NO_INSURANCE,26,0,1,3,162,7.0,1
08d290f2-cacc-a5c9-3243-07013441bd56,08d290f2-cacc-a5c9-e3f5-d1d9063f46e5,0.042,707.62,0,emergency,1982-11-27 12:35:15,6,1,12,11,Fall,M,white,nonhispanic,60,NO_INSURANCE,27,0,1,3,164,7.0,1
08d290f2-cacc-a5c9-6615-20d7dbdfdc5f,08d290f2-cacc-a5c9-e3f5-d1d9063f46e5,0.042,875.9,0,emergency,1982-03-27 12:35:15,6,1,12,3,Spring,M,white,nonhispanic,60,NO_INSURANCE,25,0,4,3,130,7.0,1
08d290f2-cacc-a5c9-68b8-6b03bc0e1d07,08d290f2-cacc-a5c9-e3f5-d1d9063f46e5,0.042,511.04,0,emergency,1982-04-03 12:35:15,6,1,12,4,Spring,M,white,nonhispanic,60,NO_INSURANCE,25,0,1,3,131,7.0,1
6cebe382-6645-5849-fc98-ad6d31cf4657,6cebe382-6645-5849-f398-543d907d44bd,0.027,1088.0,0,urgentcare,2016-12-22 17:02:07,4,0,17,12,Winter,F,white,nonhispanic,40,GOVERNMENT,29,0,4,2,7,7.0,1
6cebe382-6645-5849-87db-c3fbb3574c2b,6cebe382-6645-5849-f398-543d907d44bd,0.042,875.9,0,emergency,2017-03-02 17:02:07,4,0,17,3,Spring,F,white,nonhispanic,41,GOVERNMENT,29,0,3,2,13,21.0,1
6cebe382-6645-5849-cd4e-60acc27547d0,6cebe382-6645-5849-f398-543d907d44bd,0.024,872.3,0,urgentcare,2017-06-01 17:02:07,4,0,17,6,Summer,F,white,nonhispanic,41,GOVERNMENT,28,0,2,3,20,21.0,1
6cebe382-6645-5849-bd86-c720d2ee34a2,6cebe382-6645-5849-f398-543d907d44bd,0.042,4028.78,0,emergency,2017-10-26 17:02:07,4,0,17,10,Fall,F,white,nonhispanic,41,GOVERNMENT,27,0,2,2,24,28.0,1
6cebe382-6645-5849-2cf5-b9d3a4209e59,6cebe382-6645-5849-f398-543d907d44bd,0.01,1129.32,0,urgentcare,2018-02-08 17:02:07,4,0,17,2,Winter,F,white,nonhispanic,42,NO_INSURANCE,25,0,1,3,28,7.0,1
08d290f2-cacc-a5c9-09fe-414d6c39e7c2,08d290f2-cacc-a5c9-e3f5-d1d9063f46e5,0.01,752.59,0,urgentcare,1980-12-13 12:35:15,6,1,12,12,Winter,M,white,nonhispanic,58,NO_INSURANCE,26,0,1,3,64,7.0,1
08d290f2-cacc-a5c9-ccd6-5fa71eb37b21,08d290f2-cacc-a5c9-e3f5-d1d9063f46e5,0.042,950.48,0,emergency,1981-01-03 12:35:15,6,1,12,1,Winter,M,white,nonhispanic,59,NO_INSURANCE,26,0,2,3,67,7.0,1
08d290f2-cacc-a5c9-d437-3bca605f181d,08d290f2-cacc-a5c9-e3f5-d1d9063f46e5,0.026,872.3,0,urgentcare,1981-01-17 12:35:15,6,1,12,1,Winter,M,white,nonhispanic,59,NO_INSURANCE,26,0,4,3,69,7.0,1
08d290f2-cacc-a5c9-039c-7f808ba9dbe7,08d290f2-cacc-a5c9-e3f5-d1d9063f46e5,0.031,872.3,0,urgentcare,1980-11-08 12:35:15,6,1,12,11,Fall,M,white,nonhispanic,58,NO_INSURANCE,25,0,6,3,59,7.0,1
08d290f2-cacc-a5c9-6226-baa87bbc9900,08d290f2-cacc-a5c9-e3f5-d1d9063f46e5,0.01,526.42,0,urgentcare,1981-01-24 12:35:15,6,1,12,1,Winter,M,white,nonhispanic,59,NO_INSURANCE,25,0,1,3,70,7.0,1
08d290f2-cacc-a5c9-aa03-28bf4aef728b,08d290f2-cacc-a5c9-e3f5-d1d9063f46e5,0.034,872.3,0,urgentcare,1980-07-19 12:35:15,6,1,12,7,Summer,M,white,nonhispanic,58,NO_INSURANCE,25,0,6,3,44,7.0,1
08d290f2-cacc-a5c9-5017-98f7c84a898e,08d290f2-cacc-a5c9-e3f5-d1d9063f46e5,0.042,1091.6,0,emergency,1980-08-02 12:35:15,6,1,12,8,Summer,M,white,nonhispanic,58,NO_INSURANCE,25,0,7,3,46,7.0,1
08d290f2-cacc-a5c9-3bba-45d6473dfd1f,08d290f2-cacc-a5c9-e3f5-d1d9063f46e5,0.042,1459.63,0,emergency,1980-07-05 12:35:15,6,1,12,7,Summer,M,white,nonhispanic,58,NO_INSURANCE,25,0,5,3,42,7.0,1
08d290f2-cacc-a5c9-69fe-de7df210ad31,08d290f2-cacc-a5c9-e3f5-d1d9063f46e5,0.01,507.44,0,urgentcare,1980-04-19 12:35:15,6,1,12,4,Spring,M,white,nonhispanic,58,NO_INSURANCE,25,0,1,3,31,7.0,1
08d290f2-cacc-a5c9-483d-626fb49adec5,08d290f2-cacc-a5c9-e3f5-d1d9063f46e5,0.01,740.28,0,urgentcare,1981-02-07 12:35:15,6,1,12,2,Winter,M,white,nonhispanic,59,NO_INSURANCE,26,0,1,3,72,7.0,1
08d290f2-cacc-a5c9-6977-fbf15d6f87fe,08d290f2-cacc-a5c9-e3f5-d1d9063f46e5,0.042,511.04,0,emergency,1981-03-07 12:35:15,6,1,12,3,Spring,M,white,nonhispanic,59,NO_INSURANCE,28,0,1,3,76,7.0,1
08d290f2-cacc-a5c9-a1e8-737ebd95720d,08d290f2-cacc-a5c9-e3f5-d1d9063f46e5,0.042,1158.14,0,emergency,1981-03-21 12:35:15,6,1,12,3,Spring,M,white,nonhispanic,59,NO_INSURANCE,26,0,1,3,78,7.0,1
08d290f2-cacc-a5c9-f228-b52a2087b4ef,08d290f2-cacc-a5c9-e3f5-d1d9063f46e5,0.042,875.9,0,emergency,1981-04-11 12:35:15,6,1,12,4,Spring,M,white,nonhispanic,59,NO_INSURANCE,24,0,6,3,80,14.0,1
08d290f2-cacc-a5c9-eac1-dc150749c28c,08d290f2-cacc-a5c9-e3f5-d1d9063f46e5,0.042,875.9,0,emergency,1981-05-09 12:35:15,6,1,12,5,Spring,M,white,nonhispanic,59,NO_INSURANCE,25,0,6,3,84,7.0,1
08d290f2-cacc-a5c9-a264-3c0bca74f34e,08d290f2-cacc-a5c9-e3f5-d1d9063f46e5,0.042,1369.09,0,emergency,1981-05-23 12:35:15,6,1,12,5,Spring,M,white,nonhispanic,59,NO_INSURANCE,24,0,4,3,86,7.0,1
08d290f2-cacc-a5c9-f4ea-74c2c2644948,08d290f2-cacc-a5c9-e3f5-d1d9063f46e5,0.042,770.74,0,emergency,1981-06-13 12:35:15,6,1,12,6,Summer,M,white,nonhispanic,59,NO_INSURANCE,25,0,1,3,89,7.0,1
08d290f2-cacc-a5c9-5a9e-8d9a7111a322,08d290f2-cacc-a5c9-e3f5-d1d9063f46e5,0.042,511.04,0,emergency,1981-08-22 12:35:15,6,1,12,8,Summer,M,white,nonhispanic,59,NO_INSURANCE,26,0,1,3,99,7.0,1
08d290f2-cacc-a5c9-91ac-d19ef5fbe122,08d290f2-cacc-a5c9-e3f5-d1d9063f46e5,0.042,1356.54,0,emergency,1981-10-24 12:35:15,6,1,12,10,Fall,M,white,nonhispanic,59,NO_INSURANCE,25,0,4,3,108,7.0,1
08d290f2-cacc-a5c9-3da9-bb6f68bc87de,08d290f2-cacc-a5c9-e3f5-d1d9063f46e5,0.042,1091.6,0,emergency,1981-11-07 12:35:15,6,1,12,11,Fall,M,white,nonhispanic,59,NO_INSURANCE,25,0,6,3,110,7.0,1
08d290f2-cacc-a5c9-35de-4bd5f7cb5b89,08d290f2-cacc-a5c9-e3f5-d1d9063f46e5,0.042,875.9,0,emergency,1982-01-30 12:35:15,6,1,12,1,Winter,M,white,nonhispanic,60,NO_INSURANCE,24,0,2,3,122,7.0,1
08d290f2-cacc-a5c9-1ccf-6dd583834035,08d290f2-cacc-a5c9-e3f5-d1d9063f46e5,0.042,1112.06,0,emergency,1982-02-06 12:35:15,6,1,12,2,Winter,M,white,nonhispanic,60,NO_INSURANCE,24,0,1,3,123,7.0,1
08d290f2-cacc-a5c9-631f-8d63b1f278b0,08d290f2-cacc-a5c9-e3f5-d1d9063f46e5,0.042,511.04,0,emergency,1982-03-06 12:35:15,6,1,12,3,Spring,M,white,nonhispanic,60,NO_INSURANCE,24,0,1,3,127,7.0,1
08d290f2-cacc-a5c9-cd63-7a5d475dc809,08d290f2-cacc-a5c9-e3f5-d1d9063f46e5,0.01,1154.54,0,urgentcare,1978-11-18 12:35:15,6,1,12,11,Fall,M,white,nonhispanic,56,NO_INSURANCE,23,0,1,4,8,7.0,1
08d290f2-cacc-a5c9-2de0-f0708e4928a3,08d290f2-cacc-a5c9-e3f5-d1d9063f46e5,0.01,826.35,0,urgentcare,1979-01-13 12:35:15,6,1,12,1,Winter,M,white,nonhispanic,57,NO_INSURANCE,24,0,1,4,10,35.0,0
08d290f2-cacc-a5c9-80fc-e6e5f9570464,08d290f2-cacc-a5c9-e3f5-d1d9063f46e5,0.01,507.44,0,urgentcare,1979-10-06 12:35:15,6,1,12,10,Fall,M,white,nonhispanic,57,NO_INSURANCE,25,0,1,3,20,28.0,1
08d290f2-cacc-a5c9-894b-bbdafe0741b6,08d290f2-cacc-a5c9-e3f5-d1d9063f46e5,0.01,714.56,0,urgentcare,1980-02-09 12:35:15,6,1,12,2,Winter,M,white,nonhispanic,58,NO_INSURANCE,24,0,1,4,24,7.0,1
e5af8abb-a368-7780-19b3-c8b3dcaa04a8,e5af8abb-a368-7780-7a07-882baf990aab,7.0,146.18,0,inpatient,2004-08-30 15:45:20,1,0,15,8,Summer,M,white,nonhispanic,54,GOVERNMENT,16,0,0,2,60,33.6,0
e91e81ed-4cd5-d351-975e-89f5b63c475b,e91e81ed-4cd5-d351-8339-c83d75dac736,0.042,146.18,0,emergency,2025-03-13 19:37:39,4,0,19,3,Spring,M,white,hispanic,51,PRIVATE,15,0,0,7,2,1778.6,0
6cebe382-6645-5849-bffa-510c02e88f2c,6cebe382-6645-5849-f398-543d907d44bd,13.0,146.18,1,inpatient,2026-08-20 17:02:07,4,0,17,8,Summer,F,white,nonhispanic,50,GOVERNMENT,32,0,0,3,244,49.0,0
cca04c04-e02e-2bac-9a98-3ab6a01dd2e0,cca04c04-e02e-2bac-ff0f-207af6460e91,9.0,146.18,1,inpatient,2025-07-31 14:22:37,4,0,14,7,Summer,F,hawaiian,nonhispanic,48,PRIVATE,11,0,0,0,9,992.3,0
8c6d2f1b-5511-c429-79a4-2a21c222fa66,8c6d2f1b-5511-c429-bee7-d55f2fb4600d,2.0,146.18,0,inpatient,2024-06-22 13:18:11,6,1,13,6,Summer,M,white,nonhispanic,46,PRIVATE,12,0,0,0,7,21.0,1
e91e81ed-4cd5-d351-19da-eab4383c63bf,e91e81ed-4cd5-d351-8339-c83d75dac736,0.042,146.18,0,emergency,2026-09-06 22:37:39,0,1,22,9,Fall,M,white,hispanic,52,PRIVATE,12,0,0,0,3,542.1,0
e5af8abb-a368-7780-0c37-2bd0cc5d58ee,e5af8abb-a368-7780-7a07-882baf990aab,2.0,146.18,0,inpatient,2003-12-03 14:55:30,3,0,14,12,Winter,M,white,nonhispanic,53,GOVERNMENT,13,0,0,3,53,8.6,1
f12b5cfe-ef86-3b19-66cf-52127d799171,f12b5cfe-ef86-3b19-9324-7c152f8ca4a5,0.01,142.58,0,urgentcare,2025-01-12 23:31:52,0,1,23,1,Winter,F,white,hispanic,4,NO_INSURANCE,2,0,0,0,1,350.0,0
cca04c04-e02e-2bac-82b4-eb6d0bf36115,cca04c04-e02e-2bac-ff0f-207af6460e91,6.0,146.18,0,inpatient,2022-11-06 06:38:29,0,1,6,11,Fall,F,hawaiian,nonhispanic,45,PRIVATE,11,0,0,0,8,294.0,0
b0254f72-8d4f-233b-ab9e-8bdb74b90e1b,b0254f72-8d4f-233b-9aef-74c2c4019761,5.0,146.18,0,inpatient,2025-07-20 02:42:42,0,1,2,7,Summer,M,white,nonhispanic,37,GOVERNMENT,11,0,0,0,16,351.2,0
e5af8abb-a368-7780-85ed-e9dbe5b6cef6,e5af8abb-a368-7780-7a07-882baf990aab,4.0,146.18,0,inpatient,2003-01-18 14:55:30,6,1,14,1,Winter,M,white,nonhispanic,53,GOVERNMENT,14,0,0,2,43,32.8,0
f12b5cfe-ef86-3b19-fc7c-12045e0a8858,f12b5cfe-ef86-3b19-9324-7c152f8ca4a5,0.01,142.58,0,urgentcare,2024-01-28 23:31:52,0,1,23,1,Winter,F,white,hispanic,3,NO_INSURANCE,2,0,0,1,0,,0
7a05d1c9-1035-8758-265b-ef80a0ce4c3b,7a05d1c9-1035-8758-b18f-15659b309c11,3.0,146.18,0,inpatient,2023-03-04 17:41:44,6,1,17,3,Spring,M,white,nonhispanic,47,PRIVATE,15,0,0,0,11,1127.7,0
7a05d1c9-1035-8758-5d4d-54e07481b533,7a05d1c9-1035-8758-b18f-15659b309c11,14.0,146.18,1,inpatient,2023-12-09 20:27:59,6,1,20,12,Winter,M,white,nonhispanic,47,PRIVATE,15,0,0,0,12,277.1,0
7a05d1c9-1035-8758-523a-66075af3fb91,7a05d1c9-1035-8758-b18f-15659b309c11,1.0,146.18,0,inpatient,2025-08-02 20:27:59,6,1,20,8,Summer,M,white,nonhispanic,49,PRIVATE,15,0,0,0,15,227.1,0
7a05d1c9-1035-8758-d79b-45ff48f8126c,7a05d1c9-1035-8758-b18f-15659b309c11,2.0,146.18,0,inpatient,2026-04-07 21:46:04,2,0,21,4,Spring,M,white,nonhispanic,50,PRIVATE,13,0,0,0,16,247.1,0
90a4d7fc-bfb4-0e30-c197-dc4e92723483,90a4d7fc-bfb4-0e30-cfa8-99073696950a,0.01,142.58,0,urgentcare,2024-06-26 09:54:17,3,0,9,6,Summer,F,white,hispanic,17,GOVERNMENT,5,0,0,1,3,70.0,0
0672a55d-40c9-af5b-dacf-5b5340531411,0672a55d-40c9-af5b-41f3-46c31e57ee51,0.01,142.58,0,urgentcare,2025-06-21 07:18:38,6,1,7,6,Summer,M,white,nonhispanic,62,GOVERNMENT,22,0,0,5,7,7.0,1
cca04c04-e02e-2bac-7cac-93bb463888f0,cca04c04-e02e-2bac-ff0f-207af6460e91,9.0,146.18,1,inpatient,2017-12-24 01:59:54,0,1,1,12,Winter,F,hawaiian,nonhispanic,40,PRIVATE,13,0,0,1,4,8685.6,0
509b0c5b-be42-fc32-4285-8818cfce2fce,509b0c5b-be42-fc32-1781-046e762c0d6b,0.01,142.58,0,urgentcare,2017-06-05 05:21:40,1,0,5,6,Summer,F,white,nonhispanic,1,PRIVATE,2,0,0,1,0,,0
15d2023e-7261-4ed1-c04d-3ccf26a19c7d,15d2023e-7261-4ed1-d81a-5b9ba8e4b338,5.0,146.18,0,inpatient,2023-05-01 06:41:03,1,0,6,5,Spring,F,white,nonhispanic,26,PRIVATE,10,0,0,1,21,452.1,0
77576681-70f3-74d3-f06b-6663668fff07,77576681-70f3-74d3-e60e-bb7c3a782eb8,4.0,146.18,0,inpatient,2025-09-10 14:13:30,3,0,14,9,Fall,M,white,nonhispanic,45,PRIVATE,9,0,0,0,9,448.3,0
90a4d7fc-bfb4-0e30-f5ce-c56bb8f3b670,90a4d7fc-bfb4-0e30-cfa8-99073696950a,0.01,142.58,0,urgentcare,2024-04-10 09:54:17,3,0,9,4,Spring,F,white,hispanic,17,GOVERNMENT,4,0,0,1,1,7.0,1
23dca163-74ab-e839-5779-3e7d012a4239,23dca163-74ab-e839-7d2b-2bfeddad5f80,0.01,291.74,0,urgentcare,2024-07-27 16:34:25,6,1,16,7,Summer,F,asian,nonhispanic,45,PRIVATE,16,0,0,4,13,7.0,1
dfeee4b9-c104-213b-07b5-7208b0b80024,dfeee4b9-c104-213b-ef2c-17383bad3236,5.0,146.18,0,inpatient,2023-08-12 15:54:28,6,1,15,8,Summer,F,white,hispanic,100,GOVERNMENT,12,0,0,0,12,119.0,0
3a16dc79-ae15-22fc-39a6-073a57e0ad85,3a16dc79-ae15-22fc-a1c4-65206f6ad11f,0.01,142.58,0,urgentcare,2023-03-09 23:36:36,4,0,23,3,Spring,F,white,nonhispanic,61,PRIVATE,16,0,0,3,4,7.0,1
9d60dfae-efd2-f4f3-bbdc-1beac77f7c5e,9d60dfae-efd2-f4f3-3510-e483dc850874,6.0,146.18,0,inpatient,2021-11-16 07:57:23,2,0,7,11,Fall,M,black,nonhispanic,75,GOVERNMENT,11,0,0,0,13,19.4,1
15d2023e-7261-4ed1-0390-61e3dc854c4c,15d2023e-7261-4ed1-d81a-5b9ba8e4b338,2.0,146.18,0,inpatient,2021-04-26 15:58:11,1,0,15,4,Spring,F,white,nonhispanic,24,PRIVATE,10,0,0,0,18,238.0,0
15d2023e-7261-4ed1-ebc5-6df889e7bca7,15d2023e-7261-4ed1-d81a-5b9ba8e4b338,21.0,146.18,1,inpatient,2022-01-13 03:58:11,4,0,3,1,Winter,F,white,nonhispanic,25,PRIVATE,10,0,0,0,20,21.0,1
9d60dfae-efd2-f4f3-7d9a-91249df007d8,9d60dfae-efd2-f4f3-3510-e483dc850874,0.01,149.38,0,urgentcare,2021-10-27 22:06:29,3,0,22,10,Fall,M,black,nonhispanic,75,GOVERNMENT,10,0,0,0,12,7.0,1
93bf64c2-9be6-e3e2-c129-3771147671bb,93bf64c2-9be6-e3e2-ed7d-4959ac98649a,8.0,146.18,1,inpatient,2007-07-21 20:07:55,6,1,20,7,Summer,M,white,nonhispanic,29,PRIVATE,9,0,0,0,7,182.0,0
93bf64c2-9be6-e3e2-875c-c5a3796c1b2d,93bf64c2-9be6-e3e2-ed7d-4959ac98649a,22.0,146.18,1,inpatient,2008-04-28 00:07:55,1,0,0,4,Spring,M,white,nonhispanic,30,PRIVATE,9,0,0,0,9,49.0,0
8c6d2f1b-5511-c429-ac38-068b14a18e8a,8c6d2f1b-5511-c429-bee7-d55f2fb4600d,2.0,146.18,0,inpatient,2019-04-04 14:02:10,4,0,14,4,Spring,M,white,nonhispanic,41,PRIVATE,10,0,0,0,4,9367.8,0
12cf26a6-b0da-66bb-6bd3-366ae8f2f947,12cf26a6-b0da-66bb-dbc9-08807426e9cf,0.01,291.74,0,urgentcare,2026-02-15 01:50:46,0,1,1,2,Winter,M,white,nonhispanic,79,GOVERNMENT,22,0,0,6,5,7.0,1
1f703c38-c6c9-3325-76b1-2f28daec58a6,1f703c38-c6c9-3325-f42d-20368eee4e2b,0.042,146.18,0,emergency,1990-12-16 05:18:50,0,1,5,12,Winter,M,white,nonhispanic,14,PRIVATE,3,0,0,2,6,37.0,0
77576681-70f3-74d3-434f-82bbd6e0e27c,77576681-70f3-74d3-e60e-bb7c3a782eb8,1.0,146.18,0,inpatient,2024-06-18 05:53:40,2,0,5,6,Summer,M,white,nonhispanic,44,PRIVATE,12,0,0,2,8,523.3,0
23dca163-74ab-e839-fe7f-5fa1b855f0a6,23dca163-74ab-e839-7d2b-2bfeddad5f80,0.01,291.74,0,urgentcare,2022-12-17 16:34:25,6,1,16,12,Winter,F,asian,nonhispanic,43,PRIVATE,17,0,0,4,10,7.0,1
1f703c38-c6c9-3325-cf91-b85e1acb19f0,1f703c38-c6c9-3325-f42d-20368eee4e2b,0.042,146.18,0,emergency,1990-09-12 05:18:50,3,0,5,9,Fall,M,white,nonhispanic,14,PRIVATE,2,0,0,1,4,111.0,0
3a8baac2-e931-2f10-4f9e-3dbb49c97f1c,3a8baac2-e931-2f10-cc11-48441c18da63,0.01,278.58,0,urgentcare,2016-01-04 09:56:35,1,0,9,1,Winter,M,white,nonhispanic,9,PRIVATE,4,0,0,1,0,,0
dfeee4b9-c104-213b-78c2-c1a484397b45,dfeee4b9-c104-213b-ef2c-17383bad3236,6.0,146.18,0,inpatient,2022-01-14 00:20:00,5,0,0,1,Winter,F,white,hispanic,99,GOVERNMENT,13,0,0,1,10,36.4,0
ad3d4ce5-b7b8-c722-e417-58fac03cd48c,ad3d4ce5-b7b8-c722-0535-d96c562c9f55,0.01,149.38,0,urgentcare,2015-12-02 18:18:29,3,0,18,12,Winter,F,white,hispanic,92,GOVERNMENT,22,0,0,0,9,7.0,1
84eb513c-580c-9042-be2d-df4d6d8f8828,84eb513c-580c-9042-359a-53a95500dd27,0.042,146.18,0,emergency,2021-04-02 20:57:27,5,0,20,4,Spring,M,white,nonhispanic,30,PRIVATE,7,0,0,0,0,,0
ad3d4ce5-b7b8-c722-9c3a-fcb7d609d36a,ad3d4ce5-b7b8-c722-0535-d96c562c9f55,0.01,149.38,0,urgentcare,2015-12-16 18:18:29,3,0,18,12,Winter,F,white,hispanic,92,GOVERNMENT,20,0,0,0,11,7.0,1
7a05d1c9-1035-8758-97e2-ef0b2318bfab,7a05d1c9-1035-8758-b18f-15659b309c11,5.0,146.18,0,inpatient,2017-07-20 23:22:33,4,0,23,7,Summer,M,white,nonhispanic,41,PRIVATE,13,0,0,1,8,7.0,1
60ff4c3e-9712-fea2-b9e8-cd4c1e1db508,60ff4c3e-9712-fea2-32a4-4b47b26ddcf5,0.01,291.74,0,urgentcare,2018-11-04 18:47:22,0,1,18,11,Fall,F,asian,hispanic,62,PRIVATE,17,0,0,2,3,7.0,1
57687253-9d66-f5fd-b56c-ab428be066d2,57687253-9d66-f5fd-1b37-cc6bc46e6eb5,0.01,142.58,0,urgentcare,2018-06-16 00:33:18,6,1,0,6,Summer,F,white,nonhispanic,14,PRIVATE,3,0,0,1,0,,0
77576681-70f3-74d3-de05-b9198d0ef0bf,77576681-70f3-74d3-e60e-bb7c3a782eb8,2.0,146.18,0,inpatient,2022-01-21 21:38:41,5,0,21,1,Winter,M,white,nonhispanic,42,PRIVATE,13,0,0,0,6,1008.7,0
77576681-70f3-74d3-b555-442044645e62,77576681-70f3-74d3-e60e-bb7c3a782eb8,3.0,146.18,0,inpatient,2023-01-08 21:38:41,0,1,21,1,Winter,M,white,nonhispanic,43,PRIVATE,13,0,0,0,7,350.0,0
cca04c04-e02e-2bac-9293-847b46396313,cca04c04-e02e-2bac-ff0f-207af6460e91,0.083,146.18,0,emergency,1994-03-14 10:37:00,1,0,10,3,Spring,F,hawaiian,nonhispanic,17,PRIVATE,3,0,0,0,3,637.0,0
15d2023e-7261-4ed1-23af-91f0e6a248fc,15d2023e-7261-4ed1-d81a-5b9ba8e4b338,0.042,87.71,0,emergency,2016-09-03 13:58:11,6,1,13,9,Fall,F,white,nonhispanic,19,PRIVATE,8,0,0,1,3,1443.0,0
15d2023e-7261-4ed1-c18b-6fbf1b3c0629,15d2023e-7261-4ed1-d81a-5b9ba8e4b338,0.042,87.71,0,emergency,2016-12-07 13:58:11,3,0,13,12,Winter,F,white,nonhispanic,19,PRIVATE,8,0,0,2,5,45.0,0
15d2023e-7261-4ed1-cc2f-9f630e7e02c3,15d2023e-7261-4ed1-d81a-5b9ba8e4b338,0.042,87.71,0,emergency,2017-03-28 13:58:11,2,0,13,3,Spring,F,white,nonhispanic,20,PRIVATE,8,0,0,1,6,111.0,0
15d2023e-7261-4ed1-85b2-b5d0bf6ec403,15d2023e-7261-4ed1-d81a-5b9ba8e4b338,0.042,146.18,0,emergency,2017-08-09 13:58:11,3,0,13,8,Summer,F,white,nonhispanic,20,PRIVATE,8,0,0,1,8,97.0,0
15d2023e-7261-4ed1-df2d-a816e7b1d227,15d2023e-7261-4ed1-d81a-5b9ba8e4b338,0.042,87.71,0,emergency,2018-02-09 13:58:11,5,0,13,2,Winter,F,white,nonhispanic,21,PRIVATE,8,0,0,1,9,184.0,0
15d2023e-7261-4ed1-ba36-132cec86ddec,15d2023e-7261-4ed1-d81a-5b9ba8e4b338,0.042,87.71,0,emergency,2018-05-22 13:58:11,2,0,13,5,Spring,F,white,nonhispanic,21,PRIVATE,8,0,0,2,10,102.0,0
15d2023e-7261-4ed1-92f0-22c3fbd98055,15d2023e-7261-4ed1-d81a-5b9ba8e4b338,0.042,87.71,0,emergency,2018-07-19 13:58:11,4,0,13,7,Summer,F,white,nonhispanic,21,PRIVATE,8,0,0,1,11,58.0,0
15d2023e-7261-4ed1-4426-b07ded3202ae,15d2023e-7261-4ed1-d81a-5b9ba8e4b338,0.042,87.71,0,emergency,2018-10-08 13:58:11,1,0,13,10,Fall,F,white,nonhispanic,21,PRIVATE,8,0,0,2,13,44.0,0
15d2023e-7261-4ed1-e979-90793f13ea56,15d2023e-7261-4ed1-d81a-5b9ba8e4b338,0.042,146.18,0,emergency,2019-04-09 13:58:11,2,0,13,4,Spring,F,white,nonhispanic,22,PRIVATE,8,0,0,1,14,183.0,0
6cebe382-6645-5849-ff7c-2dffc3ca48fd,6cebe382-6645-5849-f398-543d907d44bd,0.01,291.74,0,urgentcare,2025-11-20 17:02:07,4,0,17,11,Fall,F,white,nonhispanic,49,NO_INSURANCE,31,0,0,4,236,63.0,0
0b7671e1-a17e-250b-4db2-baf2ac4e3012,0b7671e1-a17e-250b-77f0-ef1e5434420d,0.01,142.58,0,urgentcare,2017-09-08 22:36:22,5,0,22,9,Fall,F,white,nonhispanic,14,GOVERNMENT,4,0,0,1,0,,0
33a068d0-c2b4-f71b-1080-c245a07c16f9,33a068d0-c2b4-f71b-ca16-2280ad9f26be,0.01,278.58,0,urgentcare,2018-10-20 13:44:49,6,1,13,10,Fall,F,white,hispanic,14,GOVERNMENT,4,0,0,2,7,364.0,0
5ef6bfb1-b930-bd01-3bc1-ac4be7ab0147,5ef6bfb1-b930-bd01-0f1c-a97248be14f8,2.0,146.18,0,inpatient,2021-04-20 10:01:29,2,0,10,4,Spring,M,white,nonhispanic,71,GOVERNMENT,20,0,0,0,8,130.0,0
7a05d1c9-1035-8758-e959-52429f8c1420,7a05d1c9-1035-8758-b18f-15659b309c11,0.667,146.18,0,emergency,2004-06-22 15:14:30,2,0,15,6,Summer,M,white,nonhispanic,28,PRIVATE,9,0,0,0,4,667.4,0
7ce05688-db08-ad35-51de-fb1a43c19647,7ce05688-db08-ad35-23c5-ab44b6a2e30c,0.01,149.38,0,urgentcare,2022-10-22 13:04:51,6,1,13,10,Fall,M,white,hispanic,54,GOVERNMENT,10,0,0,0,1,7.0,1
0d660332-0b57-c70d-5e3a-e1ad66dd18fb,0d660332-0b57-c70d-98a7-e4e436e3cad2,0.01,291.74,0,urgentcare,2023-10-21 01:24:13,6,1,1,10,Fall,M,white,nonhispanic,51,PRIVATE,18,0,0,5,12,7.0,1
ad550938-7a4a-6355-195c-7417c94f2f83,ad550938-7a4a-6355-9187-5384c714be3f,0.01,142.58,0,urgentcare,2015-06-12 22:06:25,5,0,22,6,Summer,F,white,nonhispanic,68,GOVERNMENT,28,0,0,3,7,308.0,0
b0254f72-8d4f-233b-6d1e-0f03e2f9114e,b0254f72-8d4f-233b-9aef-74c2c4019761,4.0,146.18,0,inpatient,2021-03-02 09:44:13,2,0,9,3,Spring,M,white,nonhispanic,33,GOVERNMENT,10,0,0,0,8,35.0,0
b0254f72-8d4f-233b-2a79-079d29b5c5df,b0254f72-8d4f-233b-9aef-74c2c4019761,1.0,146.18,0,inpatient,2022-02-11 18:42:53,5,0,18,2,Winter,M,white,nonhispanic,34,GOVERNMENT,10,0,0,1,11,82.9,0
ad3d4ce5-b7b8-c722-88cf-8cabfead575a,ad3d4ce5-b7b8-c722-0535-d96c562c9f55,0.01,149.38,0,urgentcare,2015-06-24 18:18:29,3,0,18,6,Summer,F,white,hispanic,92,GOVERNMENT,22,0,0,0,5,7.0,1
15e36d33-d8b6-de1d-8b92-e89d3dd66b15,15e36d33-d8b6-de1d-0391-190d15a4e782,0.01,142.58,0,urgentcare,1993-01-09 12:35:15,6,1,12,1,Winter,M,white,nonhispanic,71,GOVERNMENT,9,0,0,2,2,140.0,0
b0254f72-8d4f-233b-6d0d-831cf3a78961,b0254f72-8d4f-233b-9aef-74c2c4019761,3.0,146.18,0,inpatient,2019-05-30 06:15:09,4,0,6,5,Spring,M,white,nonhispanic,31,GOVERNMENT,11,0,0,0,6,175.0,0
93bf64c2-9be6-e3e2-124d-5a7589885c36,93bf64c2-9be6-e3e2-ed7d-4959ac98649a,0.125,146.18,0,emergency,1996-10-07 10:16:25,1,0,10,10,Fall,M,white,nonhispanic,18,NO_INSURANCE,6,0,0,0,3,966.0,0
9d60dfae-efd2-f4f3-22ef-e110f8d9a621,9d60dfae-efd2-f4f3-3510-e483dc850874,10.0,146.18,1,inpatient,2018-07-12 06:57:23,4,0,6,7,Summer,M,black,nonhispanic,72,GOVERNMENT,9,0,0,0,7,42.0,0
9d60dfae-efd2-f4f3-93f5-9b25bc017658,9d60dfae-efd2-f4f3-3510-e483dc850874,2.0,146.18,0,inpatient,2020-11-15 06:57:23,0,1,6,11,Fall,M,black,nonhispanic,74,GOVERNMENT,8,0,0,0,9,612.3,0
8c6d2f1b-5511-c429-e985-a464ae9079b6,8c6d2f1b-5511-c429-bee7-d55f2fb4600d,0.333,146.18,0,emergency,1993-08-10 10:16:25,2,0,10,8,Summer,M,white,nonhispanic,15,NO_INSURANCE,3,0,0,0,3,263.0,0
e91e81ed-4cd5-d351-1920-bcc59d0bbbe7,e91e81ed-4cd5-d351-8339-c83d75dac736,0.042,146.18,0,emergency,2017-10-19 01:37:39,4,0,1,10,Fall,M,white,hispanic,43,PRIVATE,11,0,0,0,0,,0
97e95143-f963-df2a-476d-dd9d044d5c49,97e95143-f963-df2a-3b59-b9d535818a5e,0.042,146.18,0,emergency,1962-01-01 10:58:47,1,0,10,1,Winter,M,white,nonhispanic,2,GOVERNMENT,5,0,0,1,1,385.0,0
97e95143-f963-df2a-faae-013dbc0674be,97e95143-f963-df2a-3b59-b9d535818a5e,0.01,142.58,0,urgentcare,1962-01-08 10:58:47,1,0,10,1,Winter,M,white,nonhispanic,2,GOVERNMENT,5,0,0,1,2,7.0,1
e5af8abb-a368-7780-a6f3-8c025e62419f,e5af8abb-a368-7780-7a07-882baf990aab,17.0,146.18,1,inpatient,1995-08-30 09:34:04,3,0,9,8,Summer,M,white,nonhispanic,45,GOVERNMENT,9,0,0,1,4,315.0,0
e5af8abb-a368-7780-da25-3f1909415a05,e5af8abb-a368-7780-7a07-882baf990aab,8.0,146.18,1,inpatient,1997-10-28 23:17:22,2,0,23,10,Fall,M,white,nonhispanic,47,GOVERNMENT,9,0,0,0,5,773.6,0
77576681-70f3-74d3-03c3-19837ad6ed1f,77576681-70f3-74d3-e60e-bb7c3a782eb8,2.0,146.18,0,inpatient,2018-01-19 23:15:44,5,0,23,1,Winter,M,white,nonhispanic,38,PRIVATE,12,0,0,0,4,702.0,0
33a068d0-c2b4-f71b-6529-3344b0a2d8d9,33a068d0-c2b4-f71b-ca16-2280ad9f26be,0.01,142.58,0,urgentcare,2017-02-18 13:44:49,6,1,13,2,Winter,F,white,hispanic,13,GOVERNMENT,4,0,0,2,2,7.0,1
b0254f72-8d4f-233b-c30f-9b821a177491,b0254f72-8d4f-233b-9aef-74c2c4019761,0.083,146.18,0,emergency,2007-10-29 19:47:05,1,0,19,10,Fall,M,white,nonhispanic,19,GOVERNMENT,5,0,0,0,3,1624.0,0
0d660332-0b57-c70d-4a8c-a913480964c9,0d660332-0b57-c70d-98a7-e4e436e3cad2,0.01,291.74,0,urgentcare,2022-05-21 01:24:13,6,1,1,5,Spring,M,white,nonhispanic,50,PRIVATE,20,0,0,6,8,7.0,1
b8bd9ba3-65d6-0924-fa1a-d280b256fab4,b8bd9ba3-65d6-0924-03c0-300de291928d,0.042,146.18,0,emergency,2016-09-29 00:38:20,4,0,0,9,Fall,F,white,nonhispanic,56,PRIVATE,16,0,0,2,1,7572.8,0
6852c1d6-9b00-395e-0b5f-01b7f6a06791,6852c1d6-9b00-395e-7108-72e0b1c85cba,0.01,291.74,0,urgentcare,2020-01-25 21:02:43,6,1,21,1,Winter,M,white,nonhispanic,52,GOVERNMENT,11,0,0,1,2,14.0,1
89a05562-333c-60ed-94e1-81cc1ea456ad,89a05562-333c-60ed-5660-ff34b7f6e814,0.01,142.58,0,urgentcare,2013-05-03 13:26:05,5,0,13,5,Spring,M,white,nonhispanic,60,GOVERNMENT,30,0,0,4,28,63.0,0
569a5039-07b0-3769-0cd8-551db4568b86,569a5039-07b0-3769-b644-614c3d87275a,0.01,291.74,0,urgentcare,2022-05-14 16:57:59,6,1,16,5,Spring,M,white,nonhispanic,82,GOVERNMENT,24,0,0,5,30,7.0,1
6cebe382-6645-5849-28c7-f1a675efe302,6cebe382-6645-5849-f398-543d907d44bd,1.0,146.18,0,inpatient,2025-04-10 17:02:07,4,0,17,4,Spring,F,white,nonhispanic,49,NO_INSURANCE,31,0,0,5,228,14.0,1
77576681-70f3-74d3-4811-4cdab73c29e1,77576681-70f3-74d3-e60e-bb7c3a782eb8,0.125,146.18,0,emergency,1999-12-10 20:10:59,5,0,20,12,Winter,M,white,nonhispanic,19,PRIVATE,4,0,0,0,2,1694.9,0
9d60dfae-efd2-f4f3-5012-5b9effcaacac,9d60dfae-efd2-f4f3-3510-e483dc850874,0.708,146.18,0,emergency,1991-04-18 22:06:29,4,0,22,4,Spring,M,black,nonhispanic,45,GOVERNMENT,3,0,0,0,1,350.0,0
35c48f20-08e9-d381-11e0-e9b94e8f8736,35c48f20-08e9-d381-ab80-6200d5b12851,0.01,427.74,0,urgentcare,2021-05-25 12:06:04,2,0,12,5,Spring,M,black,nonhispanic,54,GOVERNMENT,20,0,0,2,20,7.0,1
1fab8367-4a8d-ab1e-4762-4fbbb9beaf1f,1fab8367-4a8d-ab1e-b676-8acf3e8b1898,0.01,291.74,0,urgentcare,2025-05-31 05:28:17,6,1,5,5,Spring,M,white,nonhispanic,76,GOVERNMENT,19,0,0,2,72,7.0,1
ad3d4ce5-b7b8-c722-5f12-1f917ba63453,ad3d4ce5-b7b8-c722-0535-d96c562c9f55,0.042,27449.73,0,emergency,2006-03-10 18:18:29,5,0,18,3,Spring,F,white,hispanic,83,GOVERNMENT,16,0,0,2,2,11168.5,0
dfeee4b9-c104-213b-56fe-a25153ec60de,dfeee4b9-c104-213b-ef2c-17383bad3236,5.0,146.18,0,inpatient,2017-10-09 15:34:30,1,0,15,10,Fall,F,white,hispanic,94,GOVERNMENT,10,0,0,0,3,9651.7,0
e4511778-4c17-701c-3334-7697568ba870,e4511778-4c17-701c-efa2-110e4112b6fe,0.01,291.74,0,urgentcare,2024-11-22 22:06:25,5,0,22,11,Fall,F,white,nonhispanic,77,GOVERNMENT,30,0,0,5,39,7.0,1
dfeee4b9-c104-213b-03da-c315c3852084,dfeee4b9-c104-213b-ef2c-17383bad3236,0.167,146.18,0,emergency,1990-08-24 18:18:29,5,0,18,8,Summer,F,white,hispanic,67,GOVERNMENT,7,0,0,0,1,15430.0,0
4e4789ee-69a4-1744-9380-8a029e27477d,4e4789ee-69a4-1744-49dd-2f27c28a9bc2,0.01,291.74,0,urgentcare,1998-06-06 12:35:15,6,1,12,6,Summer,M,white,nonhispanic,76,GOVERNMENT,31,0,0,4,50,15.6,1
e8233637-a645-7460-5f2b-f64e69d7309a,e8233637-a645-7460-78fd-808cf87933da,0.01,291.74,0,urgentcare,2001-09-22 12:35:15,6,1,12,9,Fall,M,white,nonhispanic,79,GOVERNMENT,27,0,0,3,26,7.0,1
e8233637-a645-7460-146f-166a0d96b7cd,e8233637-a645-7460-78fd-808cf87933da,0.01,291.74,0,urgentcare,2001-07-21 12:35:15,6,1,12,7,Summer,M,white,nonhispanic,79,GOVERNMENT,29,0,0,4,23,7.0,1
5ef6bfb1-b930-bd01-f3ac-c9d67613de27,5ef6bfb1-b930-bd01-0f1c-a97248be14f8,0.292,146.18,0,emergency,1991-03-18 09:34:04,1,0,9,3,Spring,M,white,nonhispanic,41,GOVERNMENT,4,0,0,0,1,407.0,0
b48771f2-01da-2e3d-bcc0-43732385a197,b48771f2-01da-2e3d-b283-3a8fbb2b17a0,0.01,291.74,0,urgentcare,2023-06-26 14:34:46,1,0,14,6,Summer,M,white,nonhispanic,64,GOVERNMENT,27,0,0,3,38,7.0,1
6cebe382-6645-5849-96ec-a2e0210006b9,6cebe382-6645-5849-f398-543d907d44bd,0.042,295.34,0,emergency,2025-01-02 17:02:07,4,0,17,1,Winter,F,white,nonhispanic,49,NO_INSURANCE,30,0,0,2,217,7.0,1
b3604373-0cdc-3c4a-6dfe-3c82c3dba98c,b3604373-0cdc-3c4a-8a51-24ebb281b704,0.01,291.74,0,urgentcare,2020-07-23 11:08:54,4,0,11,7,Summer,M,white,nonhispanic,57,GOVERNMENT,16,0,0,2,10,7.0,1
6cebe382-6645-5849-56f6-f7947ba35a0e,6cebe382-6645-5849-f398-543d907d44bd,0.01,291.74,0,urgentcare,2024-12-19 17:02:07,4,0,17,12,Winter,F,white,nonhispanic,48,NO_INSURANCE,29,0,0,2,215,7.0,1
4e4789ee-69a4-1744-4f80-dca336d2f65b,4e4789ee-69a4-1744-49dd-2f27c28a9bc2,0.01,291.74,0,urgentcare,1998-01-10 12:35:15,6,1,12,1,Winter,M,white,nonhispanic,76,GOVERNMENT,32,0,0,4,41,31.1,0
e4511778-4c17-701c-1494-0092ce626853,e4511778-4c17-701c-efa2-110e4112b6fe,0.042,295.34,0,emergency,2024-09-27 22:06:25,5,0,22,9,Fall,F,white,nonhispanic,77,GOVERNMENT,29,0,0,4,35,7.0,1
6cebe382-6645-5849-c784-ccb86336fd6b,6cebe382-6645-5849-f398-543d907d44bd,0.042,295.34,0,emergency,2024-11-21 17:02:07,4,0,17,11,Fall,F,white,nonhispanic,48,GOVERNMENT,31,0,0,2,211,7.0,1
569a5039-07b0-3769-83e7-7cf466830b12,569a5039-07b0-3769-b644-614c3d87275a,0.01,291.74,0,urgentcare,2021-10-02 16:57:59,6,1,16,10,Fall,M,white,nonhispanic,81,GOVERNMENT,24,0,0,5,19,42.0,0
35c48f20-08e9-d381-4273-eb75eb8f149f,35c48f20-08e9-d381-ab80-6200d5b12851,0.01,291.74,0,urgentcare,2019-04-16 12:06:04,2,0,12,4,Spring,M,black,nonhispanic,52,GOVERNMENT,16,0,0,4,10,7.0,1
e8233637-a645-7460-c1bf-7074787d7b49,e8233637-a645-7460-78fd-808cf87933da,0.01,291.74,0,urgentcare,2001-03-24 12:35:15,6,1,12,3,Spring,M,white,nonhispanic,79,GOVERNMENT,30,0,0,4,18,7.0,1
e8233637-a645-7460-cd72-deeee08a30e9,e8233637-a645-7460-78fd-808cf87933da,0.01,291.74,0,urgentcare,2001-01-27 12:35:15,6,1,12,1,Winter,M,white,nonhispanic,79,GOVERNMENT,29,0,0,4,15,7.0,1
1fab8367-4a8d-ab1e-80aa-2b592d5b5a5e,1fab8367-4a8d-ab1e-b676-8acf3e8b1898,0.01,427.74,0,urgentcare,2024-08-31 05:28:17,6,1,5,8,Summer,M,white,nonhispanic,75,GOVERNMENT,17,0,0,3,59,7.0,1
35c48f20-08e9-d381-21ea-3e4310a97ec6,35c48f20-08e9-d381-ab80-6200d5b12851,0.01,291.74,0,urgentcare,2018-11-27 12:06:04,2,0,12,11,Fall,M,black,nonhispanic,51,GOVERNMENT,14,0,0,3,5,7.0,1
569a5039-07b0-3769-d8df-70c41b5f9c26,569a5039-07b0-3769-b644-614c3d87275a,0.01,291.74,0,urgentcare,2021-04-24 16:57:59,6,1,16,4,Spring,M,white,nonhispanic,81,GOVERNMENT,25,0,0,4,14,7.0,1
569a5039-07b0-3769-f0d1-9f0586693723,569a5039-07b0-3769-b644-614c3d87275a,0.01,427.74,0,urgentcare,2021-03-13 16:57:59,6,1,16,3,Spring,M,white,nonhispanic,81,GOVERNMENT,23,0,0,4,11,7.0,1
dfc9eb96-3c2a-6c32-4f44-e4470199f344,dfc9eb96-3c2a-6c32-6584-9d2ab6f64f18,0.01,142.58,0,urgentcare,1989-07-01 12:35:15,6,1,12,7,Summer,M,white,nonhispanic,67,GOVERNMENT,28,0,0,5,29,7.0,1
b48771f2-01da-2e3d-c25a-4db17d353845,b48771f2-01da-2e3d-b283-3a8fbb2b17a0,0.042,295.34,0,emergency,2021-11-29 14:34:46,1,0,14,11,Fall,M,white,nonhispanic,62,GOVERNMENT,27,0,0,4,24,7.0,1
6cebe382-6645-5849-ff4e-8a361abcde81,6cebe382-6645-5849-f398-543d907d44bd,0.042,295.34,0,emergency,2024-07-18 17:02:07,4,0,17,7,Summer,F,white,nonhispanic,48,GOVERNMENT,30,0,0,2,193,7.0,1
4e4789ee-69a4-1744-194a-16222a1a8139,4e4789ee-69a4-1744-49dd-2f27c28a9bc2,0.01,291.74,0,urgentcare,1997-04-12 12:35:15,6,1,12,4,Spring,M,white,nonhispanic,75,GOVERNMENT,29,0,0,4,28,28.0,1
e4511778-4c17-701c-4aaf-0726a3118c54,e4511778-4c17-701c-efa2-110e4112b6fe,0.01,291.74,0,urgentcare,2023-07-14 22:06:25,5,0,22,7,Summer,F,white,nonhispanic,76,GOVERNMENT,28,0,0,4,22,98.0,0
1fab8367-4a8d-ab1e-0440-c609f5971553,1fab8367-4a8d-ab1e-b676-8acf3e8b1898,0.01,291.74,0,urgentcare,2023-09-09 05:28:17,6,1,5,9,Fall,M,white,nonhispanic,74,GOVERNMENT,17,0,0,4,49,7.0,1
6cebe382-6645-5849-3750-59612e6c4c35,6cebe382-6645-5849-f398-543d907d44bd,0.042,295.34,0,emergency,2024-04-25 17:02:07,4,0,17,4,Spring,F,white,nonhispanic,48,GOVERNMENT,31,0,0,2,181,7.0,1
4e4789ee-69a4-1744-d499-aefcbae2ce4b,4e4789ee-69a4-1744-49dd-2f27c28a9bc2,0.01,291.74,0,urgentcare,1997-01-18 12:35:15,6,1,12,1,Winter,M,white,nonhispanic,75,GOVERNMENT,26,0,0,2,24,35.0,0
dfc9eb96-3c2a-6c32-4101-92fb18aea18b,dfc9eb96-3c2a-6c32-6584-9d2ab6f64f18,0.042,295.34,0,emergency,1988-10-29 12:35:15,6,1,12,10,Fall,M,white,nonhispanic,66,GOVERNMENT,27,0,0,6,13,7.0,1
6cebe382-6645-5849-ef24-c44d3d46ee7f,6cebe382-6645-5849-f398-543d907d44bd,0.042,295.34,0,emergency,2024-02-29 17:02:07,4,0,17,2,Winter,F,white,nonhispanic,48,GOVERNMENT,32,0,0,2,174,7.0,1
dfc9eb96-3c2a-6c32-f38a-acc776795af5,dfc9eb96-3c2a-6c32-6584-9d2ab6f64f18,0.01,291.74,0,urgentcare,1988-06-25 12:35:15,6,1,12,6,Summer,M,white,nonhispanic,66,GOVERNMENT,28,0,0,5,5,7.0,1
dfc9eb96-3c2a-6c32-a645-becd96d7cbf0,dfc9eb96-3c2a-6c32-6584-9d2ab6f64f18,0.01,291.74,0,urgentcare,1988-07-09 12:35:15,6,1,12,7,Summer,M,white,nonhispanic,66,GOVERNMENT,27,0,0,5,7,7.0,1
6cebe382-6645-5849-f796-6bf123c15788,6cebe382-6645-5849-f398-543d907d44bd,0.01,291.74,0,urgentcare,2023-11-09 17:02:07,4,0,17,11,Fall,F,white,nonhispanic,47,NO_INSURANCE,32,0,0,2,158,7.0,1
89a05562-333c-60ed-df81-d5b4f7c91ebb,89a05562-333c-60ed-5660-ff34b7f6e814,0.01,291.74,0,urgentcare,2008-05-02 13:26:05,5,0,13,5,Spring,M,white,nonhispanic,55,PRIVATE,25,0,0,6,12,7.0,1
1fab8367-4a8d-ab1e-194f-1c60bfa6a1cb,1fab8367-4a8d-ab1e-b676-8acf3e8b1898,0.01,291.74,0,urgentcare,2022-01-08 05:28:17,6,1,5,1,Winter,M,white,nonhispanic,73,GOVERNMENT,20,0,0,2,31,28.0,1
08d290f2-cacc-a5c9-2245-ddba39a1a58a,08d290f2-cacc-a5c9-e3f5-d1d9063f46e5,0.042,146.18,0,emergency,1985-10-12 12:35:15,6,1,12,10,Fall,M,white,nonhispanic,63,NO_INSURANCE,30,0,0,3,311,7.0,1
08d290f2-cacc-a5c9-c41f-feddaef5cfb8,08d290f2-cacc-a5c9-e3f5-d1d9063f46e5,0.042,146.18,0,emergency,1985-10-26 12:35:15,6,1,12,10,Fall,M,white,nonhispanic,63,NO_INSURANCE,29,0,0,3,313,7.0,1
e4511778-4c17-701c-38d2-f564ec9c1562,e4511778-4c17-701c-efa2-110e4112b6fe,0.01,291.74,0,urgentcare,2021-01-15 22:06:25,5,0,22,1,Winter,F,white,nonhispanic,74,GOVERNMENT,28,0,0,4,14,175.0,0
08d290f2-cacc-a5c9-2b12-817297660ad2,08d290f2-cacc-a5c9-e3f5-d1d9063f46e5,0.01,142.58,0,urgentcare,1985-08-31 12:35:15,6,1,12,8,Summer,M,white,nonhispanic,63,NO_INSURANCE,30,0,0,3,305,7.0,1
6cebe382-6645-5849-6c5a-620dff919495,6cebe382-6645-5849-f398-543d907d44bd,0.01,291.74,0,urgentcare,2023-07-06 17:02:07,4,0,17,7,Summer,F,white,nonhispanic,47,NO_INSURANCE,32,0,0,2,142,7.0,1
08d290f2-cacc-a5c9-d58c-0790814f647b,08d290f2-cacc-a5c9-e3f5-d1d9063f46e5,0.042,146.18,0,emergency,1985-08-17 12:35:15,6,1,12,8,Summer,M,white,nonhispanic,63,NO_INSURANCE,29,0,0,3,303,7.0,1
6cebe382-6645-5849-426e-2134a29588bc,6cebe382-6645-5849-f398-543d907d44bd,0.01,291.74,0,urgentcare,2023-06-08 17:02:07,4,0,17,6,Summer,F,white,nonhispanic,47,NO_INSURANCE,33,0,0,2,138,7.0,1
e8233637-a645-7460-9ca5-de5a00ac57f9,e8233637-a645-7460-78fd-808cf87933da,0.042,295.34,0,emergency,1994-05-21 12:35:15,6,1,12,5,Spring,M,white,nonhispanic,72,GOVERNMENT,24,0,0,2,3,7.0,1
6cebe382-6645-5849-98ff-0fa4003c28c3,6cebe382-6645-5849-f398-543d907d44bd,0.01,291.74,0,urgentcare,2023-04-27 17:02:07,4,0,17,4,Spring,F,white,nonhispanic,47,NO_INSURANCE,32,0,0,2,132,7.0,1
6cebe382-6645-5849-509d-5ae70c53540e,6cebe382-6645-5849-f398-543d907d44bd,0.01,291.74,0,urgentcare,2023-05-11 17:02:07,4,0,17,5,Spring,F,white,nonhispanic,47,NO_INSURANCE,32,0,0,2,134,7.0,1
6cebe382-6645-5849-64df-032e480d562e,6cebe382-6645-5849-f398-543d907d44bd,0.042,295.34,0,emergency,2023-03-02 17:02:07,4,0,17,3,Spring,F,white,nonhispanic,47,NO_INSURANCE,33,0,0,2,125,7.0,1
89a05562-333c-60ed-ace1-7b25d20516b6,89a05562-333c-60ed-5660-ff34b7f6e814,0.01,291.74,0,urgentcare,2005-11-11 13:26:05,5,0,13,11,Fall,M,white,nonhispanic,52,PRIVATE,22,0,0,3,3,420.0,0
1fab8367-4a8d-ab1e-90b7-0bb602ccb1f3,1fab8367-4a8d-ab1e-b676-8acf3e8b1898,0.01,291.74,0,urgentcare,2021-04-24 05:28:17,6,1,5,4,Spring,M,white,nonhispanic,72,GOVERNMENT,18,0,0,2,22,7.0,1
08d290f2-cacc-a5c9-01ce-987dbdf6346b,08d290f2-cacc-a5c9-e3f5-d1d9063f46e5,0.042,146.18,0,emergency,1985-03-30 12:35:15,6,1,12,3,Spring,M,white,nonhispanic,63,NO_INSURANCE,29,0,0,3,284,7.0,1
6cebe382-6645-5849-ffb5-2a7fecd392f3,6cebe382-6645-5849-f398-543d907d44bd,0.042,295.34,0,emergency,2022-11-10 17:02:07,4,0,17,11,Fall,F,white,nonhispanic,46,GOVERNMENT,32,0,0,2,109,7.0,1
08d290f2-cacc-a5c9-2db4-4d1d79a2c132,08d290f2-cacc-a5c9-e3f5-d1d9063f46e5,0.01,142.58,0,urgentcare,1985-03-02 12:35:15,6,1,12,3,Spring,M,white,nonhispanic,63,NO_INSURANCE,28,0,0,3,280,7.0,1
6cebe382-6645-5849-b5b3-23a99e07ade4,6cebe382-6645-5849-f398-543d907d44bd,0.042,295.34,0,emergency,2022-10-13 17:02:07,4,0,17,10,Fall,F,white,nonhispanic,46,GOVERNMENT,33,0,0,2,105,7.0,1
6cebe382-6645-5849-9506-0d994411c8b2,6cebe382-6645-5849-f398-543d907d44bd,0.042,295.34,0,emergency,2023-08-31 17:02:07,4,0,17,8,Summer,F,white,nonhispanic,47,NO_INSURANCE,30,0,0,2,149,7.0,1
6cebe382-6645-5849-e715-e819ecc09cca,6cebe382-6645-5849-f398-543d907d44bd,0.042,295.34,0,emergency,2022-09-15 17:02:07,4,0,17,9,Fall,F,white,nonhispanic,46,GOVERNMENT,31,0,0,2,101,7.0,1
6cebe382-6645-5849-7cca-54335cfc9b66,6cebe382-6645-5849-f398-543d907d44bd,0.042,295.34,0,emergency,2022-08-18 17:02:07,4,0,17,8,Summer,F,white,nonhispanic,46,GOVERNMENT,31,0,0,2,97,7.0,1
e4511778-4c17-701c-8778-472b1e75db39,e4511778-4c17-701c-efa2-110e4112b6fe,0.01,291.74,0,urgentcare,2017-11-10 22:06:25,5,0,22,11,Fall,F,white,nonhispanic,70,GOVERNMENT,32,0,0,3,12,7.0,1
08d290f2-cacc-a5c9-a0d7-2428474214a6,08d290f2-cacc-a5c9-e3f5-d1d9063f46e5,0.042,146.18,0,emergency,1984-11-24 12:35:15,6,1,12,11,Fall,M,white,nonhispanic,62,NO_INSURANCE,27,0,0,3,266,7.0,1
61f048dc-f66e-bbda-d987-915dc7b0e305,61f048dc-f66e-bbda-48c8-593d92d2bf03,0.01,291.74,0,urgentcare,2018-01-03 13:45:26,3,0,13,1,Winter,F,white,nonhispanic,72,GOVERNMENT,26,0,0,5,13,7.0,1
08d290f2-cacc-a5c9-3c69-85426da621f1,08d290f2-cacc-a5c9-e3f5-d1d9063f46e5,0.01,142.58,0,urgentcare,1984-10-27 12:35:15,6,1,12,10,Fall,M,white,nonhispanic,62,NO_INSURANCE,28,0,0,3,262,7.0,1
6cebe382-6645-5849-d85c-24f5587db9e6,6cebe382-6645-5849-f398-543d907d44bd,0.042,295.34,0,emergency,2022-05-26 17:02:07,4,0,17,5,Spring,F,white,nonhispanic,46,GOVERNMENT,31,0,0,2,85,7.0,1
08d290f2-cacc-a5c9-f6a0-d6d0314e931e,08d290f2-cacc-a5c9-e3f5-d1d9063f46e5,0.042,146.18,0,emergency,1984-10-13 12:35:15,6,1,12,10,Fall,M,white,nonhispanic,62,NO_INSURANCE,26,0,0,3,260,7.0,1
6cebe382-6645-5849-b597-caafc5dc4673,6cebe382-6645-5849-f398-543d907d44bd,0.042,295.34,0,emergency,2022-04-14 17:02:07,4,0,17,4,Spring,F,white,nonhispanic,46,GOVERNMENT,31,0,0,3,79,7.0,1
6cebe382-6645-5849-8b64-274013798d26,6cebe382-6645-5849-f398-543d907d44bd,0.01,291.74,0,urgentcare,2022-01-13 17:02:07,4,0,17,1,Winter,F,white,nonhispanic,46,GOVERNMENT,31,0,0,4,70,7.0,1
08d290f2-cacc-a5c9-49db-49328f4b1451,08d290f2-cacc-a5c9-e3f5-d1d9063f46e5,0.042,146.18,0,emergency,1984-08-04 12:35:15,6,1,12,8,Summer,M,white,nonhispanic,62,NO_INSURANCE,27,0,0,3,250,7.0,1
6cebe382-6645-5849-f26c-a0b4c5e37755,6cebe382-6645-5849-f398-543d907d44bd,0.01,291.74,0,urgentcare,2021-11-11 17:02:07,4,0,17,11,Fall,F,white,nonhispanic,45,NO_INSURANCE,29,0,0,3,67,35.0,0
08d290f2-cacc-a5c9-d1f1-0dbbf45cd1b4,08d290f2-cacc-a5c9-e3f5-d1d9063f46e5,0.01,142.58,0,urgentcare,1984-05-26 12:35:15,6,1,12,5,Spring,M,white,nonhispanic,62,NO_INSURANCE,26,0,0,3,240,7.0,1
08d290f2-cacc-a5c9-1696-2b2b56a5d84f,08d290f2-cacc-a5c9-e3f5-d1d9063f46e5,0.042,146.18,0,emergency,1984-05-12 12:35:15,6,1,12,5,Spring,M,white,nonhispanic,62,NO_INSURANCE,28,0,0,3,238,7.0,1
08d290f2-cacc-a5c9-44c5-ff7b0694742c,08d290f2-cacc-a5c9-e3f5-d1d9063f46e5,0.01,142.58,0,urgentcare,1984-03-03 12:35:15,6,1,12,3,Spring,M,white,nonhispanic,62,NO_INSURANCE,27,0,0,3,229,7.0,1
e4511778-4c17-701c-8e4c-8de8a8a7aa40,e4511778-4c17-701c-efa2-110e4112b6fe,0.01,291.74,0,urgentcare,2006-03-17 22:06:25,5,0,22,3,Spring,F,white,nonhispanic,59,NO_INSURANCE,18,0,0,0,3,5425.0,0
6cebe382-6645-5849-bc9b-487ed2360d0e,6cebe382-6645-5849-f398-543d907d44bd,0.01,291.74,0,urgentcare,2021-02-18 17:02:07,4,0,17,2,Winter,F,white,nonhispanic,45,NO_INSURANCE,30,0,0,2,56,7.0,1
08d290f2-cacc-a5c9-546d-839a3fc5881f,08d290f2-cacc-a5c9-e3f5-d1d9063f46e5,0.01,142.58,0,urgentcare,1983-11-26 12:35:15,6,1,12,11,Fall,M,white,nonhispanic,61,NO_INSURANCE,28,0,0,3,215,7.0,1
08d290f2-cacc-a5c9-ea38-09d2a13de42b,08d290f2-cacc-a5c9-e3f5-d1d9063f46e5,0.042,146.18,0,emergency,1983-10-15 12:35:15,6,1,12,10,Fall,M,white,nonhispanic,61,NO_INSURANCE,28,0,0,3,209,7.0,1
1fab8367-4a8d-ab1e-5235-22ebdf691fbc,1fab8367-4a8d-ab1e-b676-8acf3e8b1898,0.032,1224.0,0,urgentcare,2016-09-10 05:28:17,6,1,5,9,Fall,M,white,nonhispanic,67,GOVERNMENT,16,0,0,2,0,,0
08d290f2-cacc-a5c9-71c9-1bb4ed0bcfb3,08d290f2-cacc-a5c9-e3f5-d1d9063f46e5,0.01,142.58,0,urgentcare,1983-08-06 12:35:15,6,1,12,8,Summer,M,white,nonhispanic,61,NO_INSURANCE,27,0,0,3,199,7.0,1
6cebe382-6645-5849-232b-72ad48b71bea,6cebe382-6645-5849-f398-543d907d44bd,0.01,291.74,0,urgentcare,2020-03-26 17:02:07,4,0,17,3,Spring,F,white,nonhispanic,44,GOVERNMENT,28,0,0,3,44,7.0,1
6cebe382-6645-5849-d808-65ee6f68c2a5,6cebe382-6645-5849-f398-543d907d44bd,1.0,146.18,0,inpatient,2020-07-30 17:02:07,4,0,17,7,Summer,F,white,nonhispanic,44,GOVERNMENT,28,0,0,2,49,14.0,1
08d290f2-cacc-a5c9-2d1f-402c28a283cd,08d290f2-cacc-a5c9-e3f5-d1d9063f46e5,0.042,295.34,0,emergency,1983-02-19 12:35:15,6,1,12,2,Winter,M,white,nonhispanic,61,NO_INSURANCE,25,0,0,3,176,7.0,1
08d290f2-cacc-a5c9-8b67-8b6dc8ef9429,08d290f2-cacc-a5c9-e3f5-d1d9063f46e5,0.042,295.34,0,emergency,1983-03-05 12:35:15,6,1,12,3,Spring,M,white,nonhispanic,61,NO_INSURANCE,25,0,0,3,178,7.0,1
08d290f2-cacc-a5c9-d68e-937e55854386,08d290f2-cacc-a5c9-e3f5-d1d9063f46e5,0.042,295.34,0,emergency,1982-12-11 12:35:15,6,1,12,12,Winter,M,white,nonhispanic,60,NO_INSURANCE,26,0,0,3,166,7.0,1
08d290f2-cacc-a5c9-92a0-f1c557c34907,08d290f2-cacc-a5c9-e3f5-d1d9063f46e5,0.042,295.34,0,emergency,1982-05-01 12:35:15,6,1,12,5,Spring,M,white,nonhispanic,60,NO_INSURANCE,25,0,0,3,134,7.0,1
08d290f2-cacc-a5c9-f7da-7600f2947647,08d290f2-cacc-a5c9-e3f5-d1d9063f46e5,0.042,295.34,0,emergency,1982-05-15 12:35:15,6,1,12,5,Spring,M,white,nonhispanic,60,NO_INSURANCE,26,0,0,3,136,7.0,1
08d290f2-cacc-a5c9-d67b-d3922c5f2bd2,08d290f2-cacc-a5c9-e3f5-d1d9063f46e5,0.042,295.34,0,emergency,1982-07-24 12:35:15,6,1,12,7,Summer,M,white,nonhispanic,60,NO_INSURANCE,27,0,0,3,146,7.0,1
08d290f2-cacc-a5c9-8d21-c309a6810aac,08d290f2-cacc-a5c9-e3f5-d1d9063f46e5,0.042,295.34,0,emergency,1982-09-04 12:35:15,6,1,12,9,Fall,M,white,nonhispanic,60,NO_INSURANCE,27,0,0,3,152,7.0,1
08d290f2-cacc-a5c9-b6a4-506f544561b9,08d290f2-cacc-a5c9-e3f5-d1d9063f46e5,0.042,295.34,0,emergency,1982-10-16 12:35:15,6,1,12,10,Fall,M,white,nonhispanic,60,NO_INSURANCE,26,0,0,3,158,7.0,1
08d290f2-cacc-a5c9-d13d-f9d84c26ac73,08d290f2-cacc-a5c9-e3f5-d1d9063f46e5,0.042,295.34,0,emergency,1980-11-29 12:35:15,6,1,12,11,Fall,M,white,nonhispanic,58,NO_INSURANCE,26,0,0,3,62,7.0,1
6cebe382-6645-5849-aa13-39b2eded9587,6cebe382-6645-5849-f398-543d907d44bd,0.01,427.74,0,urgentcare,2016-12-15 17:02:07,4,0,17,12,Winter,F,white,nonhispanic,40,GOVERNMENT,29,0,0,2,6,1057.0,0
6cebe382-6645-5849-d314-74d782f3ad1c,6cebe382-6645-5849-f398-543d907d44bd,0.01,291.74,0,urgentcare,2017-03-09 17:02:07,4,0,17,3,Spring,F,white,nonhispanic,41,GOVERNMENT,28,0,0,2,14,7.0,1
6cebe382-6645-5849-16f4-6674092cb4b1,6cebe382-6645-5849-f398-543d907d44bd,0.01,291.74,0,urgentcare,2017-03-23 17:02:07,4,0,17,3,Spring,F,white,nonhispanic,41,GOVERNMENT,30,0,0,2,16,7.0,1
6cebe382-6645-5849-0c01-4c06775d035f,6cebe382-6645-5849-f398-543d907d44bd,0.01,291.74,0,urgentcare,2018-01-04 17:02:07,4,0,17,1,Winter,F,white,nonhispanic,42,NO_INSURANCE,26,0,0,3,26,7.0,1
08d290f2-cacc-a5c9-86bb-4105b96aa557,08d290f2-cacc-a5c9-e3f5-d1d9063f46e5,0.042,295.34,0,emergency,1980-12-27 12:35:15,6,1,12,12,Winter,M,white,nonhispanic,58,NO_INSURANCE,26,0,0,3,66,7.0,1
08d290f2-cacc-a5c9-02b9-64eefeb4113f,08d290f2-cacc-a5c9-e3f5-d1d9063f46e5,0.01,291.74,0,urgentcare,1981-01-10 12:35:15,6,1,12,1,Winter,M,white,nonhispanic,59,NO_INSURANCE,26,0,0,3,68,7.0,1
08d290f2-cacc-a5c9-0735-ce0d4f89c1ab,08d290f2-cacc-a5c9-e3f5-d1d9063f46e5,0.042,295.34,0,emergency,1980-11-01 12:35:15,6,1,12,11,Fall,M,white,nonhispanic,58,NO_INSURANCE,25,0,0,3,58,7.0,1
08d290f2-cacc-a5c9-70c5-991565b692d0,08d290f2-cacc-a5c9-e3f5-d1d9063f46e5,0.01,291.74,0,urgentcare,1980-11-15 12:35:15,6,1,12,11,Fall,M,white,nonhispanic,58,NO_INSURANCE,24,0,0,3,60,7.0,1
08d290f2-cacc-a5c9-3251-014a404f0d06,08d290f2-cacc-a5c9-e3f5-d1d9063f46e5,0.01,291.74,0,urgentcare,1980-08-23 12:35:15,6,1,12,8,Summer,M,white,nonhispanic,58,NO_INSURANCE,25,0,0,3,49,7.0,1
08d290f2-cacc-a5c9-90fa-805da07e42aa,08d290f2-cacc-a5c9-e3f5-d1d9063f46e5,0.01,291.74,0,urgentcare,1980-07-26 12:35:15,6,1,12,7,Summer,M,white,nonhispanic,58,NO_INSURANCE,25,0,0,3,45,7.0,1
08d290f2-cacc-a5c9-03d2-d8d780f1a7f4,08d290f2-cacc-a5c9-e3f5-d1d9063f46e5,0.01,291.74,0,urgentcare,1980-06-28 12:35:15,6,1,12,6,Summer,M,white,nonhispanic,58,NO_INSURANCE,25,0,0,3,41,7.0,1
6cebe382-6645-5849-e006-62be99a61cbb,6cebe382-6645-5849-f398-543d907d44bd,0.042,146.18,0,emergency,1997-12-13 06:23:24,6,1,6,12,Winter,F,white,nonhispanic,21,NO_INSURANCE,9,0,0,0,4,2380.5,0
08d290f2-cacc-a5c9-075c-33f5212cd466,08d290f2-cacc-a5c9-e3f5-d1d9063f46e5,0.01,291.74,0,urgentcare,1980-05-17 12:35:15,6,1,12,5,Spring,M,white,nonhispanic,58,NO_INSURANCE,25,0,0,3,35,7.0,1
08d290f2-cacc-a5c9-aedf-ad17a0a8e358,08d290f2-cacc-a5c9-e3f5-d1d9063f46e5,0.042,295.34,0,emergency,1980-05-03 12:35:15,6,1,12,5,Spring,M,white,nonhispanic,58,NO_INSURANCE,24,0,0,3,33,7.0,1
08d290f2-cacc-a5c9-365d-64d152dddf4e,08d290f2-cacc-a5c9-e3f5-d1d9063f46e5,0.01,291.74,0,urgentcare,1981-02-21 12:35:15,6,1,12,2,Winter,M,white,nonhispanic,59,NO_INSURANCE,27,0,0,3,74,7.0,1
08d290f2-cacc-a5c9-4b9e-9e8253883454,08d290f2-cacc-a5c9-e3f5-d1d9063f46e5,0.042,295.34,0,emergency,1981-04-18 12:35:15,6,1,12,4,Spring,M,white,nonhispanic,59,NO_INSURANCE,24,0,0,3,81,7.0,1
08d290f2-cacc-a5c9-b02b-8b9212528d09,08d290f2-cacc-a5c9-e3f5-d1d9063f46e5,0.042,295.34,0,emergency,1981-05-02 12:35:15,6,1,12,5,Spring,M,white,nonhispanic,59,NO_INSURANCE,25,0,0,3,83,7.0,1
08d290f2-cacc-a5c9-8dd6-449071fd223e,08d290f2-cacc-a5c9-e3f5-d1d9063f46e5,0.042,295.34,0,emergency,1981-05-16 12:35:15,6,1,12,5,Spring,M,white,nonhispanic,59,NO_INSURANCE,24,0,0,3,85,7.0,1
08d290f2-cacc-a5c9-df88-07039a80c20d,08d290f2-cacc-a5c9-e3f5-d1d9063f46e5,0.042,295.34,0,emergency,1981-06-27 12:35:15,6,1,12,6,Summer,M,white,nonhispanic,59,NO_INSURANCE,24,0,0,3,91,7.0,1
08d290f2-cacc-a5c9-2b49-bc8be1421e18,08d290f2-cacc-a5c9-e3f5-d1d9063f46e5,0.042,295.34,0,emergency,1981-07-11 12:35:15,6,1,12,7,Summer,M,white,nonhispanic,59,NO_INSURANCE,25,0,0,3,93,7.0,1
08d290f2-cacc-a5c9-43d6-fe18df2d9023,08d290f2-cacc-a5c9-e3f5-d1d9063f46e5,0.042,295.34,0,emergency,1981-07-25 12:35:15,6,1,12,7,Summer,M,white,nonhispanic,59,NO_INSURANCE,25,0,0,3,95,7.0,1
08d290f2-cacc-a5c9-e4fb-aba11793b0b0,08d290f2-cacc-a5c9-e3f5-d1d9063f46e5,0.042,295.34,0,emergency,1981-08-08 12:35:15,6,1,12,8,Summer,M,white,nonhispanic,59,NO_INSURANCE,26,0,0,3,97,7.0,1
08d290f2-cacc-a5c9-e1e9-71a4a4988751,08d290f2-cacc-a5c9-e3f5-d1d9063f46e5,0.042,295.34,0,emergency,1981-12-12 12:35:15,6,1,12,12,Winter,M,white,nonhispanic,59,NO_INSURANCE,25,0,0,3,115,7.0,1
08d290f2-cacc-a5c9-070b-3a3d1c454939,08d290f2-cacc-a5c9-e3f5-d1d9063f46e5,0.042,295.34,0,emergency,1981-12-26 12:35:15,6,1,12,12,Winter,M,white,nonhispanic,59,NO_INSURANCE,25,0,0,3,117,7.0,1
08d290f2-cacc-a5c9-fd5d-c858b8c2f22b,08d290f2-cacc-a5c9-e3f5-d1d9063f46e5,0.042,295.34,0,emergency,1982-01-09 12:35:15,6,1,12,1,Winter,M,white,nonhispanic,60,NO_INSURANCE,24,0,0,3,119,7.0,1
08d290f2-cacc-a5c9-8b32-4c6b964c7d41,08d290f2-cacc-a5c9-e3f5-d1d9063f46e5,0.042,295.34,0,emergency,1982-01-23 12:35:15,6,1,12,1,Winter,M,white,nonhispanic,60,NO_INSURANCE,24,0,0,3,121,7.0,1
08d290f2-cacc-a5c9-e17f-bc927092ad36,08d290f2-cacc-a5c9-e3f5-d1d9063f46e5,0.042,295.34,0,emergency,1982-02-20 12:35:15,6,1,12,2,Winter,M,white,nonhispanic,60,NO_INSURANCE,25,0,0,3,125,7.0,1
08d290f2-cacc-a5c9-9a51-da922f4c4cc4,08d290f2-cacc-a5c9-e3f5-d1d9063f46e5,0.01,291.74,0,urgentcare,1980-03-22 12:35:15,6,1,12,3,Spring,M,white,nonhispanic,58,NO_INSURANCE,24,0,0,4,28,7.0,1
08d290f2-cacc-a5c9-62e6-281f05a61ed1,08d290f2-cacc-a5c9-e3f5-d1d9063f46e5,0.042,295.34,0,emergency,1980-04-05 12:35:15,6,1,12,4,Spring,M,white,nonhispanic,58,NO_INSURANCE,24,0,0,3,29,14.0,1
08d290f2-cacc-a5c9-a81b-6bb2ec157909,08d290f2-cacc-a5c9-e3f5-d1d9063f46e5,0.042,295.34,0,emergency,1980-03-08 12:35:15,6,1,12,3,Spring,M,white,nonhispanic,58,NO_INSURANCE,23,0,0,4,26,7.0,1
08d290f2-cacc-a5c9-3d53-4cc5d51fbf22,08d290f2-cacc-a5c9-e3f5-d1d9063f46e5,0.01,291.74,0,urgentcare,1978-09-09 12:35:15,6,1,12,9,Fall,M,white,nonhispanic,56,NO_INSURANCE,23,0,0,3,5,987.0,0
08d290f2-cacc-a5c9-f302-5704fac2d163,08d290f2-cacc-a5c9-e3f5-d1d9063f46e5,0.01,291.74,0,urgentcare,1979-05-12 12:35:15,6,1,12,5,Spring,M,white,nonhispanic,57,NO_INSURANCE,25,0,0,3,16,35.0,0
08d290f2-cacc-a5c9-43e9-4e5255d93014,08d290f2-cacc-a5c9-e3f5-d1d9063f46e5,0.01,291.74,0,urgentcare,1979-09-08 12:35:15,6,1,12,9,Fall,M,white,nonhispanic,57,NO_INSURANCE,25,0,0,3,19,7.0,1
08d290f2-cacc-a5c9-6117-3ba97ea460af,08d290f2-cacc-a5c9-e3f5-d1d9063f46e5,0.01,1154.54,0,urgentcare,1975-12-27 12:35:15,6,1,12,12,Winter,M,white,nonhispanic,53,NO_INSURANCE,20,0,0,0,4,7.0,1
7fc53d6b-8e7b-b5b9-d4c8-3814be5638f6,7fc53d6b-8e7b-b5b9-b8bf-ee66bd08a156,0.042,4140.89,0,emergency,2026-03-05 09:07:32,4,0,9,3,Spring,F,white,hispanic,13,PRIVATE,5,2,1,0,5,48.3,0
747e0eb3-d95c-71fe-cdcf-1dfb226bf1ff,747e0eb3-d95c-71fe-c0bb-4e779443cdff,0.042,5249.16,0,emergency,2026-04-08 17:53:07,3,0,17,4,Spring,F,white,nonhispanic,62,GOVERNMENT,14,2,2,0,2,13035.0,0
784d30f7-2406-0d20-492f-d7f3b5a8f692,784d30f7-2406-0d20-8128-3146cdf8c0e0,0.042,11728.69,0,emergency,2023-06-08 00:02:39,4,0,0,6,Summer,F,white,nonhispanic,60,GOVERNMENT,13,2,6,0,4,1167.9,0
784d30f7-2406-0d20-fc8c-3d931b708609,784d30f7-2406-0d20-8128-3146cdf8c0e0,1.0,10555.04,0,inpatient,2023-06-08 00:28:54,4,0,0,6,Summer,F,white,nonhispanic,60,GOVERNMENT,13,1,4,3,4,1168.0,0
717c5317-6b05-fa17-10b0-91a182bfb817,717c5317-6b05-fa17-d970-d50efcc2ad54,0.042,1008.98,0,emergency,2026-09-07 07:39:29,1,0,7,9,Fall,F,white,hispanic,29,GOVERNMENT,7,2,2,0,4,105.0,0
11694d9d-79eb-1d9f-2964-4b84e300bf80,11694d9d-79eb-1d9f-ce5d-ab6629120c0e,0.042,8126.95,0,emergency,2025-11-02 10:42:03,0,1,10,11,Fall,F,white,nonhispanic,68,GOVERNMENT,15,2,3,1,2,2912.0,0
bdf4b658-b4bb-f263-66dc-e741589c1d75,bdf4b658-b4bb-f263-4eec-496d890f17e9,0.042,4140.89,0,emergency,2026-04-09 05:26:51,4,0,5,4,Spring,F,white,hispanic,36,PRIVATE,10,2,1,0,3,2790.0,0
2f3313f8-6ed2-2d20-a971-e4081749899c,2f3313f8-6ed2-2d20-af5e-456179b29bee,0.042,9544.65,0,emergency,2005-01-23 16:27:07,0,1,16,1,Winter,M,white,nonhispanic,63,GOVERNMENT,17,2,5,0,3,2079.7,0
6d084aa0-67b4-0c5f-6b9c-7ce62c4c562e,6d084aa0-67b4-0c5f-d806-568a5c466d20,0.01,927.28,0,urgentcare,2019-09-08 16:27:07,0,1,16,9,Fall,M,white,nonhispanic,77,GOVERNMENT,17,1,1,3,2,7.0,1
6842050e-26e0-68aa-ff52-3ac03d4b5d05,6842050e-26e0-68aa-2784-d792f7e2fbd3,0.01,589.37,0,urgentcare,2026-09-06 16:27:07,0,1,16,9,Fall,M,white,nonhispanic,84,GOVERNMENT,22,1,1,2,143,7.0,1
65ac11a1-d694-769d-2e76-1825603d5e4d,65ac11a1-d694-769d-1766-6194786b5339,0.04,791.36,0,urgentcare,2025-11-10 00:24:01,1,0,0,11,Fall,M,white,nonhispanic,44,GOVERNMENT,14,2,4,0,11,857.9,0
8dda6556-523c-c929-d134-cc15fb08966e,8dda6556-523c-c929-5190-af7fe587db03,9.292,13679.21,1,inpatient,2020-11-12 21:38:15,4,0,21,11,Fall,M,white,nonhispanic,75,GOVERNMENT,29,3,3,3,3,1153.0,0
e5257127-3f9e-7ac6-d95c-c0216732d238,e5257127-3f9e-7ac6-baf7-fd1462357d85,0.071,1008.98,0,emergency,2026-05-28 05:53:07,4,0,5,5,Spring,M,white,nonhispanic,38,PRIVATE,8,2,2,0,0,,0
f9bc063f-72ba-e0e0-595d-7950b3681cf8,f9bc063f-72ba-e0e0-b2c1-46eaf93cb284,0.042,5810.12,0,emergency,2026-08-14 08:20:39,5,0,8,8,Summer,F,white,nonhispanic,68,GOVERNMENT,29,2,6,3,5,71.0,0
f9bc063f-72ba-e0e0-c01c-eefc73a95c3f,f9bc063f-72ba-e0e0-b2c1-46eaf93cb284,1.0,28895.58,0,inpatient,2026-08-14 08:42:58,5,0,8,8,Summer,F,white,nonhispanic,68,GOVERNMENT,29,1,4,5,5,71.0,0
185a2038-4c9a-6f44-f147-98ac57922c60,185a2038-4c9a-6f44-cf7d-78da9583dafc,0.023,797.72,0,urgentcare,2026-08-19 23:59:16,3,0,23,8,Summer,F,white,nonhispanic,55,GOVERNMENT,25,1,4,6,54,28.0,1
440d53f8-88e0-c84e-686d-2a487f60815c,440d53f8-88e0-c84e-2073-50d3c34ca75c,0.042,6047.83,0,emergency,2026-05-18 14:42:07,1,0,14,5,Spring,M,white,nonhispanic,19,NO_INSURANCE,8,2,2,0,1,3453.0,0
5fa86b10-4686-8c64-04e2-40a8403b23c0,5fa86b10-4686-8c64-d985-d3c1fcbd5660,5.667,117041.82,0,emergency,2000-10-15 03:25:15,0,1,3,10,Fall,M,white,nonhispanic,41,NO_INSURANCE,7,1,3,2,0,,0
9240f7e0-68d5-363d-ba90-0a8666c1fc3e,9240f7e0-68d5-363d-452d-b6c22ecd75b4,0.025,797.72,0,urgentcare,2026-08-18 09:28:36,2,0,9,8,Summer,M,black,nonhispanic,52,PRIVATE,20,2,5,7,93,28.0,1
763b2a21-a1cb-05b6-a22b-ced0bd18dc84,763b2a21-a1cb-05b6-2d43-09d45422098f,0.03,797.72,0,urgentcare,2026-08-16 20:33:03,0,1,20,8,Summer,F,black,nonhispanic,58,PRIVATE,15,1,5,3,14,28.0,1
b7841bb7-2b51-3102-383d-ca42777f7432,b7841bb7-2b51-3102-f88a-0261f1063a8b,0.042,16125.04,0,emergency,2025-09-14 15:32:14,0,1,15,9,Fall,M,white,nonhispanic,34,PRIVATE,11,2,1,0,0,,0
be3b3ab1-379a-6371-53d3-08a6e58c3f0a,be3b3ab1-379a-6371-3a30-b45fe73bc3d9,0.051,1440.38,0,emergency,2026-09-01 20:29:58,2,0,20,9,Fall,F,white,nonhispanic,59,PRIVATE,10,1,3,0,2,1778.1,0
28032b8a-2219-ba4d-fd26-fd9cef706fb1,28032b8a-2219-ba4d-4e21-6eaa6e3976b3,0.042,1008.98,0,emergency,2026-06-29 20:18:59,1,0,20,6,Summer,M,white,nonhispanic,8,GOVERNMENT,5,2,2,2,0,,0
45af71fa-3745-a0ab-f3dd-675b2d9e831e,45af71fa-3745-a0ab-e052-9f332fcf981a,0.058,17391.75,0,emergency,2026-04-23 11:26:06,4,0,11,4,Spring,M,white,nonhispanic,72,GOVERNMENT,16,2,3,0,14,267.2,0
d53b5945-f75e-bef0-836b-a26dc60912f7,d53b5945-f75e-bef0-5eb0-b98a830a275d,0.021,1088.0,0,urgentcare,2026-08-29 17:27:42,6,1,17,8,Summer,F,white,nonhispanic,58,GOVERNMENT,19,3,5,3,38,56.0,0
45c606f1-1315-fb2f-3891-887b715289a9,45c606f1-1315-fb2f-9934-3ab9e42234c7,1.0,5074.22,0,inpatient,2024-12-25 02:08:35,3,0,2,12,Winter,F,white,nonhispanic,35,GOVERNMENT,9,1,2,0,5,797.0,0
13c82713-8d58-2d7e-230b-e1782a7988be,13c82713-8d58-2d7e-12fd-4fb1eaa508a5,0.034,709.98,0,urgentcare,2025-04-18 13:16:23,5,0,13,4,Spring,M,black,nonhispanic,35,PRIVATE,6,1,4,0,2,1764.0,0
f02fbc31-da13-e8ae-80da-fefe054218bf,f02fbc31-da13-e8ae-c2ad-14350bad9d5b,1.0,13537.81,0,inpatient,2025-06-23 20:16:55,1,0,20,6,Summer,F,black,nonhispanic,26,PRIVATE,11,1,2,0,3,67.0,0
53abd68b-0068-ee43-a907-1a7310297c0d,53abd68b-0068-ee43-f74a-f82c03a741dd,18.854,82395.53,1,emergency,2022-01-08 19:00:59,6,1,19,1,Winter,M,white,nonhispanic,54,GOVERNMENT,10,3,5,3,2,1299.9,0
6d084aa0-67b4-0c5f-c73e-a09023b515d1,6d084aa0-67b4-0c5f-d806-568a5c466d20,0.042,1485.82,0,emergency,2019-09-01 16:27:07,0,1,16,9,Fall,M,white,nonhispanic,77,GOVERNMENT,19,2,7,3,1,462.9,0
6842050e-26e0-68aa-5061-d5c59273c410,6842050e-26e0-68aa-2784-d792f7e2fbd3,0.041,1013.42,0,urgentcare,2026-08-30 16:27:07,0,1,16,8,Summer,M,white,nonhispanic,84,GOVERNMENT,23,2,7,2,142,35.0,0
4933da33-4469-df98-9ce5-b3ac288504f8,4933da33-4469-df98-314f-a91a26eda211,0.042,4140.89,0,emergency,2025-05-26 21:47:16,1,0,21,5,Spring,M,white,hispanic,42,PRIVATE,6,2,1,0,2,1209.0,0
e3827f66-ed30-7012-dcf8-ab771408b83a,e3827f66-ed30-7012-465b-2ddd8680652a,0.039,1014.66,0,urgentcare,2026-08-14 19:15:10,5,0,19,8,Summer,F,white,nonhispanic,68,GOVERNMENT,23,2,7,3,21,217.8,0
4eb7b7ef-a580-cae5-b5c8-62527b2ee84c,4eb7b7ef-a580-cae5-c5d0-f40da1408b85,1.0,5093.03,0,inpatient,2024-02-23 23:23:12,5,0,23,2,Winter,F,white,hispanic,26,PRIVATE,8,1,2,0,2,89.9,0
8ba59c1e-a0d3-343b-48fc-2f17d8e75560,8ba59c1e-a0d3-343b-024a-a4a1330761cf,0.01,849.14,0,urgentcare,2026-08-17 17:06:54,1,0,17,8,Summer,M,black,nonhispanic,85,GOVERNMENT,26,1,1,4,291,21.0,1
6dc4471d-6ae5-206b-55d0-7beb35f7a4cf,6dc4471d-6ae5-206b-8942-a9a949ee91f6,0.153,1254.45,0,emergency,2025-06-06 15:33:27,5,0,15,6,Summer,M,white,hispanic,1,PRIVATE,2,1,1,0,0,,0
d61e5ccd-2d4e-b76b-12fb-8c86d47771a8,d61e5ccd-2d4e-b76b-7d08-aad0a01d1719,0.042,10240.89,0,emergency,2024-09-07 07:21:50,6,1,7,9,Fall,M,asian,nonhispanic,75,GOVERNMENT,20,2,1,2,0,,0
6e0920b9-a44a-29bf-01ef-b36ecb938445,6e0920b9-a44a-29bf-42c7-3000b475f29b,0.04,865.94,0,urgentcare,2025-06-26 07:06:37,4,0,7,6,Summer,F,white,nonhispanic,72,GOVERNMENT,19,1,4,1,4,1190.0,0
551c49f9-1811-9520-e132-28095b38790e,551c49f9-1811-9520-ab49-089f20759eec,0.043,13786.27,0,emergency,1965-03-22 07:43:52,1,0,7,3,Spring,M,other,nonhispanic,0,GOVERNMENT,4,3,1,0,0,,0
f4451328-c105-5fc9-bf0f-1c4f4450e941,f4451328-c105-5fc9-d74c-5d016a0d0854,0.063,4407.08,0,emergency,1944-01-12 22:45:57,3,0,22,1,Winter,M,asian,nonhispanic,4,PRIVATE,3,2,1,0,0,,0
734c465c-759b-9d92-abd9-0efad8a75801,734c465c-759b-9d92-bd1e-25cd42f15848,0.042,1008.98,0,emergency,2025-12-06 18:20:04,6,1,18,12,Winter,F,white,nonhispanic,11,PRIVATE,3,2,2,0,0,,0
4d21b9d1-59b4-d839-8aa9-f30e88d1aff8,4d21b9d1-59b4-d839-394b-5dd32c9526ca,0.042,4140.89,0,emergency,2025-09-02 03:54:21,2,0,3,9,Fall,F,white,nonhispanic,35,GOVERNMENT,12,2,1,1,2,456.0,0
96ca2aaa-321b-c82c-b7e1-02034cf7f8e6,96ca2aaa-321b-c82c-e084-568261d110ff,1.0,3817.68,0,inpatient,2025-06-27 14:45:33,5,0,14,6,Summer,F,asian,hispanic,35,PRIVATE,8,1,2,0,3,1976.0,0
27f05739-d4f5-10c5-d77a-fe82492679e2,27f05739-d4f5-10c5-ee0b-e516e9854603,0.042,1008.98,0,emergency,2023-02-23 08:17:18,4,0,8,2,Winter,F,white,nonhispanic,6,NO_INSURANCE,2,2,2,0,1,1917.0,0
78f3b19d-e937-09fd-8254-75eba6b7b3ea,78f3b19d-e937-09fd-276f-5bc1e098d520,2.128,5537.15,0,inpatient,2013-11-07 09:40:55,4,0,9,11,Fall,M,white,nonhispanic,41,GOVERNMENT,12,1,1,2,13,713.0,0
a47057d6-be54-ff62-29ea-03ee672932b4,a47057d6-be54-ff62-c8a1-a13b8cbf64c3,0.024,723.14,0,urgentcare,2026-01-02 05:53:14,5,0,5,1,Winter,F,black,nonhispanic,67,GOVERNMENT,22,3,3,4,13,35.0,0
5f662ce7-5293-9ecd-ede4-dbf0721a0321,5f662ce7-5293-9ecd-d28b-e5913e19634a,0.036,1088.0,0,urgentcare,2026-07-11 02:21:13,6,1,2,7,Summer,F,native,nonhispanic,69,GOVERNMENT,28,2,9,6,33,154.0,0
b38010ea-9c95-9fe1-4a9f-22b2233e5d4d,b38010ea-9c95-9fe1-f359-4be953172c84,3.247,8683.23,0,inpatient,2026-02-28 01:41:38,6,1,1,2,Winter,F,white,nonhispanic,4,PRIVATE,2,1,1,0,0,,0
ff3ca5c6-d8fd-82da-7232-98ce2253b690,ff3ca5c6-d8fd-82da-75e9-9126646be513,0.042,10865.13,0,emergency,2025-01-19 05:02:26,0,1,5,1,Winter,M,asian,nonhispanic,40,GOVERNMENT,15,2,1,4,0,,0
1576049a-60ed-1547-824c-a35baddd0178,1576049a-60ed-1547-d65a-d9d9c6fadf04,0.042,5249.16,0,emergency,2025-10-23 17:33:11,4,0,17,10,Fall,F,white,nonhispanic,52,GOVERNMENT,18,2,2,0,2,2294.0,0
0c4d2460-c17a-70be-c1c5-391d5e7fdf90,0c4d2460-c17a-70be-49fc-574153581669,0.01,789.68,0,urgentcare,2026-06-16 22:13:02,2,0,22,6,Summer,M,black,nonhispanic,15,GOVERNMENT,6,2,7,2,1,391.7,0
7045c13e-6913-c5e9-031a-75551b8ff6c3,7045c13e-6913-c5e9-ee32-a500eec1b373,1.0,3817.64,0,inpatient,2023-03-25 19:28:56,6,1,19,3,Spring,F,white,hispanic,26,PRIVATE,9,1,2,0,1,1881.0,0
08d290f2-cacc-a5c9-3cc1-d621e6027259,08d290f2-cacc-a5c9-e3f5-d1d9063f46e5,0.021,723.14,0,urgentcare,1988-07-09 12:35:15,6,1,12,7,Summer,M,white,nonhispanic,66,GOVERNMENT,27,1,7,3,451,7.0,1
7fc53d6b-8e7b-b5b9-e172-bda7ac28c2a8,7fc53d6b-8e7b-b5b9-b8bf-ee66bd08a156,0.042,8519.14,0,emergency,2025-02-08 08:43:32,6,1,8,2,Winter,F,white,hispanic,12,PRIVATE,4,2,1,0,2,1131.0,0
e61cb838-0073-c6db-9df7-3ff5588cd9f1,e61cb838-0073-c6db-e2f7-4fe3946768bb,0.042,8453.93,0,emergency,2021-12-20 14:44:17,1,0,14,12,Winter,F,hawaiian,hispanic,26,PRIVATE,14,2,1,0,2,205.0,0
185a2038-4c9a-6f44-a9c0-f4499b31894c,185a2038-4c9a-6f44-cf7d-78da9583dafc,0.036,1660.52,0,urgentcare,2026-07-22 23:59:16,3,0,23,7,Summer,F,white,nonhispanic,55,GOVERNMENT,24,1,2,6,53,119.0,0
763b2a21-a1cb-05b6-158b-1b03bad64a19,763b2a21-a1cb-05b6-2d43-09d45422098f,0.01,543.52,0,urgentcare,2026-07-19 20:33:03,0,1,20,7,Summer,F,black,nonhispanic,58,PRIVATE,16,1,1,3,13,7.0,1
be9d3589-0ff5-8245-9dfc-b32557048da1,be9d3589-0ff5-8245-a62c-ba96ba7ed9df,0.037,709.98,0,urgentcare,2026-04-30 19:57:32,4,0,19,4,Spring,M,white,nonhispanic,37,PRIVATE,7,3,6,0,0,,0
aa66b9eb-6d70-52d2-9805-ed06a83693ad,aa66b9eb-6d70-52d2-bfdc-ae0dbaa48f84,0.029,791.36,0,urgentcare,2025-05-15 02:14:30,4,0,2,5,Spring,F,white,nonhispanic,35,PRIVATE,8,2,4,0,5,763.0,0
08d290f2-cacc-a5c9-d193-d7baf54dc7f0,08d290f2-cacc-a5c9-e3f5-d1d9063f46e5,0.042,726.74,0,emergency,1988-06-25 12:35:15,6,1,12,6,Summer,M,white,nonhispanic,66,GOVERNMENT,28,3,6,3,449,7.0,1
f5d2d0b9-59d3-4bf1-8413-1d62f0273427,f5d2d0b9-59d3-4bf1-18e2-497c81c14441,0.027,655.36,0,urgentcare,2008-04-15 06:02:56,2,0,6,4,Spring,F,white,nonhispanic,68,GOVERNMENT,16,1,5,3,36,27.8,1
1e43a258-caf4-44f5-b046-59a978a5d6fa,1e43a258-caf4-44f5-7e30-54213e8937f5,0.029,1013.42,0,urgentcare,2026-04-30 08:57:15,4,0,8,4,Spring,M,white,nonhispanic,56,GOVERNMENT,20,1,4,6,57,116.1,0
7a091803-e284-3a17-41bb-a1d64ba3e190,7a091803-e284-3a17-8a65-4bf8ea9937c8,0.042,1008.98,0,emergency,2024-03-12 22:36:39,2,0,22,3,Spring,F,white,nonhispanic,2,GOVERNMENT,3,2,2,1,0,,0
8dda6556-523c-c929-f57e-0738910f479f,8dda6556-523c-c929-5190-af7fe587db03,5.023,20916.93,0,inpatient,2020-11-07 21:19:52,6,1,21,11,Fall,M,white,nonhispanic,75,GOVERNMENT,26,6,3,0,3,1148.0,0
f9bc063f-72ba-e0e0-bdc0-1294aa9f18b6,f9bc063f-72ba-e0e0-b2c1-46eaf93cb284,0.026,1731.54,0,urgentcare,2026-06-04 08:20:39,4,0,8,6,Summer,F,white,nonhispanic,68,GOVERNMENT,29,2,8,3,4,2080.5,0
df2196bd-709f-156e-8d49-a8b209002162,df2196bd-709f-156e-90c3-8e8da340f42e,0.01,1187.52,0,urgentcare,2023-10-10 03:42:23,2,0,3,10,Fall,M,white,nonhispanic,8,PRIVATE,3,2,2,1,0,,0
989cf444-3b3c-7a35-0565-7802bec93941,989cf444-3b3c-7a35-10f6-0361e59b7918,0.04,845.98,0,urgentcare,2025-11-09 03:36:38,0,1,3,11,Fall,F,white,nonhispanic,40,PRIVATE,9,3,5,4,1,5408.0,0
9240f7e0-68d5-363d-e1d7-63ca7dda9acf,9240f7e0-68d5-363d-452d-b6c22ecd75b4,0.025,797.72,0,urgentcare,2026-07-21 09:28:36,2,0,9,7,Summer,M,black,nonhispanic,52,PRIVATE,21,2,4,7,92,35.0,0
763b2a21-a1cb-05b6-20f2-c7386a7a7d52,763b2a21-a1cb-05b6-2d43-09d45422098f,0.023,1660.52,0,urgentcare,2026-07-12 20:33:03,0,1,20,7,Summer,F,black,nonhispanic,58,PRIVATE,16,2,4,3,12,21.0,1
c1261835-8407-29fa-311d-e6b88791cd5c,c1261835-8407-29fa-33c4-9d5577f2fab8,0.042,7810.97,0,emergency,2023-04-24 16:21:09,1,0,16,4,Spring,M,white,nonhispanic,61,PRIVATE,18,2,3,0,16,521.0,0
cc030e0e-bfbe-3191-0146-064468a836d0,cc030e0e-bfbe-3191-b83e-99a066fed95a,0.067,1008.98,0,emergency,2025-04-14 14:19:17,1,0,14,4,Spring,F,white,nonhispanic,14,PRIVATE,2,2,2,0,0,,0
32e805ad-cff9-a0b6-8ada-2e2b0fc9b1c4,32e805ad-cff9-a0b6-9dc4-40386c77806f,0.017,709.98,0,urgentcare,2026-07-19 09:40:56,0,1,9,7,Summer,F,white,nonhispanic,16,GOVERNMENT,5,1,7,2,8,1372.0,0
ec2f69bd-82c8-9792-4179-a2d8a566b4e8,ec2f69bd-82c8-9792-6e7f-657f5b438143,0.042,13710.39,0,emergency,2025-04-09 20:29:55,3,0,20,4,Spring,F,white,nonhispanic,49,NO_INSURANCE,10,2,2,0,0,,0
bfb24118-4078-e1c7-7630-da126297b73e,bfb24118-4078-e1c7-0f55-a235b3fa07a2,1.0,3817.64,0,inpatient,2025-04-01 06:34:51,2,0,6,4,Spring,F,white,hispanic,36,PRIVATE,8,1,2,0,1,425.0,0
2c0257f7-f723-a6b2-a028-e87b2be4833c,2c0257f7-f723-a6b2-bcb3-9c37368ce80b,0.042,4140.89,0,emergency,2024-01-31 08:48:21,3,0,8,1,Winter,F,white,nonhispanic,47,PRIVATE,16,2,1,0,4,1557.0,0
e61cb838-0073-c6db-8c27-3329bd07ecb2,e61cb838-0073-c6db-e2f7-4fe3946768bb,1.0,4143.43,0,inpatient,2021-05-28 15:34:18,5,0,15,5,Spring,F,hawaiian,hispanic,26,PRIVATE,13,1,2,0,1,433.9,0
e97475a7-5508-6dee-eb27-317bc5dde9f9,e97475a7-5508-6dee-b638-46e2d1ed2ea3,0.042,1008.98,0,emergency,2023-12-09 17:43:36,6,1,17,12,Winter,F,white,nonhispanic,7,PRIVATE,5,2,2,0,0,,0
86c6780a-275a-1768-b793-c0e21b4bfcbf,86c6780a-275a-1768-a1c7-bbb1cb8ccad3,0.039,1503.34,0,urgentcare,2024-07-21 14:45:04,0,1,14,7,Summer,F,white,hispanic,19,GOVERNMENT,12,2,4,1,4,469.0,0
f86b5cdd-1fd7-03ed-364b-3eb419f68c7d,f86b5cdd-1fd7-03ed-ae41-8556709b64d1,0.042,577.58,0,emergency,2024-08-23 09:06:18,5,0,9,8,Summer,M,white,nonhispanic,34,PRIVATE,7,2,1,1,0,,0
8ba59c1e-a0d3-343b-a155-89f9450e2f21,8ba59c1e-a0d3-343b-024a-a4a1330761cf,0.04,797.72,0,urgentcare,2026-07-27 17:06:54,1,0,17,7,Summer,M,black,nonhispanic,85,GOVERNMENT,27,3,4,4,290,7.0,1
0c7b7b2c-30b0-ba6b-bf3d-a5c06a31658e,0c7b7b2c-30b0-ba6b-becc-b7197b7ea5a5,0.042,577.58,0,emergency,2024-09-12 09:25:24,4,0,9,9,Fall,M,white,nonhispanic,81,GOVERNMENT,12,2,1,1,0,,0
d53b5945-f75e-bef0-9163-da0d0b0468f2,d53b5945-f75e-bef0-5eb0-b98a830a275d,0.03,1088.0,0,urgentcare,2026-06-06 17:27:42,6,1,17,6,Summer,F,white,nonhispanic,58,GOVERNMENT,19,2,5,4,36,63.0,0
7bf6d335-ec9f-fa0a-b732-e14ea24df02e,7bf6d335-ec9f-fa0a-03b8-b829ff2f7786,11.04,17810.3,1,inpatient,2020-12-21 09:50:33,1,0,9,12,Winter,M,white,nonhispanic,38,PRIVATE,20,3,3,3,0,,0
fbcdea27-b0ae-550c-9e03-2f0f8131e9df,fbcdea27-b0ae-550c-3871-3c8c1ced4b9d,1.0,5550.68,0,inpatient,2021-05-05 21:47:37,3,0,21,5,Spring,F,white,nonhispanic,36,PRIVATE,8,1,2,0,1,61.0,0
a47057d6-be54-ff62-5c56-4c90951d02f7,a47057d6-be54-ff62-c8a1-a13b8cbf64c3,0.042,1078.44,0,emergency,2025-11-28 05:53:14,5,0,5,11,Fall,F,black,nonhispanic,66,GOVERNMENT,21,5,7,3,12,1218.0,0
a890d187-bb81-ffd0-8089-f449a684f37d,a890d187-bb81-ffd0-2cdf-aeec12d89206,0.036,1237.31,0,urgentcare,2025-08-25 18:57:37,1,0,18,8,Summer,M,white,nonhispanic,83,GOVERNMENT,23,2,4,1,10,486.6,0
a187afe9-10ef-4076-75dc-c7f3ef57af48,a187afe9-10ef-4076-e6fe-8f08a11c2d73,0.042,7813.72,0,emergency,2000-09-06 21:28:53,3,0,21,9,Fall,M,white,nonhispanic,55,GOVERNMENT,14,2,3,1,4,108.0,0
4eb7b7ef-a580-cae5-dff0-b80808d7edae,4eb7b7ef-a580-cae5-c5d0-f40da1408b85,0.076,1871.78,0,emergency,2021-11-23 22:57:17,2,0,22,11,Fall,F,white,hispanic,23,PRIVATE,8,1,4,0,0,,0
74120b19-65d7-a33d-4bf5-f3853d5aae53,74120b19-65d7-a33d-09f0-98bc4650320c,14.035,21517.4,1,inpatient,2021-03-12 03:30:14,5,0,3,3,Spring,F,white,nonhispanic,9,NO_INSURANCE,11,4,3,0,1,275.0,0
9240f7e0-68d5-363d-1f8a-701a5a551927,9240f7e0-68d5-363d-452d-b6c22ecd75b4,0.039,797.72,0,urgentcare,2026-06-16 09:28:36,2,0,9,6,Summer,M,black,nonhispanic,52,PRIVATE,21,3,4,7,91,28.0,1
5848d09c-6492-d549-42ae-5971553e4597,5848d09c-6492-d549-8a44-5a46be7dd577,0.042,4140.89,0,emergency,2023-01-01 19:10:45,0,1,19,1,Winter,F,white,nonhispanic,39,PRIVATE,10,2,1,0,1,239.9,0
dce9c78c-2220-2beb-4a85-03fd77660150,dce9c78c-2220-2beb-1718-8e3791099963,0.035,853.37,0,urgentcare,2024-10-26 14:55:05,6,1,14,10,Fall,F,white,nonhispanic,86,GOVERNMENT,15,3,8,0,0,,0
f9ce5dac-62c9-2fbf-80fb-e1b6e32c94bc,f9ce5dac-62c9-2fbf-3d0f-d485958d5709,0.083,4407.08,0,emergency,1967-09-09 19:18:01,6,1,19,9,Fall,F,white,nonhispanic,0,NO_INSURANCE,3,2,1,0,0,,0
feaf4dc0-5b63-aa85-d4ea-b3442fa235fd,feaf4dc0-5b63-aa85-d358-61c249ae1b8d,0.023,1074.84,0,urgentcare,2023-11-23 10:51:53,4,0,10,11,Fall,M,white,nonhispanic,45,PRIVATE,10,2,4,1,2,161.0,0
c695bffb-e94a-daa7-8f14-304cda49a81e,c695bffb-e94a-daa7-bcd2-99587070be48,0.046,1008.98,0,emergency,2023-03-12 04:38:56,0,1,4,3,Spring,F,white,nonhispanic,26,GOVERNMENT,7,2,2,0,2,42.0,0
4ae1a1cf-a189-5397-70a1-e65901058f14,4ae1a1cf-a189-5397-9c5d-ee26c07b0ee5,0.01,365.08,0,urgentcare,1991-04-29 23:15:13,1,0,23,4,Spring,M,white,nonhispanic,72,GOVERNMENT,24,1,1,4,36,7.0,1
e2757458-d53f-cf44-18d3-71275b5fb528,e2757458-d53f-cf44-64c1-685b916857b7,0.033,864.26,0,urgentcare,2025-09-15 23:15:13,1,0,23,9,Fall,M,white,nonhispanic,106,GOVERNMENT,23,2,6,7,144,8.7,1
b05bbf3c-edbc-8bd0-6862-a5bb7f9174f2,b05bbf3c-edbc-8bd0-4a00-3e5e0e390ec9,0.024,1492.0,0,urgentcare,2025-07-12 08:15:04,6,1,8,7,Summer,M,white,nonhispanic,70,GOVERNMENT,22,3,6,4,12,1057.0,0
58f495aa-b931-afeb-1ba8-e0f15e4dda0c,58f495aa-b931-afeb-5e10-fa9903eb9c4a,0.042,801.32,0,emergency,2026-07-18 15:57:56,6,1,15,7,Summer,F,white,hispanic,64,PRIVATE,20,1,4,3,2,7490.0,0
d0f9444c-7d4e-7b58-d80b-2d4f5c7cd3bb,d0f9444c-7d4e-7b58-d75c-809f131df755,1.0,958.69,0,inpatient,2023-05-19 08:40:55,5,0,8,5,Spring,M,white,nonhispanic,51,PRIVATE,15,1,2,0,8,327.9,0
66045fcc-d336-c60d-3f72-75d961d6171e,66045fcc-d336-c60d-38a7-c8695ed87ff1,0.042,6073.29,0,emergency,2022-01-04 06:41:25,2,0,6,1,Winter,F,hawaiian,nonhispanic,56,GOVERNMENT,8,2,1,0,2,243.6,0
6d084aa0-67b4-0c5f-88dc-379478d4453b,6d084aa0-67b4-0c5f-d806-568a5c466d20,0.042,3933.42,0,emergency,2018-05-26 18:35:26,6,1,18,5,Spring,M,white,nonhispanic,76,GOVERNMENT,19,3,2,0,0,,0
d519e4af-2be2-0832-b052-79b7d4e67005,d519e4af-2be2-0832-d895-8c8be8f18033,0.042,577.58,0,emergency,2018-12-17 07:03:10,1,0,7,12,Winter,F,white,nonhispanic,38,PRIVATE,12,2,1,1,2,2451.0,0
4933da33-4469-df98-3106-89d4b10a7c22,4933da33-4469-df98-314f-a91a26eda211,0.033,709.98,0,urgentcare,2022-01-26 21:22:53,3,0,21,1,Winter,M,white,hispanic,39,PRIVATE,5,2,4,0,0,,0
0c4d2460-c17a-70be-706f-50bbccbf1a73,0c4d2460-c17a-70be-49fc-574153581669,0.092,4579.28,0,emergency,2025-05-21 03:13:02,3,0,3,5,Spring,M,black,nonhispanic,14,GOVERNMENT,5,1,1,3,0,,0
d2743fb0-6939-bcb5-9460-b8920779d173,d2743fb0-6939-bcb5-5428-d64c022032c8,0.042,6311.99,0,emergency,2020-01-30 04:11:11,4,0,4,1,Winter,F,white,nonhispanic,5,PRIVATE,2,2,2,0,0,,0
828a09de-6ac8-c071-bdc2-a90ff1c81de8,828a09de-6ac8-c071-97e7-028c7f88d9e4,0.042,9781.95,0,emergency,2022-11-30 12:17:15,3,0,12,11,Fall,F,white,nonhispanic,11,PRIVATE,4,2,2,0,2,971.6,0
08d290f2-cacc-a5c9-22be-5143d624e3db,08d290f2-cacc-a5c9-e3f5-d1d9063f46e5,0.042,1399.03,0,emergency,1988-05-28 12:35:15,6,1,12,5,Spring,M,white,nonhispanic,66,GOVERNMENT,29,1,4,3,445,7.0,1
4ae1a1cf-a189-5397-5e0f-2944f10370bc,4ae1a1cf-a189-5397-9c5d-ee26c07b0ee5,0.031,945.64,0,urgentcare,1991-04-22 23:15:13,1,0,23,4,Spring,M,white,nonhispanic,72,GOVERNMENT,25,3,3,4,35,7.0,1
e2757458-d53f-cf44-305c-654aa98b4bbd,e2757458-d53f-cf44-64c1-685b916857b7,5.268,4060.94,0,inpatient,2025-09-01 23:15:13,1,0,23,9,Fall,M,white,nonhispanic,106,GOVERNMENT,28,1,3,5,143,35.0,0
45e8a696-06e6-a37f-4418-345fb964b78e,45e8a696-06e6-a37f-fecd-24b730f747e8,0.01,494.28,0,urgentcare,2022-10-29 19:41:21,6,1,19,10,Fall,M,asian,nonhispanic,31,PRIVATE,5,1,1,0,4,7.0,1
6842050e-26e0-68aa-f127-76e693146abc,6842050e-26e0-68aa-2784-d792f7e2fbd3,0.025,797.72,0,urgentcare,2026-06-28 16:27:07,0,1,16,6,Summer,M,white,nonhispanic,84,GOVERNMENT,21,1,6,2,140,28.0,1
6da7dda1-dfab-1466-46c3-7efa64bb6c1f,6da7dda1-dfab-1466-d455-8bf218a197b9,0.021,791.36,0,urgentcare,2023-03-08 20:00:23,3,0,20,3,Spring,M,white,nonhispanic,78,GOVERNMENT,15,1,3,1,1,707.0,0
824c4b9a-fb93-d10e-d259-5cf8c3ccf0c6,824c4b9a-fb93-d10e-f2a7-912e1002d9e4,0.123,17189.78,0,emergency,2022-06-16 18:09:42,4,0,18,6,Summer,M,white,nonhispanic,0,NO_INSURANCE,2,2,1,0,0,,0
763b2a21-a1cb-05b6-fb87-082a2afc78ac,763b2a21-a1cb-05b6-2d43-09d45422098f,0.01,507.44,0,urgentcare,2026-06-21 20:33:03,0,1,20,6,Summer,F,black,nonhispanic,58,PRIVATE,15,1,1,3,11,7.0,1
44eed2a8-d988-09f2-c51a-ce9886671c81,44eed2a8-d988-09f2-ed65-ce11fc5329ad,0.042,25243.04,0,emergency,2024-06-05 15:09:42,3,0,15,6,Summer,M,white,nonhispanic,76,GOVERNMENT,15,2,3,0,0,,0
08d290f2-cacc-a5c9-7ae5-969481f216cd,08d290f2-cacc-a5c9-e3f5-d1d9063f46e5,0.042,726.74,0,emergency,1988-04-16 12:35:15,6,1,12,4,Spring,M,white,nonhispanic,66,GOVERNMENT,28,1,3,3,440,7.0,1
7fc53d6b-8e7b-b5b9-c397-9fc926d85dea,7fc53d6b-8e7b-b5b9-b8bf-ee66bd08a156,0.042,10042.58,0,emergency,2022-01-04 08:01:10,2,0,8,1,Winter,F,white,hispanic,9,PRIVATE,4,2,2,0,1,366.0,0
13c82713-8d58-2d7e-8381-c7ed8b0a5133,13c82713-8d58-2d7e-12fd-4fb1eaa508a5,0.041,784.56,0,urgentcare,2020-06-19 13:16:23,5,0,13,6,Summer,M,black,nonhispanic,30,PRIVATE,6,1,5,0,1,4172.0,0
88798c42-8799-894c-2d22-59791aa4de01,88798c42-8799-894c-917d-c39ada429adf,0.04,784.56,0,urgentcare,2020-12-03 02:58:58,4,0,2,12,Winter,M,white,nonhispanic,62,PRIVATE,16,2,4,2,0,,0
78f3b19d-e937-09fd-30f9-2ec046cdb84c,78f3b19d-e937-09fd-276f-5bc1e098d520,0.038,5705.28,0,urgentcare,2011-11-25 08:40:55,5,0,8,11,Fall,M,white,nonhispanic,39,GOVERNMENT,11,3,4,2,12,42.7,0
4e2b4037-03ce-fc3e-d475-b663be72f9bf,4e2b4037-03ce-fc3e-d7d5-32496d037cf5,0.042,4140.89,0,emergency,2023-10-07 17:42:00,6,1,17,10,Fall,M,white,hispanic,45,PRIVATE,16,2,1,0,0,,0
6842050e-26e0-68aa-b558-d0b419c5bb35,6842050e-26e0-68aa-2784-d792f7e2fbd3,0.022,797.72,0,urgentcare,2026-04-26 16:27:07,0,1,16,4,Spring,M,white,nonhispanic,84,GOVERNMENT,23,2,5,3,138,28.0,1
9240f7e0-68d5-363d-d636-fb65271a0de5,9240f7e0-68d5-363d-452d-b6c22ecd75b4,0.024,872.3,0,urgentcare,2026-05-19 09:28:36,2,0,9,5,Spring,M,black,nonhispanic,52,PRIVATE,21,2,4,6,90,28.0,1
763b2a21-a1cb-05b6-05c5-15e774cc701b,763b2a21-a1cb-05b6-2d43-09d45422098f,0.025,797.72,0,urgentcare,2026-05-31 20:33:03,0,1,20,5,Spring,F,black,nonhispanic,58,PRIVATE,15,1,2,3,9,7.0,1
d76545ae-5b98-f8c9-4791-4a8d155701d2,d76545ae-5b98-f8c9-6668-b612cf1d01e1,0.042,4261.32,0,emergency,2021-11-20 18:20:29,6,1,18,11,Fall,M,white,nonhispanic,14,PRIVATE,4,2,1,0,1,1729.0,0
834901f2-b564-f766-85a3-7ab9e54fa67d,834901f2-b564-f766-6644-b335fbbbcf2f,4.23,3480.38,0,inpatient,2023-10-13 10:57:55,5,0,10,10,Fall,M,white,nonhispanic,64,GOVERNMENT,25,1,3,5,145,49.0,0
67f39c05-1a32-4b60-7876-3754d254848e,67f39c05-1a32-4b60-5af6-4910d066d7f4,0.01,1203.95,0,urgentcare,2024-04-02 04:56:33,2,0,4,4,Spring,F,white,nonhispanic,13,PRIVATE,3,1,6,1,0,,0
be3b3ab1-379a-6371-4b28-e3c155cb95c2,be3b3ab1-379a-6371-3a30-b45fe73bc3d9,0.035,1000.26,0,urgentcare,2021-10-19 16:53:29,2,0,16,10,Fall,F,white,nonhispanic,54,PRIVATE,13,1,6,1,1,426.8,0
d53b5945-f75e-bef0-d911-0ddb57407a9e,d53b5945-f75e-bef0-5eb0-b98a830a275d,0.036,872.3,0,urgentcare,2026-04-04 17:27:42,6,1,17,4,Spring,F,white,nonhispanic,58,GOVERNMENT,18,1,4,4,35,28.0,1
45c606f1-1315-fb2f-3baf-625a2e395296,45c606f1-1315-fb2f-9934-3ab9e42234c7,0.028,925.68,0,urgentcare,2018-11-15 00:39:09,4,0,0,11,Fall,F,white,nonhispanic,29,GOVERNMENT,7,2,8,0,2,450.9,0
4ef6ae3c-7a16-89c5-ce0a-d3ccc2b908f5,4ef6ae3c-7a16-89c5-b08f-e7355578c54a,0.042,15228.33,0,emergency,2022-09-29 22:56:50,4,0,22,9,Fall,F,white,nonhispanic,59,NO_INSURANCE,15,2,5,1,4,940.9,0
4ef6ae3c-7a16-89c5-9c71-258723a2d7c9,4ef6ae3c-7a16-89c5-b08f-e7355578c54a,1.0,10329.29,0,inpatient,2022-09-29 23:26:27,4,0,23,9,Fall,F,white,nonhispanic,59,NO_INSURANCE,15,1,4,5,4,940.9,0
08d290f2-cacc-a5c9-41c8-e9484c658167,08d290f2-cacc-a5c9-e3f5-d1d9063f46e5,0.01,358.28,0,urgentcare,1988-04-09 12:35:15,6,1,12,4,Spring,M,white,nonhispanic,66,GOVERNMENT,28,1,1,3,439,7.0,1
1e43a258-caf4-44f5-a03b-f04c0368dc0b,1e43a258-caf4-44f5-7e30-54213e8937f5,0.042,801.32,0,emergency,2025-10-09 08:57:15,4,0,8,10,Fall,M,white,nonhispanic,55,GOVERNMENT,18,2,5,6,54,21.0,1
f02fbc31-da13-e8ae-4530-209d18780167,f02fbc31-da13-e8ae-c2ad-14350bad9d5b,0.051,1008.98,0,emergency,2023-10-09 19:31:06,1,0,19,10,Fall,F,black,nonhispanic,24,PRIVATE,9,2,2,0,1,718.0,0
4d5c5207-853e-3acb-2510-a738c18266d8,4d5c5207-853e-3acb-6a0f-89ed536b04d5,0.042,10332.44,0,emergency,2024-03-28 07:19:40,4,0,7,3,Spring,M,white,nonhispanic,18,PRIVATE,2,2,1,0,1,2682.0,0
5f662ce7-5293-9ecd-3bcf-7565a744031f,5f662ce7-5293-9ecd-d28b-e5913e19634a,0.03,872.3,0,urgentcare,2026-01-31 02:21:13,6,1,2,1,Winter,F,native,nonhispanic,69,GOVERNMENT,29,3,3,4,31,49.0,0
a187afe9-10ef-4076-da5e-47eb785ccb3a,a187afe9-10ef-4076-e6fe-8f08a11c2d73,1.0,1022.61,0,inpatient,2000-05-20 21:32:47,6,1,21,5,Spring,M,white,nonhispanic,55,GOVERNMENT,12,1,2,0,3,3979.0,0
8e991eb2-e2fb-9577-69da-2ba654d09235,8e991eb2-e2fb-9577-75d1-dc708adbf594,9.167,1025.09,1,emergency,2021-01-15 11:00:22,5,0,11,1,Winter,M,white,nonhispanic,35,NO_INSURANCE,5,1,2,2,0,,0
a0cd9f18-6af4-7fdf-df70-93875d87d1c4,a0cd9f18-6af4-7fdf-42ef-7dec3d4b8e68,0.042,361.88,0,emergency,1960-03-17 08:20:39,4,0,8,3,Spring,F,white,nonhispanic,2,GOVERNMENT,6,1,1,1,9,28.0,1
185a2038-4c9a-6f44-c455-f5036afa291e,185a2038-4c9a-6f44-cf7d-78da9583dafc,0.04,797.72,0,urgentcare,2026-03-25 23:59:16,3,0,23,3,Spring,F,white,nonhispanic,55,GOVERNMENT,21,2,3,7,52,28.0,1
5aa88c0b-2640-f930-9721-4a29fc377859,5aa88c0b-2640-f930-8c4e-bc320be830a8,0.042,4140.89,0,emergency,2018-03-13 17:06:54,2,0,17,3,Spring,M,black,nonhispanic,77,GOVERNMENT,14,2,1,0,4,1758.0,0
8ba59c1e-a0d3-343b-c8a5-5223bab2d35d,8ba59c1e-a0d3-343b-024a-a4a1330761cf,0.03,1580.82,0,urgentcare,2026-06-29 17:06:54,1,0,17,6,Summer,M,black,nonhispanic,85,GOVERNMENT,26,2,7,4,288,42.0,0
e16cd276-1955-ea5a-4eff-936fd4ddda6a,e16cd276-1955-ea5a-fd06-6d5d2ae9d242,12.022,20090.12,1,inpatient,2021-01-08 02:11:22,5,0,2,1,Winter,F,white,nonhispanic,48,PRIVATE,20,5,3,3,1,7760.0,0
6e0920b9-a44a-29bf-bd9a-241c3d1b4a15,6e0920b9-a44a-29bf-42c7-3000b475f29b,0.042,7956.47,0,emergency,2022-01-13 09:46:39,4,0,9,1,Winter,F,white,nonhispanic,69,GOVERNMENT,18,2,3,0,2,445.0,0
08d290f2-cacc-a5c9-28d1-592507b308dd,08d290f2-cacc-a5c9-e3f5-d1d9063f46e5,0.042,1589.54,0,emergency,1988-04-02 12:35:15,6,1,12,4,Spring,M,white,nonhispanic,66,GOVERNMENT,28,1,9,3,438,7.0,1
6842050e-26e0-68aa-b176-b584cd0ec755,6842050e-26e0-68aa-2784-d792f7e2fbd3,0.029,797.72,0,urgentcare,2026-03-29 16:27:07,0,1,16,3,Spring,M,white,nonhispanic,84,GOVERNMENT,22,2,4,4,137,28.0,1
43d3c7fe-9418-c740-e12a-80f94c70ecf5,43d3c7fe-9418-c740-1b8d-bd01b1e45769,0.035,925.68,0,urgentcare,2020-08-13 23:12:04,4,0,23,8,Summer,M,asian,hispanic,19,PRIVATE,10,1,4,0,2,882.0,0
9240f7e0-68d5-363d-2ba4-1048e060c509,9240f7e0-68d5-363d-452d-b6c22ecd75b4,0.041,1013.42,0,urgentcare,2026-04-21 09:28:36,2,0,9,4,Spring,M,black,nonhispanic,52,PRIVATE,20,2,4,6,89,28.0,1
763b2a21-a1cb-05b6-faa7-11f3dc61e0cf,763b2a21-a1cb-05b6-2d43-09d45422098f,0.035,1149.42,0,urgentcare,2026-05-17 20:33:03,0,1,20,5,Spring,F,black,nonhispanic,58,PRIVATE,15,3,6,3,7,3234.0,0
834901f2-b564-f766-6df0-3eacc2df2d01,834901f2-b564-f766-6644-b335fbbbcf2f,0.036,872.3,0,urgentcare,2023-08-11 10:57:55,5,0,10,8,Summer,M,white,nonhispanic,64,GOVERNMENT,27,2,4,2,143,7.0,1
9ad94c91-5ef5-d319-7563-52c172a6b9c6,9ad94c91-5ef5-d319-329d-b40795359b84,0.01,1244.02,0,urgentcare,2020-10-01 04:03:27,4,0,4,10,Fall,F,white,nonhispanic,11,PRIVATE,3,1,2,1,0,,0
828a09de-6ac8-c071-4f60-584ea266d6c6,828a09de-6ac8-c071-97e7-028c7f88d9e4,4.82,21432.77,0,inpatient,2020-03-29 02:17:15,0,1,2,3,Spring,F,white,nonhispanic,9,PRIVATE,4,1,1,0,0,,0
80ae0b7b-87a7-9a23-6d4d-5ae08afddf02,80ae0b7b-87a7-9a23-a469-573619c83764,0.042,3709.8,0,emergency,1991-10-01 22:45:57,2,0,22,10,Fall,M,asian,nonhispanic,51,PRIVATE,8,1,1,0,2,1652.6,0
08d290f2-cacc-a5c9-a42c-2917c089da0f,08d290f2-cacc-a5c9-e3f5-d1d9063f46e5,0.042,726.74,0,emergency,1988-03-19 12:35:15,6,1,12,3,Spring,M,white,nonhispanic,66,GOVERNMENT,28,2,7,3,436,7.0,1
5af80f84-c833-c1fa-a886-2a9a62702f8c,5af80f84-c833-c1fa-0e40-7b315f97ebcc,1.0,966.87,0,inpatient,2021-05-06 02:25:36,4,0,2,5,Spring,M,white,nonhispanic,45,GOVERNMENT,15,1,2,0,1,8446.0,0
e2757458-d53f-cf44-013a-7487b8794183,e2757458-d53f-cf44-64c1-685b916857b7,0.03,864.26,0,urgentcare,2025-07-28 23:15:13,1,0,23,7,Summer,M,white,nonhispanic,106,GOVERNMENT,29,1,4,6,142,21.0,1
27787931-880e-8673-e785-92447a419f22,27787931-880e-8673-fcbd-ac02953fafdf,0.042,1196.16,0,emergency,2022-11-13 06:27:31,0,1,6,11,Fall,F,white,nonhispanic,21,GOVERNMENT,10,2,4,1,2,1638.0,0
8ba59c1e-a0d3-343b-cc8d-ee7f54649b78,8ba59c1e-a0d3-343b-024a-a4a1330761cf,0.038,797.72,0,urgentcare,2026-05-18 17:06:54,1,0,17,5,Spring,M,black,nonhispanic,85,GOVERNMENT,26,3,7,4,287,7.0,1
d9123176-de38-1639-89a7-8090433902ae,d9123176-de38-1639-111e-15e726d6a849,0.022,791.36,0,urgentcare,2023-01-20 03:25:15,5,0,3,1,Winter,M,white,nonhispanic,64,GOVERNMENT,20,2,4,3,8,348.8,0
be3b3ab1-379a-6371-748e-d6898412e264,be3b3ab1-379a-6371-3a30-b45fe73bc3d9,0.042,4140.89,0,emergency,2020-08-18 20:05:03,2,0,20,8,Summer,F,white,nonhispanic,53,PRIVATE,13,2,1,0,0,,0
e262c654-7319-401a-5339-bf8628dd2699,e262c654-7319-401a-c785-5cca0173df30,11.037,22395.19,1,inpatient,2020-12-28 00:54:49,1,0,0,12,Winter,F,white,nonhispanic,57,PRIVATE,22,5,3,1,1,7829.9,0
f2bb491a-37fb-36c0-07b5-f7f953f12d60,f2bb491a-37fb-36c0-8e08-7c980295fed6,0.042,5017.25,0,emergency,2021-04-03 19:25:35,6,1,19,4,Spring,M,white,nonhispanic,39,PRIVATE,10,2,1,0,0,,0
4ae1a1cf-a189-5397-962e-15a7d9f96880,4ae1a1cf-a189-5397-9c5d-ee26c07b0ee5,0.042,794.96,0,emergency,1991-04-08 23:15:13,1,0,23,4,Spring,M,white,nonhispanic,72,GOVERNMENT,23,3,4,4,33,24.8,1
e2757458-d53f-cf44-b8d6-c5849208e133,e2757458-d53f-cf44-64c1-685b916857b7,0.029,864.26,0,urgentcare,2025-06-30 23:15:13,1,0,23,6,Summer,M,white,nonhispanic,106,GOVERNMENT,29,1,7,6,140,7.0,1
e1427e77-bf8e-3fe9-214a-beec0b035105,e1427e77-bf8e-3fe9-6940-d1e05578f369,0.031,938.84,0,urgentcare,2024-11-08 02:56:56,5,0,2,11,Fall,F,white,hispanic,74,GOVERNMENT,23,1,6,4,7,35.0,0
e3827f66-ed30-7012-fb64-943146c8c85f,e3827f66-ed30-7012-465b-2ddd8680652a,0.034,1149.42,0,urgentcare,2024-05-24 19:15:10,5,0,19,5,Spring,F,white,nonhispanic,66,GOVERNMENT,19,2,3,4,19,28.0,1
185a2038-4c9a-6f44-f472-a260ed312eaf,185a2038-4c9a-6f44-cf7d-78da9583dafc,0.023,797.72,0,urgentcare,2026-02-25 23:59:16,3,0,23,2,Winter,F,white,nonhispanic,55,GOVERNMENT,21,2,4,7,51,182.0,0
9240f7e0-68d5-363d-1812-d5ef38ada1e9,9240f7e0-68d5-363d-452d-b6c22ecd75b4,0.027,1149.42,0,urgentcare,2026-03-24 09:28:36,2,0,9,3,Spring,M,black,nonhispanic,52,PRIVATE,20,1,4,6,88,35.0,0
c1261835-8407-29fa-db74-acefdcd645a8,c1261835-8407-29fa-33c4-9d5577f2fab8,0.022,648.56,0,urgentcare,2021-11-12 16:21:09,5,0,16,11,Fall,M,white,nonhispanic,59,PRIVATE,15,1,4,5,14,266.7,0
1b0ef753-905d-d0c9-8420-989fd46501aa,1b0ef753-905d-d0c9-e054-07eb96ec6a13,0.042,6618.69,0,emergency,2020-03-05 16:21:58,4,0,16,3,Spring,F,white,nonhispanic,49,PRIVATE,9,2,1,0,0,,0
65006141-4ad9-1a2a-f905-b3eb9585a2d4,65006141-4ad9-1a2a-18ad-f005109e7cb9,0.053,1008.98,0,emergency,2020-04-15 08:37:59,3,0,8,4,Spring,F,white,nonhispanic,45,PRIVATE,9,2,2,0,2,743.0,0
32e805ad-cff9-a0b6-41d3-486d2dfc2cbc,32e805ad-cff9-a0b6-9dc4-40386c77806f,0.017,709.98,0,urgentcare,2022-10-09 09:40:56,0,1,9,10,Fall,F,white,nonhispanic,12,GOVERNMENT,5,2,7,2,6,504.0,0
0d060968-db34-9775-9009-cdcd48d30bde,0d060968-db34-9775-06a7-de881a238173,0.032,791.36,0,urgentcare,2022-08-30 22:45:57,2,0,22,8,Summer,M,asian,nonhispanic,82,GOVERNMENT,15,1,5,1,1,1314.0,0
08d290f2-cacc-a5c9-3ef4-bde1aee47a46,08d290f2-cacc-a5c9-e3f5-d1d9063f46e5,0.029,723.14,0,urgentcare,1988-03-05 12:35:15,6,1,12,3,Spring,M,white,nonhispanic,66,GOVERNMENT,27,1,7,3,434,7.0,1
7fc53d6b-8e7b-b5b9-247c-9612dfcfddc7,7fc53d6b-8e7b-b5b9-b8bf-ee66bd08a156,0.01,925.68,0,urgentcare,2021-01-03 08:01:10,0,1,8,1,Winter,F,white,hispanic,8,PRIVATE,2,1,2,2,0,,0
1e43a258-caf4-44f5-d2f7-8a0fa0c9f9c7,1e43a258-caf4-44f5-7e30-54213e8937f5,0.033,797.72,0,urgentcare,2025-09-11 08:57:15,4,0,8,9,Fall,M,white,nonhispanic,55,GOVERNMENT,18,3,7,6,52,7.0,1
050d9cee-dd68-533c-1b2c-233c8496bdcd,050d9cee-dd68-533c-cbec-cd7703b46b53,0.042,1008.98,0,emergency,2019-12-02 15:31:41,1,0,15,12,Winter,M,white,nonhispanic,37,GOVERNMENT,19,2,2,2,4,1216.3,0
45e8a696-06e6-a37f-2ad1-5610f5214ce7,45e8a696-06e6-a37f-fecd-24b730f747e8,0.03,784.56,0,urgentcare,2019-07-20 19:41:21,6,1,19,7,Summer,M,asian,nonhispanic,28,PRIVATE,8,2,5,1,1,95.9,0
bdf4b658-b4bb-f263-83b1-c8a396467ff0,bdf4b658-b4bb-f263-4eec-496d890f17e9,0.027,1172.03,0,urgentcare,2018-08-19 05:02:38,0,1,5,8,Summer,F,white,hispanic,28,PRIVATE,11,3,4,2,2,64.0,0
fa57ed9a-8a58-834d-153f-d1d2c2abbcbb,fa57ed9a-8a58-834d-a984-ca0d82367194,0.042,1008.98,0,emergency,2017-09-16 11:23:36,6,1,11,9,Fall,M,white,nonhispanic,8,GOVERNMENT,4,2,2,2,0,,0
834901f2-b564-f766-d1d8-d8dbd824420b,834901f2-b564-f766-6644-b335fbbbcf2f,0.032,1520.96,0,urgentcare,2023-07-28 10:57:55,5,0,10,7,Summer,M,white,nonhispanic,64,GOVERNMENT,26,2,9,2,141,7.0,1
af716a9a-fcca-2a31-e43d-846b708057b9,af716a9a-fcca-2a31-2ccb-d40302456d7a,0.042,4140.89,0,emergency,2018-07-03 12:45:22,2,0,12,7,Summer,F,white,hispanic,16,PRIVATE,3,2,1,0,0,,0
6e0920b9-a44a-29bf-0593-5a3080b99647,6e0920b9-a44a-29bf-42c7-3000b475f29b,0.072,9602.54,0,emergency,2020-10-25 08:17:39,0,1,8,10,Fall,F,white,nonhispanic,67,GOVERNMENT,20,2,3,0,1,738.0,0
b5ee66af-8824-6f43-00fe-f33555a05278,b5ee66af-8824-6f43-0d12-9ab0d1d527ca,0.042,1008.98,0,emergency,2020-11-08 05:43:50,0,1,5,11,Fall,F,white,nonhispanic,101,GOVERNMENT,16,3,2,0,2,23991.0,0
08d290f2-cacc-a5c9-51e6-d118f348fd9e,08d290f2-cacc-a5c9-e3f5-d1d9063f46e5,0.042,726.74,0,emergency,1988-02-20 12:35:15,6,1,12,2,Winter,M,white,nonhispanic,66,GOVERNMENT,28,1,5,3,432,7.0,1
2c0257f7-f723-a6b2-07b1-6b3c1a7b44cb,2c0257f7-f723-a6b2-bcb3-9c37368ce80b,0.037,791.36,0,urgentcare,2019-10-27 08:37:47,0,1,8,10,Fall,F,white,nonhispanic,42,PRIVATE,18,2,3,3,3,1072.0,0
69b71980-b7f5-a334-9a28-eae30834f4e7,69b71980-b7f5-a334-0460-2cf094abd389,0.042,5203.62,0,emergency,2017-10-28 01:12:27,6,1,1,10,Fall,M,white,nonhispanic,15,GOVERNMENT,4,2,2,0,0,,0
5f662ce7-5293-9ecd-c8a4-ed1f709b72e5,5f662ce7-5293-9ecd-d28b-e5913e19634a,0.028,872.3,0,urgentcare,2025-12-13 02:21:13,6,1,2,12,Winter,F,native,nonhispanic,68,GOVERNMENT,27,2,6,5,30,329.0,0
e3827f66-ed30-7012-8072-8fd575731860,e3827f66-ed30-7012-465b-2ddd8680652a,0.031,1247.11,0,urgentcare,2024-04-26 19:15:10,5,0,19,4,Spring,F,white,nonhispanic,66,GOVERNMENT,18,1,4,4,18,314.7,0
6da7dda1-dfab-1466-6a0f-fe0abd891410,6da7dda1-dfab-1466-d455-8bf218a197b9,0.038,1407.02,0,urgentcare,2021-03-31 20:00:23,3,0,20,3,Spring,M,white,nonhispanic,76,GOVERNMENT,17,5,6,1,0,,0
8d9668bf-1099-8162-7901-9ffc81015dd8,8d9668bf-1099-8162-5dcb-8b6ac4ae455f,0.033,573.98,0,urgentcare,2017-05-31 13:21:44,3,0,13,5,Spring,M,white,nonhispanic,24,PRIVATE,8,1,6,3,0,,0
8ba59c1e-a0d3-343b-e8a3-6ae762d1ce90,8ba59c1e-a0d3-343b-024a-a4a1330761cf,0.026,797.72,0,urgentcare,2026-05-04 17:06:54,1,0,17,5,Spring,M,black,nonhispanic,85,GOVERNMENT,26,1,6,4,285,35.0,0
9240f7e0-68d5-363d-7a9c-4e18aeb45e0b,9240f7e0-68d5-363d-452d-b6c22ecd75b4,0.033,872.3,0,urgentcare,2026-02-17 09:28:36,2,0,9,2,Winter,M,black,nonhispanic,52,PRIVATE,20,2,6,6,87,28.0,1
5b10f506-9d2b-6ac4-65cb-aa352d692668,5b10f506-9d2b-6ac4-faa9-057613e96256,0.042,1008.98,0,emergency,2019-12-27 11:50:31,5,0,11,12,Winter,F,white,nonhispanic,25,PRIVATE,7,2,2,0,0,,0
d53b5945-f75e-bef0-e74f-6e1e68bf4309,d53b5945-f75e-bef0-5eb0-b98a830a275d,0.035,1385.28,0,urgentcare,2026-01-03 17:27:42,6,1,17,1,Winter,F,white,nonhispanic,58,GOVERNMENT,19,1,5,3,32,91.0,0
08d290f2-cacc-a5c9-d21d-047b9ae0ab44,08d290f2-cacc-a5c9-e3f5-d1d9063f46e5,0.036,859.14,0,urgentcare,1988-02-06 12:35:15,6,1,12,2,Winter,M,white,nonhispanic,66,GOVERNMENT,28,1,7,3,430,7.0,1
dbad548d-f9b3-09d6-7dc9-018fed63a2d8,dbad548d-f9b3-09d6-27f4-e69e953e5eef,1.0,2734.58,0,inpatient,2020-09-29 17:03:23,2,0,17,9,Fall,M,white,nonhispanic,79,GOVERNMENT,14,1,6,3,1,68.8,0
6842050e-26e0-68aa-9177-621ebb2147f7,6842050e-26e0-68aa-2784-d792f7e2fbd3,0.039,1013.42,0,urgentcare,2026-02-01 16:27:07,0,1,16,2,Winter,M,white,nonhispanic,84,GOVERNMENT,21,1,7,4,134,28.0,1
c1261835-8407-29fa-6662-52134d03d9a1,c1261835-8407-29fa-33c4-9d5577f2fab8,6.296,4641.5,0,inpatient,2021-02-12 16:21:09,5,0,16,2,Winter,M,white,nonhispanic,59,PRIVATE,19,1,3,2,13,609.0,0
834901f2-b564-f766-d2cf-daf7e2609781,834901f2-b564-f766-6644-b335fbbbcf2f,0.025,872.3,0,urgentcare,2023-07-14 10:57:55,5,0,10,7,Summer,M,white,nonhispanic,64,GOVERNMENT,27,1,3,2,139,7.0,1
f5d2d0b9-59d3-4bf1-24e6-a2c5d94e3adb,f5d2d0b9-59d3-4bf1-18e2-497c81c14441,0.042,13278.99,0,emergency,2004-09-16 06:02:56,4,0,6,9,Fall,F,white,nonhispanic,64,GOVERNMENT,12,1,1,0,1,18848.9,0
1e43a258-caf4-44f5-2de1-cf63c38ad97d,1e43a258-caf4-44f5-7e30-54213e8937f5,0.01,1111.88,0,urgentcare,2025-09-04 08:57:15,4,0,8,9,Fall,M,white,nonhispanic,55,GOVERNMENT,16,1,1,6,51,14.0,1
e2757458-d53f-cf44-d1e6-4758d4ac341d,e2757458-d53f-cf44-64c1-685b916857b7,0.037,980.68,0,urgentcare,2025-06-16 23:15:13,1,0,23,6,Summer,M,white,nonhispanic,106,GOVERNMENT,26,3,6,6,138,35.0,0
45e8a696-06e6-a37f-b9f6-2fced6f38664,45e8a696-06e6-a37f-fecd-24b730f747e8,0.042,12331.61,0,emergency,2019-04-15 20:20:56,1,0,20,4,Spring,M,asian,nonhispanic,28,PRIVATE,7,2,2,0,0,,0
86c6780a-275a-1768-86ec-60472969a690,86c6780a-275a-1768-a1c7-bbb1cb8ccad3,0.01,709.98,0,urgentcare,2023-04-09 14:45:04,0,1,14,4,Spring,F,white,hispanic,18,GOVERNMENT,4,2,6,0,3,241.5,0
1576049a-60ed-1547-b41a-e78c1cb7ccdb,1576049a-60ed-1547-d65a-d9d9c6fadf04,0.081,1008.98,0,emergency,2019-07-13 15:37:11,6,1,15,7,Summer,F,white,nonhispanic,46,GOVERNMENT,19,2,2,0,1,3632.0,0
8ba59c1e-a0d3-343b-fd8f-c1d32f46646c,8ba59c1e-a0d3-343b-024a-a4a1330761cf,0.031,797.72,0,urgentcare,2026-03-30 17:06:54,1,0,17,3,Spring,M,black,nonhispanic,85,GOVERNMENT,26,2,5,3,284,7.0,1
834901f2-b564-f766-df35-34b0b8b13239,834901f2-b564-f766-6644-b335fbbbcf2f,0.041,872.3,0,urgentcare,2023-06-30 10:57:55,5,0,10,6,Summer,M,white,nonhispanic,64,GOVERNMENT,28,2,5,2,137,7.0,1
08d290f2-cacc-a5c9-fc7d-2ada0322ebb8,08d290f2-cacc-a5c9-e3f5-d1d9063f46e5,0.042,942.44,0,emergency,1988-01-23 12:35:15,6,1,12,1,Winter,M,white,nonhispanic,66,GOVERNMENT,27,1,7,3,428,7.0,1
8fe1684a-1c2f-57b1-2139-c8923e817980,8fe1684a-1c2f-57b1-1285-f59be219d9fa,0.042,4140.89,0,emergency,2020-07-15 12:35:41,3,0,12,7,Summer,F,white,nonhispanic,14,GOVERNMENT,3,2,1,0,0,,0
2442cd5f-46ce-5327-7e8b-66e166fbffe2,2442cd5f-46ce-5327-4751-03df511ab403,1.0,1871.78,0,inpatient,2024-02-10 11:25:58,6,1,11,2,Winter,F,white,nonhispanic,66,GOVERNMENT,26,1,4,15,13,14.5,1
d0f9444c-7d4e-7b58-93c2-7a255a3bef7b,d0f9444c-7d4e-7b58-d75c-809f131df755,0.023,965.45,0,urgentcare,2021-01-29 08:40:55,5,0,8,1,Winter,M,white,nonhispanic,49,PRIVATE,13,2,5,0,5,1154.5,0
bdf4b658-b4bb-f263-c144-b7a651061c40,bdf4b658-b4bb-f263-4eec-496d890f17e9,0.042,16125.04,0,emergency,2018-06-16 05:02:38,6,1,5,6,Summer,F,white,hispanic,28,PRIVATE,10,2,1,0,1,759.0,0
9240f7e0-68d5-363d-80c2-a9f9276fe0c4,9240f7e0-68d5-363d-452d-b6c22ecd75b4,0.041,1151.63,0,urgentcare,2026-01-20 09:28:36,2,0,9,1,Winter,M,black,nonhispanic,52,PRIVATE,19,1,6,6,86,91.0,0
f2c0717e-dafd-d162-d287-2af44042b41e,f2c0717e-dafd-d162-cfc1-5b072c9ca132,13.034,21251.24,1,inpatient,2020-07-29 02:16:23,3,0,2,7,Summer,F,white,hispanic,60,NO_INSURANCE,22,5,3,0,0,,0
cf6b2529-6cd6-c10f-36ed-61a2d3facc7c,cf6b2529-6cd6-c10f-6aaf-79268a3af473,0.042,11926.13,0,emergency,2022-04-21 06:01:22,4,0,6,4,Spring,M,asian,nonhispanic,73,GOVERNMENT,9,2,6,2,1,948.0,0
cf6b2529-6cd6-c10f-6c71-0cd095703b3a,cf6b2529-6cd6-c10f-6aaf-79268a3af473,1.259,10695.98,0,inpatient,2022-04-21 06:56:54,4,0,6,4,Spring,M,asian,nonhispanic,73,GOVERNMENT,9,1,4,4,1,948.0,0
aa66b9eb-6d70-52d2-ad41-86f0a3b8788c,aa66b9eb-6d70-52d2-bfdc-ae0dbaa48f84,11.038,21344.5,1,inpatient,2021-01-29 03:06:10,5,0,3,1,Winter,F,white,nonhispanic,31,PRIVATE,13,5,3,3,2,659.0,0
31b3c566-61a6-3e55-6f95-97066056bd4e,31b3c566-61a6-3e55-e3c9-ec471a1f8323,2.025,1636.12,0,inpatient,2020-03-31 00:03:27,2,0,0,3,Spring,F,white,hispanic,57,GOVERNMENT,11,1,2,12,1,78.9,0
80ae0b7b-87a7-9a23-91ea-6ce9d5c4aca9,80ae0b7b-87a7-9a23-a469-573619c83764,0.042,577.58,0,emergency,1987-03-07 23:45:32,6,1,23,3,Spring,M,asian,nonhispanic,47,PRIVATE,9,2,1,1,0,,0
e94fe4f0-3e9a-d3e3-1b45-dbc530249296,e94fe4f0-3e9a-d3e3-ca82-29ace45a5316,0.042,845.98,0,urgentcare,2020-07-23 07:54:44,4,0,7,7,Summer,M,white,hispanic,21,GOVERNMENT,11,4,4,1,5,146.5,0
08d290f2-cacc-a5c9-0554-be9236b5af4f,08d290f2-cacc-a5c9-e3f5-d1d9063f46e5,0.042,726.74,0,emergency,1988-01-09 12:35:15,6,1,12,1,Winter,M,white,nonhispanic,66,GOVERNMENT,28,1,7,3,426,7.0,1
3b6252fc-dcee-2152-5e72-71657f8563e2,3b6252fc-dcee-2152-12fa-7440a5b08c16,0.025,791.36,0,urgentcare,2019-05-15 12:01:34,3,0,12,5,Spring,F,asian,nonhispanic,44,PRIVATE,13,1,7,1,1,6761.0,0
6d2859ee-b17f-b500-1e94-4bef9cd6c174,6d2859ee-b17f-b500-ec60-e4bb736db0b6,0.042,1078.44,0,emergency,2020-11-17 19:29:33,2,0,19,11,Fall,F,white,nonhispanic,59,PRIVATE,22,3,7,3,16,235.6,0
ee017a59-a78b-46e6-45a7-927f38f6a02c,ee017a59-a78b-46e6-1db8-db6e04a47f91,0.034,791.36,0,urgentcare,2019-11-22 05:45:54,5,0,5,11,Fall,F,white,nonhispanic,49,GOVERNMENT,17,3,5,0,1,4944.0,0
440d53f8-88e0-c84e-519b-66c386679b9d,440d53f8-88e0-c84e-2073-50d3c34ca75c,0.042,16125.04,0,emergency,2016-12-03 14:24:02,6,1,14,12,Winter,M,white,nonhispanic,9,NO_INSURANCE,3,2,1,0,0,,0
d9123176-de38-1639-aac8-f1a1506d6115,d9123176-de38-1639-111e-15e726d6a849,0.111,9937.83,0,emergency,2018-11-27 03:25:15,2,0,3,11,Fall,M,white,nonhispanic,59,PRIVATE,20,2,1,0,4,215.2,0
834901f2-b564-f766-caa8-916057562328,834901f2-b564-f766-6644-b335fbbbcf2f,0.042,1158.14,0,emergency,2023-06-23 10:57:55,5,0,10,6,Summer,M,white,nonhispanic,64,GOVERNMENT,27,1,1,2,136,7.0,1
08d290f2-cacc-a5c9-32d9-88606b489304,08d290f2-cacc-a5c9-e3f5-d1d9063f46e5,0.042,726.74,0,emergency,1987-12-26 12:35:15,6,1,12,12,Winter,M,white,nonhispanic,65,GOVERNMENT,28,2,4,3,424,7.0,1
06ebf5e2-f7bd-2873-77a2-515aa6beb952,06ebf5e2-f7bd-2873-4738-ca162ee49093,0.027,797.72,0,urgentcare,2022-04-18 07:59:31,1,0,7,4,Spring,F,white,nonhispanic,57,PRIVATE,18,1,4,2,0,,0
11694d9d-79eb-1d9f-ef6e-ea0fab2f8ffb,11694d9d-79eb-1d9f-ce5d-ab6629120c0e,0.042,577.58,0,emergency,2017-11-12 10:42:03,0,1,10,11,Fall,F,white,nonhispanic,60,GOVERNMENT,14,2,1,1,1,8922.0,0
1e43a258-caf4-44f5-78bb-7b2c20d3f53b,1e43a258-caf4-44f5-7e30-54213e8937f5,0.042,937.32,0,emergency,2025-07-31 08:57:15,4,0,8,7,Summer,M,white,nonhispanic,55,GOVERNMENT,19,4,1,6,47,203.0,0
4ae1a1cf-a189-5397-dec6-ad8e823132c8,4ae1a1cf-a189-5397-9c5d-ee26c07b0ee5,0.034,1654.16,0,urgentcare,1990-03-05 23:15:13,1,0,23,3,Spring,M,white,nonhispanic,71,GOVERNMENT,21,3,3,4,19,27.4,1
e2757458-d53f-cf44-4e09-25bd399bd2ea,e2757458-d53f-cf44-64c1-685b916857b7,0.024,898.31,0,urgentcare,2025-05-12 23:15:13,1,0,23,5,Spring,M,white,nonhispanic,106,GOVERNMENT,28,3,8,5,137,35.0,0
2442cd5f-46ce-5327-dd55-3b676c69684d,2442cd5f-46ce-5327-4751-03df511ab403,0.042,7502.47,0,emergency,2024-01-25 23:13:40,4,0,23,1,Winter,F,white,nonhispanic,66,GOVERNMENT,24,2,6,5,11,588.0,0
e0364bd7-1bca-7707-0460-49ef8fffe39b,e0364bd7-1bca-7707-15f0-09681f2d9b9a,10.025,17544.14,1,inpatient,2020-11-09 10:26:51,1,0,10,11,Fall,F,white,nonhispanic,76,GOVERNMENT,20,6,3,0,1,774.0,0
67add3a2-8f05-8ba7-a8c8-d29ac823aee6,67add3a2-8f05-8ba7-8bca-818ce69014f4,0.01,573.98,0,urgentcare,2021-07-23 20:42:34,5,0,20,7,Summer,M,black,nonhispanic,16,PRIVATE,4,1,5,3,4,993.9,0
834901f2-b564-f766-7277-d5a903bc038d,834901f2-b564-f766-6644-b335fbbbcf2f,0.028,1735.1,0,urgentcare,2023-06-16 10:57:55,5,0,10,6,Summer,M,white,nonhispanic,64,GOVERNMENT,28,3,6,2,135,7.0,1
6e0920b9-a44a-29bf-95ba-38641854b71a,6e0920b9-a44a-29bf-42c7-3000b475f29b,0.026,1728.74,0,urgentcare,2018-10-18 07:06:37,4,0,7,10,Fall,F,white,nonhispanic,65,GOVERNMENT,20,2,4,2,0,,0
d53b5945-f75e-bef0-8db1-1444422f5813,d53b5945-f75e-bef0-5eb0-b98a830a275d,0.042,4140.89,0,emergency,2025-09-11 22:52:48,4,0,22,9,Fall,F,white,nonhispanic,57,GOVERNMENT,22,2,1,4,30,68.2,0
7d969922-751b-f47f-cf19-1910a684bd47,7d969922-751b-f47f-6afa-00e4d01816cb,0.042,15400.13,0,emergency,2007-11-12 23:48:35,1,0,23,11,Fall,M,asian,nonhispanic,67,GOVERNMENT,17,2,3,0,1,22319.5,0
ede5d573-b56e-6b23-25ed-e4cd167a3e85,ede5d573-b56e-6b23-d5c9-32a4b4d429bf,1.0,6400.19,0,inpatient,2019-08-27 14:09:01,2,0,14,8,Summer,F,white,nonhispanic,36,GOVERNMENT,10,1,2,0,1,6073.0,0
e505b835-ea5a-acd4-8d3c-9721a9c03fcd,e505b835-ea5a-acd4-e7c6-b73c42d28df5,0.042,9887.12,0,emergency,2019-02-25 15:16:26,1,0,15,2,Winter,M,white,nonhispanic,57,PRIVATE,18,2,2,0,1,4152.0,0
4ae1a1cf-a189-5397-374e-78276cb6f6aa,4ae1a1cf-a189-5397-9c5d-ee26c07b0ee5,0.042,7425.87,0,emergency,1989-06-27 00:55:06,2,0,0,6,Summer,M,white,nonhispanic,70,GOVERNMENT,22,2,3,4,11,6.7,1
a24630f5-fa2d-8865-1a01-05255ddb1a72,a24630f5-fa2d-8865-930b-b2067fe58e0f,0.032,1074.84,0,urgentcare,2016-09-23 17:56:50,5,0,17,9,Fall,F,white,nonhispanic,39,PRIVATE,8,1,3,1,0,,0
6842050e-26e0-68aa-addf-5d5f948cc502,6842050e-26e0-68aa-2784-d792f7e2fbd3,0.035,797.72,0,urgentcare,2025-12-28 16:27:07,0,1,16,12,Winter,M,white,nonhispanic,83,GOVERNMENT,24,2,4,3,132,28.0,1
a0cd9f18-6af4-7fdf-6032-6f97e5238f87,a0cd9f18-6af4-7fdf-42ef-7dec3d4b8e68,0.01,563.21,0,urgentcare,1958-10-09 08:20:39,4,0,8,10,Fall,F,white,nonhispanic,0,GOVERNMENT,5,1,1,1,2,7.0,1
8ba59c1e-a0d3-343b-6e15-e7573bb5a5a9,8ba59c1e-a0d3-343b-024a-a4a1330761cf,0.027,797.72,0,urgentcare,2026-03-02 17:06:54,1,0,17,3,Spring,M,black,nonhispanic,85,GOVERNMENT,26,2,5,3,281,7.0,1
9240f7e0-68d5-363d-96dc-21e44a87a82c,9240f7e0-68d5-363d-452d-b6c22ecd75b4,0.04,1013.42,0,urgentcare,2025-10-21 09:28:36,2,0,9,10,Fall,M,black,nonhispanic,51,PRIVATE,20,2,6,6,85,28.0,1
45af71fa-3745-a0ab-2b0c-a63c03176549,45af71fa-3745-a0ab-e052-9f332fcf981a,0.035,1081.64,0,urgentcare,2020-02-27 11:26:06,4,0,11,2,Winter,M,white,nonhispanic,66,GOVERNMENT,17,2,5,0,8,105.0,0
08d290f2-cacc-a5c9-856b-6f0aea0531c7,08d290f2-cacc-a5c9-e3f5-d1d9063f46e5,0.01,358.28,0,urgentcare,1987-12-19 12:35:15,6,1,12,12,Winter,M,white,nonhispanic,65,GOVERNMENT,27,1,1,3,423,7.0,1
6d2859ee-b17f-b500-765d-23a986291746,6d2859ee-b17f-b500-ec60-e4bb736db0b6,9.352,6383.18,1,inpatient,2020-03-17 19:29:33,2,0,19,3,Spring,F,white,nonhispanic,59,PRIVATE,24,1,3,4,15,728.0,0
78f3b19d-e937-09fd-8b2d-776ffd90e5ec,78f3b19d-e937-09fd-276f-5bc1e098d520,0.039,5920.98,0,urgentcare,2009-01-02 08:40:55,5,0,8,1,Winter,M,white,nonhispanic,37,GOVERNMENT,11,2,7,2,7,933.0,0
c1261835-8407-29fa-b013-8cde817628a3,c1261835-8407-29fa-33c4-9d5577f2fab8,0.042,1336.62,0,emergency,2019-06-14 16:21:09,5,0,16,6,Summer,M,white,nonhispanic,57,PRIVATE,21,2,5,4,12,7.0,1
d76545ae-5b98-f8c9-0f08-2683ce06ace9,d76545ae-5b98-f8c9-6668-b612cf1d01e1,0.042,4639.45,0,emergency,2017-02-25 18:04:35,6,1,18,2,Winter,M,white,nonhispanic,10,PRIVATE,3,2,1,2,0,,0
32e805ad-cff9-a0b6-bb83-7e628d8dfbd4,32e805ad-cff9-a0b6-9dc4-40386c77806f,0.01,595.8,0,urgentcare,2019-11-03 09:40:56,0,1,9,11,Fall,F,white,nonhispanic,9,GOVERNMENT,4,1,1,2,2,7.0,1
08d290f2-cacc-a5c9-55d1-1e06b9a694af,08d290f2-cacc-a5c9-e3f5-d1d9063f46e5,0.036,938.84,0,urgentcare,1987-12-12 12:35:15,6,1,12,12,Winter,M,white,nonhispanic,65,GOVERNMENT,28,2,5,3,422,7.0,1
a2754b4d-573d-7888-b3bf-a74f3691ecf4,a2754b4d-573d-7888-7996-50095ed51634,0.042,4140.89,0,emergency,2019-03-05 15:51:08,2,0,15,3,Spring,F,black,nonhispanic,64,GOVERNMENT,17,2,1,0,7,343.0,0
e2757458-d53f-cf44-b040-019c4b1ef818,e2757458-d53f-cf44-64c1-685b916857b7,0.022,864.26,0,urgentcare,2025-04-07 23:15:13,1,0,23,4,Spring,M,white,nonhispanic,106,GOVERNMENT,28,2,7,5,136,28.0,1
86e34f9d-23bf-e4c0-8f30-9e45853bed77,86e34f9d-23bf-e4c0-068b-eceb7815e6ca,0.164,1254.45,0,emergency,2017-08-07 23:11:47,1,0,23,8,Summer,F,white,nonhispanic,16,PRIVATE,3,1,1,1,1,76.0,0
03b15929-a6d8-b6a6-f07a-62623752d000,03b15929-a6d8-b6a6-fd03-33b5d3cf21f3,0.042,4140.89,0,emergency,2018-11-19 16:50:10,1,0,16,11,Fall,F,white,nonhispanic,55,PRIVATE,15,2,1,4,1,7022.0,0
3061f981-5f74-0cf7-87e7-50dbc20c7af4,3061f981-5f74-0cf7-e99e-76db0d159874,0.038,925.68,0,urgentcare,2019-05-18 00:39:18,6,1,0,5,Spring,F,black,nonhispanic,20,PRIVATE,9,1,6,1,1,665.0,0
86c6780a-275a-1768-26df-1e36dd06247e,86c6780a-275a-1768-a1c7-bbb1cb8ccad3,0.042,1008.98,0,emergency,2021-05-29 15:12:13,6,1,15,5,Spring,F,white,hispanic,16,GOVERNMENT,5,2,2,0,1,776.0,0
185a2038-4c9a-6f44-3a68-928514ae3db1,185a2038-4c9a-6f44-cf7d-78da9583dafc,0.029,797.72,0,urgentcare,2025-08-27 23:59:16,3,0,23,8,Summer,F,white,nonhispanic,54,GOVERNMENT,20,2,2,7,50,63.0,0
8ba59c1e-a0d3-343b-8d1a-23994853d390,8ba59c1e-a0d3-343b-024a-a4a1330761cf,0.02,1585.94,0,urgentcare,2026-02-23 17:06:54,1,0,17,2,Winter,M,black,nonhispanic,85,GOVERNMENT,25,1,2,3,280,7.0,1
d9123176-de38-1639-2984-f1ad2a07ebfd,d9123176-de38-1639-111e-15e726d6a849,0.042,12885.62,0,emergency,2018-04-24 03:25:15,2,0,3,4,Spring,M,white,nonhispanic,59,PRIVATE,18,2,6,0,2,8695.2,0
d9123176-de38-1639-a7a6-c6165798626b,d9123176-de38-1639-111e-15e726d6a849,1.764,26719.37,0,inpatient,2018-04-24 04:22:06,2,0,4,4,Spring,M,white,nonhispanic,59,PRIVATE,18,1,4,3,2,8695.2,0
31b3c566-61a6-3e55-5990-294201457a88,31b3c566-61a6-3e55-e3c9-ec471a1f8323,1.0,7115.17,0,inpatient,2020-03-30 18:24:45,1,0,18,3,Spring,F,white,hispanic,57,GOVERNMENT,9,1,16,6,1,78.6,0
74ef7c00-f5e6-5b26-690b-7777607caef5,74ef7c00-f5e6-5b26-5d4d-e8d3353b5125,1.0,3817.64,0,inpatient,2019-10-31 11:03:33,4,0,11,10,Fall,F,white,nonhispanic,25,GOVERNMENT,12,1,2,0,3,785.0,0
4ef6ae3c-7a16-89c5-ee76-2dbe7819c220,4ef6ae3c-7a16-89c5-b08f-e7355578c54a,0.042,9289.4,0,emergency,2019-03-11 23:18:20,1,0,23,3,Spring,F,white,nonhispanic,56,GOVERNMENT,13,2,1,0,2,8988.0,0
6842050e-26e0-68aa-4e4d-a9a917bd4ee7,6842050e-26e0-68aa-2784-d792f7e2fbd3,0.025,1013.42,0,urgentcare,2025-11-30 16:27:07,0,1,16,11,Fall,M,white,nonhispanic,83,GOVERNMENT,23,3,5,3,131,21.0,1
8ba59c1e-a0d3-343b-4062-eda18b7e746c,8ba59c1e-a0d3-343b-024a-a4a1330761cf,0.042,1018.33,0,emergency,2026-02-16 17:06:54,1,0,17,2,Winter,M,black,nonhispanic,85,GOVERNMENT,27,2,6,3,279,7.0,1
c1261835-8407-29fa-b5a8-3d12a448755a,c1261835-8407-29fa-33c4-9d5577f2fab8,0.01,966.47,0,urgentcare,2019-06-07 16:21:09,5,0,16,6,Summer,M,white,nonhispanic,57,PRIVATE,20,1,1,4,11,7.0,1
29851c6a-90d8-fa3a-8604-f298abe059b6,29851c6a-90d8-fa3a-030d-b9b1fb4513ea,0.042,6843.5,0,emergency,2017-08-02 15:53:12,3,0,15,8,Summer,F,black,nonhispanic,16,PRIVATE,3,2,2,0,0,,0
e94fe4f0-3e9a-d3e3-b090-40aade9548ef,e94fe4f0-3e9a-d3e3-ca82-29ace45a5316,0.042,4980.6,0,emergency,2019-07-06 07:54:44,6,1,7,7,Summer,M,white,hispanic,20,GOVERNMENT,8,2,1,0,3,949.8,0
08d290f2-cacc-a5c9-35d7-ad4c9521e4e9,08d290f2-cacc-a5c9-e3f5-d1d9063f46e5,0.01,373.56,0,urgentcare,1987-12-05 12:35:15,6,1,12,12,Winter,M,white,nonhispanic,65,GOVERNMENT,27,1,1,3,421,7.0,1
85f0b655-9c64-5579-77ef-d6f875cfe4aa,85f0b655-9c64-5579-0255-2937797ee3ed,1.0,3817.64,0,inpatient,2016-10-20 10:54:11,4,0,10,10,Fall,F,white,nonhispanic,36,PRIVATE,9,1,2,0,1,6311.0,0
764e5b95-47d6-bee2-4cb2-fe2cd97a9e0e,764e5b95-47d6-bee2-a714-45980e42ed49,0.022,709.98,0,urgentcare,2017-12-06 03:01:39,3,0,3,12,Winter,F,white,nonhispanic,32,PRIVATE,10,1,5,1,0,,0
a890d187-bb81-ffd0-1462-b0124b552619,a890d187-bb81-ffd0-2cdf-aeec12d89206,0.042,8269.1,0,emergency,2020-09-03 18:57:37,4,0,18,9,Fall,M,white,nonhispanic,78,GOVERNMENT,21,2,6,1,6,59.9,0
a890d187-bb81-ffd0-ec57-b60cc6a028d3,a890d187-bb81-ffd0-2cdf-aeec12d89206,1.0,1440.38,0,inpatient,2020-09-03 19:53:56,4,0,19,9,Fall,M,white,nonhispanic,78,GOVERNMENT,21,1,3,4,6,59.9,0
43d3c7fe-9418-c740-3875-a19bf8c75202,43d3c7fe-9418-c740-1b8d-bd01b1e45769,0.042,1008.98,0,emergency,2018-03-15 23:12:04,4,0,23,3,Spring,M,asian,hispanic,17,PRIVATE,2,2,2,0,1,452.0,0
9240f7e0-68d5-363d-40b2-c1053297e5e1,9240f7e0-68d5-363d-452d-b6c22ecd75b4,0.041,1182.13,0,urgentcare,2025-09-23 09:28:36,2,0,9,9,Fall,M,black,nonhispanic,51,PRIVATE,19,1,6,6,84,63.0,0
c1261835-8407-29fa-b79e-42894c0988a8,c1261835-8407-29fa-33c4-9d5577f2fab8,0.035,1660.52,0,urgentcare,2019-05-31 16:21:09,5,0,16,5,Spring,M,white,nonhispanic,57,PRIVATE,21,3,6,4,10,35.0,0
834901f2-b564-f766-8502-181c9ede77bf,834901f2-b564-f766-6644-b335fbbbcf2f,0.041,872.3,0,urgentcare,2023-05-05 10:57:55,5,0,10,5,Spring,M,white,nonhispanic,64,GOVERNMENT,27,3,7,2,130,7.0,1
1695cf26-3c31-7d9c-174a-c886edb4c3e5,1695cf26-3c31-7d9c-730d-db5b4d74d9b9,0.042,7010.86,0,emergency,2019-09-24 00:53:51,2,0,0,9,Fall,M,white,hispanic,67,GOVERNMENT,17,2,3,0,1,751.0,0
d53b5945-f75e-bef0-5f40-c7f455bfa112,d53b5945-f75e-bef0-5eb0-b98a830a275d,0.022,872.3,0,urgentcare,2025-06-07 17:27:42,6,1,17,6,Summer,F,white,nonhispanic,57,GOVERNMENT,21,3,6,4,28,56.0,0
08d290f2-cacc-a5c9-add3-f296af161a1e,08d290f2-cacc-a5c9-e3f5-d1d9063f46e5,0.042,726.74,0,emergency,1987-11-14 12:35:15,6,1,12,11,Fall,M,white,nonhispanic,65,GOVERNMENT,30,2,3,3,418,7.0,1
2f3313f8-6ed2-2d20-9192-9fa73488d1a8,2f3313f8-6ed2-2d20-af5e-456179b29bee,0.072,1440.38,0,emergency,1998-01-20 16:38:06,2,0,16,1,Winter,M,white,nonhispanic,56,GOVERNMENT,12,1,3,0,0,,0
8ba59c1e-a0d3-343b-0fdd-8f6f1889493d,8ba59c1e-a0d3-343b-024a-a4a1330761cf,0.042,1232.72,0,emergency,2026-01-19 17:06:54,1,0,17,1,Winter,M,black,nonhispanic,85,GOVERNMENT,26,2,6,3,275,7.0,1
e2757458-d53f-cf44-8746-d20ab18b0957,e2757458-d53f-cf44-64c1-685b916857b7,0.033,648.56,0,urgentcare,2025-03-03 23:15:13,1,0,23,3,Spring,M,white,nonhispanic,106,GOVERNMENT,28,3,5,6,134,21.0,1
3c376b52-79f4-31ef-f93e-8587a7e94453,3c376b52-79f4-31ef-98d2-7a4f9a26492d,0.04,1357.08,0,urgentcare,2017-10-29 23:39:38,0,1,23,10,Fall,M,white,nonhispanic,61,GOVERNMENT,14,1,7,3,1,4282.0,0
5f662ce7-5293-9ecd-c64e-5cf8ed726f6a,5f662ce7-5293-9ecd-d28b-e5913e19634a,0.01,978.4,0,urgentcare,2025-01-18 02:21:13,6,1,2,1,Winter,F,native,nonhispanic,68,GOVERNMENT,26,1,1,4,29,91.0,0
6842050e-26e0-68aa-e5fb-704be258307c,6842050e-26e0-68aa-2784-d792f7e2fbd3,0.032,797.72,0,urgentcare,2025-11-02 16:27:07,0,1,16,11,Fall,M,white,nonhispanic,83,GOVERNMENT,22,2,7,3,129,21.0,1
5aa88c0b-2640-f930-4d85-04daf55eebef,5aa88c0b-2640-f930-8c4e-bc320be830a8,0.025,573.98,0,urgentcare,2013-05-20 17:06:54,1,0,17,5,Spring,M,black,nonhispanic,72,GOVERNMENT,12,1,3,0,3,7.0,1
9240f7e0-68d5-363d-f539-dec22991b023,9240f7e0-68d5-363d-452d-b6c22ecd75b4,0.029,797.72,0,urgentcare,2025-07-22 09:28:36,2,0,9,7,Summer,M,black,nonhispanic,51,PRIVATE,20,1,2,7,83,28.0,1
08d290f2-cacc-a5c9-a9d5-964361375889,08d290f2-cacc-a5c9-e3f5-d1d9063f46e5,0.042,726.74,0,emergency,1987-10-31 12:35:15,6,1,12,10,Fall,M,white,nonhispanic,65,GOVERNMENT,29,2,7,3,416,7.0,1
1e43a258-caf4-44f5-a583-e56ed8e1a140,1e43a258-caf4-44f5-7e30-54213e8937f5,0.04,797.72,0,urgentcare,2025-01-09 08:57:15,4,0,8,1,Winter,M,white,nonhispanic,55,GOVERNMENT,18,3,3,6,46,329.0,0
e2757458-d53f-cf44-52a3-966943449614,e2757458-d53f-cf44-64c1-685b916857b7,0.024,864.26,0,urgentcare,2025-02-10 23:15:13,1,0,23,2,Winter,M,white,nonhispanic,106,GOVERNMENT,29,2,8,6,133,7.0,1
4d5c5207-853e-3acb-9c1c-e003aaea0152,4d5c5207-853e-3acb-6a0f-89ed536b04d5,0.042,1008.98,0,emergency,2016-11-23 06:57:25,3,0,6,11,Fall,M,white,nonhispanic,10,PRIVATE,2,2,2,0,0,,0
43d3c7fe-9418-c740-1893-8c3a23747b08,43d3c7fe-9418-c740-1b8d-bd01b1e45769,0.042,3860.78,0,emergency,2016-12-18 23:12:04,0,1,23,12,Winter,M,asian,hispanic,15,PRIVATE,3,2,2,0,0,,0
185a2038-4c9a-6f44-6ad5-a66b36669678,185a2038-4c9a-6f44-cf7d-78da9583dafc,0.042,801.32,0,emergency,2025-05-28 23:59:16,3,0,23,5,Spring,F,white,nonhispanic,54,GOVERNMENT,20,4,5,7,46,147.0,0
67add3a2-8f05-8ba7-80f4-a3328fc6cac5,67add3a2-8f05-8ba7-8bca-818ce69014f4,0.042,7426.06,0,emergency,2018-10-03 20:42:34,3,0,20,10,Fall,M,black,nonhispanic,13,PRIVATE,4,2,1,0,2,481.0,0
8ba59c1e-a0d3-343b-95d7-bcd8221b3491,8ba59c1e-a0d3-343b-024a-a4a1330761cf,0.025,1229.12,0,urgentcare,2026-01-05 17:06:54,1,0,17,1,Winter,M,black,nonhispanic,85,GOVERNMENT,25,2,6,4,273,7.0,1
9240f7e0-68d5-363d-3ead-d499456563bb,9240f7e0-68d5-363d-452d-b6c22ecd75b4,0.038,797.72,0,urgentcare,2025-06-24 09:28:36,2,0,9,6,Summer,M,black,nonhispanic,51,PRIVATE,20,1,5,7,82,28.0,1
834901f2-b564-f766-8fd5-5eda82a4c225,834901f2-b564-f766-6644-b335fbbbcf2f,0.029,872.3,0,urgentcare,2023-04-07 10:57:55,5,0,10,4,Spring,M,white,nonhispanic,64,GOVERNMENT,28,2,7,2,126,7.0,1
03f6aa8f-e649-e001-97cd-ab15dd3c5e3f,03f6aa8f-e649-e001-1e1e-1853ba9b7e50,0.037,7856.35,0,urgentcare,2017-05-30 14:57:33,2,0,14,5,Spring,M,white,nonhispanic,57,PRIVATE,19,1,6,5,0,,0
cf6b2529-6cd6-c10f-7efa-413c074de64d,cf6b2529-6cd6-c10f-6aaf-79268a3af473,0.042,7810.48,0,emergency,2019-09-16 06:01:22,1,0,6,9,Fall,M,asian,nonhispanic,70,GOVERNMENT,10,2,3,1,0,,0
a47057d6-be54-ff62-8c0a-9a7bcad8467f,a47057d6-be54-ff62-c8a1-a13b8cbf64c3,0.024,723.14,0,urgentcare,2022-07-22 05:53:14,5,0,5,7,Summer,F,black,nonhispanic,63,GOVERNMENT,19,2,3,3,10,28.0,1
6842050e-26e0-68aa-422c-c8e0255236a4,6842050e-26e0-68aa-2784-d792f7e2fbd3,0.041,797.72,0,urgentcare,2025-10-12 16:27:07,0,1,16,10,Fall,M,white,nonhispanic,83,GOVERNMENT,22,2,5,2,128,7.0,1
5aa88c0b-2640-f930-6a12-d8864c3b34ef,5aa88c0b-2640-f930-8c4e-bc320be830a8,0.037,1026.5,0,urgentcare,2013-05-06 17:06:54,1,0,17,5,Spring,M,black,nonhispanic,72,GOVERNMENT,12,1,8,0,1,7.0,1
08d290f2-cacc-a5c9-d55a-f9f2fdc28a2e,08d290f2-cacc-a5c9-e3f5-d1d9063f46e5,0.042,726.74,0,emergency,1987-10-17 12:35:15,6,1,12,10,Fall,M,white,nonhispanic,65,GOVERNMENT,29,2,5,3,414,7.0,1
5f662ce7-5293-9ecd-0e68-7b673e0c7afa,5f662ce7-5293-9ecd-d28b-e5913e19634a,0.035,946.88,0,urgentcare,2024-10-19 02:21:13,6,1,2,10,Fall,F,native,nonhispanic,67,GOVERNMENT,28,1,3,9,28,119.0,0
8ba59c1e-a0d3-343b-4966-3a004165e779,8ba59c1e-a0d3-343b-024a-a4a1330761cf,0.042,585.73,0,emergency,2025-12-29 17:06:54,1,0,17,12,Winter,M,black,nonhispanic,84,GOVERNMENT,24,1,1,5,272,7.0,1
9240f7e0-68d5-363d-aa30-8dcfc2ca5d19,9240f7e0-68d5-363d-452d-b6c22ecd75b4,0.01,1123.88,0,urgentcare,2025-05-27 09:28:36,2,0,9,5,Spring,M,black,nonhispanic,51,PRIVATE,20,1,1,7,81,35.0,0
834901f2-b564-f766-5a41-d60a0e1e25ae,834901f2-b564-f766-6644-b335fbbbcf2f,0.042,875.9,0,emergency,2023-03-24 10:57:55,5,0,10,3,Spring,M,white,nonhispanic,64,GOVERNMENT,27,2,6,2,124,7.0,1
d53b5945-f75e-bef0-0f18-54d2a22e89c9,d53b5945-f75e-bef0-5eb0-b98a830a275d,0.027,872.3,0,urgentcare,2025-04-12 17:27:42,6,1,17,4,Spring,F,white,nonhispanic,57,GOVERNMENT,19,1,6,3,27,28.0,1
6d2859ee-b17f-b500-c1f8-64dd5367887c,6d2859ee-b17f-b500-ec60-e4bb736db0b6,0.029,1088.0,0,urgentcare,2018-03-13 19:29:33,2,0,19,3,Spring,F,white,nonhispanic,57,PRIVATE,26,1,7,3,13,7.0,1
e2757458-d53f-cf44-cfd7-98a47f0791b9,e2757458-d53f-cf44-64c1-685b916857b7,0.036,648.56,0,urgentcare,2025-01-27 23:15:13,1,0,23,1,Winter,M,white,nonhispanic,106,GOVERNMENT,28,1,4,6,131,14.0,1
67add3a2-8f05-8ba7-f37e-a58cd022ab17,67add3a2-8f05-8ba7-8bca-818ce69014f4,0.042,929.28,0,emergency,2017-06-02 20:42:34,5,0,20,6,Summer,M,black,nonhispanic,12,PRIVATE,6,2,7,3,0,,0
8ba59c1e-a0d3-343b-1504-ce067d1be701,8ba59c1e-a0d3-343b-024a-a4a1330761cf,0.042,1574.45,0,emergency,2025-12-22 17:06:54,1,0,17,12,Winter,M,black,nonhispanic,84,GOVERNMENT,26,2,5,5,271,7.0,1
c1261835-8407-29fa-323a-2fc65974bbc5,c1261835-8407-29fa-33c4-9d5577f2fab8,0.042,801.32,0,emergency,2019-04-19 16:21:09,5,0,16,4,Spring,M,white,nonhispanic,57,PRIVATE,21,3,6,4,8,14.0,1
1695cf26-3c31-7d9c-d0eb-95a0778798d2,1695cf26-3c31-7d9c-730d-db5b4d74d9b9,0.042,4140.89,0,emergency,2017-09-03 00:25:00,0,1,0,9,Fall,M,white,hispanic,65,GOVERNMENT,17,2,1,4,0,,0
6d2859ee-b17f-b500-d023-fd4dbf42c23d,6d2859ee-b17f-b500-ec60-e4bb736db0b6,0.042,511.04,0,emergency,2018-03-06 19:29:33,2,0,19,3,Spring,F,white,nonhispanic,57,PRIVATE,26,1,1,3,12,7.0,1
784d30f7-2406-0d20-23d7-f5381a0d8d94,784d30f7-2406-0d20-8128-3146cdf8c0e0,0.01,13688.71,0,urgentcare,2014-05-12 00:02:39,1,0,0,5,Spring,F,white,nonhispanic,51,GOVERNMENT,9,1,1,2,2,7.0,1
4ae1a1cf-a189-5397-d392-e4f549ef6aef,4ae1a1cf-a189-5397-9c5d-ee26c07b0ee5,0.042,9539.45,0,emergency,1989-01-01 23:15:13,0,1,23,1,Winter,M,white,nonhispanic,70,GOVERNMENT,15,1,1,0,5,377.0,0
a890d187-bb81-ffd0-b036-b6a161c12a81,a890d187-bb81-ffd0-2cdf-aeec12d89206,1.0,6785.12,0,inpatient,2019-01-29 15:29:59,2,0,15,1,Winter,M,white,nonhispanic,77,GOVERNMENT,17,1,12,5,2,298.8,0
834901f2-b564-f766-5f82-29bfec4f582b,834901f2-b564-f766-6644-b335fbbbcf2f,0.035,872.3,0,urgentcare,2023-03-10 10:57:55,5,0,10,3,Spring,M,white,nonhispanic,64,GOVERNMENT,27,1,6,2,122,7.0,1
08d290f2-cacc-a5c9-37c9-34f3367b52ca,08d290f2-cacc-a5c9-e3f5-d1d9063f46e5,0.042,942.44,0,emergency,1987-10-03 12:35:15,6,1,12,10,Fall,M,white,nonhispanic,65,GOVERNMENT,28,2,8,3,412,7.0,1
6d2859ee-b17f-b500-a73d-763e34a45b2b,6d2859ee-b17f-b500-ec60-e4bb736db0b6,0.042,1389.63,0,emergency,2018-02-27 19:29:33,2,0,19,2,Winter,F,white,nonhispanic,57,PRIVATE,26,2,4,3,11,7.0,1
784d30f7-2406-0d20-e7f0-c071d47f6400,784d30f7-2406-0d20-8128-3146cdf8c0e0,0.039,7876.05,0,urgentcare,2014-05-05 00:02:39,1,0,0,5,Spring,F,white,nonhispanic,51,GOVERNMENT,10,3,6,2,1,4180.0,0
78f3b19d-e937-09fd-3f25-1435200d4ef6,78f3b19d-e937-09fd-276f-5bc1e098d520,0.025,14583.65,0,urgentcare,2006-05-19 08:40:55,5,0,8,5,Spring,M,white,nonhispanic,34,PRIVATE,12,5,6,0,5,520.8,0
8ba59c1e-a0d3-343b-2b87-e8410dcfb2fa,8ba59c1e-a0d3-343b-024a-a4a1330761cf,0.031,1229.12,0,urgentcare,2025-12-08 17:06:54,1,0,17,12,Winter,M,black,nonhispanic,84,GOVERNMENT,26,2,7,5,269,7.0,1
834901f2-b564-f766-a0c5-20c2e0865267,834901f2-b564-f766-6644-b335fbbbcf2f,0.024,872.3,0,urgentcare,2023-02-24 10:57:55,5,0,10,2,Winter,M,white,nonhispanic,64,GOVERNMENT,28,2,5,2,120,7.0,1
6842050e-26e0-68aa-2536-0ebe64bc9701,6842050e-26e0-68aa-2784-d792f7e2fbd3,0.04,797.72,0,urgentcare,2025-08-31 16:27:07,0,1,16,8,Summer,M,white,nonhispanic,83,GOVERNMENT,21,1,7,3,125,21.0,1
3061f981-5f74-0cf7-d902-76a40f44dd50,3061f981-5f74-0cf7-e99e-76db0d159874,0.018,709.98,0,urgentcare,2017-07-22 00:39:18,6,1,0,7,Summer,F,black,nonhispanic,18,PRIVATE,2,1,4,1,0,,0
9240f7e0-68d5-363d-8681-fafaffb9697b,9240f7e0-68d5-363d-452d-b6c22ecd75b4,0.026,1013.42,0,urgentcare,2025-04-22 09:28:36,2,0,9,4,Spring,M,black,nonhispanic,51,PRIVATE,19,1,3,7,80,56.0,0
c1261835-8407-29fa-08fc-0138996e33a1,c1261835-8407-29fa-33c4-9d5577f2fab8,0.042,801.32,0,emergency,2019-03-22 16:21:09,5,0,16,3,Spring,M,white,nonhispanic,57,PRIVATE,19,2,5,4,5,679.0,0
74ef7c00-f5e6-5b26-2340-85f52ffe4363,74ef7c00-f5e6-5b26-5d4d-e8d3353b5125,0.042,577.58,0,emergency,2017-06-21 10:14:42,3,0,10,6,Summer,F,white,nonhispanic,23,GOVERNMENT,10,2,1,3,0,,0
08d290f2-cacc-a5c9-262c-b28bd2d3d95a,08d290f2-cacc-a5c9-e3f5-d1d9063f46e5,0.042,726.74,0,emergency,1987-09-19 12:35:15,6,1,12,9,Fall,M,white,nonhispanic,65,GOVERNMENT,28,2,4,3,410,7.0,1
6d2859ee-b17f-b500-45bb-791e5b50293a,6d2859ee-b17f-b500-ec60-e4bb736db0b6,0.042,869.77,0,emergency,2018-02-20 19:29:33,2,0,19,2,Winter,F,white,nonhispanic,57,PRIVATE,25,1,1,3,10,154.0,0
8ba59c1e-a0d3-343b-a3eb-1aee96ba7df5,8ba59c1e-a0d3-343b-024a-a4a1330761cf,0.042,1232.72,0,emergency,2025-11-24 17:06:54,1,0,17,11,Fall,M,black,nonhispanic,84,GOVERNMENT,26,3,5,5,267,7.0,1
e2757458-d53f-cf44-4fcd-3b171556ae83,e2757458-d53f-cf44-64c1-685b916857b7,0.033,1511.36,0,urgentcare,2025-01-13 23:15:13,1,0,23,1,Winter,M,white,nonhispanic,106,GOVERNMENT,27,1,4,6,130,28.0,1
2442cd5f-46ce-5327-05d5-0321734370cd,2442cd5f-46ce-5327-4751-03df511ab403,0.01,766.5,0,urgentcare,2022-06-16 23:13:40,4,0,23,6,Summer,F,white,nonhispanic,64,PRIVATE,22,1,1,5,10,7.0,1
6842050e-26e0-68aa-2806-8bdb5b9dc130,6842050e-26e0-68aa-2784-d792f7e2fbd3,0.041,1149.42,0,urgentcare,2025-08-03 16:27:07,0,1,16,8,Summer,M,white,nonhispanic,83,GOVERNMENT,22,1,6,3,123,35.0,0
834901f2-b564-f766-d0d9-a1e5db3bab4e,834901f2-b564-f766-6644-b335fbbbcf2f,0.042,1091.6,0,emergency,2023-01-27 10:57:55,5,0,10,1,Winter,M,white,nonhispanic,64,GOVERNMENT,29,3,6,2,116,7.0,1
45af71fa-3745-a0ab-7897-8d63f9ff3eaf,45af71fa-3745-a0ab-e052-9f332fcf981a,0.038,784.56,0,urgentcare,2016-10-06 11:26:06,4,0,11,10,Fall,M,white,nonhispanic,62,PRIVATE,14,2,4,0,4,6549.2,0
08d290f2-cacc-a5c9-56c0-18bfeb3468a7,08d290f2-cacc-a5c9-e3f5-d1d9063f46e5,0.042,726.74,0,emergency,1987-08-22 12:35:15,6,1,12,8,Summer,M,white,nonhispanic,65,GOVERNMENT,28,2,5,3,406,7.0,1
2442cd5f-46ce-5327-9043-98769b87e71e,2442cd5f-46ce-5327-4751-03df511ab403,0.042,942.44,0,emergency,2022-06-09 23:13:40,4,0,23,6,Summer,F,white,nonhispanic,64,PRIVATE,24,1,5,5,9,35.0,0
5f662ce7-5293-9ecd-5204-09e5d9a49e0f,5f662ce7-5293-9ecd-d28b-e5913e19634a,0.037,1008.3,0,urgentcare,2024-05-18 02:21:13,6,1,2,5,Spring,F,native,nonhispanic,67,GOVERNMENT,25,2,4,4,26,56.0,0
9240f7e0-68d5-363d-0ace-7c9564d19b83,9240f7e0-68d5-363d-452d-b6c22ecd75b4,0.025,1385.43,0,urgentcare,2025-02-25 09:28:36,2,0,9,2,Winter,M,black,nonhispanic,51,PRIVATE,20,1,5,8,79,14.0,1
1e43a258-caf4-44f5-5ccd-d641ce6aa71a,1e43a258-caf4-44f5-7e30-54213e8937f5,0.037,1191.02,0,urgentcare,2024-01-18 08:57:15,4,0,8,1,Winter,M,white,nonhispanic,54,GOVERNMENT,17,1,4,6,44,7.0,1
6842050e-26e0-68aa-0980-1015bccb40c7,6842050e-26e0-68aa-2784-d792f7e2fbd3,0.037,797.72,0,urgentcare,2025-06-29 16:27:07,0,1,16,6,Summer,M,white,nonhispanic,83,GOVERNMENT,24,2,8,3,122,28.0,1
a890d187-bb81-ffd0-2436-1058d5a24f51,a890d187-bb81-ffd0-2cdf-aeec12d89206,0.078,11536.9,0,emergency,2018-04-05 19:11:50,4,0,19,4,Spring,M,white,nonhispanic,76,GOVERNMENT,15,2,3,2,1,24360.9,0
8ba59c1e-a0d3-343b-02f8-199106e5bfef,8ba59c1e-a0d3-343b-024a-a4a1330761cf,0.026,1229.12,0,urgentcare,2025-10-27 17:06:54,1,0,17,10,Fall,M,black,nonhispanic,84,GOVERNMENT,24,2,6,5,263,28.0,1
9240f7e0-68d5-363d-39f2-c212c4065e52,9240f7e0-68d5-363d-452d-b6c22ecd75b4,0.042,801.32,0,emergency,2025-02-11 09:28:36,2,0,9,2,Winter,M,black,nonhispanic,51,PRIVATE,21,2,5,8,78,35.0,0
08d290f2-cacc-a5c9-b1d9-0554a9f9acb1,08d290f2-cacc-a5c9-e3f5-d1d9063f46e5,0.042,726.74,0,emergency,1987-08-08 12:35:15,6,1,12,8,Summer,M,white,nonhispanic,65,GOVERNMENT,27,1,8,3,404,7.0,1
4ae1a1cf-a189-5397-c1c0-43e6ba2a1f21,4ae1a1cf-a189-5397-9c5d-ee26c07b0ee5,0.027,871.06,0,urgentcare,1987-12-07 23:15:13,1,0,23,12,Winter,M,white,nonhispanic,68,GOVERNMENT,17,1,6,2,3,7.0,1
b05bbf3c-edbc-8bd0-a43d-086593457d7b,b05bbf3c-edbc-8bd0-4a00-3e5e0e390ec9,0.027,1149.42,0,urgentcare,2022-08-20 08:15:04,6,1,8,8,Summer,M,white,nonhispanic,67,GOVERNMENT,21,4,5,3,11,658.0,0
5f662ce7-5293-9ecd-85cc-99dca8897dfd,5f662ce7-5293-9ecd-d28b-e5913e19634a,0.035,1088.0,0,urgentcare,2024-03-23 02:21:13,6,1,2,3,Spring,F,native,nonhispanic,67,GOVERNMENT,24,1,7,4,25,35.0,0
185a2038-4c9a-6f44-e8bf-d88c7b5fe811,185a2038-4c9a-6f44-cf7d-78da9583dafc,0.027,797.72,0,urgentcare,2025-01-01 23:59:16,3,0,23,1,Winter,F,white,nonhispanic,54,GOVERNMENT,19,3,4,7,45,182.0,0
834901f2-b564-f766-8cd2-a441de73101f,834901f2-b564-f766-6644-b335fbbbcf2f,0.01,1040.95,0,urgentcare,2023-01-20 10:57:55,5,0,10,1,Winter,M,white,nonhispanic,64,GOVERNMENT,27,1,1,2,115,7.0,1
08d290f2-cacc-a5c9-31a0-a5303519453f,08d290f2-cacc-a5c9-e3f5-d1d9063f46e5,0.042,361.88,0,emergency,1987-08-01 12:35:15,6,1,12,8,Summer,M,white,nonhispanic,65,NO_INSURANCE,27,1,1,3,403,7.0,1
6d2859ee-b17f-b500-641c-b7d24404c177,6d2859ee-b17f-b500-ec60-e4bb736db0b6,0.01,507.44,0,urgentcare,2017-09-19 19:29:33,2,0,19,9,Fall,F,white,nonhispanic,56,PRIVATE,26,1,1,3,9,7.0,1
4ae1a1cf-a189-5397-8465-e268bc0b5955,4ae1a1cf-a189-5397-9c5d-ee26c07b0ee5,0.028,791.36,0,urgentcare,1987-11-23 23:15:13,1,0,23,11,Fall,M,white,nonhispanic,68,GOVERNMENT,16,1,2,2,1,14024.9,0
e2757458-d53f-cf44-a88a-d123b4d80d72,e2757458-d53f-cf44-64c1-685b916857b7,0.031,648.56,0,urgentcare,2024-11-11 23:15:13,1,0,23,11,Fall,M,white,nonhispanic,105,GOVERNMENT,29,2,7,6,127,7.0,1
e2757458-d53f-cf44-85ee-edcf46c698e1,e2757458-d53f-cf44-64c1-685b916857b7,0.037,648.56,0,urgentcare,2024-12-09 23:15:13,1,0,23,12,Winter,M,white,nonhispanic,105,GOVERNMENT,28,3,7,6,128,28.0,1
a47057d6-be54-ff62-a5ee-eb977d25267a,a47057d6-be54-ff62-c8a1-a13b8cbf64c3,0.028,859.14,0,urgentcare,2021-09-10 05:53:14,5,0,5,9,Fall,F,black,nonhispanic,62,GOVERNMENT,18,4,5,3,5,128.9,0
6842050e-26e0-68aa-3ae1-e96ba294be1f,6842050e-26e0-68aa-2784-d792f7e2fbd3,0.03,797.72,0,urgentcare,2025-06-01 16:27:07,0,1,16,6,Summer,M,white,nonhispanic,83,GOVERNMENT,22,2,5,3,121,28.0,1
834901f2-b564-f766-7b6e-ad31776ec858,834901f2-b564-f766-6644-b335fbbbcf2f,0.026,1088.0,0,urgentcare,2023-01-13 10:57:55,5,0,10,1,Winter,M,white,nonhispanic,64,GOVERNMENT,28,3,8,2,114,7.0,1
d53b5945-f75e-bef0-56b1-deb180134ecf,d53b5945-f75e-bef0-5eb0-b98a830a275d,0.031,872.3,0,urgentcare,2024-12-07 17:27:42,6,1,17,12,Winter,F,white,nonhispanic,56,GOVERNMENT,20,1,6,4,24,28.0,1
08d290f2-cacc-a5c9-6d20-34c0569f61e4,08d290f2-cacc-a5c9-e3f5-d1d9063f46e5,0.042,1081.64,0,emergency,1987-07-25 12:35:15,6,1,12,7,Summer,M,white,nonhispanic,65,NO_INSURANCE,28,1,3,3,402,7.0,1
6d2859ee-b17f-b500-edde-f1635cba5eb0,6d2859ee-b17f-b500-ec60-e4bb736db0b6,0.042,1735.1,0,urgentcare,2017-09-12 19:29:33,2,0,19,9,Fall,F,white,nonhispanic,56,PRIVATE,29,3,7,3,8,35.0,0
1e43a258-caf4-44f5-211f-94f379fbd086,1e43a258-caf4-44f5-7e30-54213e8937f5,0.03,797.72,0,urgentcare,2023-12-21 08:57:15,4,0,8,12,Winter,M,white,nonhispanic,53,GOVERNMENT,19,2,3,6,41,7.0,1
8ba59c1e-a0d3-343b-2492-3c10a36e4230,8ba59c1e-a0d3-343b-024a-a4a1330761cf,0.01,689.75,0,urgentcare,2025-09-29 17:06:54,1,0,17,9,Fall,M,black,nonhispanic,84,GOVERNMENT,23,1,1,4,262,7.0,1
9240f7e0-68d5-363d-c318-d9ba2013c9e4,9240f7e0-68d5-363d-452d-b6c22ecd75b4,0.022,797.72,0,urgentcare,2025-01-07 09:28:36,2,0,9,1,Winter,M,black,nonhispanic,51,PRIVATE,22,3,6,6,77,7.0,1
c1261835-8407-29fa-dc47-faff934adbae,c1261835-8407-29fa-33c4-9d5577f2fab8,0.022,797.72,0,urgentcare,2017-05-12 16:21:09,5,0,16,5,Spring,M,white,nonhispanic,55,PRIVATE,21,3,5,4,4,7.0,1
d53b5945-f75e-bef0-d28e-4360d1f8b503,d53b5945-f75e-bef0-5eb0-b98a830a275d,0.036,872.3,0,urgentcare,2024-11-09 17:27:42,6,1,17,11,Fall,F,white,nonhispanic,56,GOVERNMENT,22,3,3,3,23,147.0,0
08d290f2-cacc-a5c9-0244-7b31a6b63e10,08d290f2-cacc-a5c9-e3f5-d1d9063f46e5,0.042,726.74,0,emergency,1987-07-11 12:35:15,6,1,12,7,Summer,M,white,nonhispanic,65,NO_INSURANCE,28,1,5,3,400,7.0,1
e2757458-d53f-cf44-212f-0a03179f6000,e2757458-d53f-cf44-64c1-685b916857b7,0.01,1005.38,0,urgentcare,2024-11-04 23:15:13,1,0,23,11,Fall,M,white,nonhispanic,105,GOVERNMENT,28,1,1,6,126,14.0,1
6842050e-26e0-68aa-03e9-e9f6348a9fc9,6842050e-26e0-68aa-2784-d792f7e2fbd3,0.041,797.72,0,urgentcare,2025-05-04 16:27:07,0,1,16,5,Spring,M,white,nonhispanic,83,GOVERNMENT,24,2,6,2,120,28.0,1
8ba59c1e-a0d3-343b-072b-58a88e3ada1d,8ba59c1e-a0d3-343b-024a-a4a1330761cf,0.039,1444.82,0,urgentcare,2025-09-22 17:06:54,1,0,17,9,Fall,M,black,nonhispanic,84,GOVERNMENT,25,2,7,4,261,14.0,1
08d290f2-cacc-a5c9-a241-657b51240cad,08d290f2-cacc-a5c9-e3f5-d1d9063f46e5,0.042,726.74,0,emergency,1987-06-27 12:35:15,6,1,12,6,Summer,M,white,nonhispanic,65,NO_INSURANCE,30,2,5,3,398,7.0,1
1e43a258-caf4-44f5-8c37-b8e080595340,1e43a258-caf4-44f5-7e30-54213e8937f5,0.031,797.72,0,urgentcare,2023-12-07 08:57:15,4,0,8,12,Winter,M,white,nonhispanic,53,GOVERNMENT,18,2,4,6,39,7.0,1
e3827f66-ed30-7012-5ec8-fa2f3d89b7cc,e3827f66-ed30-7012-465b-2ddd8680652a,0.023,1013.42,0,urgentcare,2021-08-06 19:15:10,5,0,19,8,Summer,F,white,nonhispanic,63,GOVERNMENT,20,2,3,3,16,56.0,0
2442cd5f-46ce-5327-669c-46d4b7e64524,2442cd5f-46ce-5327-4751-03df511ab403,0.042,726.74,0,emergency,2022-04-28 23:13:40,4,0,23,4,Spring,F,white,nonhispanic,64,PRIVATE,23,2,5,5,7,14.0,1
6842050e-26e0-68aa-a685-edd3a88abed6,6842050e-26e0-68aa-2784-d792f7e2fbd3,0.033,797.72,0,urgentcare,2025-04-06 16:27:07,0,1,16,4,Spring,M,white,nonhispanic,83,GOVERNMENT,22,3,6,3,119,28.0,1
185a2038-4c9a-6f44-d545-84edd61eaa33,185a2038-4c9a-6f44-cf7d-78da9583dafc,0.028,797.72,0,urgentcare,2024-07-03 23:59:16,3,0,23,7,Summer,F,white,nonhispanic,53,GOVERNMENT,20,1,2,8,44,154.0,0
9240f7e0-68d5-363d-d531-4f43c211fb63,9240f7e0-68d5-363d-452d-b6c22ecd75b4,0.042,801.32,0,emergency,2024-12-24 09:28:36,2,0,9,12,Winter,M,black,nonhispanic,50,PRIVATE,21,2,6,6,75,7.0,1
c1261835-8407-29fa-0ebf-25ab1dc75e6a,c1261835-8407-29fa-33c4-9d5577f2fab8,0.01,1069.56,0,urgentcare,2017-05-05 16:21:09,5,0,16,5,Spring,M,white,nonhispanic,55,PRIVATE,19,1,1,4,3,7.0,1
08d290f2-cacc-a5c9-939d-c4b67cad0452,08d290f2-cacc-a5c9-e3f5-d1d9063f46e5,0.01,358.28,0,urgentcare,1987-06-20 12:35:15,6,1,12,6,Summer,M,white,nonhispanic,65,NO_INSURANCE,29,1,1,3,397,7.0,1
1e43a258-caf4-44f5-baae-966c1ff37e30,1e43a258-caf4-44f5-7e30-54213e8937f5,0.034,797.72,0,urgentcare,2023-11-23 08:57:15,4,0,8,11,Fall,M,white,nonhispanic,53,GOVERNMENT,18,1,3,6,37,7.0,1
2442cd5f-46ce-5327-661c-d1f5a3fa701b,2442cd5f-46ce-5327-4751-03df511ab403,0.039,938.84,0,urgentcare,2022-04-14 23:13:40,4,0,23,4,Spring,F,white,nonhispanic,64,PRIVATE,24,1,7,5,6,7.0,1
a47057d6-be54-ff62-04af-d573c054c246,a47057d6-be54-ff62-c8a1-a13b8cbf64c3,0.042,11655.46,0,emergency,2021-05-04 06:37:00,2,0,6,5,Spring,F,black,nonhispanic,62,GOVERNMENT,16,2,3,4,4,143.0,0
8ba59c1e-a0d3-343b-1b18-69b3707f1971,8ba59c1e-a0d3-343b-024a-a4a1330761cf,0.025,1680.48,0,urgentcare,2025-09-08 17:06:54,1,0,17,9,Fall,M,black,nonhispanic,84,GOVERNMENT,25,1,7,4,260,42.0,0
c1261835-8407-29fa-7728-c0881d39c3f7,c1261835-8407-29fa-33c4-9d5577f2fab8,0.031,1149.42,0,urgentcare,2017-04-28 16:21:09,5,0,16,4,Spring,M,white,nonhispanic,55,PRIVATE,19,2,4,4,2,539.0,0
834901f2-b564-f766-81da-49d6d467cb29,834901f2-b564-f766-6644-b335fbbbcf2f,0.01,1154.54,0,urgentcare,2022-12-23 10:57:55,5,0,10,12,Winter,M,white,nonhispanic,63,GOVERNMENT,26,1,1,2,112,7.0,1
08d290f2-cacc-a5c9-2af1-e395d786dbc5,08d290f2-cacc-a5c9-e3f5-d1d9063f46e5,0.026,968.39,0,urgentcare,1987-06-13 12:35:15,6,1,12,6,Summer,M,white,nonhispanic,65,NO_INSURANCE,30,2,5,3,396,7.0,1
e2757458-d53f-cf44-a5cd-71048c991f40,e2757458-d53f-cf44-64c1-685b916857b7,0.042,877.88,0,emergency,2024-10-14 23:15:13,1,0,23,10,Fall,M,white,nonhispanic,105,GOVERNMENT,28,1,7,6,124,35.0,0
2442cd5f-46ce-5327-cf8b-736c1d91f4e8,2442cd5f-46ce-5327-4751-03df511ab403,0.042,862.74,0,emergency,2022-03-31 23:13:40,4,0,23,3,Spring,F,white,nonhispanic,64,PRIVATE,25,1,2,5,4,108.9,0
9240f7e0-68d5-363d-bbe5-750a09205213,9240f7e0-68d5-363d-452d-b6c22ecd75b4,0.026,797.72,0,urgentcare,2024-12-10 09:28:36,2,0,9,12,Winter,M,black,nonhispanic,50,PRIVATE,20,1,5,6,73,7.0,1
834901f2-b564-f766-245e-66e5751193c7,834901f2-b564-f766-6644-b335fbbbcf2f,0.023,1109.94,0,urgentcare,2022-12-16 10:57:55,5,0,10,12,Winter,M,white,nonhispanic,63,GOVERNMENT,28,3,6,2,111,7.0,1
6d2859ee-b17f-b500-a678-2deca734c028,6d2859ee-b17f-b500-ec60-e4bb736db0b6,0.024,1088.0,0,urgentcare,2017-08-08 19:29:33,2,0,19,8,Summer,F,white,nonhispanic,56,PRIVATE,28,3,3,3,7,14.0,1
1e43a258-caf4-44f5-5e13-e46b652edd54,1e43a258-caf4-44f5-7e30-54213e8937f5,0.031,1013.42,0,urgentcare,2023-11-09 08:57:15,4,0,8,11,Fall,M,white,nonhispanic,53,GOVERNMENT,19,1,5,6,35,7.0,1
e2757458-d53f-cf44-47f6-4617ffdfcb93,e2757458-d53f-cf44-64c1-685b916857b7,0.023,864.26,0,urgentcare,2024-09-09 23:15:13,1,0,23,9,Fall,M,white,nonhispanic,105,GOVERNMENT,30,2,6,5,123,7.0,1
e3827f66-ed30-7012-317b-8f366cf078e1,e3827f66-ed30-7012-465b-2ddd8680652a,0.038,1660.52,0,urgentcare,2021-06-11 19:15:10,5,0,19,6,Summer,F,white,nonhispanic,63,GOVERNMENT,21,2,4,3,15,231.0,0
9240f7e0-68d5-363d-35c0-f66fcf1cbbe8,9240f7e0-68d5-363d-452d-b6c22ecd75b4,0.042,801.32,0,emergency,2024-11-26 09:28:36,2,0,9,11,Fall,M,black,nonhispanic,50,PRIVATE,20,1,3,6,71,7.0,1
6842050e-26e0-68aa-9566-ce73a0c2f271,6842050e-26e0-68aa-2784-d792f7e2fbd3,0.042,801.32,0,emergency,2025-01-12 16:27:07,0,1,16,1,Winter,M,white,nonhispanic,83,GOVERNMENT,24,2,2,5,115,28.0,1
9240f7e0-68d5-363d-032d-13ae2b6edd80,9240f7e0-68d5-363d-452d-b6c22ecd75b4,0.041,797.72,0,urgentcare,2024-11-12 09:28:36,2,0,9,11,Fall,M,black,nonhispanic,50,PRIVATE,20,2,4,6,69,7.0,1
08d290f2-cacc-a5c9-d8fc-f33a53351024,08d290f2-cacc-a5c9-e3f5-d1d9063f46e5,0.042,1589.54,0,emergency,1987-05-30 12:35:15,6,1,12,5,Spring,M,white,nonhispanic,65,NO_INSURANCE,28,1,2,3,394,7.0,1
1e43a258-caf4-44f5-b9cc-cefee1417c0f,1e43a258-caf4-44f5-7e30-54213e8937f5,0.03,1013.42,0,urgentcare,2023-10-26 08:57:15,4,0,8,10,Fall,M,white,nonhispanic,53,GOVERNMENT,19,2,7,6,33,7.0,1
f9bc063f-72ba-e0e0-0be6-ad6f07d5734b,f9bc063f-72ba-e0e0-b2c1-46eaf93cb284,1.0,51433.04,0,inpatient,2020-09-17 08:20:39,4,0,8,9,Fall,F,white,nonhispanic,62,GOVERNMENT,21,1,23,7,1,42.0,0
8ba59c1e-a0d3-343b-3faf-02c8098c5bb6,8ba59c1e-a0d3-343b-024a-a4a1330761cf,0.031,797.72,0,urgentcare,2025-07-21 17:06:54,1,0,17,7,Summer,M,black,nonhispanic,84,GOVERNMENT,27,2,7,4,258,7.0,1
834901f2-b564-f766-864b-5b1d47f13791,834901f2-b564-f766-6644-b335fbbbcf2f,0.01,507.44,0,urgentcare,2022-12-09 10:57:55,5,0,10,12,Winter,M,white,nonhispanic,63,GOVERNMENT,26,1,1,2,110,7.0,1
08d290f2-cacc-a5c9-f50e-79704a5aaeda,08d290f2-cacc-a5c9-e3f5-d1d9063f46e5,0.01,418.72,0,urgentcare,1987-05-23 12:35:15,6,1,12,5,Spring,M,white,nonhispanic,65,NO_INSURANCE,28,1,1,3,393,7.0,1
6d2859ee-b17f-b500-338e-ec511263cdec,6d2859ee-b17f-b500-ec60-e4bb736db0b6,0.027,872.3,0,urgentcare,2017-07-25 19:29:33,2,0,19,7,Summer,F,white,nonhispanic,56,PRIVATE,26,2,7,3,6,7.0,1
9240f7e0-68d5-363d-8618-7a3e90cf63e9,9240f7e0-68d5-363d-452d-b6c22ecd75b4,0.042,547.97,0,emergency,2024-11-05 09:28:36,2,0,9,11,Fall,M,black,nonhispanic,50,PRIVATE,19,1,1,6,68,7.0,1
08d290f2-cacc-a5c9-a92d-22e4723f791f,08d290f2-cacc-a5c9-e3f5-d1d9063f46e5,0.042,726.74,0,emergency,1987-05-02 12:35:15,6,1,12,5,Spring,M,white,nonhispanic,65,NO_INSURANCE,30,1,3,3,391,7.0,1
e2757458-d53f-cf44-80aa-3b6541b46bf1,e2757458-d53f-cf44-64c1-685b916857b7,0.031,864.26,0,urgentcare,2024-08-26 23:15:13,1,0,23,8,Summer,M,white,nonhispanic,105,GOVERNMENT,29,4,6,5,121,35.0,0
8ba59c1e-a0d3-343b-83f5-cee9a76516fa,8ba59c1e-a0d3-343b-024a-a4a1330761cf,0.027,933.72,0,urgentcare,2025-07-07 17:06:54,1,0,17,7,Summer,M,black,nonhispanic,84,GOVERNMENT,27,4,5,4,256,28.0,1
9240f7e0-68d5-363d-b5a9-b910ced6ca71,9240f7e0-68d5-363d-452d-b6c22ecd75b4,0.042,1221.3,0,emergency,2024-10-29 09:28:36,2,0,9,10,Fall,M,black,nonhispanic,50,PRIVATE,20,2,4,6,67,7.0,1
834901f2-b564-f766-af9e-d71154a1cd1b,834901f2-b564-f766-6644-b335fbbbcf2f,0.025,1088.0,0,urgentcare,2022-11-04 10:57:55,5,0,10,11,Fall,M,white,nonhispanic,63,GOVERNMENT,26,1,4,2,105,7.0,1
08d290f2-cacc-a5c9-4e71-7865e82f8d95,08d290f2-cacc-a5c9-e3f5-d1d9063f46e5,0.042,726.74,0,emergency,1987-04-18 12:35:15,6,1,12,4,Spring,M,white,nonhispanic,65,NO_INSURANCE,30,1,5,3,389,7.0,1
6d2859ee-b17f-b500-804d-9c14d9a73549,6d2859ee-b17f-b500-ec60-e4bb736db0b6,0.01,1154.54,0,urgentcare,2017-07-18 19:29:33,2,0,19,7,Summer,F,white,nonhispanic,56,PRIVATE,25,1,1,3,5,7.0,1
1e43a258-caf4-44f5-b866-e1d701ba9592,1e43a258-caf4-44f5-7e30-54213e8937f5,0.034,1564.16,0,urgentcare,2023-09-28 08:57:15,4,0,8,9,Fall,M,white,nonhispanic,53,GOVERNMENT,19,4,8,7,29,77.0,0
6842050e-26e0-68aa-1934-4ef1a1b2782e,6842050e-26e0-68aa-2784-d792f7e2fbd3,0.04,1013.42,0,urgentcare,2024-12-15 16:27:07,0,1,16,12,Winter,M,white,nonhispanic,82,GOVERNMENT,22,2,6,2,114,7.0,1
834901f2-b564-f766-5649-38e78a3e876f,834901f2-b564-f766-6644-b335fbbbcf2f,0.024,872.3,0,urgentcare,2022-10-07 10:57:55,5,0,10,10,Fall,M,white,nonhispanic,63,GOVERNMENT,27,2,6,2,101,7.0,1
08d290f2-cacc-a5c9-44e9-6863405960ff,08d290f2-cacc-a5c9-e3f5-d1d9063f46e5,0.042,726.74,0,emergency,1987-04-04 12:35:15,6,1,12,4,Spring,M,white,nonhispanic,65,NO_INSURANCE,29,1,2,3,387,7.0,1
6d2859ee-b17f-b500-e0ef-a152e68045d4,6d2859ee-b17f-b500-ec60-e4bb736db0b6,0.042,1227.6,0,emergency,2017-07-11 19:29:33,2,0,19,7,Summer,F,white,nonhispanic,56,PRIVATE,25,2,7,3,4,1883.0,0
a47057d6-be54-ff62-0b9e-9c1f395ef284,a47057d6-be54-ff62-c8a1-a13b8cbf64c3,9.028,26008.89,1,inpatient,2020-12-03 06:34:59,4,0,6,12,Winter,F,black,nonhispanic,61,GOVERNMENT,20,4,3,0,3,277.0,0
08d290f2-cacc-a5c9-0e10-fdb9731b1891,08d290f2-cacc-a5c9-e3f5-d1d9063f46e5,0.042,726.74,0,emergency,1987-03-21 12:35:15,6,1,12,3,Spring,M,white,nonhispanic,65,NO_INSURANCE,29,2,5,3,385,7.0,1
e2757458-d53f-cf44-1f47-e803afde5b42,e2757458-d53f-cf44-64c1-685b916857b7,0.025,648.56,0,urgentcare,2024-07-15 23:15:13,1,0,23,7,Summer,M,white,nonhispanic,105,GOVERNMENT,27,1,6,5,119,42.0,0
e3827f66-ed30-7012-fd3e-3d7b069f8e16,e3827f66-ed30-7012-465b-2ddd8680652a,0.024,797.72,0,urgentcare,2020-10-23 19:15:10,5,0,19,10,Fall,F,white,nonhispanic,62,GOVERNMENT,23,2,3,3,14,7.0,1
9240f7e0-68d5-363d-0107-4c8f5a13f6f1,9240f7e0-68d5-363d-452d-b6c22ecd75b4,0.042,1110.01,0,emergency,2024-10-15 09:28:36,2,0,9,10,Fall,M,black,nonhispanic,50,PRIVATE,20,1,6,6,65,49.0,0
763b2a21-a1cb-05b6-05e0-89fdea2c3b5c,763b2a21-a1cb-05b6-2d43-09d45422098f,0.023,938.84,0,urgentcare,2017-07-02 20:33:03,0,1,20,7,Summer,F,black,nonhispanic,49,PRIVATE,16,1,2,2,5,28.0,1
2442cd5f-46ce-5327-e998-fb461e740d00,2442cd5f-46ce-5327-4751-03df511ab403,0.042,16125.04,0,emergency,2021-12-12 23:50:52,0,1,23,12,Winter,F,white,nonhispanic,63,PRIVATE,23,2,1,0,3,346.0,0
5f662ce7-5293-9ecd-be25-15794633b2db,5f662ce7-5293-9ecd-d28b-e5913e19634a,0.027,872.3,0,urgentcare,2023-05-20 02:21:13,6,1,2,5,Spring,F,native,nonhispanic,66,GOVERNMENT,27,2,7,4,22,56.0,0
6842050e-26e0-68aa-e35b-e279eb8083ee,6842050e-26e0-68aa-2784-d792f7e2fbd3,0.042,801.32,0,emergency,2024-11-03 16:27:07,0,1,16,11,Fall,M,white,nonhispanic,82,GOVERNMENT,24,2,8,2,109,14.0,1
834901f2-b564-f766-26e5-43b14efd6528,834901f2-b564-f766-6644-b335fbbbcf2f,0.042,1533.9,0,emergency,2022-09-23 10:57:55,5,0,10,9,Fall,M,white,nonhispanic,63,GOVERNMENT,28,2,8,2,99,7.0,1
08d290f2-cacc-a5c9-8530-2f5e3dcb4549,08d290f2-cacc-a5c9-e3f5-d1d9063f46e5,0.042,726.74,0,emergency,1987-03-07 12:35:15,6,1,12,3,Spring,M,white,nonhispanic,65,NO_INSURANCE,28,2,4,3,383,7.0,1
f9bc063f-72ba-e0e0-c249-dbc52b1008b1,f9bc063f-72ba-e0e0-b2c1-46eaf93cb284,0.023,1082.88,0,urgentcare,2020-08-06 08:20:39,4,0,8,8,Summer,F,white,nonhispanic,62,GOVERNMENT,20,3,2,3,0,,0
185a2038-4c9a-6f44-32f9-5d4e2b03a65d,185a2038-4c9a-6f44-cf7d-78da9583dafc,0.023,1573.46,0,urgentcare,2024-01-31 23:59:16,3,0,23,1,Winter,F,white,nonhispanic,53,GOVERNMENT,19,2,7,6,43,28.0,1
8ba59c1e-a0d3-343b-e6a4-b98cc15f23fa,8ba59c1e-a0d3-343b-024a-a4a1330761cf,0.032,1538.97,0,urgentcare,2025-06-02 17:06:54,1,0,17,6,Summer,M,black,nonhispanic,84,GOVERNMENT,27,3,9,5,254,28.0,1
e2757458-d53f-cf44-2c58-e5ff06939831,e2757458-d53f-cf44-64c1-685b916857b7,0.038,864.26,0,urgentcare,2024-06-03 23:15:13,1,0,23,6,Summer,M,white,nonhispanic,105,GOVERNMENT,27,1,5,6,118,28.0,1
6842050e-26e0-68aa-8247-c185a283b932,6842050e-26e0-68aa-2784-d792f7e2fbd3,0.031,797.72,0,urgentcare,2024-10-20 16:27:07,0,1,16,10,Fall,M,white,nonhispanic,82,GOVERNMENT,23,2,7,2,108,7.0,1
e3827f66-ed30-7012-7519-055a5df8c3ed,e3827f66-ed30-7012-465b-2ddd8680652a,0.03,1013.42,0,urgentcare,2020-10-09 19:15:10,5,0,19,10,Fall,F,white,nonhispanic,62,GOVERNMENT,23,2,3,3,12,7.0,1
834901f2-b564-f766-5cf4-645719dfeab0,834901f2-b564-f766-6644-b335fbbbcf2f,0.031,1008.3,0,urgentcare,2022-09-09 10:57:55,5,0,10,9,Fall,M,white,nonhispanic,63,GOVERNMENT,27,2,4,2,97,7.0,1
08d290f2-cacc-a5c9-2568-84a945a2c735,08d290f2-cacc-a5c9-e3f5-d1d9063f46e5,0.042,726.74,0,emergency,1987-02-21 12:35:15,6,1,12,2,Winter,M,white,nonhispanic,65,NO_INSURANCE,28,1,5,3,381,7.0,1
9240f7e0-68d5-363d-ed2b-b0777d77e2c1,9240f7e0-68d5-363d-452d-b6c22ecd75b4,0.027,1013.42,0,urgentcare,2024-08-27 09:28:36,2,0,9,8,Summer,M,black,nonhispanic,50,PRIVATE,20,2,4,6,64,56.0,0
08d290f2-cacc-a5c9-b99b-a2e733b3b884,08d290f2-cacc-a5c9-e3f5-d1d9063f46e5,0.01,521.09,0,urgentcare,1987-02-14 12:35:15,6,1,12,2,Winter,M,white,nonhispanic,65,NO_INSURANCE,28,1,1,3,380,7.0,1
6842050e-26e0-68aa-0eeb-3edc7c90958e,6842050e-26e0-68aa-2784-d792f7e2fbd3,0.042,801.32,0,emergency,2024-10-06 16:27:07,0,1,16,10,Fall,M,white,nonhispanic,82,GOVERNMENT,24,1,3,2,106,7.0,1
e3827f66-ed30-7012-6266-9be9516297c7,e3827f66-ed30-7012-465b-2ddd8680652a,0.042,801.32,0,emergency,2020-09-25 19:15:10,5,0,19,9,Fall,F,white,nonhispanic,62,GOVERNMENT,22,2,4,3,10,7.0,1
185a2038-4c9a-6f44-7f17-757121b241d6,185a2038-4c9a-6f44-cf7d-78da9583dafc,0.03,797.72,0,urgentcare,2024-01-03 23:59:16,3,0,23,1,Winter,F,white,nonhispanic,53,GOVERNMENT,20,2,4,6,42,28.0,1
8ba59c1e-a0d3-343b-0793-0be91ba7f978,8ba59c1e-a0d3-343b-024a-a4a1330761cf,0.013,723.14,0,urgentcare,2025-04-07 17:06:54,1,0,17,4,Spring,M,black,nonhispanic,84,GOVERNMENT,26,1,1,5,252,7.0,1
763b2a21-a1cb-05b6-e3d6-92b5d240b43e,763b2a21-a1cb-05b6-2d43-09d45422098f,0.042,960.53,0,emergency,2017-05-28 20:33:03,0,1,20,5,Spring,F,black,nonhispanic,49,PRIVATE,16,5,7,2,3,14.0,1
834901f2-b564-f766-a151-2dca5a84bcca,834901f2-b564-f766-6644-b335fbbbcf2f,0.04,872.3,0,urgentcare,2022-08-12 10:57:55,5,0,10,8,Summer,M,white,nonhispanic,63,GOVERNMENT,26,2,7,2,93,7.0,1
08d290f2-cacc-a5c9-2460-5476fe5d82b8,08d290f2-cacc-a5c9-e3f5-d1d9063f46e5,0.042,1725.54,0,emergency,1987-02-07 12:35:15,6,1,12,2,Winter,M,white,nonhispanic,65,NO_INSURANCE,28,1,5,3,379,7.0,1
a47057d6-be54-ff62-f721-e7a5605114b7,a47057d6-be54-ff62-c8a1-a13b8cbf64c3,0.042,8466.02,0,emergency,2020-03-01 06:13:37,0,1,6,3,Spring,F,black,nonhispanic,61,GOVERNMENT,17,2,1,3,2,8008.9,0
8ba59c1e-a0d3-343b-c82b-3fdfd511c8a0,8ba59c1e-a0d3-343b-024a-a4a1330761cf,0.038,1013.42,0,urgentcare,2025-03-31 17:06:54,1,0,17,3,Spring,M,black,nonhispanic,84,GOVERNMENT,27,2,7,5,251,28.0,1
08d290f2-cacc-a5c9-6bab-8d4e8e5c96b5,08d290f2-cacc-a5c9-e3f5-d1d9063f46e5,0.042,361.88,0,emergency,1987-01-31 12:35:15,6,1,12,1,Winter,M,white,nonhispanic,65,NO_INSURANCE,28,1,1,3,378,7.0,1
e2757458-d53f-cf44-edb0-9e850b88c798,e2757458-d53f-cf44-64c1-685b916857b7,0.023,648.56,0,urgentcare,2024-03-18 23:15:13,1,0,23,3,Spring,M,white,nonhispanic,105,GOVERNMENT,29,3,5,6,114,35.0,0
185a2038-4c9a-6f44-ff9a-ba3d7d63659b,185a2038-4c9a-6f44-cf7d-78da9583dafc,0.032,797.72,0,urgentcare,2023-12-06 23:59:16,3,0,23,12,Winter,F,white,nonhispanic,52,GOVERNMENT,19,3,4,6,41,63.0,0
834901f2-b564-f766-d85f-52de0f3f6d8e,834901f2-b564-f766-6644-b335fbbbcf2f,0.042,950.48,0,emergency,2022-07-29 10:57:55,5,0,10,7,Summer,M,white,nonhispanic,63,GOVERNMENT,26,1,4,2,91,7.0,1
d53b5945-f75e-bef0-6c7a-c9a4d952dfbc,d53b5945-f75e-bef0-5eb0-b98a830a275d,0.022,1278.0,0,urgentcare,2024-02-17 17:27:42,6,1,17,2,Winter,F,white,nonhispanic,56,GOVERNMENT,21,3,4,4,20,63.0,0
08d290f2-cacc-a5c9-3be9-cea7940efbbe,08d290f2-cacc-a5c9-e3f5-d1d9063f46e5,0.039,1093.18,0,urgentcare,1987-01-24 12:35:15,6,1,12,1,Winter,M,white,nonhispanic,65,NO_INSURANCE,28,2,4,3,377,7.0,1
834901f2-b564-f766-1995-acf6c6e46f3e,834901f2-b564-f766-6644-b335fbbbcf2f,0.042,875.9,0,emergency,2022-07-15 10:57:55,5,0,10,7,Summer,M,white,nonhispanic,63,GOVERNMENT,26,1,5,2,89,7.0,1
5f662ce7-5293-9ecd-baf1-bd3e437cefb0,5f662ce7-5293-9ecd-d28b-e5913e19634a,0.041,1088.0,0,urgentcare,2023-03-25 02:21:13,6,1,2,3,Spring,F,native,nonhispanic,66,GOVERNMENT,24,2,6,5,21,28.0,1
6842050e-26e0-68aa-2a4a-e63fe1963547,6842050e-26e0-68aa-2784-d792f7e2fbd3,0.01,793.69,0,urgentcare,2024-09-15 16:27:07,0,1,16,9,Fall,M,white,nonhispanic,82,GOVERNMENT,23,1,1,2,104,7.0,1
8ba59c1e-a0d3-343b-f0c9-e163cf94e696,8ba59c1e-a0d3-343b-024a-a4a1330761cf,0.013,1585.94,0,urgentcare,2025-03-03 17:06:54,1,0,17,3,Spring,M,black,nonhispanic,84,GOVERNMENT,27,1,2,4,250,7.0,1
08d290f2-cacc-a5c9-8329-f1503949b469,08d290f2-cacc-a5c9-e3f5-d1d9063f46e5,0.042,726.74,0,emergency,1987-01-10 12:35:15,6,1,12,1,Winter,M,white,nonhispanic,65,NO_INSURANCE,29,2,7,3,375,7.0,1
6842050e-26e0-68aa-6076-6c03ca0a003a,6842050e-26e0-68aa-2784-d792f7e2fbd3,0.042,1173.47,0,emergency,2024-09-08 16:27:07,0,1,16,9,Fall,M,white,nonhispanic,82,GOVERNMENT,23,1,8,2,103,14.0,1
8ba59c1e-a0d3-343b-def9-a1bb43ca7657,8ba59c1e-a0d3-343b-024a-a4a1330761cf,0.042,1017.02,0,emergency,2025-02-24 17:06:54,1,0,17,2,Winter,M,black,nonhispanic,84,GOVERNMENT,28,2,6,4,249,7.0,1
763b2a21-a1cb-05b6-a8bc-e18ee0ffa1c7,763b2a21-a1cb-05b6-2d43-09d45422098f,0.024,723.14,0,urgentcare,2017-05-14 20:33:03,0,1,20,5,Spring,F,black,nonhispanic,49,PRIVATE,13,2,3,2,2,14.0,1
834901f2-b564-f766-c487-4b3632f06246,834901f2-b564-f766-6644-b335fbbbcf2f,0.042,1091.6,0,emergency,2022-07-01 10:57:55,5,0,10,7,Summer,M,white,nonhispanic,63,GOVERNMENT,26,1,5,2,87,7.0,1
e2757458-d53f-cf44-b82d-c551a0277e93,e2757458-d53f-cf44-64c1-685b916857b7,0.039,648.56,0,urgentcare,2024-02-12 23:15:13,1,0,23,2,Winter,M,white,nonhispanic,105,GOVERNMENT,27,2,3,6,113,7.0,1
185a2038-4c9a-6f44-2b4f-69cd7a275723,185a2038-4c9a-6f44-cf7d-78da9583dafc,0.034,1721.94,0,urgentcare,2023-10-04 23:59:16,3,0,23,10,Fall,F,white,nonhispanic,52,GOVERNMENT,19,1,3,6,40,28.0,1
834901f2-b564-f766-fa66-e68576c5ea1c,834901f2-b564-f766-6644-b335fbbbcf2f,0.042,875.9,0,emergency,2022-06-17 10:57:55,5,0,10,6,Summer,M,white,nonhispanic,63,GOVERNMENT,26,1,4,2,85,7.0,1
08d290f2-cacc-a5c9-ca50-aa5e682de903,08d290f2-cacc-a5c9-e3f5-d1d9063f46e5,0.042,726.74,0,emergency,1986-12-27 12:35:15,6,1,12,12,Winter,M,white,nonhispanic,64,NO_INSURANCE,29,1,7,3,373,7.0,1
6842050e-26e0-68aa-add2-b82f6bac5c91,6842050e-26e0-68aa-2784-d792f7e2fbd3,0.024,1026.15,0,urgentcare,2024-08-25 16:27:07,0,1,16,8,Summer,M,white,nonhispanic,82,GOVERNMENT,23,1,8,2,102,7.0,1
8ba59c1e-a0d3-343b-9b79-5aecfc1aecdf,8ba59c1e-a0d3-343b-024a-a4a1330761cf,0.012,723.14,0,urgentcare,2025-02-17 17:06:54,1,0,17,2,Winter,M,black,nonhispanic,84,GOVERNMENT,26,1,1,4,248,7.0,1
9240f7e0-68d5-363d-1586-72530e59b6c5,9240f7e0-68d5-363d-452d-b6c22ecd75b4,0.039,797.72,0,urgentcare,2024-02-27 09:28:36,2,0,9,2,Winter,M,black,nonhispanic,50,PRIVATE,21,3,4,6,61,84.0,0
763b2a21-a1cb-05b6-14e8-a14f15ed30ca,763b2a21-a1cb-05b6-2d43-09d45422098f,0.042,801.32,0,emergency,2017-04-30 20:33:03,0,1,20,4,Spring,F,black,nonhispanic,49,PRIVATE,13,3,5,2,1,4877.6,0
d53b5945-f75e-bef0-fd16-e79f16ea9510,d53b5945-f75e-bef0-5eb0-b98a830a275d,0.04,1133.32,0,urgentcare,2023-12-16 17:27:42,6,1,17,12,Winter,F,white,nonhispanic,55,GOVERNMENT,21,3,5,4,19,28.0,1
08d290f2-cacc-a5c9-94f2-011c36e9458d,08d290f2-cacc-a5c9-e3f5-d1d9063f46e5,0.028,723.14,0,urgentcare,1986-12-13 12:35:15,6,1,12,12,Winter,M,white,nonhispanic,64,NO_INSURANCE,29,1,7,3,371,7.0,1
5f662ce7-5293-9ecd-0f22-5865f20b052e,5f662ce7-5293-9ecd-d28b-e5913e19634a,0.031,1093.87,0,urgentcare,2023-02-25 02:21:13,6,1,2,2,Winter,F,native,nonhispanic,66,GOVERNMENT,25,1,7,5,20,28.0,1
6842050e-26e0-68aa-07cc-e2c0bba051d8,6842050e-26e0-68aa-2784-d792f7e2fbd3,0.042,801.32,0,emergency,2024-08-11 16:27:07,0,1,16,8,Summer,M,white,nonhispanic,82,GOVERNMENT,24,3,4,2,100,7.0,1
e3827f66-ed30-7012-8944-9a3c19c69184,e3827f66-ed30-7012-465b-2ddd8680652a,0.031,797.72,0,urgentcare,2020-06-12 19:15:10,5,0,19,6,Summer,F,white,nonhispanic,62,GOVERNMENT,20,1,3,3,8,28.0,1
8ba59c1e-a0d3-343b-3c08-05539a649462,8ba59c1e-a0d3-343b-024a-a4a1330761cf,0.027,1013.42,0,urgentcare,2025-02-10 17:06:54,1,0,17,2,Winter,M,black,nonhispanic,84,GOVERNMENT,27,2,7,4,247,28.0,1
e1427e77-bf8e-3fe9-c945-edde2d9dee48,e1427e77-bf8e-3fe9-6940-d1e05578f369,0.04,723.14,0,urgentcare,2019-01-04 02:56:56,5,0,2,1,Winter,F,white,hispanic,69,GOVERNMENT,19,2,4,2,4,7.0,1
e3827f66-ed30-7012-6b5d-17e1d5ed8d04,e3827f66-ed30-7012-465b-2ddd8680652a,0.024,1660.52,0,urgentcare,2020-05-15 19:15:10,5,0,19,5,Spring,F,white,nonhispanic,62,GOVERNMENT,20,1,3,3,7,651.0,0
185a2038-4c9a-6f44-eca6-f597a2c3a96a,185a2038-4c9a-6f44-cf7d-78da9583dafc,0.025,1364.36,0,urgentcare,2023-09-06 23:59:16,3,0,23,9,Fall,F,white,nonhispanic,52,GOVERNMENT,18,3,3,6,39,28.0,1
834901f2-b564-f766-3954-6f4681ae357a,834901f2-b564-f766-6644-b335fbbbcf2f,0.042,1091.6,0,emergency,2022-04-22 10:57:55,5,0,10,4,Spring,M,white,nonhispanic,63,GOVERNMENT,27,2,8,2,77,7.0,1
08d290f2-cacc-a5c9-24b5-fbc7532b3334,08d290f2-cacc-a5c9-e3f5-d1d9063f46e5,0.042,1472.96,0,emergency,1986-11-29 12:35:15,6,1,12,11,Fall,M,white,nonhispanic,64,NO_INSURANCE,30,3,4,3,369,7.0,1
e2757458-d53f-cf44-637f-4f20410d9360,e2757458-d53f-cf44-64c1-685b916857b7,0.04,723.14,0,urgentcare,2023-12-11 23:15:13,1,0,23,12,Winter,M,white,nonhispanic,104,GOVERNMENT,27,1,6,5,109,91.0,0
5f662ce7-5293-9ecd-c728-55a20e02f895,5f662ce7-5293-9ecd-d28b-e5913e19634a,0.032,872.3,0,urgentcare,2023-01-28 02:21:13,6,1,2,1,Winter,F,native,nonhispanic,66,GOVERNMENT,26,1,4,5,19,133.0,0
d53b5945-f75e-bef0-6a4a-e88786cd0760,d53b5945-f75e-bef0-5eb0-b98a830a275d,0.031,872.3,0,urgentcare,2023-11-18 17:27:42,6,1,17,11,Fall,F,white,nonhispanic,55,GOVERNMENT,20,2,7,3,18,35.0,0
e1427e77-bf8e-3fe9-d40e-e27facabc499,e1427e77-bf8e-3fe9-6940-d1e05578f369,0.01,946.97,0,urgentcare,2018-12-28 02:56:56,5,0,2,12,Winter,F,white,hispanic,68,GOVERNMENT,18,1,1,2,3,7.0,1
b05bbf3c-edbc-8bd0-c62f-c814da69c21a,b05bbf3c-edbc-8bd0-4a00-3e5e0e390ec9,0.034,1660.52,0,urgentcare,2019-06-08 08:15:04,6,1,8,6,Summer,M,white,nonhispanic,64,PRIVATE,19,3,5,3,9,392.0,0
e1427e77-bf8e-3fe9-718c-c6b183963df1,e1427e77-bf8e-3fe9-6940-d1e05578f369,0.026,1074.84,0,urgentcare,2018-12-21 02:56:56,5,0,2,12,Winter,F,white,hispanic,68,GOVERNMENT,19,3,8,2,2,504.0,0
6842050e-26e0-68aa-748e-170ce665cf97,6842050e-26e0-68aa-2784-d792f7e2fbd3,0.042,1017.02,0,emergency,2024-07-14 16:27:07,0,1,16,7,Summer,M,white,nonhispanic,82,GOVERNMENT,24,2,7,2,96,7.0,1
185a2038-4c9a-6f44-f7bc-afe8c6694188,185a2038-4c9a-6f44-cf7d-78da9583dafc,0.04,1585.94,0,urgentcare,2023-08-09 23:59:16,3,0,23,8,Summer,F,white,nonhispanic,52,GOVERNMENT,17,2,4,6,38,91.0,0
8ba59c1e-a0d3-343b-1786-da2c21ff0e4d,8ba59c1e-a0d3-343b-024a-a4a1330761cf,0.028,1660.52,0,urgentcare,2025-01-13 17:06:54,1,0,17,1,Winter,M,black,nonhispanic,84,GOVERNMENT,27,2,5,3,246,7.0,1
834901f2-b564-f766-f1de-4b805a5dd5fd,834901f2-b564-f766-6644-b335fbbbcf2f,0.042,1220.46,0,emergency,2022-04-08 10:57:55,5,0,10,4,Spring,M,white,nonhispanic,63,GOVERNMENT,26,1,7,2,75,7.0,1
08d290f2-cacc-a5c9-7634-383a32650476,08d290f2-cacc-a5c9-e3f5-d1d9063f46e5,0.04,723.14,0,urgentcare,1986-11-15 12:35:15,6,1,12,11,Fall,M,white,nonhispanic,64,NO_INSURANCE,29,2,4,3,367,7.0,1
d53b5945-f75e-bef0-9634-01d7d4ed8a1c,d53b5945-f75e-bef0-5eb0-b98a830a275d,0.039,1362.74,0,urgentcare,2023-10-14 17:27:42,6,1,17,10,Fall,F,white,nonhispanic,55,GOVERNMENT,20,2,6,3,17,56.0,0
6842050e-26e0-68aa-063d-7fa4f0bb66fe,6842050e-26e0-68aa-2784-d792f7e2fbd3,0.042,511.04,0,emergency,2024-07-07 16:27:07,0,1,16,7,Summer,M,white,nonhispanic,82,GOVERNMENT,23,1,1,3,95,7.0,1
8ba59c1e-a0d3-343b-e429-bd5f37e2af50,8ba59c1e-a0d3-343b-024a-a4a1330761cf,0.031,797.72,0,urgentcare,2024-12-30 17:06:54,1,0,17,12,Winter,M,black,nonhispanic,83,GOVERNMENT,27,1,5,4,244,7.0,1
834901f2-b564-f766-1a84-ceab86700474,834901f2-b564-f766-6644-b335fbbbcf2f,0.023,1088.0,0,urgentcare,2022-03-11 10:57:55,5,0,10,3,Spring,M,white,nonhispanic,63,GOVERNMENT,27,1,7,2,71,7.0,1
08d290f2-cacc-a5c9-59a5-f119b3f4bea0,08d290f2-cacc-a5c9-e3f5-d1d9063f46e5,0.042,726.74,0,emergency,1986-11-01 12:35:15,6,1,12,11,Fall,M,white,nonhispanic,64,NO_INSURANCE,28,1,5,3,365,7.0,1
6842050e-26e0-68aa-e959-29dcc978f5ee,6842050e-26e0-68aa-2784-d792f7e2fbd3,0.024,1013.42,0,urgentcare,2024-06-30 16:27:07,0,1,16,6,Summer,M,white,nonhispanic,82,GOVERNMENT,24,1,5,3,94,7.0,1
8ba59c1e-a0d3-343b-fa0b-d38f7bdcd157,8ba59c1e-a0d3-343b-024a-a4a1330761cf,0.039,1229.12,0,urgentcare,2024-12-16 17:06:54,1,0,17,12,Winter,M,black,nonhispanic,83,GOVERNMENT,27,3,6,4,242,7.0,1
9240f7e0-68d5-363d-74a2-a0947857f6a5,9240f7e0-68d5-363d-452d-b6c22ecd75b4,0.041,797.72,0,urgentcare,2023-12-05 09:28:36,2,0,9,12,Winter,M,black,nonhispanic,49,PRIVATE,20,1,4,7,60,91.0,0
834901f2-b564-f766-06be-6edfb4a6f174,834901f2-b564-f766-6644-b335fbbbcf2f,0.042,1158.14,0,emergency,2022-03-04 10:57:55,5,0,10,3,Spring,M,white,nonhispanic,63,GOVERNMENT,27,1,1,2,70,7.0,1
08d290f2-cacc-a5c9-cda1-2bd06bf3497e,08d290f2-cacc-a5c9-e3f5-d1d9063f46e5,0.01,358.28,0,urgentcare,1986-10-25 12:35:15,6,1,12,10,Fall,M,white,nonhispanic,64,NO_INSURANCE,28,1,1,3,364,7.0,1
e2757458-d53f-cf44-c603-f2cee872bf9f,e2757458-d53f-cf44-64c1-685b916857b7,0.024,1013.42,0,urgentcare,2023-09-11 23:15:13,1,0,23,9,Fall,M,white,nonhispanic,104,GOVERNMENT,25,3,7,6,108,21.0,1
6842050e-26e0-68aa-18dc-055b165fa76e,6842050e-26e0-68aa-2784-d792f7e2fbd3,0.01,585.17,0,urgentcare,2024-06-23 16:27:07,0,1,16,6,Summer,M,white,nonhispanic,82,GOVERNMENT,24,1,1,3,93,7.0,1
185a2038-4c9a-6f44-0e8e-6915bd11cdcc,185a2038-4c9a-6f44-cf7d-78da9583dafc,0.028,723.14,0,urgentcare,2023-05-10 23:59:16,3,0,23,5,Spring,F,white,nonhispanic,52,GOVERNMENT,17,3,5,5,37,84.0,0
834901f2-b564-f766-3d7d-fcb3ac097841,834901f2-b564-f766-6644-b335fbbbcf2f,0.042,1091.6,0,emergency,2022-02-25 10:57:55,5,0,10,2,Winter,M,white,nonhispanic,63,GOVERNMENT,28,3,8,2,69,7.0,1
d53b5945-f75e-bef0-bd42-5c04452d085d,d53b5945-f75e-bef0-5eb0-b98a830a275d,0.032,872.3,0,urgentcare,2023-08-19 17:27:42,6,1,17,8,Summer,F,white,nonhispanic,55,GOVERNMENT,21,2,3,4,16,56.0,0
08d290f2-cacc-a5c9-37ae-8fa3e4faf23e,08d290f2-cacc-a5c9-e3f5-d1d9063f46e5,0.023,938.84,0,urgentcare,1986-10-18 12:35:15,6,1,12,10,Fall,M,white,nonhispanic,64,NO_INSURANCE,29,1,4,3,363,7.0,1
6842050e-26e0-68aa-856c-b460db9a5181,6842050e-26e0-68aa-2784-d792f7e2fbd3,0.027,797.72,0,urgentcare,2024-06-02 16:27:07,0,1,16,6,Summer,M,white,nonhispanic,82,GOVERNMENT,24,2,7,3,90,7.0,1
e3827f66-ed30-7012-582c-96cb2341408f,e3827f66-ed30-7012-465b-2ddd8680652a,0.031,648.56,0,urgentcare,2018-08-03 19:15:10,5,0,19,8,Summer,F,white,nonhispanic,60,GOVERNMENT,18,3,2,3,6,184.0,0
08d290f2-cacc-a5c9-13c1-f45b70a3d7d9,08d290f2-cacc-a5c9-e3f5-d1d9063f46e5,0.042,726.74,0,emergency,1986-10-04 12:35:15,6,1,12,10,Fall,M,white,nonhispanic,64,NO_INSURANCE,29,1,5,3,361,7.0,1
e2757458-d53f-cf44-68da-6f95e11f9219,e2757458-d53f-cf44-64c1-685b916857b7,0.027,797.72,0,urgentcare,2023-08-14 23:15:13,1,0,23,8,Summer,M,white,nonhispanic,104,GOVERNMENT,26,1,5,6,106,35.0,0
5f662ce7-5293-9ecd-b7a0-ddf886911d7c,5f662ce7-5293-9ecd-d28b-e5913e19634a,0.027,1088.0,0,urgentcare,2022-09-17 02:21:13,6,1,2,9,Fall,F,native,nonhispanic,65,PRIVATE,24,1,6,5,18,49.0,0
8ba59c1e-a0d3-343b-a7f2-d97c7a29cd03,8ba59c1e-a0d3-343b-024a-a4a1330761cf,0.01,665.06,0,urgentcare,2024-12-09 17:06:54,1,0,17,12,Winter,M,black,nonhispanic,83,GOVERNMENT,25,1,1,4,241,7.0,1
5f662ce7-5293-9ecd-9cdd-b3e5d2d62877,5f662ce7-5293-9ecd-d28b-e5913e19634a,0.029,1735.1,0,urgentcare,2022-07-30 02:21:13,6,1,2,7,Summer,F,native,nonhispanic,65,PRIVATE,25,3,7,5,17,91.0,0
e1427e77-bf8e-3fe9-a390-f13fb64998a3,e1427e77-bf8e-3fe9-6940-d1e05578f369,0.023,938.84,0,urgentcare,2017-08-04 02:56:56,5,0,2,8,Summer,F,white,hispanic,67,GOVERNMENT,17,3,6,3,1,4438.0,0
185a2038-4c9a-6f44-3df6-9e7888c05f8d,185a2038-4c9a-6f44-cf7d-78da9583dafc,0.041,996.12,0,urgentcare,2023-02-08 23:59:16,3,0,23,2,Winter,F,white,nonhispanic,52,GOVERNMENT,18,1,5,5,35,28.0,1
8ba59c1e-a0d3-343b-f245-5cdede06425d,8ba59c1e-a0d3-343b-024a-a4a1330761cf,0.042,1017.02,0,emergency,2024-12-02 17:06:54,1,0,17,12,Winter,M,black,nonhispanic,83,GOVERNMENT,27,1,6,4,240,7.0,1
08d290f2-cacc-a5c9-7a0e-dca415794c01,08d290f2-cacc-a5c9-e3f5-d1d9063f46e5,0.042,942.44,0,emergency,1986-09-20 12:35:15,6,1,12,9,Fall,M,white,nonhispanic,64,NO_INSURANCE,30,2,6,3,359,7.0,1
6842050e-26e0-68aa-6bba-ee461f225f3d,6842050e-26e0-68aa-2784-d792f7e2fbd3,0.042,1017.02,0,emergency,2024-05-19 16:27:07,0,1,16,5,Spring,M,white,nonhispanic,82,GOVERNMENT,23,1,9,3,88,7.0,1
8ba59c1e-a0d3-343b-d5f0-1e014d7cf164,8ba59c1e-a0d3-343b-024a-a4a1330761cf,0.042,761.62,0,emergency,2024-11-25 17:06:54,1,0,17,11,Fall,M,black,nonhispanic,83,GOVERNMENT,27,1,1,4,239,7.0,1
9240f7e0-68d5-363d-7b3f-40ee57cc8e6e,9240f7e0-68d5-363d-452d-b6c22ecd75b4,0.03,1660.52,0,urgentcare,2023-09-05 09:28:36,2,0,9,9,Fall,M,black,nonhispanic,49,PRIVATE,21,4,5,7,59,35.0,0
834901f2-b564-f766-9f5c-eef835f8fde7,834901f2-b564-f766-6644-b335fbbbcf2f,0.042,1091.6,0,emergency,2022-02-11 10:57:55,5,0,10,2,Winter,M,white,nonhispanic,63,GOVERNMENT,27,1,8,2,67,7.0,1
d53b5945-f75e-bef0-2696-362f95dc2187,d53b5945-f75e-bef0-5eb0-b98a830a275d,0.01,507.44,0,urgentcare,2023-06-24 17:27:42,6,1,17,6,Summer,F,white,nonhispanic,55,GOVERNMENT,19,1,1,4,15,7.0,1
e2757458-d53f-cf44-9629-8ad74a3bfc00,e2757458-d53f-cf44-64c1-685b916857b7,0.026,1013.42,0,urgentcare,2023-07-10 23:15:13,1,0,23,7,Summer,M,white,nonhispanic,104,GOVERNMENT,26,2,7,6,105,28.0,1
185a2038-4c9a-6f44-c008-9d86a4c62ea4,185a2038-4c9a-6f44-cf7d-78da9583dafc,0.031,1082.69,0,urgentcare,2023-01-11 23:59:16,3,0,23,1,Winter,F,white,nonhispanic,52,GOVERNMENT,18,1,5,6,34,35.0,0
8ba59c1e-a0d3-343b-48fe-dd6fcf8edaef,8ba59c1e-a0d3-343b-024a-a4a1330761cf,0.041,1444.82,0,urgentcare,2024-11-18 17:06:54,1,0,17,11,Fall,M,black,nonhispanic,83,GOVERNMENT,27,3,8,4,238,7.0,1
d53b5945-f75e-bef0-0eb2-cfe866b2a61c,d53b5945-f75e-bef0-5eb0-b98a830a275d,0.039,1088.0,0,urgentcare,2023-06-17 17:27:42,6,1,17,6,Summer,F,white,nonhispanic,55,GOVERNMENT,21,2,7,4,14,56.0,0
08d290f2-cacc-a5c9-4e52-a22b5e8c8edd,08d290f2-cacc-a5c9-e3f5-d1d9063f46e5,0.042,726.74,0,emergency,1986-09-06 12:35:15,6,1,12,9,Fall,M,white,nonhispanic,64,NO_INSURANCE,30,2,4,3,357,7.0,1
6842050e-26e0-68aa-1d2e-5c8f8e1c4705,6842050e-26e0-68aa-2784-d792f7e2fbd3,0.021,1648.86,0,urgentcare,2024-04-21 16:27:07,0,1,16,4,Spring,M,white,nonhispanic,82,GOVERNMENT,23,1,4,3,84,7.0,1
185a2038-4c9a-6f44-e5bf-d5989e393164,185a2038-4c9a-6f44-cf7d-78da9583dafc,0.031,723.14,0,urgentcare,2022-12-07 23:59:16,3,0,23,12,Winter,F,white,nonhispanic,51,GOVERNMENT,17,2,4,6,33,147.0,0
834901f2-b564-f766-4405-0dd93a1b64dd,834901f2-b564-f766-6644-b335fbbbcf2f,0.042,1528.31,0,emergency,2022-01-28 10:57:55,5,0,10,1,Winter,M,white,nonhispanic,63,GOVERNMENT,27,1,7,2,65,7.0,1
e2757458-d53f-cf44-a2b0-0d2f4df99cf9,e2757458-d53f-cf44-64c1-685b916857b7,0.023,797.72,0,urgentcare,2023-06-12 23:15:13,1,0,23,6,Summer,M,white,nonhispanic,104,GOVERNMENT,26,2,4,5,104,63.0,0
6842050e-26e0-68aa-0d2c-e90f055884df,6842050e-26e0-68aa-2784-d792f7e2fbd3,0.042,511.04,0,emergency,2024-04-14 16:27:07,0,1,16,4,Spring,M,white,nonhispanic,82,GOVERNMENT,23,1,1,3,83,7.0,1
08d290f2-cacc-a5c9-09b0-8af7a132b71f,08d290f2-cacc-a5c9-e3f5-d1d9063f46e5,0.029,723.14,0,urgentcare,1986-08-23 12:35:15,6,1,12,8,Summer,M,white,nonhispanic,64,NO_INSURANCE,29,2,4,3,355,7.0,1
b05bbf3c-edbc-8bd0-9062-9601f7a44e37,b05bbf3c-edbc-8bd0-4a00-3e5e0e390ec9,0.03,1660.52,0,urgentcare,2018-05-12 08:15:04,6,1,8,5,Spring,M,white,nonhispanic,63,PRIVATE,19,3,7,5,8,21.0,1
8ba59c1e-a0d3-343b-7fc3-56885942d267,8ba59c1e-a0d3-343b-024a-a4a1330761cf,0.01,507.44,0,urgentcare,2024-11-11 17:06:54,1,0,17,11,Fall,M,black,nonhispanic,83,GOVERNMENT,25,1,1,4,237,7.0,1
9240f7e0-68d5-363d-4ad2-4c63c3f0643c,9240f7e0-68d5-363d-452d-b6c22ecd75b4,0.028,1121.22,0,urgentcare,2023-08-01 09:28:36,2,0,9,8,Summer,M,black,nonhispanic,49,PRIVATE,19,1,5,7,58,28.0,1
834901f2-b564-f766-c833-7bc91021a810,834901f2-b564-f766-6644-b335fbbbcf2f,0.031,1135.77,0,urgentcare,2022-01-14 10:57:55,5,0,10,1,Winter,M,white,nonhispanic,63,GOVERNMENT,27,2,7,2,63,7.0,1
6842050e-26e0-68aa-63e7-5a2d5a4f1841,6842050e-26e0-68aa-2784-d792f7e2fbd3,0.042,1371.58,0,emergency,2024-04-07 16:27:07,0,1,16,4,Spring,M,white,nonhispanic,82,GOVERNMENT,22,1,5,2,82,7.0,1
8ba59c1e-a0d3-343b-36d5-1bd47b63fd8f,8ba59c1e-a0d3-343b-024a-a4a1330761cf,0.042,1448.42,0,emergency,2024-11-04 17:06:54,1,0,17,11,Fall,M,black,nonhispanic,83,GOVERNMENT,26,2,7,4,236,7.0,1
08d290f2-cacc-a5c9-854f-89a59dd1dfca,08d290f2-cacc-a5c9-e3f5-d1d9063f46e5,0.042,726.74,0,emergency,1986-08-09 12:35:15,6,1,12,8,Summer,M,white,nonhispanic,64,NO_INSURANCE,29,3,3,3,353,7.0,1
6842050e-26e0-68aa-6d3e-0cf4de72a016,6842050e-26e0-68aa-2784-d792f7e2fbd3,0.042,801.32,0,emergency,2024-03-10 16:27:07,0,1,16,3,Spring,M,white,nonhispanic,82,GOVERNMENT,22,1,4,2,78,7.0,1
9240f7e0-68d5-363d-9095-802a64a88e82,9240f7e0-68d5-363d-452d-b6c22ecd75b4,0.023,797.72,0,urgentcare,2023-07-04 09:28:36,2,0,9,7,Summer,M,black,nonhispanic,49,PRIVATE,20,2,6,7,57,49.0,0
834901f2-b564-f766-b494-e2bc413d574a,834901f2-b564-f766-6644-b335fbbbcf2f,0.042,664.27,0,emergency,2022-01-07 10:57:55,5,0,10,1,Winter,M,white,nonhispanic,63,GOVERNMENT,26,1,1,2,62,7.0,1
5f662ce7-5293-9ecd-65f8-f6ba86197ec0,5f662ce7-5293-9ecd-d28b-e5913e19634a,0.01,713.94,0,urgentcare,2022-04-30 02:21:13,6,1,2,4,Spring,F,native,nonhispanic,65,PRIVATE,24,1,1,4,16,56.0,0
6842050e-26e0-68aa-9bdb-618c97de9aaf,6842050e-26e0-68aa-2784-d792f7e2fbd3,0.042,801.32,0,emergency,2024-02-25 16:27:07,0,1,16,2,Winter,M,white,nonhispanic,82,GOVERNMENT,23,3,7,2,76,7.0,1
8ba59c1e-a0d3-343b-2f4f-dab4322f04cf,8ba59c1e-a0d3-343b-024a-a4a1330761cf,0.042,795.27,0,emergency,2024-10-28 17:06:54,1,0,17,10,Fall,M,black,nonhispanic,83,GOVERNMENT,25,1,1,4,235,7.0,1
834901f2-b564-f766-9a33-031ec2e4befb,834901f2-b564-f766-6644-b335fbbbcf2f,0.042,1091.6,0,emergency,2021-12-31 10:57:55,5,0,10,12,Winter,M,white,nonhispanic,62,GOVERNMENT,27,1,7,2,61,14.0,1
b05bbf3c-edbc-8bd0-1c22-9dc6772613d1,b05bbf3c-edbc-8bd0-4a00-3e5e0e390ec9,0.037,1013.42,0,urgentcare,2018-04-21 08:15:04,6,1,8,4,Spring,M,white,nonhispanic,63,PRIVATE,16,1,6,3,7,7.0,1
8ba59c1e-a0d3-343b-c5bf-9b172f08a44a,8ba59c1e-a0d3-343b-024a-a4a1330761cf,0.042,1448.42,0,emergency,2024-10-21 17:06:54,1,0,17,10,Fall,M,black,nonhispanic,83,GOVERNMENT,25,2,5,4,234,28.0,1
d53b5945-f75e-bef0-39b6-8a502af575a3,d53b5945-f75e-bef0-5eb0-b98a830a275d,0.041,872.3,0,urgentcare,2023-04-22 17:27:42,6,1,17,4,Spring,F,white,nonhispanic,55,GOVERNMENT,20,3,4,4,13,63.0,0
08d290f2-cacc-a5c9-b2f8-f8eac00c9cf1,08d290f2-cacc-a5c9-e3f5-d1d9063f46e5,0.042,361.88,0,emergency,1986-08-02 12:35:15,6,1,12,8,Summer,M,white,nonhispanic,64,NO_INSURANCE,27,1,1,3,352,7.0,1
e2757458-d53f-cf44-d1b4-4cae77ed43c2,e2757458-d53f-cf44-64c1-685b916857b7,0.041,797.72,0,urgentcare,2023-04-10 23:15:13,1,0,23,4,Spring,M,white,nonhispanic,104,GOVERNMENT,25,2,7,6,103,42.0,0
5f662ce7-5293-9ecd-42fe-fc489a7a93b1,5f662ce7-5293-9ecd-d28b-e5913e19634a,0.031,872.3,0,urgentcare,2022-03-05 02:21:13,6,1,2,3,Spring,F,native,nonhispanic,65,PRIVATE,25,2,6,4,15,210.0,0
834901f2-b564-f766-9ecf-a52ba74454a9,834901f2-b564-f766-6644-b335fbbbcf2f,0.042,1091.6,0,emergency,2021-12-17 10:57:55,5,0,10,12,Winter,M,white,nonhispanic,62,GOVERNMENT,28,3,8,2,60,7.0,1
08d290f2-cacc-a5c9-f90b-d599e155e4cf,08d290f2-cacc-a5c9-e3f5-d1d9063f46e5,0.042,1344.27,0,emergency,1986-07-26 12:35:15,6,1,12,7,Summer,M,white,nonhispanic,64,NO_INSURANCE,29,2,4,3,351,7.0,1
b05bbf3c-edbc-8bd0-69d9-1ff9e82730ab,b05bbf3c-edbc-8bd0-4a00-3e5e0e390ec9,0.024,1204.33,0,urgentcare,2018-04-07 08:15:04,6,1,8,4,Spring,M,white,nonhispanic,63,PRIVATE,15,1,8,3,5,147.0,0
6842050e-26e0-68aa-bde1-8414fc43920f,6842050e-26e0-68aa-2784-d792f7e2fbd3,0.042,801.32,0,emergency,2024-02-11 16:27:07,0,1,16,2,Winter,M,white,nonhispanic,82,GOVERNMENT,21,1,8,3,74,28.0,1
8ba59c1e-a0d3-343b-e81c-0b64374b8d1e,8ba59c1e-a0d3-343b-024a-a4a1330761cf,0.027,1444.82,0,urgentcare,2024-09-23 17:06:54,1,0,17,9,Fall,M,black,nonhispanic,83,GOVERNMENT,25,1,9,4,233,7.0,1
6842050e-26e0-68aa-c60d-5f8be3a9694a,6842050e-26e0-68aa-2784-d792f7e2fbd3,0.028,797.72,0,urgentcare,2024-01-14 16:27:07,0,1,16,1,Winter,M,white,nonhispanic,82,GOVERNMENT,23,2,6,4,73,28.0,1
8ba59c1e-a0d3-343b-6a5e-3f285f8c9360,8ba59c1e-a0d3-343b-024a-a4a1330761cf,0.023,1229.12,0,urgentcare,2024-09-09 17:06:54,1,0,17,9,Fall,M,black,nonhispanic,83,GOVERNMENT,25,2,7,5,231,35.0,0
d53b5945-f75e-bef0-245d-d72e9ec04e02,d53b5945-f75e-bef0-5eb0-b98a830a275d,0.022,872.3,0,urgentcare,2023-02-18 17:27:42,6,1,17,2,Winter,F,white,nonhispanic,55,GOVERNMENT,21,3,2,4,12,56.0,0
08d290f2-cacc-a5c9-4736-f22db31c72c1,08d290f2-cacc-a5c9-e3f5-d1d9063f46e5,0.042,726.74,0,emergency,1986-07-12 12:35:15,6,1,12,7,Summer,M,white,nonhispanic,64,NO_INSURANCE,28,1,6,3,349,7.0,1
185a2038-4c9a-6f44-311c-a992f6472503,185a2038-4c9a-6f44-cf7d-78da9583dafc,0.038,1105.08,0,urgentcare,2022-07-13 23:59:16,3,0,23,7,Summer,F,white,nonhispanic,51,GOVERNMENT,18,1,7,5,32,28.0,1
834901f2-b564-f766-07cb-df748c4d68bf,834901f2-b564-f766-6644-b335fbbbcf2f,0.042,947.81,0,emergency,2021-12-10 10:57:55,5,0,10,12,Winter,M,white,nonhispanic,62,GOVERNMENT,26,1,1,2,59,7.0,1
08d290f2-cacc-a5c9-1941-19ce5dec6aec,08d290f2-cacc-a5c9-e3f5-d1d9063f46e5,0.042,361.88,0,emergency,1986-07-05 12:35:15,6,1,12,7,Summer,M,white,nonhispanic,64,NO_INSURANCE,28,1,1,3,348,7.0,1
b05bbf3c-edbc-8bd0-80ea-d5356c12b4c7,b05bbf3c-edbc-8bd0-4a00-3e5e0e390ec9,0.033,797.72,0,urgentcare,2017-11-11 08:15:04,6,1,8,11,Fall,M,white,nonhispanic,62,PRIVATE,15,1,4,3,4,119.0,0
8ba59c1e-a0d3-343b-812b-372612d83af8,8ba59c1e-a0d3-343b-024a-a4a1330761cf,0.031,1229.12,0,urgentcare,2024-07-22 17:06:54,1,0,17,7,Summer,M,black,nonhispanic,83,GOVERNMENT,27,2,8,6,229,7.0,1
834901f2-b564-f766-842f-983b0aca8f29,834901f2-b564-f766-6644-b335fbbbcf2f,0.042,1153.31,0,emergency,2021-12-03 10:57:55,5,0,10,12,Winter,M,white,nonhispanic,62,GOVERNMENT,27,1,5,2,58,7.0,1
08d290f2-cacc-a5c9-9890-14148ef5caca,08d290f2-cacc-a5c9-e3f5-d1d9063f46e5,0.042,726.74,0,emergency,1986-06-14 12:35:15,6,1,12,6,Summer,M,white,nonhispanic,64,NO_INSURANCE,28,2,4,3,345,7.0,1
185a2038-4c9a-6f44-9258-223edec50e61,185a2038-4c9a-6f44-cf7d-78da9583dafc,0.037,938.84,0,urgentcare,2022-06-15 23:59:16,3,0,23,6,Summer,F,white,nonhispanic,51,GOVERNMENT,18,1,6,5,31,35.0,0
834901f2-b564-f766-0020-e400f9fd57dd,834901f2-b564-f766-6644-b335fbbbcf2f,0.042,875.9,0,emergency,2021-11-19 10:57:55,5,0,10,11,Fall,M,white,nonhispanic,62,GOVERNMENT,26,1,3,2,56,7.0,1
b05bbf3c-edbc-8bd0-ce77-33edeeb3240d,b05bbf3c-edbc-8bd0-4a00-3e5e0e390ec9,0.039,797.72,0,urgentcare,2017-07-15 08:15:04,6,1,8,7,Summer,M,white,nonhispanic,62,PRIVATE,16,1,5,3,3,112.0,0
6842050e-26e0-68aa-5e52-53291e46bef8,6842050e-26e0-68aa-2784-d792f7e2fbd3,0.025,797.72,0,urgentcare,2023-12-10 16:27:07,0,1,16,12,Winter,M,white,nonhispanic,81,GOVERNMENT,23,2,4,4,71,28.0,1
185a2038-4c9a-6f44-3876-8ce8b06c5c2b,185a2038-4c9a-6f44-cf7d-78da9583dafc,0.023,723.14,0,urgentcare,2022-05-11 23:59:16,3,0,23,5,Spring,F,white,nonhispanic,51,GOVERNMENT,18,2,3,5,30,28.0,1
8ba59c1e-a0d3-343b-fecb-7302cf018dd7,8ba59c1e-a0d3-343b-024a-a4a1330761cf,0.01,507.44,0,urgentcare,2024-07-15 17:06:54,1,0,17,7,Summer,M,black,nonhispanic,83,GOVERNMENT,26,1,1,6,228,7.0,1
834901f2-b564-f766-ea20-fb72188e4513,834901f2-b564-f766-6644-b335fbbbcf2f,0.042,875.9,0,emergency,2021-10-22 10:57:55,5,0,10,10,Fall,M,white,nonhispanic,62,GOVERNMENT,26,1,4,2,52,7.0,1
08d290f2-cacc-a5c9-4d99-72ae7bbee87a,08d290f2-cacc-a5c9-e3f5-d1d9063f46e5,0.042,361.88,0,emergency,1986-06-07 12:35:15,6,1,12,6,Summer,M,white,nonhispanic,64,NO_INSURANCE,27,1,1,3,344,7.0,1
8ba59c1e-a0d3-343b-2984-e0a255838e88,8ba59c1e-a0d3-343b-024a-a4a1330761cf,0.027,1839.33,0,urgentcare,2024-07-08 17:06:54,1,0,17,7,Summer,M,black,nonhispanic,83,GOVERNMENT,27,1,8,6,227,14.0,1
9240f7e0-68d5-363d-799a-c3ce4cdc6bf8,9240f7e0-68d5-363d-452d-b6c22ecd75b4,0.04,797.72,0,urgentcare,2023-01-03 09:28:36,2,0,9,1,Winter,M,black,nonhispanic,49,PRIVATE,20,2,3,6,55,56.0,0
834901f2-b564-f766-b7b2-3be0d578296a,834901f2-b564-f766-6644-b335fbbbcf2f,0.042,511.04,0,emergency,2021-10-15 10:57:55,5,0,10,10,Fall,M,white,nonhispanic,62,GOVERNMENT,26,1,1,2,51,7.0,1
08d290f2-cacc-a5c9-70ab-9d388cf272c7,08d290f2-cacc-a5c9-e3f5-d1d9063f46e5,0.042,942.44,0,emergency,1986-05-31 12:35:15,6,1,12,5,Spring,M,white,nonhispanic,64,NO_INSURANCE,29,1,7,3,343,7.0,1
e2757458-d53f-cf44-d456-4bea8c792e05,e2757458-d53f-cf44-64c1-685b916857b7,0.041,797.72,0,urgentcare,2023-02-20 23:15:13,1,0,23,2,Winter,M,white,nonhispanic,104,GOVERNMENT,25,2,5,6,101,49.0,0
8ba59c1e-a0d3-343b-ffdc-92dffb01e2a7,8ba59c1e-a0d3-343b-024a-a4a1330761cf,0.042,7178.55,0,emergency,2024-06-24 17:06:54,1,0,17,6,Summer,M,black,nonhispanic,83,GOVERNMENT,26,2,3,5,226,28.0,1
834901f2-b564-f766-ff7b-c96d8b9bfb1d,834901f2-b564-f766-6644-b335fbbbcf2f,0.042,1091.6,0,emergency,2021-10-08 10:57:55,5,0,10,10,Fall,M,white,nonhispanic,62,GOVERNMENT,27,2,5,2,50,7.0,1
08d290f2-cacc-a5c9-f066-bd5000a8b495,08d290f2-cacc-a5c9-e3f5-d1d9063f46e5,0.042,456.81,0,emergency,1986-05-24 12:35:15,6,1,12,5,Spring,M,white,nonhispanic,64,NO_INSURANCE,29,1,1,3,342,7.0,1
6842050e-26e0-68aa-7ee8-688b401c3666,6842050e-26e0-68aa-2784-d792f7e2fbd3,0.032,1013.42,0,urgentcare,2023-11-12 16:27:07,0,1,16,11,Fall,M,white,nonhispanic,81,GOVERNMENT,22,3,7,3,70,35.0,0
185a2038-4c9a-6f44-7fa4-0c9fd0c64ab1,185a2038-4c9a-6f44-cf7d-78da9583dafc,0.025,1074.84,0,urgentcare,2022-04-13 23:59:16,3,0,23,4,Spring,F,white,nonhispanic,51,GOVERNMENT,17,2,4,5,29,56.0,0
9240f7e0-68d5-363d-d604-b19e259d941f,9240f7e0-68d5-363d-452d-b6c22ecd75b4,0.035,797.72,0,urgentcare,2022-09-06 09:28:36,2,0,9,9,Fall,M,black,nonhispanic,48,PRIVATE,21,2,4,7,53,91.0,0
08d290f2-cacc-a5c9-3267-79cba01cf7ec,08d290f2-cacc-a5c9-e3f5-d1d9063f46e5,0.042,1589.54,0,emergency,1986-05-17 12:35:15,6,1,12,5,Spring,M,white,nonhispanic,64,NO_INSURANCE,29,1,6,3,341,7.0,1
b05bbf3c-edbc-8bd0-4378-c4104a426310,b05bbf3c-edbc-8bd0-4a00-3e5e0e390ec9,0.042,801.32,0,emergency,2017-03-18 08:15:04,6,1,8,3,Spring,M,white,nonhispanic,62,PRIVATE,17,2,3,4,1,2247.0,0
8ba59c1e-a0d3-343b-106f-49e6453a8dfa,8ba59c1e-a0d3-343b-024a-a4a1330761cf,0.034,1229.12,0,urgentcare,2024-05-27 17:06:54,1,0,17,5,Spring,M,black,nonhispanic,83,GOVERNMENT,25,3,9,4,225,7.0,1
834901f2-b564-f766-7f75-53a498d8af93,834901f2-b564-f766-6644-b335fbbbcf2f,0.042,875.9,0,emergency,2021-09-24 10:57:55,5,0,10,9,Fall,M,white,nonhispanic,62,GOVERNMENT,28,1,8,2,48,7.0,1
5f662ce7-5293-9ecd-379f-cd08ca4678a0,5f662ce7-5293-9ecd-d28b-e5913e19634a,0.029,1008.3,0,urgentcare,2021-08-07 02:21:13,6,1,2,8,Summer,F,native,nonhispanic,64,PRIVATE,24,1,7,5,14,91.0,0
834901f2-b564-f766-b9f0-5f99b220a750,834901f2-b564-f766-6644-b335fbbbcf2f,0.042,1011.9,0,emergency,2021-09-10 10:57:55,5,0,10,9,Fall,M,white,nonhispanic,62,GOVERNMENT,28,2,4,2,46,7.0,1
185a2038-4c9a-6f44-4921-caa7c4f126d1,185a2038-4c9a-6f44-cf7d-78da9583dafc,0.033,723.14,0,urgentcare,2022-02-16 23:59:16,3,0,23,2,Winter,F,white,nonhispanic,51,GOVERNMENT,18,3,7,6,28,35.0,0
5f662ce7-5293-9ecd-a7e5-f41f0c671810,5f662ce7-5293-9ecd-d28b-e5913e19634a,0.039,872.3,0,urgentcare,2021-05-08 02:21:13,6,1,2,5,Spring,F,native,nonhispanic,64,PRIVATE,25,2,6,4,13,63.0,0
8ba59c1e-a0d3-343b-9f1c-154372c576ec,8ba59c1e-a0d3-343b-024a-a4a1330761cf,0.035,1229.12,0,urgentcare,2024-05-13 17:06:54,1,0,17,5,Spring,M,black,nonhispanic,83,GOVERNMENT,24,2,6,4,223,42.0,0
834901f2-b564-f766-d39f-a3f44b1f8657,834901f2-b564-f766-6644-b335fbbbcf2f,0.042,875.9,0,emergency,2021-08-27 10:57:55,5,0,10,8,Summer,M,white,nonhispanic,62,GOVERNMENT,28,2,5,2,44,7.0,1
1e43a258-caf4-44f5-d624-ff993003310b,1e43a258-caf4-44f5-7e30-54213e8937f5,0.042,1800.12,0,emergency,2020-06-04 08:57:15,4,0,8,6,Summer,M,white,nonhispanic,50,GOVERNMENT,16,1,6,6,23,28.0,1
e2757458-d53f-cf44-8891-595647e615fa,e2757458-d53f-cf44-64c1-685b916857b7,0.039,797.72,0,urgentcare,2022-11-21 23:15:13,1,0,23,11,Fall,M,white,nonhispanic,103,GOVERNMENT,25,2,6,6,99,21.0,1
9240f7e0-68d5-363d-b4b4-1c9259783d0f,9240f7e0-68d5-363d-452d-b6c22ecd75b4,0.036,797.72,0,urgentcare,2022-06-07 09:28:36,2,0,9,6,Summer,M,black,nonhispanic,48,PRIVATE,22,3,7,7,52,28.0,1
e2757458-d53f-cf44-84dc-4ca170282654,e2757458-d53f-cf44-64c1-685b916857b7,0.04,797.72,0,urgentcare,2022-10-31 23:15:13,1,0,23,10,Fall,M,white,nonhispanic,103,GOVERNMENT,25,2,4,6,98,35.0,0
6842050e-26e0-68aa-297e-7ccb267765d2,6842050e-26e0-68aa-2784-d792f7e2fbd3,0.032,1606.44,0,urgentcare,2023-09-24 16:27:07,0,1,16,9,Fall,M,white,nonhispanic,81,GOVERNMENT,26,2,4,2,68,14.0,1
d53b5945-f75e-bef0-c369-c659825b1a77,d53b5945-f75e-bef0-5eb0-b98a830a275d,0.039,1735.1,0,urgentcare,2022-09-24 17:27:42,6,1,17,9,Fall,F,white,nonhispanic,54,GOVERNMENT,18,3,5,3,10,35.0,0
5f662ce7-5293-9ecd-320a-76cd84ca35a9,5f662ce7-5293-9ecd-d28b-e5913e19634a,0.01,1154.54,0,urgentcare,2021-03-06 02:21:13,6,1,2,3,Spring,F,native,nonhispanic,64,PRIVATE,23,1,1,5,12,49.0,0
185a2038-4c9a-6f44-9299-e5e55a2c3b28,185a2038-4c9a-6f44-cf7d-78da9583dafc,0.022,723.14,0,urgentcare,2022-01-12 23:59:16,3,0,23,1,Winter,F,white,nonhispanic,51,GOVERNMENT,17,2,4,6,27,91.0,0
834901f2-b564-f766-b8f2-dfea48acd11e,834901f2-b564-f766-6644-b335fbbbcf2f,0.021,1088.0,0,urgentcare,2021-08-13 10:57:55,5,0,10,8,Summer,M,white,nonhispanic,62,GOVERNMENT,26,1,6,2,42,7.0,1
1e43a258-caf4-44f5-97b4-2dd82e0f26ab,1e43a258-caf4-44f5-7e30-54213e8937f5,0.027,797.72,0,urgentcare,2020-04-30 08:57:15,4,0,8,4,Spring,M,white,nonhispanic,50,GOVERNMENT,19,3,6,7,21,7.0,1
5f662ce7-5293-9ecd-a54f-95ee59037296,5f662ce7-5293-9ecd-d28b-e5913e19634a,0.031,872.3,0,urgentcare,2021-01-16 02:21:13,6,1,2,1,Winter,F,native,nonhispanic,64,PRIVATE,25,1,2,5,11,161.0,0
8ba59c1e-a0d3-343b-8889-cfec67510500,8ba59c1e-a0d3-343b-024a-a4a1330761cf,0.04,1303.7,0,urgentcare,2024-04-01 17:06:54,1,0,17,4,Spring,M,black,nonhispanic,83,GOVERNMENT,24,2,6,4,222,35.0,0
9240f7e0-68d5-363d-fee4-86756ecb8d18,9240f7e0-68d5-363d-452d-b6c22ecd75b4,0.01,919.2,0,urgentcare,2022-05-10 09:28:36,2,0,9,5,Spring,M,black,nonhispanic,48,PRIVATE,20,1,1,7,51,28.0,1
834901f2-b564-f766-3fbb-9ba2ca05c350,834901f2-b564-f766-6644-b335fbbbcf2f,0.042,875.9,0,emergency,2021-07-30 10:57:55,5,0,10,7,Summer,M,white,nonhispanic,62,GOVERNMENT,26,2,8,2,40,7.0,1
1e43a258-caf4-44f5-2054-aa6b3ad6ff27,1e43a258-caf4-44f5-7e30-54213e8937f5,0.025,797.72,0,urgentcare,2020-04-02 08:57:15,4,0,8,4,Spring,M,white,nonhispanic,50,GOVERNMENT,20,2,5,7,18,32.9,0
e2757458-d53f-cf44-d6f7-1d8350f48a18,e2757458-d53f-cf44-64c1-685b916857b7,0.037,1013.42,0,urgentcare,2022-08-22 23:15:13,1,0,23,8,Summer,M,white,nonhispanic,103,GOVERNMENT,26,3,5,5,95,21.0,1
6842050e-26e0-68aa-61a2-6c070edf3f0d,6842050e-26e0-68aa-2784-d792f7e2fbd3,0.025,1333.97,0,urgentcare,2023-09-10 16:27:07,0,1,16,9,Fall,M,white,nonhispanic,81,GOVERNMENT,26,4,8,4,67,28.0,1
185a2038-4c9a-6f44-3751-89381cad6d5f,185a2038-4c9a-6f44-cf7d-78da9583dafc,0.033,938.84,0,urgentcare,2021-10-13 23:59:16,3,0,23,10,Fall,F,white,nonhispanic,50,GOVERNMENT,18,1,4,6,26,119.0,0
8ba59c1e-a0d3-343b-79c2-1014f9c05576,8ba59c1e-a0d3-343b-024a-a4a1330761cf,0.025,1653.97,0,urgentcare,2024-02-26 17:06:54,1,0,17,2,Winter,M,black,nonhispanic,83,GOVERNMENT,23,3,5,3,221,21.0,1
9240f7e0-68d5-363d-c4b9-f9f82d3c66a3,9240f7e0-68d5-363d-452d-b6c22ecd75b4,0.025,1796.52,0,urgentcare,2022-04-12 09:28:36,2,0,9,4,Spring,M,black,nonhispanic,48,PRIVATE,21,2,5,7,50,63.0,0
834901f2-b564-f766-0d5b-18cde42edb16,834901f2-b564-f766-6644-b335fbbbcf2f,0.034,1735.1,0,urgentcare,2021-07-16 10:57:55,5,0,10,7,Summer,M,white,nonhispanic,62,GOVERNMENT,27,2,7,3,38,7.0,1
e2757458-d53f-cf44-f84e-2ad813b0708a,e2757458-d53f-cf44-64c1-685b916857b7,0.023,1021.61,0,urgentcare,2022-08-01 23:15:13,1,0,23,8,Summer,M,white,nonhispanic,103,GOVERNMENT,27,1,7,5,94,42.0,0
834901f2-b564-f766-03d0-86726ada5a8c,834901f2-b564-f766-6644-b335fbbbcf2f,0.042,822.48,0,emergency,2021-07-09 10:57:55,5,0,10,7,Summer,M,white,nonhispanic,62,GOVERNMENT,26,1,1,4,37,7.0,1
d53b5945-f75e-bef0-0d53-528529c65310,d53b5945-f75e-bef0-5eb0-b98a830a275d,0.023,1258.2,0,urgentcare,2022-08-20 17:27:42,6,1,17,8,Summer,F,white,nonhispanic,54,GOVERNMENT,17,2,5,3,9,210.0,0
e2757458-d53f-cf44-1510-05ac2ad9cf0e,e2757458-d53f-cf44-64c1-685b916857b7,0.028,872.3,0,urgentcare,2022-09-26 23:15:13,1,0,23,9,Fall,M,white,nonhispanic,103,GOVERNMENT,26,1,6,5,97,28.0,1
6842050e-26e0-68aa-e904-62de8e1ccd1d,6842050e-26e0-68aa-2784-d792f7e2fbd3,0.042,1013.42,0,urgentcare,2023-08-13 16:27:07,0,1,16,8,Summer,M,white,nonhispanic,81,GOVERNMENT,23,1,9,4,66,28.0,1
9240f7e0-68d5-363d-6562-129e1462bb30,9240f7e0-68d5-363d-452d-b6c22ecd75b4,0.032,797.72,0,urgentcare,2022-02-08 09:28:36,2,0,9,2,Winter,M,black,nonhispanic,48,PRIVATE,22,1,5,6,49,56.0,0
834901f2-b564-f766-5637-d44903386d5e,834901f2-b564-f766-6644-b335fbbbcf2f,0.042,1091.6,0,emergency,2021-07-02 10:57:55,5,0,10,7,Summer,M,white,nonhispanic,62,GOVERNMENT,26,2,6,4,36,7.0,1
e2757458-d53f-cf44-9ac5-c2e65d5c84eb,e2757458-d53f-cf44-64c1-685b916857b7,0.035,797.72,0,urgentcare,2022-06-20 23:15:13,1,0,23,6,Summer,M,white,nonhispanic,103,GOVERNMENT,25,2,5,5,93,28.0,1
8ba59c1e-a0d3-343b-86cf-9bef115535c1,8ba59c1e-a0d3-343b-024a-a4a1330761cf,0.032,1489.96,0,urgentcare,2024-01-29 17:06:54,1,0,17,1,Winter,M,black,nonhispanic,83,GOVERNMENT,24,3,7,3,219,21.0,1
185a2038-4c9a-6f44-9ccc-0f828ab25a56,185a2038-4c9a-6f44-cf7d-78da9583dafc,0.031,723.14,0,urgentcare,2021-06-16 23:59:16,3,0,23,6,Summer,F,white,nonhispanic,50,GOVERNMENT,17,2,5,5,25,28.0,1
9240f7e0-68d5-363d-3262-69360d90a5ad,9240f7e0-68d5-363d-452d-b6c22ecd75b4,0.024,1013.42,0,urgentcare,2021-12-14 09:28:36,2,0,9,12,Winter,M,black,nonhispanic,47,PRIVATE,23,1,6,7,48,35.0,0
d53b5945-f75e-bef0-4db8-e47985fcf7bf,d53b5945-f75e-bef0-5eb0-b98a830a275d,0.03,1008.3,0,urgentcare,2022-01-22 17:27:42,6,1,17,1,Winter,F,white,nonhispanic,54,GOVERNMENT,18,1,5,3,8,175.0,0
e2757458-d53f-cf44-ac88-ca8ce2c07395,e2757458-d53f-cf44-64c1-685b916857b7,0.041,1013.42,0,urgentcare,2022-05-23 23:15:13,1,0,23,5,Spring,M,white,nonhispanic,103,GOVERNMENT,27,1,6,6,92,21.0,1
6842050e-26e0-68aa-9f9d-30e266fbc701,6842050e-26e0-68aa-2784-d792f7e2fbd3,0.083,5104.67,0,emergency,2023-06-25 16:27:07,0,1,16,6,Summer,M,white,nonhispanic,81,GOVERNMENT,22,2,3,2,64,14.0,1
834901f2-b564-f766-0f30-e6ff3cf45f82,834901f2-b564-f766-6644-b335fbbbcf2f,0.032,1146.22,0,urgentcare,2021-05-21 10:57:55,5,0,10,5,Spring,M,white,nonhispanic,62,GOVERNMENT,27,3,8,4,30,7.0,1
834901f2-b564-f766-0da8-f35bccdb829a,834901f2-b564-f766-6644-b335fbbbcf2f,0.01,851.86,0,urgentcare,2021-07-23 10:57:55,5,0,10,7,Summer,M,white,nonhispanic,62,GOVERNMENT,25,1,1,3,39,7.0,1
d53b5945-f75e-bef0-3471-fb5d7e464056,d53b5945-f75e-bef0-5eb0-b98a830a275d,0.04,872.3,0,urgentcare,2021-07-31 17:27:42,6,1,17,7,Summer,F,white,nonhispanic,53,GOVERNMENT,17,2,4,3,7,63.0,0
e2757458-d53f-cf44-8d94-9c4272569a39,e2757458-d53f-cf44-64c1-685b916857b7,0.01,507.44,0,urgentcare,2022-05-02 23:15:13,1,0,23,5,Spring,M,white,nonhispanic,103,GOVERNMENT,27,1,1,6,91,7.0,1
9240f7e0-68d5-363d-55d9-0cdba3a999b9,9240f7e0-68d5-363d-452d-b6c22ecd75b4,0.033,1660.52,0,urgentcare,2021-11-09 09:28:36,2,0,9,11,Fall,M,black,nonhispanic,47,PRIVATE,23,3,4,8,47,28.0,1
185a2038-4c9a-6f44-b002-e36f20e143fa,185a2038-4c9a-6f44-cf7d-78da9583dafc,0.03,1074.84,0,urgentcare,2021-05-19 23:59:16,3,0,23,5,Spring,F,white,nonhispanic,50,GOVERNMENT,19,2,5,6,24,63.0,0
8ba59c1e-a0d3-343b-8906-4ef3a5479e9e,8ba59c1e-a0d3-343b-024a-a4a1330761cf,0.028,1444.82,0,urgentcare,2024-01-08 17:06:54,1,0,17,1,Winter,M,black,nonhispanic,83,GOVERNMENT,23,1,5,3,218,7.0,1
d53b5945-f75e-bef0-d380-d0a82ba1260c,d53b5945-f75e-bef0-5eb0-b98a830a275d,0.022,872.3,0,urgentcare,2021-05-29 17:27:42,6,1,17,5,Spring,F,white,nonhispanic,53,GOVERNMENT,17,2,4,3,6,28.0,1
e2757458-d53f-cf44-f438-af5da9e6de9e,e2757458-d53f-cf44-64c1-685b916857b7,0.039,1282.93,0,urgentcare,2022-04-25 23:15:13,1,0,23,4,Spring,M,white,nonhispanic,103,GOVERNMENT,26,2,7,6,90,21.0,1
6842050e-26e0-68aa-ad0d-d8764b8d717c,6842050e-26e0-68aa-2784-d792f7e2fbd3,0.027,1083.25,0,urgentcare,2023-05-21 16:27:07,0,1,16,5,Spring,M,white,nonhispanic,81,GOVERNMENT,22,3,7,2,62,28.0,1
8ba59c1e-a0d3-343b-c98c-ea0d6e95fece,8ba59c1e-a0d3-343b-024a-a4a1330761cf,0.01,694.53,0,urgentcare,2024-01-01 17:06:54,1,0,17,1,Winter,M,black,nonhispanic,83,GOVERNMENT,23,1,1,3,217,14.0,1
834901f2-b564-f766-2885-1eadd49506cc,834901f2-b564-f766-6644-b335fbbbcf2f,0.042,875.9,0,emergency,2021-05-07 10:57:55,5,0,10,5,Spring,M,white,nonhispanic,62,GOVERNMENT,25,1,4,4,28,105.0,0
e2757458-d53f-cf44-9524-7903d631df2b,e2757458-d53f-cf44-64c1-685b916857b7,0.01,507.44,0,urgentcare,2022-04-04 23:15:13,1,0,23,4,Spring,M,white,nonhispanic,103,GOVERNMENT,26,1,1,6,89,7.0,1
185a2038-4c9a-6f44-cd11-cb5c37fa3607,185a2038-4c9a-6f44-cf7d-78da9583dafc,0.039,859.14,0,urgentcare,2021-03-17 23:59:16,3,0,23,3,Spring,F,white,nonhispanic,50,GOVERNMENT,18,2,4,6,23,72.0,0
9240f7e0-68d5-363d-6874-11fb5b6d8977,9240f7e0-68d5-363d-452d-b6c22ecd75b4,0.024,1305.6,0,urgentcare,2021-10-12 09:28:36,2,0,9,10,Fall,M,black,nonhispanic,47,PRIVATE,25,2,6,8,46,21.0,1
d53b5945-f75e-bef0-3b58-898a378ba307,d53b5945-f75e-bef0-5eb0-b98a830a275d,0.036,872.3,0,urgentcare,2021-05-01 17:27:42,6,1,17,5,Spring,F,white,nonhispanic,53,GOVERNMENT,18,3,4,4,5,28.0,1
e2757458-d53f-cf44-55a6-44be2bdc5780,e2757458-d53f-cf44-64c1-685b916857b7,0.031,1013.42,0,urgentcare,2022-03-28 23:15:13,1,0,23,3,Spring,M,white,nonhispanic,103,GOVERNMENT,27,2,6,6,88,70.0,0
8ba59c1e-a0d3-343b-c81e-1d20424f0ba4,8ba59c1e-a0d3-343b-024a-a4a1330761cf,0.029,1229.12,0,urgentcare,2023-12-11 17:06:54,1,0,17,12,Winter,M,black,nonhispanic,82,GOVERNMENT,26,2,6,3,215,28.0,1
d53b5945-f75e-bef0-f13f-6cdaeb32490c,d53b5945-f75e-bef0-5eb0-b98a830a275d,0.034,872.3,0,urgentcare,2021-04-03 17:27:42,6,1,17,4,Spring,F,white,nonhispanic,53,GOVERNMENT,18,2,4,4,4,91.0,0
6842050e-26e0-68aa-55b7-cc8da2615cd7,6842050e-26e0-68aa-2784-d792f7e2fbd3,0.021,797.72,0,urgentcare,2023-04-16 16:27:07,0,1,16,4,Spring,M,white,nonhispanic,81,GOVERNMENT,21,2,5,2,60,35.0,0
9240f7e0-68d5-363d-8093-4a79b88c63db,9240f7e0-68d5-363d-452d-b6c22ecd75b4,0.023,1024.01,0,urgentcare,2021-09-14 09:28:36,2,0,9,9,Fall,M,black,nonhispanic,47,PRIVATE,23,1,6,7,44,91.0,0
834901f2-b564-f766-2883-a4637a4a026a,834901f2-b564-f766-6644-b335fbbbcf2f,0.031,1117.39,0,urgentcare,2021-01-22 10:57:55,5,0,10,1,Winter,M,white,nonhispanic,62,GOVERNMENT,27,3,6,4,27,21.0,1
e2757458-d53f-cf44-6891-7890b945b720,e2757458-d53f-cf44-64c1-685b916857b7,0.024,797.72,0,urgentcare,2022-01-17 23:15:13,1,0,23,1,Winter,M,white,nonhispanic,103,GOVERNMENT,26,1,2,6,87,77.0,0
8ba59c1e-a0d3-343b-d0d1-fa5368402c04,8ba59c1e-a0d3-343b-024a-a4a1330761cf,0.041,1444.82,0,urgentcare,2023-11-13 17:06:54,1,0,17,11,Fall,M,black,nonhispanic,82,GOVERNMENT,26,3,7,4,214,7.0,1
1e43a258-caf4-44f5-1cd3-b3aba0dc6337,1e43a258-caf4-44f5-7e30-54213e8937f5,0.021,1013.42,0,urgentcare,2019-05-09 08:57:15,4,0,8,5,Spring,M,white,nonhispanic,49,GOVERNMENT,14,2,6,6,16,91.0,0
6842050e-26e0-68aa-2cd7-75ec7bcba9f3,6842050e-26e0-68aa-2784-d792f7e2fbd3,0.026,1158.68,0,urgentcare,2023-03-12 16:27:07,0,1,16,3,Spring,M,white,nonhispanic,81,GOVERNMENT,22,1,5,3,59,28.0,1
834901f2-b564-f766-e1af-32cc7b11e8ca,834901f2-b564-f766-6644-b335fbbbcf2f,0.034,1735.1,0,urgentcare,2021-01-01 10:57:55,5,0,10,1,Winter,M,white,nonhispanic,62,GOVERNMENT,25,1,6,4,26,7.0,1
8ba59c1e-a0d3-343b-c0e3-0b1db7a43bf1,8ba59c1e-a0d3-343b-024a-a4a1330761cf,0.042,1232.72,0,emergency,2023-10-30 17:06:54,1,0,17,10,Fall,M,black,nonhispanic,82,GOVERNMENT,26,2,6,4,212,14.0,1
e2757458-d53f-cf44-2c68-ab2e39f09cf4,e2757458-d53f-cf44-64c1-685b916857b7,0.041,797.72,0,urgentcare,2021-09-27 23:15:13,1,0,23,9,Fall,M,white,nonhispanic,102,GOVERNMENT,27,1,7,5,84,21.0,1
6842050e-26e0-68aa-8186-006601781a8b,6842050e-26e0-68aa-2784-d792f7e2fbd3,0.025,1037.05,0,urgentcare,2022-12-18 16:27:07,0,1,16,12,Winter,M,white,nonhispanic,80,GOVERNMENT,23,3,7,4,56,21.0,1
185a2038-4c9a-6f44-61a0-db0394a18327,185a2038-4c9a-6f44-cf7d-78da9583dafc,0.026,938.84,0,urgentcare,2020-06-24 23:59:16,3,0,23,6,Summer,F,white,nonhispanic,49,GOVERNMENT,17,1,6,6,17,63.0,0
185a2038-4c9a-6f44-3968-c720ee54c3a9,185a2038-4c9a-6f44-cf7d-78da9583dafc,0.029,1200.25,0,urgentcare,2020-07-22 23:59:16,3,0,23,7,Summer,F,white,nonhispanic,49,GOVERNMENT,18,1,5,6,18,28.0,1
185a2038-4c9a-6f44-2bb5-ccf040729c59,185a2038-4c9a-6f44-cf7d-78da9583dafc,0.023,723.14,0,urgentcare,2020-08-19 23:59:16,3,0,23,8,Summer,F,white,nonhispanic,49,GOVERNMENT,17,2,6,6,19,28.0,1
185a2038-4c9a-6f44-fa2a-64daa2e67445,185a2038-4c9a-6f44-cf7d-78da9583dafc,0.029,1074.84,0,urgentcare,2020-09-23 23:59:16,3,0,23,9,Fall,F,white,nonhispanic,49,GOVERNMENT,19,1,7,6,20,35.0,0
8ba59c1e-a0d3-343b-17f6-260e1733708a,8ba59c1e-a0d3-343b-024a-a4a1330761cf,0.041,1229.12,0,urgentcare,2023-09-04 17:06:54,1,0,17,9,Fall,M,black,nonhispanic,82,GOVERNMENT,25,1,8,4,208,21.0,1
9240f7e0-68d5-363d-ddc1-896dd0f3e655,9240f7e0-68d5-363d-452d-b6c22ecd75b4,0.028,1660.52,0,urgentcare,2021-03-16 09:28:36,2,0,9,3,Spring,M,black,nonhispanic,47,PRIVATE,22,4,8,7,40,16.0,1
d53b5945-f75e-bef0-1874-f8d54a6d1651,d53b5945-f75e-bef0-5eb0-b98a830a275d,0.01,663.86,0,urgentcare,2021-01-02 17:27:42,6,1,17,1,Winter,F,white,nonhispanic,53,GOVERNMENT,17,1,1,4,3,154.0,0
e2757458-d53f-cf44-284e-5cb70263c3da,e2757458-d53f-cf44-64c1-685b916857b7,0.027,1249.44,0,urgentcare,2021-10-25 23:15:13,1,0,23,10,Fall,M,white,nonhispanic,102,GOVERNMENT,27,1,6,6,85,28.0,1
e2757458-d53f-cf44-a99b-930a4ec20daf,e2757458-d53f-cf44-64c1-685b916857b7,0.01,507.44,0,urgentcare,2021-11-01 23:15:13,1,0,23,11,Fall,M,white,nonhispanic,102,GOVERNMENT,27,1,1,6,86,7.0,1
6842050e-26e0-68aa-4a60-ce530b4f49c0,6842050e-26e0-68aa-2784-d792f7e2fbd3,0.028,797.72,0,urgentcare,2023-01-15 16:27:07,0,1,16,1,Winter,M,white,nonhispanic,81,GOVERNMENT,21,2,5,3,57,28.0,1
185a2038-4c9a-6f44-aebe-021e7ae063d9,185a2038-4c9a-6f44-cf7d-78da9583dafc,0.04,723.14,0,urgentcare,2020-04-22 23:59:16,3,0,23,4,Spring,F,white,nonhispanic,49,GOVERNMENT,19,2,2,5,16,28.0,1
9240f7e0-68d5-363d-e285-3f6f4a5595b2,9240f7e0-68d5-363d-452d-b6c22ecd75b4,0.04,933.72,0,urgentcare,2021-04-13 09:28:36,2,0,9,4,Spring,M,black,nonhispanic,47,PRIVATE,22,1,5,7,41,28.0,1
e2757458-d53f-cf44-17f8-8b81e833fd4e,e2757458-d53f-cf44-64c1-685b916857b7,0.029,797.72,0,urgentcare,2021-09-06 23:15:13,1,0,23,9,Fall,M,white,nonhispanic,102,GOVERNMENT,26,2,8,5,83,49.0,0
6842050e-26e0-68aa-6159-51bfa36d3442,6842050e-26e0-68aa-2784-d792f7e2fbd3,0.029,1660.52,0,urgentcare,2023-02-12 16:27:07,0,1,16,2,Winter,M,white,nonhispanic,81,GOVERNMENT,22,3,7,3,58,28.0,1
8ba59c1e-a0d3-343b-291e-2885dd7ff40b,8ba59c1e-a0d3-343b-024a-a4a1330761cf,0.029,1229.12,0,urgentcare,2023-08-07 17:06:54,1,0,17,8,Summer,M,black,nonhispanic,82,GOVERNMENT,26,2,5,4,206,7.0,1
9240f7e0-68d5-363d-c18c-6ea54b5dc36a,9240f7e0-68d5-363d-452d-b6c22ecd75b4,0.04,797.72,0,urgentcare,2021-05-18 09:28:36,2,0,9,5,Spring,M,black,nonhispanic,47,PRIVATE,22,2,5,6,42,35.0,0
834901f2-b564-f766-fdb1-9bc9310a6723,834901f2-b564-f766-6644-b335fbbbcf2f,0.028,1420.9,0,urgentcare,2020-08-07 10:57:55,5,0,10,8,Summer,M,white,nonhispanic,61,GOVERNMENT,27,2,7,3,22,161.9,0
e2757458-d53f-cf44-f1d7-06dfc02af1e0,e2757458-d53f-cf44-64c1-685b916857b7,0.031,872.3,0,urgentcare,2021-07-19 23:15:13,1,0,23,7,Summer,M,white,nonhispanic,102,GOVERNMENT,26,3,5,5,82,28.0,1
8ba59c1e-a0d3-343b-7dc3-10a502788319,8ba59c1e-a0d3-343b-024a-a4a1330761cf,0.028,1444.82,0,urgentcare,2023-10-09 17:06:54,1,0,17,10,Fall,M,black,nonhispanic,82,GOVERNMENT,27,3,7,4,210,28.0,1
1e43a258-caf4-44f5-3eae-1d3066238edc,1e43a258-caf4-44f5-7e30-54213e8937f5,0.01,985.79,0,urgentcare,2018-06-28 08:57:15,4,0,8,6,Summer,M,white,nonhispanic,48,GOVERNMENT,15,1,1,7,14,7.0,1
5f662ce7-5293-9ecd-a97f-66521a831858,5f662ce7-5293-9ecd-d28b-e5913e19634a,0.027,872.3,0,urgentcare,2019-11-16 02:21:13,6,1,2,11,Fall,F,native,nonhispanic,62,PRIVATE,26,3,6,5,7,35.0,0
1e43a258-caf4-44f5-8b02-970a250e7b85,1e43a258-caf4-44f5-7e30-54213e8937f5,0.024,1013.42,0,urgentcare,2018-06-21 08:57:15,4,0,8,6,Summer,M,white,nonhispanic,48,GOVERNMENT,18,1,5,7,13,21.0,1
1e43a258-caf4-44f5-81e7-5d0338b75277,1e43a258-caf4-44f5-7e30-54213e8937f5,0.027,1013.42,0,urgentcare,2019-02-07 08:57:15,4,0,8,2,Winter,M,white,nonhispanic,49,GOVERNMENT,16,1,5,6,15,224.0,0
185a2038-4c9a-6f44-8953-f5c77424f77e,185a2038-4c9a-6f44-cf7d-78da9583dafc,0.035,938.84,0,urgentcare,2020-03-25 23:59:16,3,0,23,3,Spring,F,white,nonhispanic,49,GOVERNMENT,17,4,7,5,15,119.0,0
8ba59c1e-a0d3-343b-fe14-07bd819d95a2,8ba59c1e-a0d3-343b-024a-a4a1330761cf,0.023,1365.12,0,urgentcare,2023-07-10 17:06:54,1,0,17,7,Summer,M,black,nonhispanic,82,GOVERNMENT,26,2,8,4,203,28.0,1
6842050e-26e0-68aa-9b13-478ec950fd29,6842050e-26e0-68aa-2784-d792f7e2fbd3,0.01,775.73,0,urgentcare,2022-11-27 16:27:07,0,1,16,11,Fall,M,white,nonhispanic,80,GOVERNMENT,19,1,1,4,55,7.0,1
e2757458-d53f-cf44-6314-88fa12cae4e3,e2757458-d53f-cf44-64c1-685b916857b7,0.042,1607.22,0,urgentcare,2021-06-21 23:15:13,1,0,23,6,Summer,M,white,nonhispanic,102,GOVERNMENT,25,2,4,4,81,28.0,1
5f662ce7-5293-9ecd-0367-6ddd16b6638b,5f662ce7-5293-9ecd-d28b-e5913e19634a,0.041,946.88,0,urgentcare,2019-10-12 02:21:13,6,1,2,10,Fall,F,native,nonhispanic,62,PRIVATE,24,2,5,4,6,238.0,0
5f662ce7-5293-9ecd-34bd-f8d8f449ed96,5f662ce7-5293-9ecd-d28b-e5913e19634a,0.041,1735.1,0,urgentcare,2020-05-09 02:21:13,6,1,2,5,Spring,F,native,nonhispanic,63,PRIVATE,24,1,3,4,9,119.0,0
6842050e-26e0-68aa-9539-38a5b5096e2e,6842050e-26e0-68aa-2784-d792f7e2fbd3,0.042,1304.58,0,emergency,2022-11-20 16:27:07,0,1,16,11,Fall,M,white,nonhispanic,80,GOVERNMENT,21,1,6,4,54,28.0,1
8ba59c1e-a0d3-343b-1142-422ce638c1d8,8ba59c1e-a0d3-343b-024a-a4a1330761cf,0.01,507.44,0,urgentcare,2023-10-16 17:06:54,1,0,17,10,Fall,M,black,nonhispanic,82,GOVERNMENT,25,1,1,4,211,7.0,1
1e43a258-caf4-44f5-d3a0-8ba811eff429,1e43a258-caf4-44f5-7e30-54213e8937f5,0.028,933.72,0,urgentcare,2018-05-31 08:57:15,4,0,8,5,Spring,M,white,nonhispanic,48,GOVERNMENT,17,3,5,6,12,7.0,1
6842050e-26e0-68aa-93b4-8edfcfd225a4,6842050e-26e0-68aa-2784-d792f7e2fbd3,0.031,797.72,0,urgentcare,2022-10-23 16:27:07,0,1,16,10,Fall,M,white,nonhispanic,80,GOVERNMENT,23,2,7,4,53,35.0,0
1e43a258-caf4-44f5-16fe-521fa184ca6e,1e43a258-caf4-44f5-7e30-54213e8937f5,0.022,797.72,0,urgentcare,2018-01-11 08:57:15,4,0,8,1,Winter,M,white,nonhispanic,48,GOVERNMENT,17,3,6,6,7,357.0,0
1e43a258-caf4-44f5-3adc-0637b631e971,1e43a258-caf4-44f5-7e30-54213e8937f5,0.035,797.72,0,urgentcare,2018-05-03 08:57:15,4,0,8,5,Spring,M,white,nonhispanic,48,GOVERNMENT,17,2,7,6,8,112.0,0
e2757458-d53f-cf44-f128-1d76d614c77e,e2757458-d53f-cf44-64c1-685b916857b7,0.034,933.72,0,urgentcare,2021-02-22 23:15:13,1,0,23,2,Winter,M,white,nonhispanic,102,GOVERNMENT,23,2,4,5,74,28.0,1
5f662ce7-5293-9ecd-1fa7-36b840b1c751,5f662ce7-5293-9ecd-d28b-e5913e19634a,0.022,872.3,0,urgentcare,2019-01-19 02:21:13,6,1,2,1,Winter,F,native,nonhispanic,62,PRIVATE,22,3,4,4,4,245.0,0
6842050e-26e0-68aa-8b95-3c5ff454df03,6842050e-26e0-68aa-2784-d792f7e2fbd3,0.028,1128.65,0,urgentcare,2022-07-17 16:27:07,0,1,16,7,Summer,M,white,nonhispanic,80,GOVERNMENT,22,3,5,3,49,28.0,1
185a2038-4c9a-6f44-4d1c-8a989c8afaad,185a2038-4c9a-6f44-cf7d-78da9583dafc,0.022,859.14,0,urgentcare,2019-09-25 23:59:16,3,0,23,9,Fall,F,white,nonhispanic,48,GOVERNMENT,21,3,3,7,12,20.9,1
9240f7e0-68d5-363d-91d3-6557daf54b07,9240f7e0-68d5-363d-452d-b6c22ecd75b4,0.034,797.72,0,urgentcare,2020-10-20 09:28:36,2,0,9,10,Fall,M,black,nonhispanic,46,PRIVATE,20,2,6,7,36,28.0,1
9240f7e0-68d5-363d-d496-9cd725d30867,9240f7e0-68d5-363d-452d-b6c22ecd75b4,0.03,1013.42,0,urgentcare,2020-11-17 09:28:36,2,0,9,11,Fall,M,black,nonhispanic,46,PRIVATE,19,1,8,7,37,28.0,1
d53b5945-f75e-bef0-f542-9b4798e56733,d53b5945-f75e-bef0-5eb0-b98a830a275d,0.029,872.3,0,urgentcare,2020-08-01 17:27:42,6,1,17,8,Summer,F,white,nonhispanic,52,GOVERNMENT,15,2,6,3,2,1379.0,0
8ba59c1e-a0d3-343b-4910-3b85b1089470,8ba59c1e-a0d3-343b-024a-a4a1330761cf,0.03,1229.12,0,urgentcare,2023-03-06 17:06:54,1,0,17,3,Spring,M,black,nonhispanic,82,GOVERNMENT,23,3,7,4,195,21.0,1
8ba59c1e-a0d3-343b-6bf6-3a3be3d869c1,8ba59c1e-a0d3-343b-024a-a4a1330761cf,0.042,1505.93,0,emergency,2023-04-03 17:06:54,1,0,17,4,Spring,M,black,nonhispanic,82,GOVERNMENT,26,3,8,4,197,7.0,1
9240f7e0-68d5-363d-160f-a2285ed67687,9240f7e0-68d5-363d-452d-b6c22ecd75b4,0.042,4140.89,0,emergency,2020-09-22 09:28:36,2,0,9,9,Fall,M,black,nonhispanic,46,PRIVATE,20,2,1,6,35,7.0,1
834901f2-b564-f766-b778-0b69a9373e6f,834901f2-b564-f766-6644-b335fbbbcf2f,0.024,1129.26,0,urgentcare,2019-11-08 10:57:55,5,0,10,11,Fall,M,white,nonhispanic,60,GOVERNMENT,25,1,5,5,20,133.0,0
1e43a258-caf4-44f5-5aeb-86a0883a3bd5,1e43a258-caf4-44f5-7e30-54213e8937f5,0.022,797.72,0,urgentcare,2016-12-22 08:57:15,4,0,8,12,Winter,M,white,nonhispanic,46,GOVERNMENT,15,2,4,7,5,35.0,0
8ba59c1e-a0d3-343b-4f1e-96c042d057b7,8ba59c1e-a0d3-343b-024a-a4a1330761cf,0.032,1064.09,0,urgentcare,2022-12-12 17:06:54,1,0,17,12,Winter,M,black,nonhispanic,81,GOVERNMENT,24,2,8,3,190,7.0,1
8ba59c1e-a0d3-343b-7baa-b45c917c1b65,8ba59c1e-a0d3-343b-024a-a4a1330761cf,0.037,1365.12,0,urgentcare,2023-01-09 17:06:54,1,0,17,1,Winter,M,black,nonhispanic,82,GOVERNMENT,23,1,8,4,191,28.0,1
9240f7e0-68d5-363d-4a53-5508156554c6,9240f7e0-68d5-363d-452d-b6c22ecd75b4,0.03,797.72,0,urgentcare,2020-07-28 09:28:36,2,0,9,7,Summer,M,black,nonhispanic,46,PRIVATE,21,1,5,10,33,28.0,1
9240f7e0-68d5-363d-1de1-540c0a58b1d3,9240f7e0-68d5-363d-452d-b6c22ecd75b4,0.022,1561.45,0,urgentcare,2020-09-15 09:28:36,2,0,9,9,Fall,M,black,nonhispanic,46,PRIVATE,22,3,4,6,34,49.0,0
9240f7e0-68d5-363d-ebfc-ecd75881f965,9240f7e0-68d5-363d-452d-b6c22ecd75b4,0.039,797.72,0,urgentcare,2020-12-15 09:28:36,2,0,9,12,Winter,M,black,nonhispanic,46,PRIVATE,21,4,6,8,38,28.0,1
834901f2-b564-f766-8fff-59f511aca801,834901f2-b564-f766-6644-b335fbbbcf2f,0.031,1194.16,0,urgentcare,2019-05-17 10:57:55,5,0,10,5,Spring,M,white,nonhispanic,60,GOVERNMENT,28,3,7,3,16,14.0,1
834901f2-b564-f766-fc26-ffb9e1a516f6,834901f2-b564-f766-6644-b335fbbbcf2f,0.039,872.3,0,urgentcare,2019-06-21 10:57:55,5,0,10,6,Summer,M,white,nonhispanic,60,GOVERNMENT,28,1,4,5,18,28.0,1
5f662ce7-5293-9ecd-d2bd-2d5476f6ce3a,5f662ce7-5293-9ecd-d28b-e5913e19634a,0.042,16125.04,0,emergency,2017-10-16 02:21:13,1,0,2,10,Fall,F,native,nonhispanic,60,PRIVATE,21,2,1,4,2,233.0,0
6842050e-26e0-68aa-7945-dc14d661bf81,6842050e-26e0-68aa-2784-d792f7e2fbd3,0.039,1013.42,0,urgentcare,2022-03-20 16:27:07,0,1,16,3,Spring,M,white,nonhispanic,80,GOVERNMENT,22,1,6,3,43,21.0,1
6842050e-26e0-68aa-7b33-85636766820f,6842050e-26e0-68aa-2784-d792f7e2fbd3,0.027,1013.42,0,urgentcare,2022-04-17 16:27:07,0,1,16,4,Spring,M,white,nonhispanic,80,GOVERNMENT,19,1,4,3,44,28.0,1
6842050e-26e0-68aa-7dc1-294d2faf3c6e,6842050e-26e0-68aa-2784-d792f7e2fbd3,0.01,875.43,0,urgentcare,2022-04-24 16:27:07,0,1,16,4,Spring,M,white,nonhispanic,80,GOVERNMENT,19,1,1,3,45,7.0,1
6842050e-26e0-68aa-6c17-e20d7cbb922e,6842050e-26e0-68aa-2784-d792f7e2fbd3,0.023,1183.34,0,urgentcare,2022-05-22 16:27:07,0,1,16,5,Spring,M,white,nonhispanic,80,GOVERNMENT,20,2,7,2,46,28.0,1
6842050e-26e0-68aa-e948-cb21219251a5,6842050e-26e0-68aa-2784-d792f7e2fbd3,0.03,1013.42,0,urgentcare,2022-06-19 16:27:07,0,1,16,6,Summer,M,white,nonhispanic,80,GOVERNMENT,21,1,9,2,48,21.0,1
6842050e-26e0-68aa-282b-325f8b02ccd1,6842050e-26e0-68aa-2784-d792f7e2fbd3,0.01,981.4,0,urgentcare,2022-09-18 16:27:07,0,1,16,9,Fall,M,white,nonhispanic,80,GOVERNMENT,19,1,1,3,52,28.0,1
185a2038-4c9a-6f44-cc55-aae01dc70513,185a2038-4c9a-6f44-cf7d-78da9583dafc,0.042,951.83,0,urgentcare,2019-07-31 23:59:16,3,0,23,7,Summer,F,white,nonhispanic,48,GOVERNMENT,18,1,5,6,10,63.0,0
185a2038-4c9a-6f44-4ab7-f26254895edb,185a2038-4c9a-6f44-cf7d-78da9583dafc,0.025,1585.94,0,urgentcare,2019-11-27 23:59:16,3,0,23,11,Fall,F,white,nonhispanic,48,GOVERNMENT,17,3,6,6,14,28.0,1
e2757458-d53f-cf44-d670-37856e53d5cf,e2757458-d53f-cf44-64c1-685b916857b7,0.039,1013.42,0,urgentcare,2020-11-23 23:15:13,1,0,23,11,Fall,M,white,nonhispanic,101,GOVERNMENT,23,3,5,5,71,21.0,1
185a2038-4c9a-6f44-9a86-5f12988fdc53,185a2038-4c9a-6f44-cf7d-78da9583dafc,0.022,723.14,0,urgentcare,2019-02-27 23:59:16,3,0,23,2,Winter,F,white,nonhispanic,48,GOVERNMENT,17,4,4,6,8,28.0,1
8ba59c1e-a0d3-343b-413c-5ac28fe193cd,8ba59c1e-a0d3-343b-024a-a4a1330761cf,0.01,507.44,0,urgentcare,2022-11-21 17:06:54,1,0,17,11,Fall,M,black,nonhispanic,81,GOVERNMENT,22,1,1,3,188,7.0,1
8ba59c1e-a0d3-343b-a487-e53c654250e5,8ba59c1e-a0d3-343b-024a-a4a1330761cf,0.042,1448.42,0,emergency,2022-11-14 17:06:54,1,0,17,11,Fall,M,black,nonhispanic,81,GOVERNMENT,23,2,4,3,187,21.0,1
834901f2-b564-f766-93a1-11a60d38dbe9,834901f2-b564-f766-6644-b335fbbbcf2f,0.042,875.9,0,emergency,2020-11-13 10:57:55,5,0,10,11,Fall,M,white,nonhispanic,61,GOVERNMENT,27,2,3,5,23,98.0,0
e2757458-d53f-cf44-0bb0-d15d0e3fc13d,e2757458-d53f-cf44-64c1-685b916857b7,0.04,797.72,0,urgentcare,2020-10-26 23:15:13,1,0,23,10,Fall,M,white,nonhispanic,101,GOVERNMENT,24,2,5,5,69,35.0,0
6842050e-26e0-68aa-bb41-44c9a4d13ef1,6842050e-26e0-68aa-2784-d792f7e2fbd3,0.023,797.72,0,urgentcare,2022-02-20 16:27:07,0,1,16,2,Winter,M,white,nonhispanic,80,GOVERNMENT,23,3,7,3,41,28.0,1
185a2038-4c9a-6f44-a9cd-554faa8a1dbe,185a2038-4c9a-6f44-cf7d-78da9583dafc,0.029,976.4,0,urgentcare,2019-01-30 23:59:16,3,0,23,1,Winter,F,white,nonhispanic,48,GOVERNMENT,19,2,7,6,7,182.0,0
9240f7e0-68d5-363d-6272-a2226df7f822,9240f7e0-68d5-363d-452d-b6c22ecd75b4,0.036,797.72,0,urgentcare,2020-05-19 09:28:36,2,0,9,5,Spring,M,black,nonhispanic,46,PRIVATE,20,2,3,6,31,56.0,0
834901f2-b564-f766-86b9-cc15728f57c2,834901f2-b564-f766-6644-b335fbbbcf2f,0.037,872.3,0,urgentcare,2019-02-15 10:57:55,5,0,10,2,Winter,M,white,nonhispanic,60,GOVERNMENT,25,1,6,2,11,119.0,0
1e43a258-caf4-44f5-cc9f-a58bd0f98109,1e43a258-caf4-44f5-7e30-54213e8937f5,0.01,507.44,0,urgentcare,2016-11-03 08:57:15,4,0,8,11,Fall,M,white,nonhispanic,46,GOVERNMENT,14,1,1,6,3,7.0,1
8ba59c1e-a0d3-343b-9729-a434a32f028a,8ba59c1e-a0d3-343b-024a-a4a1330761cf,0.037,1660.52,0,urgentcare,2022-10-24 17:06:54,1,0,17,10,Fall,M,black,nonhispanic,81,GOVERNMENT,23,2,7,3,186,7.0,1
1e43a258-caf4-44f5-441c-976a975a2865,1e43a258-caf4-44f5-7e30-54213e8937f5,0.034,1013.42,0,urgentcare,2016-10-27 08:57:15,4,0,8,10,Fall,M,white,nonhispanic,46,GOVERNMENT,16,1,7,6,2,7.0,1
1e43a258-caf4-44f5-5270-c3862071e5dc,1e43a258-caf4-44f5-7e30-54213e8937f5,0.037,797.72,0,urgentcare,2016-10-13 08:57:15,4,0,8,10,Fall,M,white,nonhispanic,46,GOVERNMENT,18,3,6,6,0,,0
5f662ce7-5293-9ecd-2490-145c1557b05f,5f662ce7-5293-9ecd-d28b-e5913e19634a,0.024,1088.0,0,urgentcare,2017-02-25 02:21:13,6,1,2,2,Winter,F,native,nonhispanic,60,PRIVATE,23,5,8,4,1,1099.0,0
8ba59c1e-a0d3-343b-0d73-e1b6112550f1,8ba59c1e-a0d3-343b-024a-a4a1330761cf,0.01,1154.54,0,urgentcare,2022-10-17 17:06:54,1,0,17,10,Fall,M,black,nonhispanic,81,GOVERNMENT,22,1,1,3,185,7.0,1
8ba59c1e-a0d3-343b-76fb-eadeeec0866b,8ba59c1e-a0d3-343b-024a-a4a1330761cf,0.042,1710.94,0,emergency,2022-10-10 17:06:54,1,0,17,10,Fall,M,black,nonhispanic,81,GOVERNMENT,24,2,7,3,184,14.0,1
9240f7e0-68d5-363d-672e-7aba7ed7819b,9240f7e0-68d5-363d-452d-b6c22ecd75b4,0.033,933.72,0,urgentcare,2020-03-24 09:28:36,2,0,9,3,Spring,M,black,nonhispanic,46,PRIVATE,19,2,3,7,30,35.0,0
e2757458-d53f-cf44-74b1-b5a1767f3202,e2757458-d53f-cf44-64c1-685b916857b7,0.039,797.72,0,urgentcare,2020-12-21 23:15:13,1,0,23,12,Winter,M,white,nonhispanic,101,GOVERNMENT,23,1,6,5,72,28.0,1
6842050e-26e0-68aa-afff-6f718eac6913,6842050e-26e0-68aa-2784-d792f7e2fbd3,0.035,1567.77,0,urgentcare,2022-01-16 16:27:07,0,1,16,1,Winter,M,white,nonhispanic,80,GOVERNMENT,22,2,8,3,39,28.0,1
6842050e-26e0-68aa-0e0f-d2d16b283fe1,6842050e-26e0-68aa-2784-d792f7e2fbd3,0.032,797.72,0,urgentcare,2021-12-19 16:27:07,0,1,16,12,Winter,M,white,nonhispanic,79,GOVERNMENT,22,3,5,3,38,28.0,1
185a2038-4c9a-6f44-87c5-9c545a72b09c,185a2038-4c9a-6f44-cf7d-78da9583dafc,0.025,723.14,0,urgentcare,2018-08-01 23:59:16,3,0,23,8,Summer,F,white,nonhispanic,47,GOVERNMENT,19,4,3,6,6,56.0,0
e2757458-d53f-cf44-da80-bfc8cd17cf19,e2757458-d53f-cf44-64c1-685b916857b7,0.023,797.72,0,urgentcare,2020-07-27 23:15:13,1,0,23,7,Summer,M,white,nonhispanic,101,GOVERNMENT,24,2,4,5,67,63.0,0
8ba59c1e-a0d3-343b-2ce6-b4d56c93f7c3,8ba59c1e-a0d3-343b-024a-a4a1330761cf,0.025,797.72,0,urgentcare,2022-08-15 17:06:54,1,0,17,8,Summer,M,black,nonhispanic,81,GOVERNMENT,25,2,7,3,179,7.0,1
8ba59c1e-a0d3-343b-370a-e99378a1b919,8ba59c1e-a0d3-343b-024a-a4a1330761cf,0.042,1232.72,0,emergency,2022-09-12 17:06:54,1,0,17,9,Fall,M,black,nonhispanic,81,GOVERNMENT,25,1,5,3,181,21.0,1
8ba59c1e-a0d3-343b-f2c6-3ef92af6d3b2,8ba59c1e-a0d3-343b-024a-a4a1330761cf,0.032,1776.94,0,urgentcare,2022-09-26 17:06:54,1,0,17,9,Fall,M,black,nonhispanic,81,GOVERNMENT,25,2,8,3,183,7.0,1
9240f7e0-68d5-363d-dc5b-78d7815ef256,9240f7e0-68d5-363d-452d-b6c22ecd75b4,0.029,797.72,0,urgentcare,2019-11-26 09:28:36,2,0,9,11,Fall,M,black,nonhispanic,45,PRIVATE,19,1,5,7,28,35.0,0
9240f7e0-68d5-363d-b96e-015c8959a758,9240f7e0-68d5-363d-452d-b6c22ecd75b4,0.036,797.72,0,urgentcare,2019-10-22 09:28:36,2,0,9,10,Fall,M,black,nonhispanic,45,PRIVATE,19,2,7,7,27,28.0,1
6842050e-26e0-68aa-bd9f-64c57ffdcfc1,6842050e-26e0-68aa-2784-d792f7e2fbd3,0.032,1660.52,0,urgentcare,2021-10-24 16:27:07,0,1,16,10,Fall,M,white,nonhispanic,79,GOVERNMENT,22,2,5,3,36,35.0,0
e2757458-d53f-cf44-683f-8ba64fa54ece,e2757458-d53f-cf44-64c1-685b916857b7,0.031,1013.42,0,urgentcare,2020-05-25 23:15:13,1,0,23,5,Spring,M,white,nonhispanic,101,GOVERNMENT,22,3,5,5,66,28.0,1
5f662ce7-5293-9ecd-a589-196bb0ef82d0,5f662ce7-5293-9ecd-d28b-e5913e19634a,0.03,1200.91,0,urgentcare,2019-02-16 02:21:13,6,1,2,2,Winter,F,native,nonhispanic,62,PRIVATE,21,1,5,4,5,28.0,1
834901f2-b564-f766-e100-52c50367d23e,834901f2-b564-f766-6644-b335fbbbcf2f,0.03,1182.33,0,urgentcare,2018-03-30 10:57:55,5,0,10,3,Spring,M,white,nonhispanic,59,GOVERNMENT,25,2,7,3,9,203.0,0
e2757458-d53f-cf44-7e70-2efebc8aa543,e2757458-d53f-cf44-64c1-685b916857b7,0.031,797.72,0,urgentcare,2020-02-24 23:15:13,1,0,23,2,Winter,M,white,nonhispanic,101,GOVERNMENT,25,1,4,5,62,49.0,0
e2757458-d53f-cf44-a069-16c8b5a04425,e2757458-d53f-cf44-64c1-685b916857b7,0.041,797.72,0,urgentcare,2020-04-27 23:15:13,1,0,23,4,Spring,M,white,nonhispanic,101,GOVERNMENT,25,1,5,5,65,21.0,1
185a2038-4c9a-6f44-056e-f05b3477829a,185a2038-4c9a-6f44-cf7d-78da9583dafc,0.041,1585.94,0,urgentcare,2018-06-06 23:59:16,3,0,23,6,Summer,F,white,nonhispanic,47,GOVERNMENT,17,4,5,6,5,210.0,0
9240f7e0-68d5-363d-bdda-ae0780c6ed27,9240f7e0-68d5-363d-452d-b6c22ecd75b4,0.039,797.72,0,urgentcare,2019-09-24 09:28:36,2,0,9,9,Fall,M,black,nonhispanic,45,PRIVATE,18,2,6,6,26,28.0,1
6842050e-26e0-68aa-0d9d-eb5ef186b8cb,6842050e-26e0-68aa-2784-d792f7e2fbd3,0.03,1660.52,0,urgentcare,2021-09-19 16:27:07,0,1,16,9,Fall,M,white,nonhispanic,79,GOVERNMENT,21,2,6,3,35,28.0,1
9240f7e0-68d5-363d-1c4b-212752718c9f,9240f7e0-68d5-363d-452d-b6c22ecd75b4,0.032,797.72,0,urgentcare,2019-07-23 09:28:36,2,0,9,7,Summer,M,black,nonhispanic,45,PRIVATE,18,1,2,7,24,28.0,1
9240f7e0-68d5-363d-d97a-f4d9a38dcb11,9240f7e0-68d5-363d-452d-b6c22ecd75b4,0.041,797.72,0,urgentcare,2019-06-25 09:28:36,2,0,9,6,Summer,M,black,nonhispanic,45,PRIVATE,19,1,6,7,23,119.0,0
e2757458-d53f-cf44-20a9-f76aaaae1853,e2757458-d53f-cf44-64c1-685b916857b7,0.025,797.72,0,urgentcare,2020-01-06 23:15:13,1,0,23,1,Winter,M,white,nonhispanic,101,GOVERNMENT,24,3,6,5,61,35.0,0
6842050e-26e0-68aa-9e2e-2f1f1d4c7c89,6842050e-26e0-68aa-2784-d792f7e2fbd3,0.024,1660.52,0,urgentcare,2021-08-22 16:27:07,0,1,16,8,Summer,M,white,nonhispanic,79,GOVERNMENT,22,2,2,3,34,21.0,1
6842050e-26e0-68aa-4d3a-7620ff8673f9,6842050e-26e0-68aa-2784-d792f7e2fbd3,0.039,933.72,0,urgentcare,2021-07-25 16:27:07,0,1,16,7,Summer,M,white,nonhispanic,79,GOVERNMENT,21,3,5,3,32,35.0,0
8ba59c1e-a0d3-343b-8a6c-b491358fcbf5,8ba59c1e-a0d3-343b-024a-a4a1330761cf,0.023,1303.7,0,urgentcare,2022-05-09 17:06:54,1,0,17,5,Spring,M,black,nonhispanic,81,GOVERNMENT,24,2,6,3,173,21.0,1
e2757458-d53f-cf44-45b1-c0b12cbd711a,e2757458-d53f-cf44-64c1-685b916857b7,0.01,556.33,0,urgentcare,2019-12-02 23:15:13,1,0,23,12,Winter,M,white,nonhispanic,100,GOVERNMENT,25,1,1,5,60,28.0,1
185a2038-4c9a-6f44-434c-a1594d318e52,185a2038-4c9a-6f44-cf7d-78da9583dafc,0.032,723.14,0,urgentcare,2017-11-08 23:59:16,3,0,23,11,Fall,F,white,nonhispanic,46,GOVERNMENT,16,4,4,5,4,392.0,0
8ba59c1e-a0d3-343b-b658-79abaa7dd807,8ba59c1e-a0d3-343b-024a-a4a1330761cf,0.042,797.72,0,urgentcare,2022-04-18 17:06:54,1,0,17,4,Spring,M,black,nonhispanic,81,GOVERNMENT,22,1,4,4,172,7.0,1
6842050e-26e0-68aa-2864-fae51b944fd0,6842050e-26e0-68aa-2784-d792f7e2fbd3,0.026,797.72,0,urgentcare,2021-06-20 16:27:07,0,1,16,6,Summer,M,white,nonhispanic,79,GOVERNMENT,24,2,6,2,31,56.0,0
8ba59c1e-a0d3-343b-06fd-bee0efdd0fd7,8ba59c1e-a0d3-343b-024a-a4a1330761cf,0.042,726.74,0,emergency,2022-04-11 17:06:54,1,0,17,4,Spring,M,black,nonhispanic,81,GOVERNMENT,21,1,1,4,171,7.0,1
8ba59c1e-a0d3-343b-7879-e2d8b7414a2b,8ba59c1e-a0d3-343b-024a-a4a1330761cf,0.03,1126.04,0,urgentcare,2022-04-04 17:06:54,1,0,17,4,Spring,M,black,nonhispanic,81,GOVERNMENT,23,1,4,4,170,7.0,1
8ba59c1e-a0d3-343b-d402-aa6f6e97b197,8ba59c1e-a0d3-343b-024a-a4a1330761cf,0.042,801.32,0,emergency,2022-03-21 17:06:54,1,0,17,3,Spring,M,black,nonhispanic,81,GOVERNMENT,23,1,4,4,168,28.0,1
9240f7e0-68d5-363d-4790-e6ebfafb586a,9240f7e0-68d5-363d-452d-b6c22ecd75b4,0.024,797.72,0,urgentcare,2019-02-26 09:28:36,2,0,9,2,Winter,M,black,nonhispanic,45,PRIVATE,19,2,6,6,22,119.0,0
e2757458-d53f-cf44-7b66-5289fd37c83b,e2757458-d53f-cf44-64c1-685b916857b7,0.024,1013.42,0,urgentcare,2019-10-28 23:15:13,1,0,23,10,Fall,M,white,nonhispanic,100,GOVERNMENT,25,1,6,5,58,28.0,1
8ba59c1e-a0d3-343b-ca1b-c048584cbb16,8ba59c1e-a0d3-343b-024a-a4a1330761cf,0.041,797.72,0,urgentcare,2022-02-07 17:06:54,1,0,17,2,Winter,M,black,nonhispanic,81,GOVERNMENT,23,1,4,5,165,21.0,1
e2757458-d53f-cf44-8f09-c8a8f5349bf3,e2757458-d53f-cf44-64c1-685b916857b7,0.042,1099.06,0,urgentcare,2019-07-29 23:15:13,1,0,23,7,Summer,M,white,nonhispanic,100,GOVERNMENT,23,2,6,4,55,28.0,1
6842050e-26e0-68aa-be5f-bafaf9f10be6,6842050e-26e0-68aa-2784-d792f7e2fbd3,0.036,797.72,0,urgentcare,2020-12-27 16:27:07,0,1,16,12,Winter,M,white,nonhispanic,78,GOVERNMENT,21,3,4,3,24,21.0,1
6842050e-26e0-68aa-9bdd-41bb04ca005b,6842050e-26e0-68aa-2784-d792f7e2fbd3,0.035,1660.52,0,urgentcare,2021-01-24 16:27:07,0,1,16,1,Winter,M,white,nonhispanic,79,GOVERNMENT,23,2,6,3,25,28.0,1
6842050e-26e0-68aa-1384-73bada57fe69,6842050e-26e0-68aa-2784-d792f7e2fbd3,0.01,596.39,0,urgentcare,2021-01-31 16:27:07,0,1,16,1,Winter,M,white,nonhispanic,79,GOVERNMENT,21,1,1,3,26,7.0,1
6842050e-26e0-68aa-24e1-0ba6bf0b9f4a,6842050e-26e0-68aa-2784-d792f7e2fbd3,0.033,1013.42,0,urgentcare,2021-02-21 16:27:07,0,1,16,2,Winter,M,white,nonhispanic,79,GOVERNMENT,20,1,4,3,27,21.0,1
8ba59c1e-a0d3-343b-a900-dd645837f3d1,8ba59c1e-a0d3-343b-024a-a4a1330761cf,0.042,801.32,0,emergency,2021-10-11 17:06:54,1,0,17,10,Fall,M,black,nonhispanic,80,GOVERNMENT,25,1,6,3,155,7.0,1
8ba59c1e-a0d3-343b-45a5-6b0bd4021467,8ba59c1e-a0d3-343b-024a-a4a1330761cf,0.031,797.72,0,urgentcare,2021-10-25 17:06:54,1,0,17,10,Fall,M,black,nonhispanic,80,GOVERNMENT,24,2,3,3,157,7.0,1
834901f2-b564-f766-046a-ab82c89b582c,834901f2-b564-f766-6644-b335fbbbcf2f,0.022,1224.0,0,urgentcare,2017-09-08 10:57:55,5,0,10,9,Fall,M,white,nonhispanic,58,GOVERNMENT,27,2,7,2,8,49.0,0
8ba59c1e-a0d3-343b-7269-36d6e93b68e4,8ba59c1e-a0d3-343b-024a-a4a1330761cf,0.011,723.14,0,urgentcare,2021-10-04 17:06:54,1,0,17,10,Fall,M,black,nonhispanic,80,GOVERNMENT,24,1,1,3,154,7.0,1
9240f7e0-68d5-363d-bd92-856e7d3e1406,9240f7e0-68d5-363d-452d-b6c22ecd75b4,0.04,1433.67,0,urgentcare,2018-05-08 09:28:36,2,0,9,5,Spring,M,black,nonhispanic,44,PRIVATE,18,2,6,7,20,203.0,0
9240f7e0-68d5-363d-1aef-b50d3b716e5f,9240f7e0-68d5-363d-452d-b6c22ecd75b4,0.022,1013.42,0,urgentcare,2018-10-30 09:28:36,2,0,9,10,Fall,M,black,nonhispanic,44,PRIVATE,19,1,6,6,21,175.0,0
e2757458-d53f-cf44-b7a8-331a878570da,e2757458-d53f-cf44-64c1-685b916857b7,0.04,1013.42,0,urgentcare,2019-07-01 23:15:13,1,0,23,7,Summer,M,white,nonhispanic,100,GOVERNMENT,23,1,6,4,54,21.0,1
e2757458-d53f-cf44-1422-413b28ddf4af,e2757458-d53f-cf44-64c1-685b916857b7,0.038,872.3,0,urgentcare,2019-09-02 23:15:13,1,0,23,9,Fall,M,white,nonhispanic,100,GOVERNMENT,24,3,6,4,56,35.0,0
e2757458-d53f-cf44-03d3-fbb8b8c96c98,e2757458-d53f-cf44-64c1-685b916857b7,0.033,1130.52,0,urgentcare,2019-09-30 23:15:13,1,0,23,9,Fall,M,white,nonhispanic,100,GOVERNMENT,24,1,7,5,57,28.0,1
8ba59c1e-a0d3-343b-ef68-2d9c6b799f65,8ba59c1e-a0d3-343b-024a-a4a1330761cf,0.038,1589.61,0,urgentcare,2021-09-27 17:06:54,1,0,17,9,Fall,M,black,nonhispanic,80,GOVERNMENT,25,1,8,3,153,7.0,1
834901f2-b564-f766-58cc-cea2554d1cd1,834901f2-b564-f766-6644-b335fbbbcf2f,0.038,946.88,0,urgentcare,2017-07-21 10:57:55,5,0,10,7,Summer,M,white,nonhispanic,58,GOVERNMENT,27,2,5,2,7,245.0,0
6842050e-26e0-68aa-084d-91a97f99ab48,6842050e-26e0-68aa-2784-d792f7e2fbd3,0.01,1154.54,0,urgentcare,2020-12-06 16:27:07,0,1,16,12,Winter,M,white,nonhispanic,78,GOVERNMENT,20,1,1,4,23,7.0,1
8ba59c1e-a0d3-343b-b093-7a80b20e8bbf,8ba59c1e-a0d3-343b-024a-a4a1330761cf,0.042,801.32,0,emergency,2021-09-13 17:06:54,1,0,17,9,Fall,M,black,nonhispanic,80,GOVERNMENT,25,2,7,3,151,14.0,1
8ba59c1e-a0d3-343b-0dbc-62d390e384e3,8ba59c1e-a0d3-343b-024a-a4a1330761cf,0.042,801.32,0,emergency,2021-11-08 17:06:54,1,0,17,11,Fall,M,black,nonhispanic,80,GOVERNMENT,25,3,5,3,158,14.0,1
e2757458-d53f-cf44-b95c-731c7a564bb2,e2757458-d53f-cf44-64c1-685b916857b7,0.039,797.72,0,urgentcare,2019-06-03 23:15:13,1,0,23,6,Summer,M,white,nonhispanic,100,GOVERNMENT,22,3,5,5,52,28.0,1
6842050e-26e0-68aa-f60f-7eadeeaaa221,6842050e-26e0-68aa-2784-d792f7e2fbd3,0.024,1072.44,0,urgentcare,2020-11-29 16:27:07,0,1,16,11,Fall,M,white,nonhispanic,78,GOVERNMENT,22,3,6,4,22,21.0,1
9240f7e0-68d5-363d-cf85-33491db1a5d0,9240f7e0-68d5-363d-452d-b6c22ecd75b4,0.038,797.72,0,urgentcare,2017-10-17 09:28:36,2,0,9,10,Fall,M,black,nonhispanic,43,PRIVATE,19,1,5,7,19,7.0,1
8ba59c1e-a0d3-343b-a014-d45f2f16219f,8ba59c1e-a0d3-343b-024a-a4a1330761cf,0.042,1232.72,0,emergency,2021-08-16 17:06:54,1,0,17,8,Summer,M,black,nonhispanic,80,GOVERNMENT,26,3,7,3,148,7.0,1
9240f7e0-68d5-363d-5245-8bf1fc61c4bf,9240f7e0-68d5-363d-452d-b6c22ecd75b4,0.037,1078.45,0,urgentcare,2017-10-03 09:28:36,2,0,9,10,Fall,M,black,nonhispanic,43,PRIVATE,20,1,5,7,17,28.0,1
e2757458-d53f-cf44-d637-2e3c7a7b04d9,e2757458-d53f-cf44-64c1-685b916857b7,0.033,1013.42,0,urgentcare,2019-05-06 23:15:13,1,0,23,5,Spring,M,white,nonhispanic,100,GOVERNMENT,23,1,6,5,51,21.0,1
6842050e-26e0-68aa-1d36-61faaa29e051,6842050e-26e0-68aa-2784-d792f7e2fbd3,0.022,797.72,0,urgentcare,2020-11-01 16:27:07,0,1,16,11,Fall,M,white,nonhispanic,78,GOVERNMENT,21,2,4,4,20,28.0,1
e2757458-d53f-cf44-2bcc-d16f03ca37b2,e2757458-d53f-cf44-64c1-685b916857b7,0.01,507.44,0,urgentcare,2019-04-15 23:15:13,1,0,23,4,Spring,M,white,nonhispanic,100,GOVERNMENT,23,1,1,5,50,7.0,1
8ba59c1e-a0d3-343b-0c3f-c920575bf299,8ba59c1e-a0d3-343b-024a-a4a1330761cf,0.027,1229.12,0,urgentcare,2021-08-02 17:06:54,1,0,17,8,Summer,M,black,nonhispanic,80,GOVERNMENT,26,2,8,3,146,7.0,1
9240f7e0-68d5-363d-8ff1-9b640780ab31,9240f7e0-68d5-363d-452d-b6c22ecd75b4,0.022,797.72,0,urgentcare,2017-09-05 09:28:36,2,0,9,9,Fall,M,black,nonhispanic,43,PRIVATE,19,1,5,6,16,28.0,1
8ba59c1e-a0d3-343b-6bbd-96ac4fb74245,8ba59c1e-a0d3-343b-024a-a4a1330761cf,0.042,1232.72,0,emergency,2021-07-19 17:06:54,1,0,17,7,Summer,M,black,nonhispanic,80,GOVERNMENT,27,4,8,3,144,7.0,1
9240f7e0-68d5-363d-17cf-6f2bb1d58eb8,9240f7e0-68d5-363d-452d-b6c22ecd75b4,0.026,1262.76,0,urgentcare,2017-08-08 09:28:36,2,0,9,8,Summer,M,black,nonhispanic,43,PRIVATE,19,1,6,6,15,119.0,0
e2757458-d53f-cf44-ca3f-32e24ec7244d,e2757458-d53f-cf44-64c1-685b916857b7,0.01,834.93,0,urgentcare,2019-03-11 23:15:13,1,0,23,3,Spring,M,white,nonhispanic,100,GOVERNMENT,24,1,1,4,48,7.0,1
6842050e-26e0-68aa-30f2-7c8fbf763303,6842050e-26e0-68aa-2784-d792f7e2fbd3,0.038,1013.42,0,urgentcare,2020-10-04 16:27:07,0,1,16,10,Fall,M,white,nonhispanic,78,GOVERNMENT,21,3,8,4,19,21.0,1
e2757458-d53f-cf44-24ca-af3ad89382bc,e2757458-d53f-cf44-64c1-685b916857b7,0.042,1339.03,0,emergency,2019-03-04 23:15:13,1,0,23,3,Spring,M,white,nonhispanic,100,GOVERNMENT,25,2,7,4,47,21.0,1
6842050e-26e0-68aa-5893-f9fde2a074b1,6842050e-26e0-68aa-2784-d792f7e2fbd3,0.041,1594.34,0,urgentcare,2020-09-13 16:27:07,0,1,16,9,Fall,M,white,nonhispanic,78,GOVERNMENT,22,1,6,2,18,7.0,1
e2757458-d53f-cf44-b82a-ef6bf68165ae,e2757458-d53f-cf44-64c1-685b916857b7,0.034,1660.52,0,urgentcare,2019-02-04 23:15:13,1,0,23,2,Winter,M,white,nonhispanic,100,GOVERNMENT,23,2,6,4,45,35.0,0
e2757458-d53f-cf44-11e4-7561eca62ce8,e2757458-d53f-cf44-64c1-685b916857b7,0.03,797.72,0,urgentcare,2018-12-10 23:15:13,1,0,23,12,Winter,M,white,nonhispanic,99,GOVERNMENT,24,1,6,4,42,35.0,0
e2757458-d53f-cf44-2d73-61585546f987,e2757458-d53f-cf44-64c1-685b916857b7,0.038,797.72,0,urgentcare,2018-12-31 23:15:13,1,0,23,12,Winter,M,white,nonhispanic,99,GOVERNMENT,24,1,5,4,44,14.0,1
8ba59c1e-a0d3-343b-caec-f8359a8395a1,8ba59c1e-a0d3-343b-024a-a4a1330761cf,0.035,1444.82,0,urgentcare,2021-06-07 17:06:54,1,0,17,6,Summer,M,black,nonhispanic,80,GOVERNMENT,25,2,9,3,139,7.0,1
834901f2-b564-f766-158e-36b7a0d0ae59,834901f2-b564-f766-6644-b335fbbbcf2f,0.042,5934.99,0,emergency,2016-10-21 10:57:55,5,0,10,10,Fall,M,white,nonhispanic,57,GOVERNMENT,22,2,2,5,5,392.0,0
6842050e-26e0-68aa-873f-8416d5659dc7,6842050e-26e0-68aa-2784-d792f7e2fbd3,0.04,1448.63,0,urgentcare,2020-07-26 16:27:07,0,1,16,7,Summer,M,white,nonhispanic,78,GOVERNMENT,19,2,9,2,15,679.0,0
6842050e-26e0-68aa-faa7-58e23b7c7b99,6842050e-26e0-68aa-2784-d792f7e2fbd3,0.029,797.72,0,urgentcare,2021-03-28 16:27:07,0,1,16,3,Spring,M,white,nonhispanic,79,GOVERNMENT,21,2,6,3,29,28.0,1
6842050e-26e0-68aa-cdfe-10be185c7807,6842050e-26e0-68aa-2784-d792f7e2fbd3,0.034,797.72,0,urgentcare,2021-04-25 16:27:07,0,1,16,4,Spring,M,white,nonhispanic,79,GOVERNMENT,21,1,6,3,30,28.0,1
8ba59c1e-a0d3-343b-357b-cf70f07d3fe6,8ba59c1e-a0d3-343b-024a-a4a1330761cf,0.042,1232.72,0,emergency,2021-05-24 17:06:54,1,0,17,5,Spring,M,black,nonhispanic,80,GOVERNMENT,26,1,6,3,137,7.0,1
9240f7e0-68d5-363d-53c1-dd5567fda328,9240f7e0-68d5-363d-452d-b6c22ecd75b4,0.036,1222.57,0,urgentcare,2017-03-07 09:28:36,2,0,9,3,Spring,M,black,nonhispanic,43,PRIVATE,18,1,7,6,13,7.0,1
e2757458-d53f-cf44-f561-b96d774debaa,e2757458-d53f-cf44-64c1-685b916857b7,0.026,797.72,0,urgentcare,2018-09-10 23:15:13,1,0,23,9,Fall,M,white,nonhispanic,99,GOVERNMENT,25,1,6,5,38,28.0,1
e2757458-d53f-cf44-8440-8b4d3fe1d2e9,e2757458-d53f-cf44-64c1-685b916857b7,0.022,797.72,0,urgentcare,2018-10-08 23:15:13,1,0,23,10,Fall,M,white,nonhispanic,99,GOVERNMENT,25,2,6,5,39,28.0,1
e2757458-d53f-cf44-328f-d6d79f56fc37,e2757458-d53f-cf44-64c1-685b916857b7,0.034,1100.91,0,urgentcare,2018-11-05 23:15:13,1,0,23,11,Fall,M,white,nonhispanic,99,GOVERNMENT,24,2,7,5,41,21.0,1
8ba59c1e-a0d3-343b-3f8b-0e05e0fdbb46,8ba59c1e-a0d3-343b-024a-a4a1330761cf,0.042,1250.22,0,emergency,2021-04-26 17:06:54,1,0,17,4,Spring,M,black,nonhispanic,80,GOVERNMENT,25,3,5,3,133,7.0,1
8ba59c1e-a0d3-343b-71ed-ddade24dfac0,8ba59c1e-a0d3-343b-024a-a4a1330761cf,0.031,1444.82,0,urgentcare,2021-05-10 17:06:54,1,0,17,5,Spring,M,black,nonhispanic,80,GOVERNMENT,25,1,8,3,135,7.0,1
9240f7e0-68d5-363d-6f95-290b8b404ee2,9240f7e0-68d5-363d-452d-b6c22ecd75b4,0.01,867.67,0,urgentcare,2017-02-14 09:28:36,2,0,9,2,Winter,M,black,nonhispanic,43,PRIVATE,16,1,1,7,11,7.0,1
9240f7e0-68d5-363d-4cad-f880b1431ead,9240f7e0-68d5-363d-452d-b6c22ecd75b4,0.042,1017.02,0,emergency,2017-02-07 09:28:36,2,0,9,2,Winter,M,black,nonhispanic,43,PRIVATE,18,3,6,7,10,14.0,1
8ba59c1e-a0d3-343b-a1f7-34535f6ab458,8ba59c1e-a0d3-343b-024a-a4a1330761cf,0.042,1589.54,0,emergency,2021-04-19 17:06:54,1,0,17,4,Spring,M,black,nonhispanic,80,GOVERNMENT,23,1,2,3,132,7.0,1
8ba59c1e-a0d3-343b-6f72-867a2a8e116b,8ba59c1e-a0d3-343b-024a-a4a1330761cf,0.042,1153.02,0,emergency,2021-04-12 17:06:54,1,0,17,4,Spring,M,black,nonhispanic,80,GOVERNMENT,25,2,7,3,131,7.0,1
9240f7e0-68d5-363d-e3da-5c8d705c9eae,9240f7e0-68d5-363d-452d-b6c22ecd75b4,0.028,797.72,0,urgentcare,2017-01-24 09:28:36,2,0,9,1,Winter,M,black,nonhispanic,43,PRIVATE,16,2,5,7,9,7.0,1
e2757458-d53f-cf44-46dc-812bf4863af8,e2757458-d53f-cf44-64c1-685b916857b7,0.028,1556.87,0,urgentcare,2018-07-09 23:15:13,1,0,23,7,Summer,M,white,nonhispanic,99,GOVERNMENT,24,2,7,4,34,28.0,1
6842050e-26e0-68aa-94de-c6a574b7479c,6842050e-26e0-68aa-2784-d792f7e2fbd3,0.01,621.38,0,urgentcare,2018-08-05 16:27:07,0,1,16,8,Summer,M,white,nonhispanic,76,GOVERNMENT,19,1,1,2,12,14.0,1
8ba59c1e-a0d3-343b-a7d8-e4732972c1cf,8ba59c1e-a0d3-343b-024a-a4a1330761cf,0.042,801.32,0,emergency,2021-03-29 17:06:54,1,0,17,3,Spring,M,black,nonhispanic,80,GOVERNMENT,25,1,5,3,129,7.0,1
9240f7e0-68d5-363d-c9cf-a85c2c358260,9240f7e0-68d5-363d-452d-b6c22ecd75b4,0.01,1049.58,0,urgentcare,2017-01-17 09:28:36,2,0,9,1,Winter,M,black,nonhispanic,43,PRIVATE,15,1,1,7,8,42.0,0
8ba59c1e-a0d3-343b-f32e-039fb8b7f836,8ba59c1e-a0d3-343b-024a-a4a1330761cf,0.042,1368.72,0,emergency,2021-03-15 17:06:54,1,0,17,3,Spring,M,black,nonhispanic,80,GOVERNMENT,26,4,8,3,127,7.0,1
6842050e-26e0-68aa-5166-2b826017fab0,6842050e-26e0-68aa-2784-d792f7e2fbd3,0.038,797.72,0,urgentcare,2018-07-15 16:27:07,0,1,16,7,Summer,M,white,nonhispanic,76,GOVERNMENT,19,1,7,2,10,7.0,1
8ba59c1e-a0d3-343b-5ad9-572d9d6db245,8ba59c1e-a0d3-343b-024a-a4a1330761cf,0.042,1232.72,0,emergency,2021-03-01 17:06:54,1,0,17,3,Spring,M,black,nonhispanic,80,GOVERNMENT,23,2,8,3,125,7.0,1
e2757458-d53f-cf44-1754-763e493433a9,e2757458-d53f-cf44-64c1-685b916857b7,0.028,797.72,0,urgentcare,2018-04-09 23:15:13,1,0,23,4,Spring,M,white,nonhispanic,99,GOVERNMENT,24,1,6,5,29,28.0,1
e2757458-d53f-cf44-cf88-ce96f6cc9224,e2757458-d53f-cf44-64c1-685b916857b7,0.042,1664.12,0,emergency,2018-06-04 23:15:13,1,0,23,6,Summer,M,white,nonhispanic,99,GOVERNMENT,23,2,7,5,32,21.0,1
6842050e-26e0-68aa-d288-02fadcb32369,6842050e-26e0-68aa-2784-d792f7e2fbd3,0.037,797.72,0,urgentcare,2018-06-17 16:27:07,0,1,16,6,Summer,M,white,nonhispanic,76,GOVERNMENT,20,2,5,2,7,7.0,1
8ba59c1e-a0d3-343b-6641-4620b90cde01,8ba59c1e-a0d3-343b-024a-a4a1330761cf,0.042,1232.72,0,emergency,2021-02-15 17:06:54,1,0,17,2,Winter,M,black,nonhispanic,80,GOVERNMENT,23,1,5,3,123,7.0,1
9240f7e0-68d5-363d-3ea7-9ad730c43cab,9240f7e0-68d5-363d-452d-b6c22ecd75b4,0.027,797.72,0,urgentcare,2016-10-11 09:28:36,2,0,9,10,Fall,M,black,nonhispanic,42,PRIVATE,15,2,5,6,6,91.0,0
6842050e-26e0-68aa-c334-53686ddaccc2,6842050e-26e0-68aa-2784-d792f7e2fbd3,0.042,511.04,0,emergency,2018-06-10 16:27:07,0,1,16,6,Summer,M,white,nonhispanic,76,GOVERNMENT,19,1,1,2,6,14.0,1
8ba59c1e-a0d3-343b-2662-0fc85efc026a,8ba59c1e-a0d3-343b-024a-a4a1330761cf,0.042,511.04,0,emergency,2021-02-08 17:06:54,1,0,17,2,Winter,M,black,nonhispanic,80,GOVERNMENT,23,1,1,3,122,7.0,1
8ba59c1e-a0d3-343b-9115-d527dd2b1155,8ba59c1e-a0d3-343b-024a-a4a1330761cf,0.042,1448.42,0,emergency,2021-02-01 17:06:54,1,0,17,2,Winter,M,black,nonhispanic,80,GOVERNMENT,23,2,3,3,121,7.0,1
6842050e-26e0-68aa-edf1-05591cff7bf8,6842050e-26e0-68aa-2784-d792f7e2fbd3,0.042,801.32,0,emergency,2018-05-20 16:27:07,0,1,16,5,Spring,M,white,nonhispanic,76,GOVERNMENT,20,3,6,2,4,7.0,1
8ba59c1e-a0d3-343b-1559-131379f7d591,8ba59c1e-a0d3-343b-024a-a4a1330761cf,0.01,1154.54,0,urgentcare,2021-01-25 17:06:54,1,0,17,1,Winter,M,black,nonhispanic,80,GOVERNMENT,22,1,1,3,120,7.0,1
e2757458-d53f-cf44-17a5-b6ffda1f6d63,e2757458-d53f-cf44-64c1-685b916857b7,0.034,797.72,0,urgentcare,2018-02-05 23:15:13,1,0,23,2,Winter,M,white,nonhispanic,99,GOVERNMENT,24,1,3,5,27,21.0,1
e2757458-d53f-cf44-2152-de46605780aa,e2757458-d53f-cf44-64c1-685b916857b7,0.034,1013.42,0,urgentcare,2018-03-12 23:15:13,1,0,23,3,Spring,M,white,nonhispanic,99,GOVERNMENT,23,3,8,4,28,35.0,0
8ba59c1e-a0d3-343b-4980-74161de324f9,8ba59c1e-a0d3-343b-024a-a4a1330761cf,0.031,1484.24,0,urgentcare,2021-01-18 17:06:54,1,0,17,1,Winter,M,black,nonhispanic,80,GOVERNMENT,24,1,8,3,119,21.0,1
e2757458-d53f-cf44-5328-6ec0fdb99900,e2757458-d53f-cf44-64c1-685b916857b7,0.01,507.44,0,urgentcare,2018-01-15 23:15:13,1,0,23,1,Winter,M,white,nonhispanic,99,GOVERNMENT,24,1,1,5,26,7.0,1
8ba59c1e-a0d3-343b-f0bd-406bdc93fa57,8ba59c1e-a0d3-343b-024a-a4a1330761cf,0.042,1232.72,0,emergency,2020-12-21 17:06:54,1,0,17,12,Winter,M,black,nonhispanic,79,GOVERNMENT,24,2,6,4,117,28.0,1
6842050e-26e0-68aa-0a0a-87c0b8200fd8,6842050e-26e0-68aa-2784-d792f7e2fbd3,0.042,511.04,0,emergency,2018-05-13 16:27:07,0,1,16,5,Spring,M,white,nonhispanic,76,GOVERNMENT,18,1,1,2,3,7.0,1
e2757458-d53f-cf44-9884-5de47ebeea8c,e2757458-d53f-cf44-64c1-685b916857b7,0.033,1587.14,0,urgentcare,2018-01-08 23:15:13,1,0,23,1,Winter,M,white,nonhispanic,99,GOVERNMENT,24,2,3,5,25,28.0,1
6842050e-26e0-68aa-3d2e-ab439957cfd9,6842050e-26e0-68aa-2784-d792f7e2fbd3,0.035,1234.08,0,urgentcare,2018-05-06 16:27:07,0,1,16,5,Spring,M,white,nonhispanic,76,GOVERNMENT,19,3,7,2,2,504.0,0
8ba59c1e-a0d3-343b-4048-d06e5c685968,8ba59c1e-a0d3-343b-024a-a4a1330761cf,0.04,1446.77,0,urgentcare,2020-11-23 17:06:54,1,0,17,11,Fall,M,black,nonhispanic,79,GOVERNMENT,24,3,9,4,116,7.0,1
e2757458-d53f-cf44-5e98-723df399a914,e2757458-d53f-cf44-64c1-685b916857b7,0.042,933.72,0,urgentcare,2017-11-13 23:15:13,1,0,23,11,Fall,M,white,nonhispanic,98,GOVERNMENT,24,2,4,5,23,14.0,1
e2757458-d53f-cf44-1c66-1e256644cf79,e2757458-d53f-cf44-64c1-685b916857b7,0.033,797.72,0,urgentcare,2017-12-11 23:15:13,1,0,23,12,Winter,M,white,nonhispanic,98,GOVERNMENT,23,1,3,5,24,28.0,1
e2757458-d53f-cf44-879a-52611aa10226,e2757458-d53f-cf44-64c1-685b916857b7,0.034,797.72,0,urgentcare,2017-10-30 23:15:13,1,0,23,10,Fall,M,white,nonhispanic,98,GOVERNMENT,24,1,6,5,22,14.0,1
8ba59c1e-a0d3-343b-73a1-023309d9e8b3,8ba59c1e-a0d3-343b-024a-a4a1330761cf,0.027,1229.12,0,urgentcare,2020-10-26 17:06:54,1,0,17,10,Fall,M,black,nonhispanic,79,GOVERNMENT,25,2,7,4,113,35.0,0
e2757458-d53f-cf44-ad62-6b811cd84406,e2757458-d53f-cf44-64c1-685b916857b7,0.021,1013.42,0,urgentcare,2017-10-09 23:15:13,1,0,23,10,Fall,M,white,nonhispanic,98,GOVERNMENT,25,3,4,5,20,28.0,1
8ba59c1e-a0d3-343b-b694-e90ef5b5ccfc,8ba59c1e-a0d3-343b-024a-a4a1330761cf,0.037,1229.12,0,urgentcare,2020-09-21 17:06:54,1,0,17,9,Fall,M,black,nonhispanic,79,GOVERNMENT,25,2,3,3,112,7.0,1
6842050e-26e0-68aa-748a-b02e1fa0aa73,6842050e-26e0-68aa-2784-d792f7e2fbd3,0.042,1437.95,0,emergency,2016-12-18 16:27:07,0,1,16,12,Winter,M,white,nonhispanic,74,GOVERNMENT,19,2,5,3,1,20755.0,0
8ba59c1e-a0d3-343b-b5ae-024a5114cf68,8ba59c1e-a0d3-343b-024a-a4a1330761cf,0.039,1229.12,0,urgentcare,2020-07-27 17:06:54,1,0,17,7,Summer,M,black,nonhispanic,79,GOVERNMENT,24,1,6,4,108,7.0,1
8ba59c1e-a0d3-343b-e657-1984ab60d3ce,8ba59c1e-a0d3-343b-024a-a4a1330761cf,0.024,1229.12,0,urgentcare,2020-08-24 17:06:54,1,0,17,8,Summer,M,black,nonhispanic,79,GOVERNMENT,26,3,6,3,109,28.0,1
8ba59c1e-a0d3-343b-1ef3-b7e6e99c364d,8ba59c1e-a0d3-343b-024a-a4a1330761cf,0.01,732.65,0,urgentcare,2020-07-20 17:06:54,1,0,17,7,Summer,M,black,nonhispanic,79,GOVERNMENT,24,1,1,4,107,7.0,1
e2757458-d53f-cf44-9c41-e57b8d2bc530,e2757458-d53f-cf44-64c1-685b916857b7,0.025,1013.42,0,urgentcare,2017-07-10 23:15:13,1,0,23,7,Summer,M,white,nonhispanic,98,GOVERNMENT,25,2,8,5,16,56.0,0
e2757458-d53f-cf44-b3c3-8d6c24edcf1f,e2757458-d53f-cf44-64c1-685b916857b7,0.032,797.72,0,urgentcare,2017-08-14 23:15:13,1,0,23,8,Summer,M,white,nonhispanic,98,GOVERNMENT,24,1,5,5,17,35.0,0
e2757458-d53f-cf44-7584-99d9090e95f9,e2757458-d53f-cf44-64c1-685b916857b7,0.035,1660.52,0,urgentcare,2017-09-04 23:15:13,1,0,23,9,Fall,M,white,nonhispanic,98,GOVERNMENT,25,2,5,5,18,21.0,1
8ba59c1e-a0d3-343b-b0f4-aa67e415fc9e,8ba59c1e-a0d3-343b-024a-a4a1330761cf,0.01,507.44,0,urgentcare,2020-06-01 17:06:54,1,0,17,6,Summer,M,black,nonhispanic,79,GOVERNMENT,23,1,1,4,104,7.0,1
8ba59c1e-a0d3-343b-0017-1018d8431589,8ba59c1e-a0d3-343b-024a-a4a1330761cf,0.042,2087.1,0,emergency,2020-05-25 17:06:54,1,0,17,5,Spring,M,black,nonhispanic,79,GOVERNMENT,24,2,8,4,103,21.0,1
8ba59c1e-a0d3-343b-190b-1619d2856f6f,8ba59c1e-a0d3-343b-024a-a4a1330761cf,0.033,1229.12,0,urgentcare,2020-04-27 17:06:54,1,0,17,4,Spring,M,black,nonhispanic,79,GOVERNMENT,25,1,8,3,101,7.0,1
e2757458-d53f-cf44-558d-6ae1da9ce30e,e2757458-d53f-cf44-64c1-685b916857b7,0.025,1088.76,0,urgentcare,2017-05-15 23:15:13,1,0,23,5,Spring,M,white,nonhispanic,98,GOVERNMENT,24,3,6,6,15,28.0,1
e2757458-d53f-cf44-b8ec-20671b9774bf,e2757458-d53f-cf44-64c1-685b916857b7,0.021,1105.35,0,urgentcare,2021-01-25 23:15:13,1,0,23,1,Winter,M,white,nonhispanic,102,GOVERNMENT,23,3,5,5,73,35.0,0
e2757458-d53f-cf44-21ad-e276047b9e85,e2757458-d53f-cf44-64c1-685b916857b7,0.01,507.44,0,urgentcare,2021-04-26 23:15:13,1,0,23,4,Spring,M,white,nonhispanic,102,GOVERNMENT,22,1,1,5,79,7.0,1
e2757458-d53f-cf44-199c-cf074bec555a,e2757458-d53f-cf44-64c1-685b916857b7,0.031,1455.87,0,urgentcare,2021-05-24 23:15:13,1,0,23,5,Spring,M,white,nonhispanic,102,GOVERNMENT,25,4,8,4,80,28.0,1
e2757458-d53f-cf44-4a0c-c5f2bb3a64cc,e2757458-d53f-cf44-64c1-685b916857b7,0.01,608.67,0,urgentcare,2017-04-17 23:15:13,1,0,23,4,Spring,M,white,nonhispanic,98,GOVERNMENT,22,1,1,6,14,7.0,1
8ba59c1e-a0d3-343b-9c71-2b6c883e066a,8ba59c1e-a0d3-343b-024a-a4a1330761cf,0.01,1059.09,0,urgentcare,2020-04-06 17:06:54,1,0,17,4,Spring,M,black,nonhispanic,79,GOVERNMENT,23,1,1,3,99,7.0,1
e2757458-d53f-cf44-cc8c-283e9d2ff09f,e2757458-d53f-cf44-64c1-685b916857b7,0.038,1660.52,0,urgentcare,2017-04-10 23:15:13,1,0,23,4,Spring,M,white,nonhispanic,98,GOVERNMENT,23,1,9,6,13,26.9,1
8ba59c1e-a0d3-343b-a47e-066b47176a98,8ba59c1e-a0d3-343b-024a-a4a1330761cf,0.042,1594.11,0,emergency,2020-03-30 17:06:54,1,0,17,3,Spring,M,black,nonhispanic,79,GOVERNMENT,25,1,9,3,98,28.0,1
e2757458-d53f-cf44-8fdf-9837533bd1da,e2757458-d53f-cf44-64c1-685b916857b7,0.031,797.72,0,urgentcare,2017-03-13 23:15:13,1,0,23,3,Spring,M,white,nonhispanic,98,GOVERNMENT,23,1,4,5,11,28.0,1
8ba59c1e-a0d3-343b-e35a-690791fd3754,8ba59c1e-a0d3-343b-024a-a4a1330761cf,0.02,723.14,0,urgentcare,2020-03-02 17:06:54,1,0,17,3,Spring,M,black,nonhispanic,79,GOVERNMENT,25,1,1,3,97,7.0,1
8ba59c1e-a0d3-343b-087d-cabd7da66481,8ba59c1e-a0d3-343b-024a-a4a1330761cf,0.035,1013.42,0,urgentcare,2020-02-24 17:06:54,1,0,17,2,Winter,M,black,nonhispanic,79,GOVERNMENT,26,3,3,3,96,7.0,1
e2757458-d53f-cf44-d12c-33176cc00d1a,e2757458-d53f-cf44-64c1-685b916857b7,0.039,797.72,0,urgentcare,2016-10-24 23:15:13,1,0,23,10,Fall,M,white,nonhispanic,97,GOVERNMENT,22,1,4,5,6,7.0,1
e2757458-d53f-cf44-3c86-b59b5e4e6171,e2757458-d53f-cf44-64c1-685b916857b7,0.028,1423.51,0,urgentcare,2016-11-14 23:15:13,1,0,23,11,Fall,M,white,nonhispanic,97,GOVERNMENT,22,3,8,5,7,21.0,1
e2757458-d53f-cf44-69c9-5a7015517d00,e2757458-d53f-cf44-64c1-685b916857b7,0.024,1016.05,0,urgentcare,2016-12-12 23:15:13,1,0,23,12,Winter,M,white,nonhispanic,97,GOVERNMENT,23,2,6,5,8,28.0,1
8ba59c1e-a0d3-343b-e2cf-8c78351df8f7,8ba59c1e-a0d3-343b-024a-a4a1330761cf,0.037,1659.06,0,urgentcare,2019-12-02 17:06:54,1,0,17,12,Winter,M,black,nonhispanic,78,GOVERNMENT,25,1,8,3,87,7.0,1
e2757458-d53f-cf44-9b10-d0c127cce216,e2757458-d53f-cf44-64c1-685b916857b7,0.03,797.72,0,urgentcare,2017-01-16 23:15:13,1,0,23,1,Winter,M,white,nonhispanic,98,GOVERNMENT,21,1,5,4,9,35.0,0
e2757458-d53f-cf44-085d-f8858a07e934,e2757458-d53f-cf44-64c1-685b916857b7,0.038,1013.42,0,urgentcare,2017-02-13 23:15:13,1,0,23,2,Winter,M,white,nonhispanic,98,GOVERNMENT,21,3,5,4,10,28.0,1
8ba59c1e-a0d3-343b-6c36-3241745ba3a2,8ba59c1e-a0d3-343b-024a-a4a1330761cf,0.01,507.44,0,urgentcare,2019-11-11 17:06:54,1,0,17,11,Fall,M,black,nonhispanic,78,GOVERNMENT,23,1,1,3,85,7.0,1
8ba59c1e-a0d3-343b-c51d-94f1a5f28e84,8ba59c1e-a0d3-343b-024a-a4a1330761cf,0.042,726.74,0,emergency,2019-10-28 17:06:54,1,0,17,10,Fall,M,black,nonhispanic,78,GOVERNMENT,23,1,1,4,83,7.0,1
8ba59c1e-a0d3-343b-3e8b-3a79ea2fbe9f,8ba59c1e-a0d3-343b-024a-a4a1330761cf,0.042,1017.02,0,emergency,2019-10-21 17:06:54,1,0,17,10,Fall,M,black,nonhispanic,78,GOVERNMENT,25,1,8,4,82,14.0,1
8ba59c1e-a0d3-343b-8138-9370ca7761bc,8ba59c1e-a0d3-343b-024a-a4a1330761cf,0.038,1544.85,0,urgentcare,2019-10-07 17:06:54,1,0,17,10,Fall,M,black,nonhispanic,78,GOVERNMENT,26,1,3,4,81,7.0,1
8ba59c1e-a0d3-343b-5697-f5b96f57ae62,8ba59c1e-a0d3-343b-024a-a4a1330761cf,0.042,801.32,0,emergency,2019-09-23 17:06:54,1,0,17,9,Fall,M,black,nonhispanic,78,GOVERNMENT,26,2,6,4,79,7.0,1
8ba59c1e-a0d3-343b-3869-bd945d27ba22,8ba59c1e-a0d3-343b-024a-a4a1330761cf,0.01,507.44,0,urgentcare,2019-09-16 17:06:54,1,0,17,9,Fall,M,black,nonhispanic,78,GOVERNMENT,25,1,1,4,78,7.0,1
8ba59c1e-a0d3-343b-f246-e9b084efdd09,8ba59c1e-a0d3-343b-024a-a4a1330761cf,0.029,1630.29,0,urgentcare,2019-09-09 17:06:54,1,0,17,9,Fall,M,black,nonhispanic,78,GOVERNMENT,26,3,7,4,77,7.0,1
8ba59c1e-a0d3-343b-b4f1-8509e4871e9f,8ba59c1e-a0d3-343b-024a-a4a1330761cf,0.024,2043.15,0,urgentcare,2019-08-26 17:06:54,1,0,17,8,Summer,M,black,nonhispanic,78,GOVERNMENT,24,1,6,4,75,35.0,0
8ba59c1e-a0d3-343b-d1bf-51d89454517f,8ba59c1e-a0d3-343b-024a-a4a1330761cf,0.027,1229.12,0,urgentcare,2019-07-08 17:06:54,1,0,17,7,Summer,M,black,nonhispanic,78,GOVERNMENT,26,2,6,4,73,7.0,1
8ba59c1e-a0d3-343b-215e-4bff120d613a,8ba59c1e-a0d3-343b-024a-a4a1330761cf,0.025,797.72,0,urgentcare,2019-06-03 17:06:54,1,0,17,6,Summer,M,black,nonhispanic,78,GOVERNMENT,24,2,5,4,70,7.0,1
8ba59c1e-a0d3-343b-a191-c8128ea5a587,8ba59c1e-a0d3-343b-024a-a4a1330761cf,0.042,817.68,0,emergency,2017-08-07 17:06:54,1,0,17,8,Summer,M,black,nonhispanic,76,GOVERNMENT,24,2,4,4,25,21.0,1
8ba59c1e-a0d3-343b-2ebc-289be1b9969a,8ba59c1e-a0d3-343b-024a-a4a1330761cf,0.03,1013.42,0,urgentcare,2017-07-17 17:06:54,1,0,17,7,Summer,M,black,nonhispanic,76,GOVERNMENT,26,2,8,4,24,7.0,1
8ba59c1e-a0d3-343b-c963-d641a05f8a54,8ba59c1e-a0d3-343b-024a-a4a1330761cf,0.017,1261.52,0,urgentcare,2017-07-10 17:06:54,1,0,17,7,Summer,M,black,nonhispanic,76,GOVERNMENT,25,1,2,4,23,7.0,1
8ba59c1e-a0d3-343b-a81d-ca1de1a4bdb8,8ba59c1e-a0d3-343b-024a-a4a1330761cf,0.042,1466.6,0,emergency,2017-07-03 17:06:54,1,0,17,7,Summer,M,black,nonhispanic,76,GOVERNMENT,26,1,5,4,22,7.0,1
8ba59c1e-a0d3-343b-0134-a101904a5bb9,8ba59c1e-a0d3-343b-024a-a4a1330761cf,0.023,1444.82,0,urgentcare,2016-10-10 17:06:54,1,0,17,10,Fall,M,black,nonhispanic,75,GOVERNMENT,23,1,7,4,5,21.0,1
8ba59c1e-a0d3-343b-5ab8-247939ac8cce,8ba59c1e-a0d3-343b-024a-a4a1330761cf,0.01,507.44,0,urgentcare,2016-10-17 17:06:54,1,0,17,10,Fall,M,black,nonhispanic,75,GOVERNMENT,22,1,1,4,6,7.0,1
8ba59c1e-a0d3-343b-a0cb-0eeb1d99110c,8ba59c1e-a0d3-343b-024a-a4a1330761cf,0.03,1603.73,0,urgentcare,2016-11-07 17:06:54,1,0,17,11,Fall,M,black,nonhispanic,75,GOVERNMENT,22,1,8,4,7,21.0,1
8ba59c1e-a0d3-343b-2b0b-4ddac59ec5bd,8ba59c1e-a0d3-343b-024a-a4a1330761cf,0.042,1232.72,0,emergency,2016-12-05 17:06:54,1,0,17,12,Winter,M,black,nonhispanic,75,GOVERNMENT,23,2,8,4,9,21.0,1
8ba59c1e-a0d3-343b-5952-a4c5fc4da778,8ba59c1e-a0d3-343b-024a-a4a1330761cf,0.042,1232.72,0,emergency,2017-01-30 17:06:54,1,0,17,1,Winter,M,black,nonhispanic,76,GOVERNMENT,24,1,4,4,11,49.0,0
8ba59c1e-a0d3-343b-11e2-368159f97b48,8ba59c1e-a0d3-343b-024a-a4a1330761cf,0.032,1999.91,0,urgentcare,2017-02-13 17:06:54,1,0,17,2,Winter,M,black,nonhispanic,76,GOVERNMENT,25,2,8,4,13,7.0,1
8ba59c1e-a0d3-343b-f129-aae117cd4e8e,8ba59c1e-a0d3-343b-024a-a4a1330761cf,0.01,507.44,0,urgentcare,2017-03-06 17:06:54,1,0,17,3,Spring,M,black,nonhispanic,76,GOVERNMENT,22,1,1,4,15,14.0,1
8ba59c1e-a0d3-343b-2021-e762e4da4708,8ba59c1e-a0d3-343b-024a-a4a1330761cf,0.027,2091.92,0,urgentcare,2017-04-10 17:06:54,1,0,17,4,Spring,M,black,nonhispanic,76,GOVERNMENT,24,2,9,4,16,35.0,0
8ba59c1e-a0d3-343b-209d-469feaaf8f83,8ba59c1e-a0d3-343b-024a-a4a1330761cf,0.01,878.07,0,urgentcare,2017-04-17 17:06:54,1,0,17,4,Spring,M,black,nonhispanic,76,GOVERNMENT,22,1,1,4,17,7.0,1
8ba59c1e-a0d3-343b-1025-05f7e2ec5c43,8ba59c1e-a0d3-343b-024a-a4a1330761cf,0.021,1449.91,0,urgentcare,2017-05-08 17:06:54,1,0,17,5,Spring,M,black,nonhispanic,76,GOVERNMENT,23,2,9,4,18,21.0,1
8ba59c1e-a0d3-343b-f8d0-e69bdc513c51,8ba59c1e-a0d3-343b-024a-a4a1330761cf,0.027,1229.12,0,urgentcare,2017-06-05 17:06:54,1,0,17,6,Summer,M,black,nonhispanic,76,GOVERNMENT,24,2,8,4,19,28.0,1
8ba59c1e-a0d3-343b-ffee-d48dfdfe8046,8ba59c1e-a0d3-343b-024a-a4a1330761cf,0.024,1430.8,0,urgentcare,2017-06-19 17:06:54,1,0,17,6,Summer,M,black,nonhispanic,76,GOVERNMENT,26,2,5,4,20,14.0,1
8ba59c1e-a0d3-343b-1f8f-7156eeb5c4e6,8ba59c1e-a0d3-343b-024a-a4a1330761cf,0.013,859.14,0,urgentcare,2017-06-26 17:06:54,1,0,17,6,Summer,M,black,nonhispanic,76,GOVERNMENT,25,1,1,4,21,7.0,1
8ba59c1e-a0d3-343b-6cda-cd36fb521628,8ba59c1e-a0d3-343b-024a-a4a1330761cf,0.042,2095.52,0,emergency,2017-09-11 17:06:54,1,0,17,9,Fall,M,black,nonhispanic,76,GOVERNMENT,23,1,10,4,27,28.0,1
8ba59c1e-a0d3-343b-0e94-665339c8b44b,8ba59c1e-a0d3-343b-024a-a4a1330761cf,0.01,507.44,0,urgentcare,2017-09-18 17:06:54,1,0,17,9,Fall,M,black,nonhispanic,76,GOVERNMENT,22,1,1,4,28,7.0,1
8ba59c1e-a0d3-343b-6f9f-55af7e2a606e,8ba59c1e-a0d3-343b-024a-a4a1330761cf,0.042,511.04,0,emergency,2017-10-02 17:06:54,1,0,17,10,Fall,M,black,nonhispanic,76,GOVERNMENT,23,1,1,4,29,14.0,1
8ba59c1e-a0d3-343b-e2f3-4ca9fd5d30eb,8ba59c1e-a0d3-343b-024a-a4a1330761cf,0.022,1444.82,0,urgentcare,2017-10-09 17:06:54,1,0,17,10,Fall,M,black,nonhispanic,76,GOVERNMENT,24,2,6,4,30,7.0,1
8ba59c1e-a0d3-343b-4784-ebf4a33d0352,8ba59c1e-a0d3-343b-024a-a4a1330761cf,0.026,1572.1,0,urgentcare,2017-11-20 17:06:54,1,0,17,11,Fall,M,black,nonhispanic,76,GOVERNMENT,26,5,8,4,33,7.0,1
8ba59c1e-a0d3-343b-eb85-f0e778a1c9a8,8ba59c1e-a0d3-343b-024a-a4a1330761cf,0.03,797.72,0,urgentcare,2017-12-04 17:06:54,1,0,17,12,Winter,M,black,nonhispanic,76,GOVERNMENT,26,1,6,3,34,14.0,1
8ba59c1e-a0d3-343b-fa03-6d7b47466a07,8ba59c1e-a0d3-343b-024a-a4a1330761cf,0.033,797.72,0,urgentcare,2018-01-08 17:06:54,1,0,17,1,Winter,M,black,nonhispanic,77,GOVERNMENT,25,1,5,4,36,28.0,1
8ba59c1e-a0d3-343b-8823-7b4105a4f197,8ba59c1e-a0d3-343b-024a-a4a1330761cf,0.041,797.72,0,urgentcare,2018-02-05 17:06:54,1,0,17,2,Winter,M,black,nonhispanic,77,GOVERNMENT,26,1,5,4,39,7.0,1
8ba59c1e-a0d3-343b-998f-15de3a4c44cd,8ba59c1e-a0d3-343b-024a-a4a1330761cf,0.035,1229.12,0,urgentcare,2018-03-05 17:06:54,1,0,17,3,Spring,M,black,nonhispanic,77,GOVERNMENT,26,2,3,4,40,28.0,1
8ba59c1e-a0d3-343b-1686-1f1d32ee1030,8ba59c1e-a0d3-343b-024a-a4a1330761cf,0.033,1229.12,0,urgentcare,2018-04-02 17:06:54,1,0,17,4,Spring,M,black,nonhispanic,77,GOVERNMENT,26,1,4,3,42,21.0,1
8ba59c1e-a0d3-343b-fe85-308cfff60082,8ba59c1e-a0d3-343b-024a-a4a1330761cf,0.042,1232.72,0,emergency,2018-05-07 17:06:54,1,0,17,5,Spring,M,black,nonhispanic,77,GOVERNMENT,25,1,8,4,44,28.0,1
8ba59c1e-a0d3-343b-c790-275fefc8a29f,8ba59c1e-a0d3-343b-024a-a4a1330761cf,0.01,1139.57,0,urgentcare,2018-05-28 17:06:54,1,0,17,5,Spring,M,black,nonhispanic,77,GOVERNMENT,23,1,2,4,47,7.0,1
8ba59c1e-a0d3-343b-51ac-8bbc68922df7,8ba59c1e-a0d3-343b-024a-a4a1330761cf,0.035,797.72,0,urgentcare,2018-06-04 17:06:54,1,0,17,6,Summer,M,black,nonhispanic,77,GOVERNMENT,25,3,3,4,48,7.0,1
8ba59c1e-a0d3-343b-6a82-7abd0d8a92b5,8ba59c1e-a0d3-343b-024a-a4a1330761cf,0.039,1365.12,0,urgentcare,2018-07-02 17:06:54,1,0,17,7,Summer,M,black,nonhispanic,77,GOVERNMENT,24,2,6,4,49,28.0,1
8ba59c1e-a0d3-343b-4e04-be0f484ec37a,8ba59c1e-a0d3-343b-024a-a4a1330761cf,0.022,797.72,0,urgentcare,2018-07-30 17:06:54,1,0,17,7,Summer,M,black,nonhispanic,77,GOVERNMENT,24,1,5,3,50,28.0,1
8ba59c1e-a0d3-343b-0986-8ad8fc2b02bd,8ba59c1e-a0d3-343b-024a-a4a1330761cf,0.021,1333.05,0,urgentcare,2018-08-27 17:06:54,1,0,17,8,Summer,M,black,nonhispanic,77,GOVERNMENT,25,3,6,3,51,28.0,1
8ba59c1e-a0d3-343b-e082-e2c4690260c2,8ba59c1e-a0d3-343b-024a-a4a1330761cf,0.028,1229.12,0,urgentcare,2018-10-01 17:06:54,1,0,17,10,Fall,M,black,nonhispanic,77,GOVERNMENT,25,1,4,3,52,35.0,0
8ba59c1e-a0d3-343b-ceb7-ca7ddec9a123,8ba59c1e-a0d3-343b-024a-a4a1330761cf,0.04,797.72,0,urgentcare,2018-10-29 17:06:54,1,0,17,10,Fall,M,black,nonhispanic,77,GOVERNMENT,25,3,6,3,53,28.0,1
8ba59c1e-a0d3-343b-347a-138ead56a81e,8ba59c1e-a0d3-343b-024a-a4a1330761cf,0.042,1390.65,0,emergency,2018-11-26 17:06:54,1,0,17,11,Fall,M,black,nonhispanic,77,GOVERNMENT,23,2,8,3,55,21.0,1
8ba59c1e-a0d3-343b-8248-db055fb9aab6,8ba59c1e-a0d3-343b-024a-a4a1330761cf,0.017,723.14,0,urgentcare,2018-12-03 17:06:54,1,0,17,12,Winter,M,black,nonhispanic,77,GOVERNMENT,23,1,1,3,56,7.0,1
8ba59c1e-a0d3-343b-f972-81f67645e0ea,8ba59c1e-a0d3-343b-024a-a4a1330761cf,0.032,797.72,0,urgentcare,2018-12-24 17:06:54,1,0,17,12,Winter,M,black,nonhispanic,77,GOVERNMENT,24,2,5,3,58,14.0,1
8ba59c1e-a0d3-343b-b1be-9401c70f7770,8ba59c1e-a0d3-343b-024a-a4a1330761cf,0.029,1444.82,0,urgentcare,2019-01-28 17:06:54,1,0,17,1,Winter,M,black,nonhispanic,78,GOVERNMENT,23,3,4,4,60,28.0,1
8ba59c1e-a0d3-343b-0138-3e429b65a18d,8ba59c1e-a0d3-343b-024a-a4a1330761cf,0.042,1448.42,0,emergency,2019-02-25 17:06:54,1,0,17,2,Winter,M,black,nonhispanic,78,GOVERNMENT,24,1,6,4,62,21.0,1
8ba59c1e-a0d3-343b-da83-e5f385c45e39,8ba59c1e-a0d3-343b-024a-a4a1330761cf,0.032,1576.11,0,urgentcare,2019-04-01 17:06:54,1,0,17,4,Spring,M,black,nonhispanic,78,GOVERNMENT,24,3,7,4,64,28.0,1
8ba59c1e-a0d3-343b-036d-b6046fbc433c,8ba59c1e-a0d3-343b-024a-a4a1330761cf,0.01,1085.43,0,urgentcare,2019-04-08 17:06:54,1,0,17,4,Spring,M,black,nonhispanic,78,GOVERNMENT,24,1,1,4,65,7.0,1
8ba59c1e-a0d3-343b-c615-04a0054f836d,8ba59c1e-a0d3-343b-024a-a4a1330761cf,0.042,1307.3,0,emergency,2019-05-06 17:06:54,1,0,17,5,Spring,M,black,nonhispanic,78,GOVERNMENT,23,1,8,4,66,28.0,1
8ba59c1e-a0d3-343b-2753-c84eb710262c,8ba59c1e-a0d3-343b-024a-a4a1330761cf,0.041,1101.4,0,urgentcare,2019-05-20 17:06:54,1,0,17,5,Spring,M,black,nonhispanic,78,GOVERNMENT,23,1,5,4,68,7.0,1
8ba59c1e-a0d3-343b-8296-27a31c13c1d4,8ba59c1e-a0d3-343b-024a-a4a1330761cf,0.042,942.44,0,emergency,2019-05-27 17:06:54,1,0,17,5,Spring,M,black,nonhispanic,78,GOVERNMENT,23,1,2,4,69,7.0,1
8ba59c1e-a0d3-343b-22f0-d8b00930a289,8ba59c1e-a0d3-343b-024a-a4a1330761cf,0.042,1232.72,0,emergency,2019-12-30 17:06:54,1,0,17,12,Winter,M,black,nonhispanic,78,GOVERNMENT,25,1,8,3,90,7.0,1
8ba59c1e-a0d3-343b-c127-4ab0bc2b12a8,8ba59c1e-a0d3-343b-024a-a4a1330761cf,0.042,1017.02,0,emergency,2020-01-27 17:06:54,1,0,17,1,Winter,M,black,nonhispanic,79,GOVERNMENT,23,1,7,3,93,7.0,1
8ba59c1e-a0d3-343b-d2d6-7666a9500b0c,8ba59c1e-a0d3-343b-024a-a4a1330761cf,0.012,723.14,0,urgentcare,2020-02-03 17:06:54,1,0,17,2,Winter,M,black,nonhispanic,79,GOVERNMENT,22,1,1,3,94,7.0,1
8ba59c1e-a0d3-343b-ee37-385dfe424974,8ba59c1e-a0d3-343b-024a-a4a1330761cf,0.031,797.72,0,urgentcare,2021-11-22 17:06:54,1,0,17,11,Fall,M,black,nonhispanic,80,GOVERNMENT,24,1,4,3,160,7.0,1
8ba59c1e-a0d3-343b-db79-0cb615b6a157,8ba59c1e-a0d3-343b-024a-a4a1330761cf,0.025,1229.12,0,urgentcare,2021-12-27 17:06:54,1,0,17,12,Winter,M,black,nonhispanic,80,GOVERNMENT,23,1,7,5,161,35.0,0
8ba59c1e-a0d3-343b-7a89-60dbfad94a59,8ba59c1e-a0d3-343b-024a-a4a1330761cf,0.025,1229.12,0,urgentcare,2022-01-10 17:06:54,1,0,17,1,Winter,M,black,nonhispanic,81,GOVERNMENT,24,2,6,5,163,7.0,1
8ba59c1e-a0d3-343b-abb0-864c5f0fd2da,8ba59c1e-a0d3-343b-024a-a4a1330761cf,0.01,658.14,0,urgentcare,2023-02-13 17:06:54,1,0,17,2,Winter,M,black,nonhispanic,82,GOVERNMENT,21,1,1,4,194,7.0,1
8ba59c1e-a0d3-343b-68da-837955457a7a,8ba59c1e-a0d3-343b-024a-a4a1330761cf,0.042,1232.72,0,emergency,2023-06-05 17:06:54,1,0,17,6,Summer,M,black,nonhispanic,82,GOVERNMENT,23,2,8,4,201,21.0,1
050d9cee-dd68-533c-ca8b-3b18228bcd9e,050d9cee-dd68-533c-cbec-cd7703b46b53,0.083,146.18,0,emergency,2026-07-11 04:31:59,6,1,4,7,Summer,M,white,nonhispanic,44,GOVERNMENT,16,1,0,2,12,84.0,0
0b6a2173-23fa-9899-5a8a-4de139280c32,0b6a2173-23fa-9899-ebdc-6efb639967b7,0.042,146.18,0,emergency,2004-12-30 20:55:46,4,0,20,12,Winter,M,white,nonhispanic,32,PRIVATE,9,1,0,0,11,977.8,0
3061f981-5f74-0cf7-10ad-51b32cce4145,3061f981-5f74-0cf7-e99e-76db0d159874,0.042,146.18,0,emergency,2025-12-26 01:10:38,5,0,1,12,Winter,F,black,nonhispanic,26,PRIVATE,11,2,0,1,3,824.0,0
f86b5cdd-1fd7-03ed-6cd1-8459bde8a43c,f86b5cdd-1fd7-03ed-ae41-8556709b64d1,0.042,146.18,0,emergency,2025-08-28 15:42:18,4,0,15,8,Summer,M,white,nonhispanic,35,PRIVATE,8,2,0,1,2,361.0,0
575499e4-c1a2-d86d-0707-ab8d956b10bc,575499e4-c1a2-d86d-13d6-0ddff103aa3c,0.042,146.18,0,emergency,2020-08-06 10:40:46,4,0,10,8,Summer,M,hawaiian,nonhispanic,18,PRIVATE,4,2,0,2,0,,0
5aa88c0b-2640-f930-6f00-b6f8e0ce05e5,5aa88c0b-2640-f930-8c4e-bc320be830a8,0.042,146.18,0,emergency,2022-03-14 17:06:54,1,0,17,3,Spring,M,black,nonhispanic,81,GOVERNMENT,11,1,0,0,6,1082.9,0
af716a9a-fcca-2a31-58dc-5f65b056ad4f,af716a9a-fcca-2a31-2ccb-d40302456d7a,0.042,146.18,0,emergency,2025-07-14 13:00:42,1,0,13,7,Summer,F,white,hispanic,23,PRIVATE,8,2,0,1,3,1796.0,0
7d969922-751b-f47f-fd0b-10c217a33612,7d969922-751b-f47f-6afa-00e4d01816cb,0.042,146.18,0,emergency,2016-12-08 00:27:51,4,0,0,12,Winter,M,asian,nonhispanic,76,GOVERNMENT,19,1,0,0,2,3313.0,0
44eed2a8-d988-09f2-d56e-512b6176e1f6,44eed2a8-d988-09f2-ed65-ce11fc5329ad,0.042,146.18,0,emergency,2026-08-09 15:49:12,0,1,15,8,Summer,M,white,nonhispanic,78,GOVERNMENT,14,2,0,0,1,795.0,0
94cf7811-ba05-b4a2-13a3-b32e71f6be74,94cf7811-ba05-b4a2-def3-da3e2cffd31b,0.042,146.18,0,emergency,2009-06-24 16:08:15,3,0,16,6,Summer,M,white,hispanic,49,PRIVATE,10,1,0,3,5,622.1,0
bfb24118-4078-e1c7-ce57-6bc345db9742,bfb24118-4078-e1c7-0f55-a235b3fa07a2,0.042,146.18,0,emergency,2025-11-06 05:44:41,4,0,5,11,Fall,F,white,hispanic,36,PRIVATE,8,2,0,2,2,218.0,0
86e34f9d-23bf-e4c0-bbea-64f01d65e585,86e34f9d-23bf-e4c0-068b-eceb7815e6ca,0.042,146.18,0,emergency,2024-06-22 06:44:22,6,1,6,6,Summer,F,white,nonhispanic,23,PRIVATE,6,2,0,1,5,380.0,0
7562ebf6-0c3b-e28a-27f9-d7d987ace244,7562ebf6-0c3b-e28a-3754-db28cda9338e,0.042,146.18,0,emergency,2024-09-28 18:12:06,6,1,18,9,Fall,M,white,nonhispanic,4,PRIVATE,3,2,0,1,0,,0
32e805ad-cff9-a0b6-b751-daf8031ad08c,32e805ad-cff9-a0b6-9dc4-40386c77806f,0.042,146.18,0,emergency,2026-08-05 09:40:56,3,0,9,8,Summer,F,white,nonhispanic,16,GOVERNMENT,7,2,0,4,9,17.0,1
377aff27-a693-92f5-4bfd-b66487daa856,377aff27-a693-92f5-20c7-20b0ce52ea43,0.042,146.18,0,emergency,2021-10-24 23:48:04,0,1,23,10,Fall,F,white,nonhispanic,4,PRIVATE,4,2,0,1,0,,0
17e4d021-fc71-bb3f-9f56-e272034e2a61,17e4d021-fc71-bb3f-48fe-da4ee6a85fc4,0.042,146.18,0,emergency,2022-11-08 15:07:16,2,0,15,11,Fall,M,white,nonhispanic,60,PRIVATE,12,2,0,1,0,,0
a2754b4d-573d-7888-446e-78697fb34ddd,a2754b4d-573d-7888-7996-50095ed51634,0.875,146.18,0,emergency,2026-05-24 09:34:39,0,1,9,5,Spring,F,black,nonhispanic,71,GOVERNMENT,21,1,0,0,13,673.2,0
7bf6d335-ec9f-fa0a-c6c8-6a179ac6a527,7bf6d335-ec9f-fa0a-03b8-b829ff2f7786,0.042,146.18,0,emergency,2023-02-03 08:14:48,5,0,8,2,Winter,M,white,nonhispanic,41,PRIVATE,10,2,0,5,1,762.9,0
050d9cee-dd68-533c-1b22-2aac20df7b6e,050d9cee-dd68-533c-cbec-cd7703b46b53,0.292,146.18,0,emergency,2026-04-07 21:31:59,2,0,21,4,Spring,M,white,nonhispanic,44,GOVERNMENT,16,1,0,0,10,364.0,0
0bbc9547-5725-a452-f90d-95dfaa70494b,0bbc9547-5725-a452-f80d-744a2667b503,0.042,146.18,0,emergency,2022-08-22 15:18:06,1,0,15,8,Summer,F,hawaiian,hispanic,31,GOVERNMENT,7,2,0,0,3,938.9,0
78f3b19d-e937-09fd-32a8-1eb4054e637a,78f3b19d-e937-09fd-276f-5bc1e098d520,0.042,146.18,0,emergency,2013-11-07 09:40:55,4,0,9,11,Fall,M,white,nonhispanic,41,GOVERNMENT,12,1,0,2,13,713.0,0
b38010ea-9c95-9fe1-aed4-7270a368d602,b38010ea-9c95-9fe1-f359-4be953172c84,0.042,146.18,0,emergency,2026-02-28 01:41:38,6,1,1,2,Winter,F,white,nonhispanic,4,PRIVATE,2,1,0,0,0,,0
4eb7b7ef-a580-cae5-aa26-971605a729e9,4eb7b7ef-a580-cae5-c5d0-f40da1408b85,0.042,146.18,0,emergency,2023-11-26 01:02:04,0,1,1,11,Fall,F,white,hispanic,25,PRIVATE,9,2,0,1,1,732.0,0
74120b19-65d7-a33d-d9f8-60bc5400f592,74120b19-65d7-a33d-09f0-98bc4650320c,0.042,146.18,0,emergency,2022-03-25 02:26:57,5,0,2,3,Spring,F,white,nonhispanic,10,NO_INSURANCE,2,1,0,0,2,363.9,0
ab3399a4-98f0-965a-7ea9-9d727c10d6ba,ab3399a4-98f0-965a-458e-23b594eda488,0.042,146.18,0,emergency,2024-10-07 22:19:04,1,0,22,10,Fall,F,white,nonhispanic,16,PRIVATE,3,2,0,1,1,333.0,0
315608e3-0448-1b06-142f-91de14c5db6b,315608e3-0448-1b06-9049-7ba2e66048c6,0.042,146.18,0,emergency,2024-03-09 15:20:10,6,1,15,3,Spring,M,white,nonhispanic,14,GOVERNMENT,3,2,0,1,1,2374.0,0
d53b5945-f75e-bef0-ca1f-584f0cc8ad22,d53b5945-f75e-bef0-5eb0-b98a830a275d,0.01,291.74,0,urgentcare,2026-07-04 17:27:42,6,1,17,7,Summer,F,white,nonhispanic,58,GOVERNMENT,18,1,0,4,37,28.0,1
050d9cee-dd68-533c-35db-495b11bb5d25,050d9cee-dd68-533c-cbec-cd7703b46b53,0.208,146.18,0,emergency,2025-03-07 16:31:59,5,0,16,3,Spring,M,white,nonhispanic,43,GOVERNMENT,18,1,0,0,8,761.3,0
78d53f54-da9e-8cbd-7b08-a04fd2c53037,78d53f54-da9e-8cbd-3c67-030c2e133812,0.042,146.18,0,emergency,2022-01-19 00:06:50,3,0,0,1,Winter,M,white,nonhispanic,9,PRIVATE,3,2,0,1,1,769.0,0
4d5c5207-853e-3acb-ce6b-e4651d936a0c,4d5c5207-853e-3acb-6a0f-89ed536b04d5,0.042,146.18,0,emergency,2025-04-14 07:42:35,1,0,7,4,Spring,M,white,nonhispanic,19,PRIVATE,6,2,0,1,2,382.0,0
fe608780-f264-9374-dd5c-5fc3313a4d1d,fe608780-f264-9374-7874-a1ca5d2f049d,0.042,146.18,0,emergency,2025-07-19 22:56:56,6,1,22,7,Summer,F,white,nonhispanic,71,GOVERNMENT,18,2,0,1,3,278.4,0
1888e5f8-52eb-db09-c069-3ae15b179988,1888e5f8-52eb-db09-6238-08b540108706,0.042,146.18,0,emergency,2023-04-29 19:56:43,6,1,19,4,Spring,M,white,nonhispanic,7,PRIVATE,2,2,0,0,0,,0
934530bd-3baf-dd81-1895-0773751c13ff,934530bd-3baf-dd81-631c-ba3cce1ac811,0.042,146.18,0,emergency,2022-07-11 15:13:11,1,0,15,7,Summer,F,white,nonhispanic,41,PRIVATE,9,2,0,1,1,829.0,0
65006141-4ad9-1a2a-b2ff-7f28092ba198,65006141-4ad9-1a2a-18ad-f005109e7cb9,0.208,146.18,0,emergency,2024-04-06 14:22:10,6,1,14,4,Spring,F,white,nonhispanic,49,PRIVATE,10,1,0,0,8,449.5,0
45af71fa-3745-a0ab-9e27-3141094a5e4d,45af71fa-3745-a0ab-e052-9f332fcf981a,0.25,146.18,0,emergency,2025-07-30 01:14:02,3,0,1,7,Summer,M,white,nonhispanic,71,GOVERNMENT,14,1,0,0,13,571.1,0
e94fe4f0-3e9a-d3e3-2d0c-13aa2b08f2dd,e94fe4f0-3e9a-d3e3-ca82-29ace45a5316,0.042,146.18,0,emergency,2023-03-15 22:21:51,3,0,22,3,Spring,M,white,hispanic,24,GOVERNMENT,9,1,0,0,9,63.0,0
86e34f9d-23bf-e4c0-d073-a8420cba9449,86e34f9d-23bf-e4c0-068b-eceb7815e6ca,0.042,146.18,0,emergency,2023-06-08 06:44:22,4,0,6,6,Summer,F,white,nonhispanic,22,PRIVATE,8,2,0,1,4,1843.2,0
dce9c78c-2220-2beb-e061-38e4bcb83da3,dce9c78c-2220-2beb-1718-8e3791099963,0.01,142.58,0,urgentcare,2024-11-02 14:55:05,6,1,14,11,Fall,F,white,nonhispanic,86,GOVERNMENT,13,1,0,0,1,7.0,1
e94fe4f0-3e9a-d3e3-2525-54d65d95ffbd,e94fe4f0-3e9a-d3e3-ca82-29ace45a5316,0.292,146.18,0,emergency,2023-01-11 15:21:51,3,0,15,1,Winter,M,white,hispanic,24,GOVERNMENT,9,1,0,0,8,288.2,0
94cf7811-ba05-b4a2-ab12-7c0d9005d6ff,94cf7811-ba05-b4a2-def3-da3e2cffd31b,0.25,146.18,0,emergency,2007-10-11 06:44:45,4,0,6,10,Fall,M,white,hispanic,47,PRIVATE,10,1,0,0,4,420.0,0
27f05739-d4f5-10c5-08b3-6e0d453ff30e,27f05739-d4f5-10c5-ee0b-e516e9854603,0.01,822.58,0,urgentcare,2017-11-24 08:17:18,5,0,8,11,Fall,F,white,nonhispanic,0,NO_INSURANCE,2,1,0,1,0,,0
d0f9444c-7d4e-7b58-f15c-3d144887af16,d0f9444c-7d4e-7b58-d75c-809f131df755,0.292,146.18,0,emergency,2024-03-26 15:08:57,2,0,15,3,Spring,M,white,nonhispanic,52,PRIVATE,16,1,0,0,9,311.3,0
5f8e23d7-df23-69eb-83e6-06055ccc85a0,5f8e23d7-df23-69eb-fdeb-ca2da9ef3c8a,0.042,146.18,0,emergency,2024-12-04 09:13:37,3,0,9,12,Winter,F,white,nonhispanic,70,GOVERNMENT,20,2,0,1,4,1896.0,0
6a011261-b8f8-cf6e-0dc1-47f6c5cc27fc,6a011261-b8f8-cf6e-a4ae-4083f32d15b9,0.042,146.18,0,emergency,2024-02-05 01:11:27,1,0,1,2,Winter,M,white,nonhispanic,17,PRIVATE,3,2,0,1,0,,0
67add3a2-8f05-8ba7-dd53-d5fe91393dbe,67add3a2-8f05-8ba7-8bca-818ce69014f4,0.042,146.18,0,emergency,2026-01-06 21:08:53,2,0,21,1,Winter,M,black,nonhispanic,21,PRIVATE,6,2,0,1,5,1628.0,0
bae34120-56cc-4c9e-c88c-f4a4f7e26bbd,bae34120-56cc-4c9e-89a1-2fa99f37b030,0.042,146.18,0,emergency,2018-05-26 14:02:11,6,1,14,5,Spring,M,other,hispanic,8,PRIVATE,3,2,0,1,0,,0
67f39c05-1a32-4b60-1270-591bd29de637,67f39c05-1a32-4b60-5af6-4910d066d7f4,0.042,146.18,0,emergency,2024-04-16 04:56:33,2,0,4,4,Spring,F,white,nonhispanic,13,PRIVATE,3,2,0,1,1,14.0,1
5cbd6059-6afb-6e8f-c2e5-7cb423b03dd6,5cbd6059-6afb-6e8f-6729-e5109fb0830b,0.042,146.18,0,emergency,2024-03-03 15:18:53,0,1,15,3,Spring,F,white,nonhispanic,70,GOVERNMENT,13,2,0,1,0,,0
e94fe4f0-3e9a-d3e3-3400-01b25090d3af,e94fe4f0-3e9a-d3e3-ca82-29ace45a5316,0.042,146.18,0,emergency,2022-02-05 09:20:20,6,1,9,2,Winter,M,white,hispanic,23,GOVERNMENT,9,1,0,0,6,562.0,0
08d290f2-cacc-a5c9-c203-1c336f83e888,08d290f2-cacc-a5c9-e3f5-d1d9063f46e5,0.042,146.18,0,emergency,1988-06-04 12:35:15,6,1,12,6,Summer,M,white,nonhispanic,66,GOVERNMENT,27,1,0,3,446,7.0,1
5aa88c0b-2640-f930-a14f-8d49dbbcb4c3,5aa88c0b-2640-f930-8c4e-bc320be830a8,0.042,146.18,0,emergency,2019-03-27 17:26:53,3,0,17,3,Spring,M,black,nonhispanic,78,GOVERNMENT,14,2,0,1,5,379.0,0
a2754b4d-573d-7888-b173-e6444519fdd9,a2754b4d-573d-7888-7996-50095ed51634,0.042,146.18,0,emergency,2024-07-20 03:42:57,6,1,3,7,Summer,F,black,nonhispanic,69,GOVERNMENT,19,1,0,0,12,1090.3,0
050d9cee-dd68-533c-8505-d6584db0e491,050d9cee-dd68-533c-cbec-cd7703b46b53,0.042,146.18,0,emergency,2022-01-28 16:12:29,5,0,16,1,Winter,M,white,nonhispanic,40,GOVERNMENT,19,2,0,1,6,639.0,0
0bbc9547-5725-a452-b26c-a3114dd03750,0bbc9547-5725-a452-f80d-744a2667b503,0.042,146.18,0,emergency,2019-09-16 15:18:06,1,0,15,9,Fall,F,hawaiian,hispanic,28,GOVERNMENT,6,3,0,1,1,1313.0,0
624e810f-5209-a6c5-57e9-22e53a50d7d4,624e810f-5209-a6c5-52a9-bdd1e0f9ab0c,0.042,146.18,0,emergency,2018-11-28 17:13:06,3,0,17,11,Fall,F,white,nonhispanic,34,PRIVATE,11,2,0,2,3,278.0,0
45af71fa-3745-a0ab-9249-39039fb1ee2b,45af71fa-3745-a0ab-e052-9f332fcf981a,0.292,146.18,0,emergency,2024-01-05 15:39:27,5,0,15,1,Winter,M,white,nonhispanic,70,GOVERNMENT,16,1,0,0,12,299.3,0
8fe1684a-1c2f-57b1-0b23-52a3d52dd860,8fe1684a-1c2f-57b1-1285-f59be219d9fa,0.042,146.18,0,emergency,2024-09-07 12:51:45,6,1,12,9,Fall,F,white,nonhispanic,18,GOVERNMENT,2,2,0,0,2,12.0,1
cad53337-8e67-8d30-3f82-dc95bb364396,cad53337-8e67-8d30-d714-3e1e228a1025,0.292,146.18,0,emergency,2022-08-28 22:29:41,0,1,22,8,Summer,F,white,nonhispanic,62,GOVERNMENT,15,1,0,2,7,98.0,0
ccf24db2-60dc-ee35-fc98-1cce1939117b,ccf24db2-60dc-ee35-d97a-4898c9770b1b,0.042,146.18,0,emergency,2020-12-10 16:59:15,4,0,16,12,Winter,M,white,nonhispanic,9,GOVERNMENT,2,2,0,1,0,,0
bc20166b-8098-256d-b594-87d8f7bfe22c,bc20166b-8098-256d-7f46-6888d4e124ac,0.042,146.18,0,emergency,2021-08-30 05:13:55,1,0,5,8,Summer,F,white,nonhispanic,29,PRIVATE,15,2,0,3,2,742.0,0
a0cd9f18-6af4-7fdf-fcd1-8e648ffb7b05,a0cd9f18-6af4-7fdf-42ef-7dec3d4b8e68,0.01,142.58,0,urgentcare,1960-03-24 08:20:39,4,0,8,3,Spring,F,white,nonhispanic,2,GOVERNMENT,5,1,0,1,10,7.0,1
af716a9a-fcca-2a31-63d7-8fbfdec3ed1f,af716a9a-fcca-2a31-2ccb-d40302456d7a,0.042,146.18,0,emergency,2020-08-13 13:00:42,4,0,13,8,Summer,F,white,hispanic,18,PRIVATE,3,2,0,1,2,499.9,0
9ad94c91-5ef5-d319-637a-1f7f4551a9e3,9ad94c91-5ef5-d319-329d-b40795359b84,0.042,146.18,0,emergency,2020-11-06 04:03:27,5,0,4,11,Fall,F,white,nonhispanic,11,PRIVATE,2,2,0,3,1,36.0,0
f7675d21-af0a-fb1b-0991-b0562b629d02,f7675d21-af0a-fb1b-bf86-07f3000490ae,0.042,146.18,0,emergency,2019-12-13 14:20:50,5,0,14,12,Winter,M,white,nonhispanic,97,GOVERNMENT,24,2,0,1,2,9456.7,0
717c5317-6b05-fa17-cefe-a58632fbc904,717c5317-6b05-fa17-d970-d50efcc2ad54,0.042,146.18,0,emergency,2020-06-17 07:39:29,3,0,7,6,Summer,F,white,hispanic,23,NO_INSURANCE,6,2,0,1,1,891.0,0
feaf4dc0-5b63-aa85-a3a7-c53241a17065,feaf4dc0-5b63-aa85-d358-61c249ae1b8d,0.042,146.18,0,emergency,2023-06-15 10:51:53,4,0,10,6,Summer,M,white,nonhispanic,45,PRIVATE,9,2,0,0,1,7866.8,0
78d53f54-da9e-8cbd-b8af-508e6fb0c001,78d53f54-da9e-8cbd-3c67-030c2e133812,0.042,146.18,0,emergency,2019-12-12 00:06:50,4,0,0,12,Winter,M,white,nonhispanic,6,PRIVATE,3,2,0,1,0,,0
0bbc9547-5725-a452-2d4f-3e7b5d8f79e8,0bbc9547-5725-a452-f80d-744a2667b503,1.0,7484.97,0,inpatient,2016-02-10 15:33:09,3,0,15,2,Winter,F,hawaiian,hispanic,25,GOVERNMENT,5,1,0,0,0,,0
e3827f66-ed30-7012-f58a-057ea0d1ec5b,e3827f66-ed30-7012-465b-2ddd8680652a,0.042,146.18,0,emergency,2026-01-08 22:53:32,4,0,22,1,Winter,F,white,nonhispanic,68,GOVERNMENT,18,1,0,4,20,594.1,0
934530bd-3baf-dd81-7d48-06209b4671c0,934530bd-3baf-dd81-631c-ba3cce1ac811,0.042,146.18,0,emergency,2020-04-03 15:13:11,5,0,15,4,Spring,F,white,nonhispanic,39,PRIVATE,8,2,0,0,0,,0
763b2a21-a1cb-05b6-ae46-e357c5a9974a,763b2a21-a1cb-05b6-2d43-09d45422098f,0.01,291.74,0,urgentcare,2026-05-24 20:33:03,0,1,20,5,Spring,F,black,nonhispanic,58,PRIVATE,14,1,0,3,8,7.0,1
45db5880-7243-9390-b2c5-295b68ce68c1,45db5880-7243-9390-2203-b94e26114ead,0.042,146.18,0,emergency,2020-12-14 10:25:52,1,0,10,12,Winter,M,hawaiian,hispanic,73,GOVERNMENT,27,2,0,2,2,1932.0,0
65006141-4ad9-1a2a-72f5-0a07564d2489,65006141-4ad9-1a2a-18ad-f005109e7cb9,0.083,146.18,0,emergency,2021-11-12 08:37:59,5,0,8,11,Fall,F,white,nonhispanic,46,PRIVATE,9,1,0,0,5,231.0,0
b5ee66af-8824-6f43-1491-dfaac7b661e2,b5ee66af-8824-6f43-0d12-9ab0d1d527ca,0.042,146.18,0,emergency,2022-02-03 06:21:12,4,0,6,2,Winter,F,white,nonhispanic,103,GOVERNMENT,13,2,0,2,3,452.0,0
6d94182f-e65f-7aa9-df2f-36eefb723fd7,6d94182f-e65f-7aa9-690e-dcb41ffb7e83,0.042,146.18,0,emergency,2019-02-28 21:35:55,4,0,21,2,Winter,F,white,nonhispanic,26,PRIVATE,8,2,0,0,1,772.1,0
0b6a2173-23fa-9899-a83e-97c5f14d2760,0b6a2173-23fa-9899-ebdc-6efb639967b7,0.042,146.18,0,emergency,1998-03-06 17:36:12,5,0,17,3,Spring,M,white,nonhispanic,26,PRIVATE,10,1,0,0,7,651.0,0
d0f9444c-7d4e-7b58-21ed-9b223a32f36e,d0f9444c-7d4e-7b58-d75c-809f131df755,0.042,146.18,0,emergency,2022-06-25 10:29:13,6,1,10,6,Summer,M,white,nonhispanic,50,PRIVATE,14,2,0,0,7,362.7,0
45e8a696-06e6-a37f-7bfe-545f9b133b75,45e8a696-06e6-a37f-fecd-24b730f747e8,0.042,146.18,0,emergency,2021-03-12 20:51:58,5,0,20,3,Spring,M,asian,nonhispanic,30,PRIVATE,7,2,0,1,2,601.0,0
e1427e77-bf8e-3fe9-872a-53402444ddf0,e1427e77-bf8e-3fe9-6940-d1e05578f369,0.01,291.74,0,urgentcare,2024-11-29 02:56:56,5,0,2,11,Fall,F,white,hispanic,74,GOVERNMENT,22,1,0,4,10,7.0,1
a9c4a979-7e28-05e0-1025-7262e20e14d9,a9c4a979-7e28-05e0-efcf-06a8340ee74c,0.042,146.18,0,emergency,2019-01-17 08:01:12,4,0,8,1,Winter,F,black,nonhispanic,10,GOVERNMENT,5,2,0,1,0,,0
00dfa275-1507-d27c-b519-7a563dfae0d8,00dfa275-1507-d27c-f561-f7870448c7ed,0.042,146.18,0,emergency,2020-01-17 18:07:57,5,0,18,1,Winter,F,black,nonhispanic,58,GOVERNMENT,16,2,0,1,1,1267.0,0
0dee4486-e712-9af4-20f2-46d783a5a87f,0dee4486-e712-9af4-e6d2-47c6ca35224c,0.25,146.18,0,emergency,2020-10-08 20:07:25,4,0,20,10,Fall,F,white,nonhispanic,24,PRIVATE,9,1,0,0,6,846.2,0
aa66b9eb-6d70-52d2-9981-1ecf148f1fb3,aa66b9eb-6d70-52d2-bfdc-ae0dbaa48f84,0.042,146.18,0,emergency,2022-09-13 02:14:30,2,0,2,9,Fall,F,white,nonhispanic,32,PRIVATE,8,2,0,1,3,580.9,0
828a09de-6ac8-c071-6025-1cc680ef8bdf,828a09de-6ac8-c071-97e7-028c7f88d9e4,0.042,146.18,0,emergency,2020-03-29 02:17:15,0,1,2,3,Spring,F,white,nonhispanic,9,PRIVATE,4,1,0,0,0,,0
3b6252fc-dcee-2152-7fb5-3cdb8abbc990,3b6252fc-dcee-2152-12fa-7440a5b08c16,0.042,146.18,0,emergency,2022-02-09 13:17:21,3,0,13,2,Winter,F,asian,nonhispanic,47,PRIVATE,11,2,0,1,2,1001.0,0
e2757458-d53f-cf44-5f3b-2956dfa1243f,e2757458-d53f-cf44-64c1-685b916857b7,0.01,142.58,0,urgentcare,2025-07-07 23:15:13,1,0,23,7,Summer,M,white,nonhispanic,106,GOVERNMENT,29,1,0,6,141,7.0,1
78f3b19d-e937-09fd-be0d-91dae25df534,78f3b19d-e937-09fd-276f-5bc1e098d520,0.042,146.18,0,emergency,2011-10-13 15:01:54,4,0,15,10,Fall,M,white,nonhispanic,39,GOVERNMENT,9,1,0,2,11,422.4,0
e1427e77-bf8e-3fe9-c077-eb2eaf352561,e1427e77-bf8e-3fe9-6940-d1e05578f369,0.01,291.74,0,urgentcare,2024-11-15 02:56:56,5,0,2,11,Fall,F,white,hispanic,74,GOVERNMENT,23,1,0,4,8,7.0,1
65006141-4ad9-1a2a-956e-6d639a03a536,65006141-4ad9-1a2a-18ad-f005109e7cb9,26.0,146.18,1,inpatient,2020-11-06 08:37:59,5,0,8,11,Fall,F,white,nonhispanic,45,PRIVATE,8,1,0,0,3,204.9,0
784d30f7-2406-0d20-530c-fcb671e8e834,784d30f7-2406-0d20-8128-3146cdf8c0e0,0.042,146.18,0,emergency,2020-03-27 00:24:31,5,0,0,3,Spring,F,white,nonhispanic,57,GOVERNMENT,10,2,0,1,3,2146.0,0
cad53337-8e67-8d30-e13e-8b54327ed8a9,cad53337-8e67-8d30-d714-3e1e228a1025,0.167,146.18,0,emergency,2022-05-22 18:23:35,0,1,18,5,Spring,F,white,nonhispanic,62,GOVERNMENT,13,1,0,0,6,1010.8,0
3061f981-5f74-0cf7-14c1-0c55ac6502f5,3061f981-5f74-0cf7-e99e-76db0d159874,0.042,146.18,0,emergency,2023-09-24 01:10:38,0,1,1,9,Fall,F,black,nonhispanic,24,PRIVATE,10,2,0,1,2,1590.0,0
a890d187-bb81-ffd0-2c36-5c42136a8ba6,a890d187-bb81-ffd0-2cdf-aeec12d89206,0.292,146.18,0,emergency,2024-04-25 21:47:23,4,0,21,4,Spring,M,white,nonhispanic,82,GOVERNMENT,22,1,0,1,9,333.1,0
051c25f3-f334-b3e5-a992-912755b6de42,051c25f3-f334-b3e5-4e6f-51acdf168b89,0.042,146.18,0,emergency,2018-11-22 09:38:36,4,0,9,11,Fall,M,white,hispanic,23,PRIVATE,7,2,0,1,0,,0
834901f2-b564-f766-0c8c-557fcff64a7a,834901f2-b564-f766-6644-b335fbbbcf2f,0.01,291.74,0,urgentcare,2023-08-04 10:57:55,5,0,10,8,Summer,M,white,nonhispanic,64,GOVERNMENT,25,1,0,2,142,7.0,1
0dee4486-e712-9af4-2e42-baa0011d64d8,0dee4486-e712-9af4-e6d2-47c6ca35224c,0.042,146.18,0,emergency,2018-06-15 15:22:09,5,0,15,6,Summer,F,white,nonhispanic,22,PRIVATE,9,1,0,2,5,416.3,0
dc4d3a14-9651-fb38-4cf2-71c949ad83d4,dc4d3a14-9651-fb38-e881-c88471cd2082,0.042,146.18,0,emergency,2018-09-07 20:50:30,5,0,20,9,Fall,F,white,nonhispanic,16,PRIVATE,3,2,0,1,1,300.7,0
45c606f1-1315-fb2f-8bfc-2642c0894fc2,45c606f1-1315-fb2f-9934-3ab9e42234c7,0.106,13377.97,0,emergency,2009-02-04 00:39:09,3,0,0,2,Winter,F,white,nonhispanic,20,PRIVATE,5,3,0,0,0,,0
4ae1a1cf-a189-5397-97b2-077cbf1dc2b4,4ae1a1cf-a189-5397-9c5d-ee26c07b0ee5,22.0,146.18,1,inpatient,1990-12-19 23:15:13,3,0,23,12,Winter,M,white,nonhispanic,71,GOVERNMENT,22,1,0,2,29,18.2,1
e2757458-d53f-cf44-9aa3-d4d3bdd4a39d,e2757458-d53f-cf44-64c1-685b916857b7,0.01,142.58,0,urgentcare,2025-06-23 23:15:13,1,0,23,6,Summer,M,white,nonhispanic,106,GOVERNMENT,28,1,0,6,139,7.0,1
78f3b19d-e937-09fd-6d02-833fa6f111fd,78f3b19d-e937-09fd-276f-5bc1e098d520,0.208,146.18,0,emergency,2010-08-17 00:05:08,2,0,0,8,Summer,M,white,nonhispanic,38,GOVERNMENT,9,1,0,2,10,240.1,0
0b6a2173-23fa-9899-11ea-0a357dc842ca,0b6a2173-23fa-9899-ebdc-6efb639967b7,0.125,146.18,0,emergency,1995-08-24 14:36:12,4,0,14,8,Summer,M,white,nonhispanic,23,PRIVATE,10,1,0,0,5,1443.9,0
53abd68b-0068-ee43-2f2d-e77261b99707,53abd68b-0068-ee43-f74a-f82c03a741dd,0.042,146.18,0,emergency,2018-06-18 19:50:53,1,0,19,6,Summer,M,white,nonhispanic,50,GOVERNMENT,8,2,0,1,1,3310.0,0
0f47b869-16f2-3060-ba6a-e225e5ba043e,0f47b869-16f2-3060-ac73-7514beb8908c,0.042,146.18,0,emergency,2018-08-27 23:25:20,1,0,23,8,Summer,M,white,nonhispanic,25,NO_INSURANCE,7,1,0,0,0,,0
45af71fa-3745-a0ab-7471-00708254b529,45af71fa-3745-a0ab-e052-9f332fcf981a,0.167,146.18,0,emergency,2021-10-25 01:07:34,1,0,1,10,Fall,M,white,nonhispanic,67,GOVERNMENT,14,1,0,0,10,168.0,0
13c82713-8d58-2d7e-d3e2-6a69eae8fa3b,13c82713-8d58-2d7e-12fd-4fb1eaa508a5,0.025,709.98,0,urgentcare,2009-01-16 13:16:23,5,0,13,1,Winter,M,black,nonhispanic,19,PRIVATE,3,2,0,0,0,,0
d0f9444c-7d4e-7b58-ad8d-b333d41d7082,d0f9444c-7d4e-7b58-d75c-809f131df755,0.25,146.18,0,emergency,2021-06-27 10:43:06,0,1,10,6,Summer,M,white,nonhispanic,49,PRIVATE,13,1,0,0,6,149.1,0
d848b062-4963-1c98-ccda-28cac4fd848e,d848b062-4963-1c98-832b-b6f2447905f0,0.024,709.98,0,urgentcare,2013-01-06 05:38:20,0,1,5,1,Winter,M,white,nonhispanic,25,NO_INSURANCE,2,1,0,0,0,,0
6842050e-26e0-68aa-17f2-144da46c11bb,6842050e-26e0-68aa-2784-d792f7e2fbd3,0.01,291.74,0,urgentcare,2026-02-08 16:27:07,0,1,16,2,Winter,M,white,nonhispanic,84,GOVERNMENT,20,1,0,4,135,7.0,1
0f39dcd3-0593-9c2e-5b82-bea023a7f240,0f39dcd3-0593-9c2e-09f3-63fc9ebc8747,0.033,709.98,0,urgentcare,2013-05-15 14:53:34,3,0,14,5,Spring,F,white,nonhispanic,43,GOVERNMENT,6,1,0,0,1,2770.4,0
32e805ad-cff9-a0b6-455f-3e9be6a8f664,32e805ad-cff9-a0b6-9dc4-40386c77806f,0.01,278.58,0,urgentcare,2021-05-16 09:40:56,0,1,9,5,Spring,F,white,nonhispanic,11,GOVERNMENT,5,1,0,3,4,553.0,0
94cf7811-ba05-b4a2-b043-fb2d2e994428,94cf7811-ba05-b4a2-def3-da3e2cffd31b,0.917,146.18,0,emergency,2003-07-11 23:56:17,5,0,23,7,Summer,M,white,hispanic,43,NO_INSURANCE,10,1,0,6,2,3161.1,0
6e52cd5f-5afc-b6a6-3f5c-8dee6d83e05c,6e52cd5f-5afc-b6a6-3799-4bc23262270f,0.042,146.18,0,emergency,2016-08-13 02:37:41,6,1,2,8,Summer,M,white,nonhispanic,18,PRIVATE,3,2,0,1,0,,0
96ca2aaa-321b-c82c-f437-a60f7bffccff,96ca2aaa-321b-c82c-e084-568261d110ff,0.042,146.18,0,emergency,2020-01-29 13:59:26,3,0,13,1,Winter,F,asian,hispanic,30,PRIVATE,6,2,0,1,2,240.0,0
0f39dcd3-0593-9c2e-8dc0-a1d4c063c59e,0f39dcd3-0593-9c2e-09f3-63fc9ebc8747,1.0,3817.64,0,inpatient,2005-10-13 04:08:11,4,0,4,10,Fall,F,white,nonhispanic,35,GOVERNMENT,5,1,0,0,0,,0
bedf7b28-21a3-53f1-3209-662625fcab27,bedf7b28-21a3-53f1-1629-4cfff84805d3,0.042,146.18,0,emergency,2019-01-25 05:22:37,5,0,5,1,Winter,F,white,hispanic,47,PRIVATE,14,2,0,2,1,427.0,0
08d290f2-cacc-a5c9-4099-dc320bf79303,08d290f2-cacc-a5c9-e3f5-d1d9063f46e5,0.042,146.18,0,emergency,1988-01-30 12:35:15,6,1,12,1,Winter,M,white,nonhispanic,66,GOVERNMENT,27,1,0,3,429,7.0,1
78f3b19d-e937-09fd-d6a4-f11cef7271a4,78f3b19d-e937-09fd-276f-5bc1e098d520,0.333,146.18,0,emergency,2009-12-19 14:46:59,6,1,14,12,Winter,M,white,nonhispanic,37,GOVERNMENT,9,1,0,0,9,250.4,0
74120b19-65d7-a33d-590c-6bd0c7f70440,74120b19-65d7-a33d-09f0-98bc4650320c,0.01,142.58,0,urgentcare,2020-06-10 02:26:57,3,0,2,6,Summer,F,white,nonhispanic,8,NO_INSURANCE,2,1,0,1,0,,0
ede5d573-b56e-6b23-e90d-171732c98f95,ede5d573-b56e-6b23-d5c9-32a4b4d429bf,0.042,146.18,0,emergency,2021-02-27 12:44:27,6,1,12,2,Winter,F,white,nonhispanic,38,GOVERNMENT,11,2,0,1,2,548.9,0
06ebf5e2-f7bd-2873-1ed5-510d6de2908c,06ebf5e2-f7bd-2873-4738-ca162ee49093,0.042,146.18,0,emergency,2022-07-26 07:59:31,2,0,7,7,Summer,F,white,nonhispanic,57,PRIVATE,20,2,0,1,1,99.0,0
6d2859ee-b17f-b500-9076-84f3c623b813,6d2859ee-b17f-b500-ec60-e4bb736db0b6,0.01,142.58,0,urgentcare,2020-11-24 19:29:33,2,0,19,11,Fall,F,white,nonhispanic,59,PRIVATE,21,1,0,3,17,7.0,1
0b6a2173-23fa-9899-661f-cbf8c36b1560,0b6a2173-23fa-9899-ebdc-6efb639967b7,0.042,146.18,0,emergency,1991-05-14 08:40:55,2,0,8,5,Spring,M,white,nonhispanic,19,PRIVATE,6,1,0,0,3,397.0,0
1e43a258-caf4-44f5-b71f-235ee90da935,1e43a258-caf4-44f5-7e30-54213e8937f5,0.01,291.74,0,urgentcare,2025-08-21 08:57:15,4,0,8,8,Summer,M,white,nonhispanic,55,GOVERNMENT,17,1,0,6,50,7.0,1
1e5a7047-1fce-b43a-473d-d757a7d4fcc1,1e5a7047-1fce-b43a-9917-f08dfc0b6f63,1.0,970.78,0,inpatient,2010-05-05 20:39:11,3,0,20,5,Spring,M,white,nonhispanic,50,PRIVATE,4,1,0,0,0,,0
a890d187-bb81-ffd0-e434-08259ca29eb1,a890d187-bb81-ffd0-2cdf-aeec12d89206,0.042,146.18,0,emergency,2023-05-28 18:57:37,0,1,18,5,Spring,M,white,nonhispanic,81,GOVERNMENT,20,1,0,2,8,996.0,0
a0cd9f18-6af4-7fdf-f257-fe206d26de16,a0cd9f18-6af4-7fdf-42ef-7dec3d4b8e68,0.01,142.58,0,urgentcare,1958-10-30 08:20:39,4,0,8,10,Fall,F,white,nonhispanic,0,GOVERNMENT,5,1,0,1,4,7.0,1
77ebf169-a722-c779-6a0c-63e36f059cd7,77ebf169-a722-c779-9d9c-4658060df197,0.031,709.98,0,urgentcare,2016-06-10 06:30:28,5,0,6,6,Summer,F,asian,nonhispanic,30,GOVERNMENT,5,2,0,0,0,,0
a2754b4d-573d-7888-0917-1c60b0f93097,a2754b4d-573d-7888-7996-50095ed51634,0.417,146.18,0,emergency,2020-04-05 03:54:19,0,1,3,4,Spring,F,black,nonhispanic,65,GOVERNMENT,14,1,0,0,9,168.0,0
bdf4b658-b4bb-f263-a68c-ac82167b1e0b,bdf4b658-b4bb-f263-4eec-496d890f17e9,1.0,3817.64,0,inpatient,2016-05-17 05:47:53,2,0,5,5,Spring,F,white,hispanic,26,PRIVATE,8,1,0,0,0,,0
d519e4af-2be2-0832-1aba-b18a772ce922,d519e4af-2be2-0832-d895-8c8be8f18033,0.039,1063.9,0,urgentcare,2012-04-01 07:03:10,0,1,7,4,Spring,F,white,nonhispanic,32,PRIVATE,6,2,0,0,1,11149.0,0
00dfa275-1507-d27c-dc10-155eaad8e827,00dfa275-1507-d27c-f561-f7870448c7ed,0.042,869.54,0,emergency,2016-07-29 18:07:57,5,0,18,7,Summer,F,black,nonhispanic,54,NO_INSURANCE,14,2,0,0,0,,0
4ef6ae3c-7a16-89c5-1190-3717e1dac643,4ef6ae3c-7a16-89c5-b08f-e7355578c54a,0.042,146.18,0,emergency,2020-03-02 23:38:50,1,0,23,3,Spring,F,white,nonhispanic,57,GOVERNMENT,12,2,0,1,3,357.0,0
a2754b4d-573d-7888-b3c3-4171a0d091b6,a2754b4d-573d-7888-7996-50095ed51634,1.625,146.18,0,emergency,2019-10-18 12:54:19,5,0,12,10,Fall,F,black,nonhispanic,64,GOVERNMENT,14,1,0,0,8,226.8,0
feaf4dc0-5b63-aa85-77fa-9a1077f759a3,feaf4dc0-5b63-aa85-d358-61c249ae1b8d,9.167,1025.09,1,emergency,2001-11-21 10:51:53,3,0,10,11,Fall,M,white,nonhispanic,23,PRIVATE,4,1,0,0,0,,0
0b6a2173-23fa-9899-a83f-aa42b4944558,0b6a2173-23fa-9899-ebdc-6efb639967b7,0.042,87.71,0,emergency,1990-04-12 08:40:55,4,0,8,4,Spring,M,white,nonhispanic,18,PRIVATE,3,1,0,0,2,37.0,0
66045fcc-d336-c60d-cf05-fff2d41554ab,66045fcc-d336-c60d-38a7-c8695ed87ff1,0.042,146.18,0,emergency,2017-01-16 06:41:25,1,0,6,1,Winter,F,hawaiian,nonhispanic,51,GOVERNMENT,7,2,0,1,0,,0
624e810f-5209-a6c5-2146-24aece453fe2,624e810f-5209-a6c5-52a9-bdd1e0f9ab0c,16.875,40700.74,1,emergency,2009-05-30 17:13:06,6,1,17,5,Spring,F,white,nonhispanic,25,PRIVATE,6,2,0,0,0,,0
5de7f231-2937-7ba3-6bc5-606531fc7050,5de7f231-2937-7ba3-9d82-0afac46d0033,0.01,278.58,0,urgentcare,2018-07-15 11:30:23,0,1,11,7,Summer,M,asian,nonhispanic,36,GOVERNMENT,10,1,0,3,2,7.0,1
32e805ad-cff9-a0b6-6301-3a922796b50f,32e805ad-cff9-a0b6-9dc4-40386c77806f,0.01,142.58,0,urgentcare,2019-11-10 09:40:56,0,1,9,11,Fall,F,white,nonhispanic,9,GOVERNMENT,4,1,0,2,3,7.0,1
2c0257f7-f723-a6b2-fd92-d63605dc8a12,2c0257f7-f723-a6b2-bcb3-9c37368ce80b,0.042,146.18,0,emergency,2016-11-19 08:48:21,6,1,8,11,Fall,F,white,nonhispanic,39,PRIVATE,16,2,0,1,2,867.0,0
0b6a2173-23fa-9899-3985-225bbb42c482,0b6a2173-23fa-9899-ebdc-6efb639967b7,0.042,5308.14,0,emergency,1990-03-06 08:40:55,2,0,8,3,Spring,M,white,nonhispanic,18,PRIVATE,2,1,0,0,1,5658.3,0
eb28e0e4-1711-52b6-29ac-41f1d82fd09d,eb28e0e4-1711-52b6-7743-7a779ba8ce4c,0.042,7551.05,0,emergency,2014-01-26 06:40:12,0,1,6,1,Winter,M,black,nonhispanic,45,PRIVATE,8,1,0,0,0,,0
eb28e0e4-1711-52b6-a01e-982a7e06355a,eb28e0e4-1711-52b6-7743-7a779ba8ce4c,1.0,1440.38,0,inpatient,2014-01-26 07:37:14,0,1,7,1,Winter,M,black,nonhispanic,45,PRIVATE,8,1,0,0,0,,0
65ac11a1-d694-769d-f32d-cde7aa43b2d2,65ac11a1-d694-769d-1766-6194786b5339,1.0,146.18,0,emergency,2018-11-05 14:39:17,1,0,14,11,Fall,M,white,nonhispanic,37,GOVERNMENT,11,1,0,0,9,137.1,0
e3827f66-ed30-7012-0422-5c2d63e06e78,e3827f66-ed30-7012-465b-2ddd8680652a,0.292,146.18,0,emergency,2023-06-16 19:15:10,5,0,19,6,Summer,F,white,nonhispanic,65,GOVERNMENT,20,1,0,3,17,679.0,0
5f8e23d7-df23-69eb-1600-6dd008e8235e,5f8e23d7-df23-69eb-fdeb-ca2da9ef3c8a,0.042,146.18,0,emergency,2019-09-26 09:13:37,4,0,9,9,Fall,F,white,nonhispanic,65,GOVERNMENT,18,2,0,1,3,587.1,0
a0cd9f18-6af4-7fdf-3e8b-bb5961d28285,a0cd9f18-6af4-7fdf-42ef-7dec3d4b8e68,0.042,146.18,0,emergency,1958-09-25 08:20:39,4,0,8,9,Fall,F,white,nonhispanic,0,GOVERNMENT,5,1,0,1,0,,0
0dee4486-e712-9af4-52bd-525636df4243,0dee4486-e712-9af4-e6d2-47c6ca35224c,0.042,146.18,0,emergency,2010-12-18 07:29:11,6,1,7,12,Winter,F,white,nonhispanic,14,PRIVATE,3,1,0,0,2,86.0,0
45db5880-7243-9390-76a0-2fb4ce286711,45db5880-7243-9390-2203-b94e26114ead,0.042,8093.7,0,emergency,2015-08-30 09:18:32,0,1,9,8,Summer,M,hawaiian,hispanic,68,GOVERNMENT,22,1,0,0,0,,0
45db5880-7243-9390-cf70-69f3a4b51246,45db5880-7243-9390-2203-b94e26114ead,1.0,33460.2,0,inpatient,2015-08-30 09:50:23,0,1,9,8,Summer,M,hawaiian,hispanic,68,GOVERNMENT,22,1,0,0,0,,0
747e0eb3-d95c-71fe-6766-60afb43fe780,747e0eb3-d95c-71fe-c0bb-4e779443cdff,1.0,3817.64,0,inpatient,1990-07-30 17:42:23,1,0,17,7,Summer,F,white,nonhispanic,26,GOVERNMENT,6,1,0,0,1,3537.0,0
0b6a2173-23fa-9899-52fe-ebe2312a6ac9,0b6a2173-23fa-9899-ebdc-6efb639967b7,4.578,7242.68,0,inpatient,1974-09-03 12:40:55,2,0,12,9,Fall,M,white,nonhispanic,2,NO_INSURANCE,1,1,0,0,0,,0
d294257c-4c9a-77ea-b31b-04820f4ef5e3,d294257c-4c9a-77ea-9b04-54e69f1e465a,0.042,146.18,0,emergency,2018-06-26 11:32:04,2,0,11,6,Summer,M,white,nonhispanic,60,GOVERNMENT,12,2,0,0,0,,0
65ac11a1-d694-769d-a201-e45a15dac5bb,65ac11a1-d694-769d-1766-6194786b5339,0.292,146.18,0,emergency,2016-10-19 04:58:27,3,0,4,10,Fall,M,white,nonhispanic,35,GOVERNMENT,11,1,0,0,6,2634.2,0
bb82b09a-f922-a474-8d29-1cd84dafc278,bb82b09a-f922-a474-5893-64857f6dab89,0.099,4407.08,0,emergency,1972-01-16 04:30:51,0,1,4,1,Winter,M,white,nonhispanic,1,PRIVATE,2,2,0,0,0,,0
0dee4486-e712-9af4-4fea-9dafd405f000,0dee4486-e712-9af4-e6d2-47c6ca35224c,0.042,87.71,0,emergency,2010-09-23 07:29:11,4,0,7,9,Fall,F,white,nonhispanic,14,PRIVATE,2,1,0,0,1,104.0,0
e94fe4f0-3e9a-d3e3-e322-5f995f6a01b3,e94fe4f0-3e9a-d3e3-ca82-29ace45a5316,0.542,146.18,0,emergency,2020-02-27 07:44:03,4,0,7,2,Winter,M,white,hispanic,21,GOVERNMENT,7,1,0,0,4,236.0,0
8dda6556-523c-c929-3209-0b642ea75ae0,8dda6556-523c-c929-5190-af7fe587db03,0.042,146.18,0,emergency,2017-09-16 20:43:45,6,1,20,9,Fall,M,white,nonhispanic,72,GOVERNMENT,16,2,0,2,2,9012.0,0
abbfff21-070d-836d-400b-0478aa642178,abbfff21-070d-836d-9b95-d8e61f4a7817,4.57,8575.1,0,inpatient,1972-07-24 09:23:09,1,0,9,7,Summer,M,white,nonhispanic,7,PRIVATE,1,1,0,0,0,,0
0dee4486-e712-9af4-4833-5ef6ae0a1730,0dee4486-e712-9af4-e6d2-47c6ca35224c,0.042,20794.05,0,emergency,2010-06-11 07:29:11,5,0,7,6,Summer,F,white,nonhispanic,14,PRIVATE,1,1,0,0,0,,0
a47b26aa-c574-2899-25ec-a7a5128d1529,a47b26aa-c574-2899-52f0-da1eea229fa8,7.708,95603.65,1,emergency,2011-04-28 14:45:29,4,0,14,4,Spring,F,white,hispanic,58,PRIVATE,10,2,0,0,0,,0
d519e4af-2be2-0832-d953-1c7853c1d201,d519e4af-2be2-0832-d895-8c8be8f18033,0.042,146.18,0,emergency,1981-09-22 07:03:10,2,0,7,9,Fall,F,white,nonhispanic,1,NO_INSURANCE,1,1,0,0,0,,0
65ac11a1-d694-769d-830e-4363249463b4,65ac11a1-d694-769d-1766-6194786b5339,0.023,1138.48,0,urgentcare,2009-08-03 00:24:01,1,0,0,8,Summer,M,white,nonhispanic,28,GOVERNMENT,9,2,0,0,5,1336.0,0
65006141-4ad9-1a2a-c481-28516b2b4f32,65006141-4ad9-1a2a-18ad-f005109e7cb9,0.032,798.16,0,urgentcare,2012-04-03 08:37:59,2,0,8,4,Spring,F,white,nonhispanic,37,PRIVATE,3,1,0,0,0,,0
2c0257f7-f723-a6b2-e14c-796ce1ccaedc,2c0257f7-f723-a6b2-bcb3-9c37368ce80b,0.023,1081.64,0,urgentcare,2014-07-06 08:37:47,0,1,8,7,Summer,F,white,nonhispanic,37,PRIVATE,12,1,0,1,1,531.0,0
989cf444-3b3c-7a35-d3af-b5176ea225bd,989cf444-3b3c-7a35-10f6-0361e59b7918,1.0,3817.64,0,inpatient,2011-01-18 04:32:54,2,0,4,1,Winter,F,white,nonhispanic,26,PRIVATE,5,1,0,0,0,,0
a2754b4d-573d-7888-7dc4-8a2918bc9d68,a2754b4d-573d-7888-7996-50095ed51634,0.042,146.18,0,emergency,2018-03-27 15:51:08,2,0,15,3,Spring,F,black,nonhispanic,63,GOVERNMENT,16,2,0,1,6,333.1,0
85705b49-1aca-e424-3b53-1c294f038adf,85705b49-1aca-e424-8be1-9ecd6c2c6efc,0.037,865.94,0,urgentcare,2014-06-17 14:52:25,2,0,14,6,Summer,F,black,nonhispanic,41,PRIVATE,12,1,0,0,1,2149.9,0
27787931-880e-8673-44a3-2c435e4a274f,27787931-880e-8673-fcbd-ac02953fafdf,0.042,146.18,0,emergency,2016-12-06 07:32:11,2,0,7,12,Winter,F,white,nonhispanic,15,GOVERNMENT,3,3,0,1,0,,0
5de7f231-2937-7ba3-58d5-188edc15ea61,5de7f231-2937-7ba3-9d82-0afac46d0033,1.0,968.94,0,inpatient,2014-06-21 13:19:17,6,1,13,6,Summer,M,asian,nonhispanic,32,GOVERNMENT,8,1,0,0,0,,0
109a9a53-e914-9753-d2b8-c4771374c569,109a9a53-e914-9753-d5e4-a89513b07202,0.042,146.18,0,emergency,2017-05-21 16:36:45,0,1,16,5,Spring,F,white,nonhispanic,47,PRIVATE,10,2,0,1,1,4087.0,0
5b9d574f-74e1-2459-2a25-af393eaf099b,5b9d574f-74e1-2459-1553-3116d5731faf,1.0,11336.25,0,inpatient,2003-05-01 20:07:45,4,0,20,5,Spring,F,white,nonhispanic,36,GOVERNMENT,5,1,0,0,0,,0
f2335b3f-15ec-cc65-d8e0-3d286e53b3f9,f2335b3f-15ec-cc65-8324-8a41e61b78d1,0.042,146.18,0,emergency,2020-04-29 15:17:34,3,0,15,4,Spring,M,white,hispanic,60,PRIVATE,15,2,0,1,7,375.3,0
747e0eb3-d95c-71fe-ed8e-7b1da56ae5a9,747e0eb3-d95c-71fe-c0bb-4e779443cdff,0.01,573.98,0,urgentcare,1980-11-22 16:50:07,6,1,16,11,Fall,F,white,nonhispanic,16,GOVERNMENT,1,1,0,0,0,,0
a890d187-bb81-ffd0-346a-8e0b3609828d,a890d187-bb81-ffd0-2cdf-aeec12d89206,0.042,146.18,0,emergency,2020-07-05 20:48:50,0,1,20,7,Summer,M,white,nonhispanic,78,GOVERNMENT,20,2,0,1,5,511.6,0
a187afe9-10ef-4076-0ec4-d6ffa2cf1df7,a187afe9-10ef-4076-e6fe-8f08a11c2d73,0.041,1572.78,0,urgentcare,1989-06-28 20:00:23,3,0,20,6,Summer,M,white,nonhispanic,44,GOVERNMENT,7,1,0,0,2,11270.9,0
5aa88c0b-2640-f930-7400-f936af83d4be,5aa88c0b-2640-f930-8c4e-bc320be830a8,0.01,142.58,0,urgentcare,2013-05-13 17:06:54,1,0,17,5,Spring,M,black,nonhispanic,72,GOVERNMENT,11,1,0,0,2,7.0,1
b5ee66af-8824-6f43-f4c4-0ecf0c0fa067,b5ee66af-8824-6f43-0d12-9ab0d1d527ca,1.0,13132.35,0,inpatient,1955-03-03 04:54:21,4,0,4,3,Spring,F,white,nonhispanic,36,PRIVATE,8,1,0,0,1,7578.9,0
3b6252fc-dcee-2152-0d6d-255e568c06e4,3b6252fc-dcee-2152-12fa-7440a5b08c16,1.0,3817.64,0,inpatient,2000-11-08 13:01:08,3,0,13,11,Fall,F,asian,nonhispanic,25,NO_INSURANCE,4,1,0,0,0,,0
65ac11a1-d694-769d-391d-c30d3050eba8,65ac11a1-d694-769d-1766-6194786b5339,0.042,87.71,0,emergency,1996-11-05 00:24:01,2,0,0,11,Fall,M,white,nonhispanic,15,GOVERNMENT,5,1,0,0,3,266.0,0
f7675d21-af0a-fb1b-cd88-2a955d407265,f7675d21-af0a-fb1b-bf86-07f3000490ae,0.042,7918.04,0,emergency,1994-01-19 12:35:15,3,0,12,1,Winter,M,white,nonhispanic,72,GOVERNMENT,12,1,0,0,0,,0
f7675d21-af0a-fb1b-0744-6cc911b45f53,f7675d21-af0a-fb1b-bf86-07f3000490ae,2.31,30554.15,0,inpatient,1994-01-19 13:32:18,3,0,13,1,Winter,M,white,nonhispanic,72,GOVERNMENT,12,1,0,0,0,,0
6d2859ee-b17f-b500-e882-335a623aaed1,6d2859ee-b17f-b500-ec60-e4bb736db0b6,0.01,291.74,0,urgentcare,2018-03-20 19:29:33,2,0,19,3,Spring,F,white,nonhispanic,57,PRIVATE,25,1,0,3,14,7.0,1
24180060-e42d-a225-32eb-dad6cc00c2d0,24180060-e42d-a225-c525-9daced03801b,0.042,146.18,0,emergency,2017-05-03 16:42:58,3,0,16,5,Spring,M,asian,nonhispanic,39,NO_INSURANCE,10,2,0,5,0,,0
fe608780-f264-9374-b6bb-af9b76a50268,fe608780-f264-9374-7874-a1ca5d2f049d,4.917,1025.09,0,emergency,1996-11-14 21:39:59,4,0,21,11,Fall,F,white,nonhispanic,42,NO_INSURANCE,8,1,0,0,0,,0
65ac11a1-d694-769d-8c61-c7866d10c007,65ac11a1-d694-769d-1766-6194786b5339,0.042,146.18,0,emergency,1996-02-13 00:24:01,2,0,0,2,Winter,M,white,nonhispanic,15,GOVERNMENT,4,1,0,0,2,104.0,0
67add3a2-8f05-8ba7-20ce-f553fd80e9c2,67add3a2-8f05-8ba7-8bca-818ce69014f4,0.01,142.58,0,urgentcare,2017-06-09 20:42:34,5,0,20,6,Summer,M,black,nonhispanic,12,PRIVATE,5,1,0,3,1,7.0,1
5aa88c0b-2640-f930-6ba3-33483518499a,5aa88c0b-2640-f930-8c4e-bc320be830a8,0.042,146.18,0,emergency,2013-04-29 17:06:54,1,0,17,4,Spring,M,black,nonhispanic,72,GOVERNMENT,11,1,0,0,0,,0
81d2b3d7-864c-0de1-c85a-58699731bded,81d2b3d7-864c-0de1-e81a-192df41f66b1,0.042,1010.66,0,emergency,2015-09-15 19:56:09,2,0,19,9,Fall,M,white,nonhispanic,47,PRIVATE,6,1,0,0,0,,0
91f02514-3e12-2718-5a50-63c26c95bb0b,91f02514-3e12-2718-f73d-f240b662816c,0.042,146.18,0,emergency,2004-03-07 00:07:20,0,1,0,3,Spring,M,asian,nonhispanic,64,PRIVATE,12,2,0,3,0,,0
070d3271-e5a0-174f-1e3d-1942bc7b686b,070d3271-e5a0-174f-0a01-c66dfd8996f8,0.042,146.18,0,emergency,2015-04-30 15:00:32,4,0,15,4,Spring,F,white,nonhispanic,61,PRIVATE,8,2,0,1,0,,0
ede5d573-b56e-6b23-c7f1-b8c326c0b43c,ede5d573-b56e-6b23-d5c9-32a4b4d429bf,0.038,4790.25,0,urgentcare,2003-01-10 12:44:27,5,0,12,1,Winter,F,white,nonhispanic,20,NO_INSURANCE,4,1,0,0,0,,0
65ac11a1-d694-769d-13b6-b4bc668efa42,65ac11a1-d694-769d-1766-6194786b5339,0.042,18806.16,0,emergency,1995-11-01 00:24:01,3,0,0,11,Fall,M,white,nonhispanic,14,GOVERNMENT,3,1,0,0,1,3867.0,0
7bf35a5d-df8f-1367-bd5c-0e445be4cead,7bf35a5d-df8f-1367-af49-7fd81858cf4c,1.0,7548.77,0,inpatient,1996-05-15 17:19:26,3,0,17,5,Spring,F,asian,nonhispanic,36,NO_INSURANCE,3,1,0,0,0,,0
94cf7811-ba05-b4a2-b1fe-713189d14e38,94cf7811-ba05-b4a2-def3-da3e2cffd31b,0.042,87.71,0,emergency,1990-02-05 14:56:08,1,0,14,2,Winter,M,white,hispanic,30,NO_INSURANCE,3,1,0,0,0,,0
f2335b3f-15ec-cc65-b81c-7436a05bb935,f2335b3f-15ec-cc65-8324-8a41e61b78d1,0.208,146.18,0,emergency,2019-03-01 03:49:08,5,0,3,3,Spring,M,white,hispanic,59,PRIVATE,13,1,0,0,5,5087.5,0
08d290f2-cacc-a5c9-7b21-5f9188b1f827,08d290f2-cacc-a5c9-e3f5-d1d9063f46e5,0.042,146.18,0,emergency,1987-10-10 12:35:15,6,1,12,10,Fall,M,white,nonhispanic,65,GOVERNMENT,27,1,0,3,413,7.0,1
2c0257f7-f723-a6b2-d34a-c97e174b8e3c,2c0257f7-f723-a6b2-bcb3-9c37368ce80b,1.0,3817.64,0,inpatient,2013-01-20 08:37:47,0,1,8,1,Winter,F,white,nonhispanic,36,PRIVATE,6,1,0,0,0,,0
85f0b655-9c64-5579-8316-d31f5cc24bb8,85f0b655-9c64-5579-0255-2937797ee3ed,0.042,87.71,0,emergency,1999-07-11 09:58:30,0,1,9,7,Summer,F,white,nonhispanic,19,NO_INSURANCE,2,1,0,0,0,,0
65ac11a1-d694-769d-b1f9-e39ae962aebc,65ac11a1-d694-769d-1766-6194786b5339,0.042,146.18,0,emergency,1985-03-31 00:24:01,0,1,0,3,Spring,M,white,nonhispanic,4,GOVERNMENT,2,1,0,0,0,,0
a187afe9-10ef-4076-33e0-605ced48f10e,a187afe9-10ef-4076-e6fe-8f08a11c2d73,0.063,7126.84,0,emergency,1958-08-19 20:00:23,2,0,20,8,Summer,M,white,nonhispanic,13,GOVERNMENT,3,1,0,0,1,1592.9,0
bbcd6d52-60e4-e420-d2c3-be08d4ef9e7d,bbcd6d52-60e4-e420-de2f-01ba4b2ec421,1.0,994.49,0,inpatient,1990-03-16 11:00:06,5,0,11,3,Spring,M,hawaiian,hispanic,43,PRIVATE,7,1,0,0,0,,0
e16cd276-1955-ea5a-0a01-3604803ea735,e16cd276-1955-ea5a-fd06-6d5d2ae9d242,1.0,3949.26,0,inpatient,1999-10-10 02:21:16,0,1,2,10,Fall,F,white,nonhispanic,26,PRIVATE,4,1,0,0,0,,0
11694d9d-79eb-1d9f-9b76-16195cb03e03,11694d9d-79eb-1d9f-ce5d-ab6629120c0e,0.024,709.98,0,urgentcare,1993-06-09 10:14:57,3,0,10,6,Summer,F,white,nonhispanic,36,NO_INSURANCE,3,1,0,0,0,,0
cad53337-8e67-8d30-8768-69251b050aff,cad53337-8e67-8d30-d714-3e1e228a1025,2.0,146.18,0,inpatient,1994-07-20 23:29:41,3,0,23,7,Summer,F,white,nonhispanic,34,GOVERNMENT,6,1,0,0,4,56.0,0
a187afe9-10ef-4076-b1f1-fa736ecfa457,a187afe9-10ef-4076-e6fe-8f08a11c2d73,0.077,4407.08,0,emergency,1954-04-09 20:00:23,5,0,20,4,Spring,M,white,nonhispanic,9,PRIVATE,2,2,0,0,0,,0
d53b5945-f75e-bef0-00be-2f48d36aa257,d53b5945-f75e-bef0-5eb0-b98a830a275d,0.01,291.74,0,urgentcare,2025-03-15 17:27:42,6,1,17,3,Spring,F,white,nonhispanic,57,GOVERNMENT,19,1,0,4,26,35.0,0
e505b835-ea5a-acd4-fde9-520e1a66a9cf,e505b835-ea5a-acd4-e7c6-b73c42d28df5,0.01,1148.18,0,urgentcare,2007-10-14 14:47:20,0,1,14,10,Fall,M,white,nonhispanic,45,PRIVATE,7,1,0,0,0,,0
cad53337-8e67-8d30-b043-918eac5f3704,cad53337-8e67-8d30-d714-3e1e228a1025,0.042,20794.05,0,emergency,1991-09-21 22:29:41,6,1,22,9,Fall,F,white,nonhispanic,31,GOVERNMENT,5,1,0,0,2,58.0,0
53abd68b-0068-ee43-3002-1f8df2c0e766,53abd68b-0068-ee43-f74a-f82c03a741dd,1.0,966.87,0,inpatient,2009-05-25 20:45:41,1,0,20,5,Spring,M,white,nonhispanic,41,GOVERNMENT,4,1,0,0,0,,0
109a9a53-e914-9753-8322-52e2d7d67ed3,109a9a53-e914-9753-d5e4-a89513b07202,1.0,13537.81,0,inpatient,2006-03-12 17:00:44,0,1,17,3,Spring,F,white,nonhispanic,36,NO_INSURANCE,6,1,0,0,0,,0
e94fe4f0-3e9a-d3e3-a331-4b264a9bd431,e94fe4f0-3e9a-d3e3-ca82-29ace45a5316,0.042,146.18,0,emergency,2015-04-17 07:54:44,5,0,7,4,Spring,M,white,hispanic,16,GOVERNMENT,2,1,0,0,1,422.0,0
f5d2d0b9-59d3-4bf1-0640-aeb6895374f6,f5d2d0b9-59d3-4bf1-18e2-497c81c14441,0.123,17189.78,0,emergency,1953-02-07 06:02:56,6,1,6,2,Winter,F,white,nonhispanic,13,PRIVATE,3,3,0,0,0,,0
9c545972-9408-ca0b-0746-d213956fd578,9c545972-9408-ca0b-9931-e05b314649f2,0.029,1145.28,0,urgentcare,2008-10-13 23:52:16,1,0,23,10,Fall,F,white,nonhispanic,34,PRIVATE,3,2,0,0,0,,0
3c376b52-79f4-31ef-921c-7a84464157a1,3c376b52-79f4-31ef-98d2-7a4f9a26492d,1.0,973.23,0,inpatient,2006-02-07 00:14:45,2,0,0,2,Winter,M,white,nonhispanic,50,GOVERNMENT,6,1,0,0,0,,0
cad53337-8e67-8d30-556c-dcd27650dfa0,cad53337-8e67-8d30-d714-3e1e228a1025,0.042,87.71,0,emergency,1991-07-25 22:29:41,4,0,22,7,Summer,F,white,nonhispanic,31,GOVERNMENT,4,1,0,0,1,474.0,0
6842050e-26e0-68aa-f006-9465e0f72e47,6842050e-26e0-68aa-2784-d792f7e2fbd3,0.01,291.74,0,urgentcare,2025-08-10 16:27:07,0,1,16,8,Summer,M,white,nonhispanic,83,GOVERNMENT,21,1,0,3,124,7.0,1
834901f2-b564-f766-40ab-7e303c68299d,834901f2-b564-f766-6644-b335fbbbcf2f,0.01,291.74,0,urgentcare,2023-02-03 10:57:55,5,0,10,2,Winter,M,white,nonhispanic,64,GOVERNMENT,28,1,0,2,117,7.0,1
1740ae00-69a6-b318-aca3-14b893d3e02d,1740ae00-69a6-b318-f0d0-edd0a4144e24,0.042,146.18,0,emergency,2008-09-27 21:23:25,6,1,21,9,Fall,M,white,nonhispanic,42,GOVERNMENT,6,1,0,0,1,1945.9,0
e94fe4f0-3e9a-d3e3-8e1b-06fcf7455e1e,e94fe4f0-3e9a-d3e3-ca82-29ace45a5316,0.042,87.71,0,emergency,2014-02-19 07:54:44,3,0,7,2,Winter,M,white,hispanic,15,GOVERNMENT,1,1,0,0,0,,0
a2754b4d-573d-7888-fbe9-17e9150066e5,a2754b4d-573d-7888-7996-50095ed51634,1.0,3817.64,0,inpatient,1991-01-26 16:17:28,6,1,16,1,Winter,F,black,nonhispanic,36,GOVERNMENT,10,1,0,0,3,85.0,0
85705b49-1aca-e424-2797-20a3b392e89b,85705b49-1aca-e424-8be1-9ecd6c2c6efc,1.0,13537.81,0,inpatient,2008-07-27 16:45:23,0,1,16,7,Summer,F,black,nonhispanic,35,PRIVATE,3,1,0,0,0,,0
cad53337-8e67-8d30-0e57-3bd300e16841,cad53337-8e67-8d30-d714-3e1e228a1025,0.042,146.18,0,emergency,1990-04-07 22:29:41,6,1,22,4,Spring,F,white,nonhispanic,30,GOVERNMENT,3,1,0,0,0,,0
e0364bd7-1bca-7707-6a7b-a091bb39cbda,e0364bd7-1bca-7707-15f0-09681f2d9b9a,0.042,146.18,0,emergency,2018-09-27 10:00:06,4,0,10,9,Fall,F,white,nonhispanic,74,GOVERNMENT,10,2,0,1,0,,0
a2754b4d-573d-7888-b229-f4de3b202198,a2754b4d-573d-7888-7996-50095ed51634,0.042,87.71,0,emergency,1990-11-02 15:25:00,5,0,15,11,Fall,F,black,nonhispanic,35,GOVERNMENT,9,1,0,0,2,153.0,0
050d9cee-dd68-533c-5861-96d254a6f331,050d9cee-dd68-533c-cbec-cd7703b46b53,0.042,146.18,0,emergency,1997-09-28 15:18:32,0,1,15,9,Fall,M,white,nonhispanic,15,GOVERNMENT,3,1,0,0,2,44.0,0
d0f9444c-7d4e-7b58-419f-739ffd7bb8fd,d0f9444c-7d4e-7b58-d75c-809f131df755,0.042,87.71,0,emergency,1991-07-12 08:40:55,5,0,8,7,Summer,M,white,nonhispanic,19,PRIVATE,6,1,0,0,2,344.0,0
ee017a59-a78b-46e6-971d-b4825526ef62,ee017a59-a78b-46e6-1db8-db6e04a47f91,1.0,9165.33,0,inpatient,2006-05-09 06:43:58,2,0,6,5,Spring,F,white,nonhispanic,36,GOVERNMENT,7,1,0,0,0,,0
5f8e23d7-df23-69eb-18ed-a49b31b76e81,5f8e23d7-df23-69eb-fdeb-ca2da9ef3c8a,1.0,3817.64,0,inpatient,1990-01-19 09:44:50,5,0,9,1,Winter,F,white,nonhispanic,36,NO_INSURANCE,5,1,0,0,0,,0
d9123176-de38-1639-70ab-cbf4efa2ad62,d9123176-de38-1639-111e-15e726d6a849,2.825,16635.35,0,inpatient,1994-07-01 03:25:15,5,0,3,7,Summer,M,white,nonhispanic,35,NO_INSURANCE,7,1,0,0,1,7.0,1
7d969922-751b-f47f-c348-52a6a80734b8,7d969922-751b-f47f-6afa-00e4d01816cb,2.075,8608.19,0,inpatient,1946-10-02 09:45:57,3,0,9,10,Fall,M,asian,nonhispanic,6,PRIVATE,1,1,0,0,0,,0
a2754b4d-573d-7888-bfcc-da61dd87da85,a2754b4d-573d-7888-7996-50095ed51634,0.042,146.18,0,emergency,1990-06-02 15:25:00,6,1,15,6,Summer,F,black,nonhispanic,35,GOVERNMENT,8,1,0,0,1,107.0,0
5af80f84-c833-c1fa-ffe1-d25032f5024b,5af80f84-c833-c1fa-0e40-7b315f97ebcc,0.027,1208.38,0,urgentcare,1998-03-22 00:58:01,0,1,0,3,Spring,M,white,nonhispanic,22,PRIVATE,4,1,0,0,0,,0
050d9cee-dd68-533c-a9d8-fbe933c1a780,050d9cee-dd68-533c-cbec-cd7703b46b53,0.042,10702.91,0,emergency,1997-08-15 15:18:32,5,0,15,8,Summer,M,white,nonhispanic,15,GOVERNMENT,2,1,0,0,1,127.0,0
d0f9444c-7d4e-7b58-42af-4c3627c90dd6,d0f9444c-7d4e-7b58-d75c-809f131df755,0.042,146.18,0,emergency,1990-08-02 08:40:55,4,0,8,8,Summer,M,white,nonhispanic,18,PRIVATE,5,1,0,0,1,179.0,0
aea904e0-8806-bd01-6131-749f09d60c04,aea904e0-8806-bd01-5550-dd17a46736a6,3.499,5423.98,0,inpatient,1990-08-19 21:15:20,0,1,21,8,Summer,M,white,nonhispanic,36,PRIVATE,3,1,0,0,0,,0
d9123176-de38-1639-7203-2716004d43e5,d9123176-de38-1639-111e-15e726d6a849,0.01,149.38,0,urgentcare,1994-06-24 03:25:15,5,0,3,6,Summer,M,white,nonhispanic,35,NO_INSURANCE,6,1,0,0,0,,0
1740ae00-69a6-b318-3b8e-f3b4682772db,1740ae00-69a6-b318-f0d0-edd0a4144e24,1.0,966.87,0,inpatient,2003-05-30 23:05:09,5,0,23,5,Spring,M,white,nonhispanic,37,GOVERNMENT,3,1,0,0,0,,0
a2754b4d-573d-7888-49a5-25a0e4d9eb34,a2754b4d-573d-7888-7996-50095ed51634,0.042,20794.05,0,emergency,1990-02-15 15:25:00,4,0,15,2,Winter,F,black,nonhispanic,35,GOVERNMENT,7,1,0,0,0,,0
050d9cee-dd68-533c-630d-100323264745,050d9cee-dd68-533c-cbec-cd7703b46b53,0.042,87.71,0,emergency,1997-04-10 15:18:32,4,0,15,4,Spring,M,white,nonhispanic,15,GOVERNMENT,1,1,0,0,0,,0
e262c654-7319-401a-bfcc-14d1db19866b,e262c654-7319-401a-c785-5cca0173df30,1.0,3817.64,0,inpatient,1999-07-21 04:09:07,3,0,4,7,Summer,F,white,nonhispanic,36,NO_INSURANCE,4,1,0,0,0,,0
03b15929-a6d8-b6a6-20d7-c0bedb9668cc,03b15929-a6d8-b6a6-fd03-33b5d3cf21f3,1.0,10194.05,0,inpatient,1999-08-28 16:58:22,6,1,16,8,Summer,F,white,nonhispanic,36,PRIVATE,5,1,0,0,0,,0
d0f9444c-7d4e-7b58-65f6-d7924dca4910,d0f9444c-7d4e-7b58-d75c-809f131df755,0.042,20794.05,0,emergency,1990-02-04 08:40:55,0,1,8,2,Winter,M,white,nonhispanic,18,PRIVATE,3,1,0,0,0,,0
1576049a-60ed-1547-0094-784b3739047e,1576049a-60ed-1547-d65a-d9d9c6fadf04,1.0,3817.64,0,inpatient,2009-08-01 15:57:46,6,1,15,8,Summer,F,white,nonhispanic,36,GOVERNMENT,5,1,0,0,0,,0
18062e16-0449-d54b-d466-0ebb83c60b2d,18062e16-0449-d54b-fd31-00aaa0be1d60,1.0,13537.81,0,inpatient,1990-05-01 05:39:42,2,0,5,5,Spring,F,white,nonhispanic,35,PRIVATE,5,1,0,0,0,,0
4ef6ae3c-7a16-89c5-d0a8-821163cc0268,4ef6ae3c-7a16-89c5-b08f-e7355578c54a,1.0,958.69,0,inpatient,1994-08-01 00:21:31,1,0,0,8,Summer,F,white,nonhispanic,31,GOVERNMENT,4,1,0,0,1,2171.2,0
78f3b19d-e937-09fd-c108-93a21c4f1843,78f3b19d-e937-09fd-276f-5bc1e098d520,0.042,87.71,0,emergency,1991-09-08 08:40:55,0,1,8,9,Fall,M,white,nonhispanic,19,PRIVATE,4,1,0,0,2,356.0,0
f2335b3f-15ec-cc65-dbbe-fd53c71787eb,f2335b3f-15ec-cc65-8324-8a41e61b78d1,0.032,1007.06,0,urgentcare,2005-03-26 14:56:08,6,1,14,3,Spring,M,white,hispanic,45,NO_INSURANCE,9,1,0,0,4,4270.6,0
78f3b19d-e937-09fd-60eb-d430da724842,78f3b19d-e937-09fd-276f-5bc1e098d520,0.042,5308.14,0,emergency,1990-09-17 08:40:55,1,0,8,9,Fall,M,white,nonhispanic,18,PRIVATE,3,1,0,0,1,195.0,0
4ef6ae3c-7a16-89c5-f9fb-672fc70e2f2f,4ef6ae3c-7a16-89c5-b08f-e7355578c54a,1.0,11487.49,0,inpatient,1988-08-19 18:42:26,5,0,18,8,Summer,F,white,nonhispanic,25,NO_INSURANCE,2,1,0,0,0,,0
784d30f7-2406-0d20-0d8a-59bd58501861,784d30f7-2406-0d20-8128-3146cdf8c0e0,0.042,146.18,0,emergency,2002-11-24 00:02:39,0,1,0,11,Fall,F,white,nonhispanic,39,NO_INSURANCE,3,1,0,0,0,,0
e2757458-d53f-cf44-40cb-9eda603ad326,e2757458-d53f-cf44-64c1-685b916857b7,0.01,142.58,0,urgentcare,2024-10-21 23:15:13,1,0,23,10,Fall,M,white,nonhispanic,105,GOVERNMENT,29,1,0,6,125,7.0,1
58f495aa-b931-afeb-3e5b-c945496cb8ea,58f495aa-b931-afeb-5e10-fa9903eb9c4a,0.036,1460.96,0,urgentcare,2006-01-14 15:57:56,6,1,15,1,Winter,F,white,hispanic,44,NO_INSURANCE,8,1,0,0,1,3005.0,0
78f3b19d-e937-09fd-8249-c5540794af9d,78f3b19d-e937-09fd-276f-5bc1e098d520,0.042,146.18,0,emergency,1990-03-06 08:40:55,2,0,8,3,Spring,M,white,nonhispanic,18,PRIVATE,1,1,0,0,0,,0
8dda6556-523c-c929-0abd-4be290d8485c,8dda6556-523c-c929-5190-af7fe587db03,0.035,784.56,0,urgentcare,1993-01-13 20:00:23,3,0,20,1,Winter,M,white,nonhispanic,48,PRIVATE,7,1,0,0,1,1372.0,0
45af71fa-3745-a0ab-d8f1-fc9ddff03f37,45af71fa-3745-a0ab-e052-9f332fcf981a,0.042,87.71,0,emergency,1990-09-11 11:26:06,2,0,11,9,Fall,M,white,nonhispanic,36,PRIVATE,5,1,0,0,2,141.0,0
1e43a258-caf4-44f5-6732-432ebc76dfbf,1e43a258-caf4-44f5-7e30-54213e8937f5,0.042,295.34,0,emergency,2023-11-16 08:57:15,4,0,8,11,Fall,M,white,nonhispanic,53,GOVERNMENT,17,1,0,6,36,7.0,1
8dda6556-523c-c929-00fe-db0b1e4c9b63,8dda6556-523c-c929-5190-af7fe587db03,0.026,1156.22,0,urgentcare,1989-04-12 20:00:23,3,0,20,4,Spring,M,white,nonhispanic,44,PRIVATE,6,1,0,0,0,,0
45af71fa-3745-a0ab-b4ec-3f55319e19a7,45af71fa-3745-a0ab-e052-9f332fcf981a,0.042,146.18,0,emergency,1990-04-23 11:26:06,1,0,11,4,Spring,M,white,nonhispanic,36,PRIVATE,4,1,0,0,1,44.0,0
f2335b3f-15ec-cc65-3273-bef85e1e1242,f2335b3f-15ec-cc65-8324-8a41e61b78d1,0.042,87.71,0,emergency,1991-04-07 14:56:08,0,1,14,4,Spring,M,white,hispanic,31,NO_INSURANCE,4,1,0,0,2,125.0,0
45af71fa-3745-a0ab-ad01-0a08b6183956,45af71fa-3745-a0ab-e052-9f332fcf981a,0.042,5308.14,0,emergency,1990-03-10 11:26:06,6,1,11,3,Spring,M,white,nonhispanic,36,PRIVATE,3,1,0,0,0,,0
f2335b3f-15ec-cc65-02b5-36da1528bef6,f2335b3f-15ec-cc65-8324-8a41e61b78d1,0.042,5308.14,0,emergency,1990-12-03 14:56:08,1,0,14,12,Winter,M,white,hispanic,30,NO_INSURANCE,3,1,0,0,1,301.0,0
08d290f2-cacc-a5c9-477e-1c900b9f30b2,08d290f2-cacc-a5c9-e3f5-d1d9063f46e5,0.042,146.18,0,emergency,1987-06-06 12:35:15,6,1,12,6,Summer,M,white,nonhispanic,65,NO_INSURANCE,28,1,0,3,395,7.0,1
1e43a258-caf4-44f5-7436-cc238edf80ca,1e43a258-caf4-44f5-7e30-54213e8937f5,0.01,291.74,0,urgentcare,2023-11-02 08:57:15,4,0,8,11,Fall,M,white,nonhispanic,53,GOVERNMENT,18,1,0,6,34,7.0,1
58f495aa-b931-afeb-e3e0-15bea7d83f83,58f495aa-b931-afeb-5e10-fa9903eb9c4a,1.0,6802.63,0,inpatient,1997-10-22 16:45:23,3,0,16,10,Fall,F,white,hispanic,35,NO_INSURANCE,4,1,0,0,0,,0
f2335b3f-15ec-cc65-d763-75b7cf26abf9,f2335b3f-15ec-cc65-8324-8a41e61b78d1,0.042,146.18,0,emergency,1990-02-05 14:56:08,1,0,14,2,Winter,M,white,hispanic,30,NO_INSURANCE,2,1,0,0,0,,0
e2757458-d53f-cf44-cc74-eddb35734fb6,e2757458-d53f-cf44-64c1-685b916857b7,0.042,146.18,0,emergency,2024-09-02 23:15:13,1,0,23,9,Fall,M,white,nonhispanic,105,GOVERNMENT,28,1,0,5,122,7.0,1
834901f2-b564-f766-689c-5f378845dc6d,834901f2-b564-f766-6644-b335fbbbcf2f,0.01,291.74,0,urgentcare,2022-11-11 10:57:55,5,0,10,11,Fall,M,white,nonhispanic,63,GOVERNMENT,26,1,0,2,106,7.0,1
1e43a258-caf4-44f5-58b6-bc9d0d6030cd,1e43a258-caf4-44f5-7e30-54213e8937f5,0.042,295.34,0,emergency,2023-10-05 08:57:15,4,0,8,10,Fall,M,white,nonhispanic,53,GOVERNMENT,18,1,0,6,30,7.0,1
c1261835-8407-29fa-e5a2-573464aa8330,c1261835-8407-29fa-33c4-9d5577f2fab8,0.023,1660.52,0,urgentcare,2015-11-06 16:21:09,5,0,16,11,Fall,M,white,nonhispanic,53,PRIVATE,12,1,0,0,1,28.0,1
9240f7e0-68d5-363d-1cba-2b1d50055e82,9240f7e0-68d5-363d-452d-b6c22ecd75b4,0.01,291.74,0,urgentcare,2024-10-22 09:28:36,2,0,9,10,Fall,M,black,nonhispanic,50,PRIVATE,18,1,0,6,66,7.0,1
763b2a21-a1cb-05b6-0e7e-fde2565ea7b4,763b2a21-a1cb-05b6-2d43-09d45422098f,0.01,291.74,0,urgentcare,2017-07-09 20:33:03,0,1,20,7,Summer,F,black,nonhispanic,49,PRIVATE,13,1,0,2,6,7.0,1
c1261835-8407-29fa-5aef-21575fb15275,c1261835-8407-29fa-33c4-9d5577f2fab8,0.042,1417.88,0,emergency,2015-10-09 16:21:09,5,0,16,10,Fall,M,white,nonhispanic,53,PRIVATE,11,1,0,0,0,,0
834901f2-b564-f766-e1ae-f24452ef6860,834901f2-b564-f766-6644-b335fbbbcf2f,0.01,291.74,0,urgentcare,2022-09-30 10:57:55,5,0,10,9,Fall,M,white,nonhispanic,63,GOVERNMENT,25,1,0,2,100,7.0,1
8ba59c1e-a0d3-343b-7ff7-bb4ac854e387,8ba59c1e-a0d3-343b-024a-a4a1330761cf,0.01,291.74,0,urgentcare,2025-06-09 17:06:54,1,0,17,6,Summer,M,black,nonhispanic,84,GOVERNMENT,24,1,0,4,255,7.0,1
e3827f66-ed30-7012-d853-fbb9dc7a1964,e3827f66-ed30-7012-465b-2ddd8680652a,0.01,291.74,0,urgentcare,2020-10-16 19:15:10,5,0,19,10,Fall,F,white,nonhispanic,62,GOVERNMENT,21,1,0,3,13,7.0,1
a890d187-bb81-ffd0-859e-1213ab5dd39e,a890d187-bb81-ffd0-2cdf-aeec12d89206,0.121,17189.78,0,emergency,1951-07-25 18:57:37,3,0,18,7,Summer,M,white,nonhispanic,9,NO_INSURANCE,3,3,0,0,0,,0
763b2a21-a1cb-05b6-19e5-b43306f1ca42,763b2a21-a1cb-05b6-2d43-09d45422098f,0.01,291.74,0,urgentcare,2017-06-04 20:33:03,0,1,20,6,Summer,F,black,nonhispanic,49,PRIVATE,15,1,0,2,4,7.0,1
6842050e-26e0-68aa-9dc2-353e9bc173af,6842050e-26e0-68aa-2784-d792f7e2fbd3,0.01,291.74,0,urgentcare,2024-09-29 16:27:07,0,1,16,9,Fall,M,white,nonhispanic,82,GOVERNMENT,23,1,0,2,105,14.0,1
834901f2-b564-f766-f99a-30975e428eea,834901f2-b564-f766-6644-b335fbbbcf2f,0.01,291.74,0,urgentcare,2022-07-08 10:57:55,5,0,10,7,Summer,M,white,nonhispanic,63,GOVERNMENT,25,1,0,2,88,7.0,1
e2757458-d53f-cf44-cd89-44223ca631eb,e2757458-d53f-cf44-64c1-685b916857b7,0.01,142.58,0,urgentcare,2024-02-05 23:15:13,1,0,23,2,Winter,M,white,nonhispanic,105,GOVERNMENT,27,1,0,6,112,14.0,1
834901f2-b564-f766-8a38-c1b77e37f2d7,834901f2-b564-f766-6644-b335fbbbcf2f,0.01,291.74,0,urgentcare,2022-05-13 10:57:55,5,0,10,5,Spring,M,white,nonhispanic,63,GOVERNMENT,26,1,0,2,80,7.0,1
834901f2-b564-f766-490a-e27850b62084,834901f2-b564-f766-6644-b335fbbbcf2f,0.042,295.34,0,emergency,2022-04-29 10:57:55,5,0,10,4,Spring,M,white,nonhispanic,63,GOVERNMENT,26,1,0,2,78,7.0,1
08d290f2-cacc-a5c9-8466-586d2bdfc2b4,08d290f2-cacc-a5c9-e3f5-d1d9063f46e5,0.042,146.18,0,emergency,1986-12-06 12:35:15,6,1,12,12,Winter,M,white,nonhispanic,64,NO_INSURANCE,28,1,0,3,370,7.0,1
6d2859ee-b17f-b500-2737-0996f01b1cf3,6d2859ee-b17f-b500-ec60-e4bb736db0b6,0.042,1410.6,0,emergency,2012-05-15 19:29:33,2,0,19,5,Spring,F,white,nonhispanic,51,PRIVATE,18,1,0,0,3,70.0,0
6842050e-26e0-68aa-52bb-ba6cf1e6278a,6842050e-26e0-68aa-2784-d792f7e2fbd3,0.01,427.74,0,urgentcare,2024-07-21 16:27:07,0,1,16,7,Summer,M,white,nonhispanic,82,GOVERNMENT,23,1,0,2,97,7.0,1
834901f2-b564-f766-9c79-72b58a6295e3,834901f2-b564-f766-6644-b335fbbbcf2f,0.01,291.74,0,urgentcare,2022-04-15 10:57:55,5,0,10,4,Spring,M,white,nonhispanic,63,GOVERNMENT,25,1,0,2,76,7.0,1
6d2859ee-b17f-b500-67df-6915597bfd0a,6d2859ee-b17f-b500-ec60-e4bb736db0b6,0.042,875.9,0,emergency,2012-03-06 19:29:33,2,0,19,3,Spring,F,white,nonhispanic,51,PRIVATE,17,2,0,0,2,5870.1,0
834901f2-b564-f766-beb6-d0a5f6a6bda1,834901f2-b564-f766-6644-b335fbbbcf2f,0.01,291.74,0,urgentcare,2022-03-18 10:57:55,5,0,10,3,Spring,M,white,nonhispanic,63,GOVERNMENT,26,1,0,2,72,7.0,1
a47057d6-be54-ff62-42f1-157837456a79,a47057d6-be54-ff62-c8a1-a13b8cbf64c3,0.08,15106.21,0,emergency,1998-03-28 05:53:14,6,1,5,3,Spring,F,black,nonhispanic,39,NO_INSURANCE,7,2,0,0,1,1182.0,0
a47057d6-be54-ff62-4c04-de6ecedad5e6,a47057d6-be54-ff62-c8a1-a13b8cbf64c3,1.0,9087.02,0,inpatient,1994-12-31 06:38:40,6,1,6,12,Winter,F,black,nonhispanic,35,GOVERNMENT,5,1,0,0,0,,0
185a2038-4c9a-6f44-c690-666a86924108,185a2038-4c9a-6f44-cf7d-78da9583dafc,0.01,291.74,0,urgentcare,2023-02-15 23:59:16,3,0,23,2,Winter,F,white,nonhispanic,52,GOVERNMENT,18,1,0,5,36,7.0,1
763b2a21-a1cb-05b6-3f38-13d7696d59cb,763b2a21-a1cb-05b6-2d43-09d45422098f,1.0,3817.64,0,inpatient,2003-12-22 05:49:51,1,0,5,12,Winter,F,black,nonhispanic,35,NO_INSURANCE,4,1,0,0,0,,0
08d290f2-cacc-a5c9-51db-cb92c54abd10,08d290f2-cacc-a5c9-e3f5-d1d9063f46e5,0.042,146.18,0,emergency,1986-09-27 12:35:15,6,1,12,9,Fall,M,white,nonhispanic,64,NO_INSURANCE,28,1,0,3,360,7.0,1
6842050e-26e0-68aa-b6b3-a774c2d4aa02,6842050e-26e0-68aa-2784-d792f7e2fbd3,0.01,291.74,0,urgentcare,2024-05-26 16:27:07,0,1,16,5,Spring,M,white,nonhispanic,82,GOVERNMENT,22,1,0,3,89,7.0,1
834901f2-b564-f766-b596-502e5e016ac5,834901f2-b564-f766-6644-b335fbbbcf2f,0.042,295.34,0,emergency,2022-02-18 10:57:55,5,0,10,2,Winter,M,white,nonhispanic,63,GOVERNMENT,25,1,0,2,68,7.0,1
6842050e-26e0-68aa-ff83-d9a22919ddf0,6842050e-26e0-68aa-2784-d792f7e2fbd3,0.01,291.74,0,urgentcare,2024-04-28 16:27:07,0,1,16,4,Spring,M,white,nonhispanic,82,GOVERNMENT,23,1,0,3,85,7.0,1
834901f2-b564-f766-b049-71b382a1460c,834901f2-b564-f766-6644-b335fbbbcf2f,0.042,295.34,0,emergency,2022-02-04 10:57:55,5,0,10,2,Winter,M,white,nonhispanic,63,GOVERNMENT,26,1,0,2,66,7.0,1
6d2859ee-b17f-b500-4d7a-da53b3e84ed8,6d2859ee-b17f-b500-ec60-e4bb736db0b6,2.863,11322.5,0,inpatient,1996-02-06 19:29:33,2,0,19,2,Winter,F,white,nonhispanic,35,PRIVATE,6,1,0,0,1,3232.0,0
834901f2-b564-f766-ff5d-09628febbc49,834901f2-b564-f766-6644-b335fbbbcf2f,0.042,295.34,0,emergency,2022-01-21 10:57:55,5,0,10,1,Winter,M,white,nonhispanic,63,GOVERNMENT,26,1,0,2,64,7.0,1
2442cd5f-46ce-5327-bd63-77b9b002708c,2442cd5f-46ce-5327-4751-03df511ab403,1.0,11022.01,0,inpatient,2011-11-16 06:56:32,3,0,6,11,Fall,F,white,nonhispanic,53,PRIVATE,16,1,0,4,1,1622.3,0
6842050e-26e0-68aa-85ac-30d955d11746,6842050e-26e0-68aa-2784-d792f7e2fbd3,0.01,291.74,0,urgentcare,2024-03-31 16:27:07,0,1,16,3,Spring,M,white,nonhispanic,82,GOVERNMENT,22,1,0,2,81,7.0,1
6d2859ee-b17f-b500-aa3c-d3aabcf90351,6d2859ee-b17f-b500-ec60-e4bb736db0b6,1.0,13537.81,0,inpatient,1987-04-01 20:23:53,3,0,20,4,Spring,F,white,nonhispanic,26,PRIVATE,3,1,0,0,0,,0
b05bbf3c-edbc-8bd0-b34c-a7a02c932edd,b05bbf3c-edbc-8bd0-4a00-3e5e0e390ec9,0.01,291.74,0,urgentcare,2018-04-14 08:15:04,6,1,8,4,Spring,M,white,nonhispanic,63,PRIVATE,15,1,0,3,6,7.0,1
2442cd5f-46ce-5327-61d7-23d9cd61341c,2442cd5f-46ce-5327-4751-03df511ab403,0.042,862.74,0,emergency,2007-06-07 23:13:40,4,0,23,6,Summer,F,white,nonhispanic,49,PRIVATE,9,1,0,0,0,,0
e1427e77-bf8e-3fe9-ef67-344f7e3c88d0,e1427e77-bf8e-3fe9-6940-d1e05578f369,0.031,938.84,0,urgentcare,2005-06-10 02:56:56,5,0,2,6,Summer,F,white,hispanic,55,NO_INSURANCE,7,3,0,0,0,,0
d53b5945-f75e-bef0-5d21-9bb99708fff1,d53b5945-f75e-bef0-5eb0-b98a830a275d,0.01,291.74,0,urgentcare,2022-12-24 17:27:42,6,1,17,12,Winter,F,white,nonhispanic,54,GOVERNMENT,19,1,0,4,11,91.0,0
08d290f2-cacc-a5c9-5c65-b99f02b1d91f,08d290f2-cacc-a5c9-e3f5-d1d9063f46e5,0.042,146.18,0,emergency,1986-05-10 12:35:15,6,1,12,5,Spring,M,white,nonhispanic,64,NO_INSURANCE,28,1,0,3,340,14.0,1
e3827f66-ed30-7012-558f-e77a08318ba5,e3827f66-ed30-7012-465b-2ddd8680652a,21.0,146.18,1,inpatient,1992-07-06 20:15:10,1,0,20,7,Summer,F,white,nonhispanic,34,GOVERNMENT,6,1,0,0,4,224.0,0
e3827f66-ed30-7012-82dc-30e43ff6939c,e3827f66-ed30-7012-465b-2ddd8680652a,0.042,146.18,0,emergency,1990-09-19 19:15:10,3,0,19,9,Fall,F,white,nonhispanic,32,GOVERNMENT,5,1,0,0,2,35.0,0
08d290f2-cacc-a5c9-fc49-3dc9bbd98155,08d290f2-cacc-a5c9-e3f5-d1d9063f46e5,0.01,142.58,0,urgentcare,1986-04-26 12:35:15,6,1,12,4,Spring,M,white,nonhispanic,64,NO_INSURANCE,27,1,0,3,339,7.0,1
1e43a258-caf4-44f5-0b64-60a4de158c07,1e43a258-caf4-44f5-7e30-54213e8937f5,0.01,291.74,0,urgentcare,2020-06-11 08:57:15,4,0,8,6,Summer,M,white,nonhispanic,50,GOVERNMENT,15,1,0,6,24,7.0,1
e3827f66-ed30-7012-cc9e-14bfe1d3ea4e,e3827f66-ed30-7012-465b-2ddd8680652a,0.042,87.71,0,emergency,1990-08-15 19:15:10,3,0,19,8,Summer,F,white,nonhispanic,32,GOVERNMENT,4,1,0,0,1,102.0,0
e3827f66-ed30-7012-6e0d-6c5989dabbb6,e3827f66-ed30-7012-465b-2ddd8680652a,0.042,18389.95,0,emergency,1990-05-05 19:15:10,6,1,19,5,Spring,F,white,nonhispanic,32,GOVERNMENT,3,1,0,0,0,,0
834901f2-b564-f766-2b8f-e68516138366,834901f2-b564-f766-6644-b335fbbbcf2f,0.042,295.34,0,emergency,2021-08-20 10:57:55,5,0,10,8,Summer,M,white,nonhispanic,62,GOVERNMENT,26,1,0,2,43,7.0,1
1e43a258-caf4-44f5-3c1a-f8902742f2ab,1e43a258-caf4-44f5-7e30-54213e8937f5,0.042,146.18,0,emergency,2020-02-29 09:39:50,6,1,9,2,Winter,M,white,nonhispanic,50,GOVERNMENT,18,2,0,1,17,296.0,0
e2757458-d53f-cf44-b88e-63e1a5bda3b8,e2757458-d53f-cf44-64c1-685b916857b7,0.01,291.74,0,urgentcare,2022-08-29 23:15:13,1,0,23,8,Summer,M,white,nonhispanic,103,GOVERNMENT,27,1,0,5,96,7.0,1
8ba59c1e-a0d3-343b-5173-9ae71228724c,8ba59c1e-a0d3-343b-024a-a4a1330761cf,0.01,291.74,0,urgentcare,2024-02-05 17:06:54,1,0,17,2,Winter,M,black,nonhispanic,83,GOVERNMENT,22,1,0,3,220,7.0,1
834901f2-b564-f766-cbe7-57d9be6135c8,834901f2-b564-f766-6644-b335fbbbcf2f,0.01,291.74,0,urgentcare,2021-05-28 10:57:55,5,0,10,5,Spring,M,white,nonhispanic,62,GOVERNMENT,26,1,0,4,31,7.0,1
b05bbf3c-edbc-8bd0-cd1a-a44713c942cc,b05bbf3c-edbc-8bd0-4a00-3e5e0e390ec9,0.035,940.52,0,urgentcare,2011-01-22 08:15:04,6,1,8,1,Winter,M,white,nonhispanic,56,PRIVATE,8,2,0,0,0,,0
9240f7e0-68d5-363d-ce20-58c0dac60598,9240f7e0-68d5-363d-452d-b6c22ecd75b4,0.042,146.18,0,emergency,2021-09-21 09:28:36,2,0,9,9,Fall,M,black,nonhispanic,47,PRIVATE,23,2,0,8,45,7.0,1
6842050e-26e0-68aa-ec9e-22377bad40cc,6842050e-26e0-68aa-2784-d792f7e2fbd3,0.01,291.74,0,urgentcare,2022-08-21 16:27:07,0,1,16,8,Summer,M,white,nonhispanic,80,GOVERNMENT,20,1,0,3,51,7.0,1
185a2038-4c9a-6f44-b4d2-1a90e8b3b0e8,185a2038-4c9a-6f44-cf7d-78da9583dafc,0.042,146.18,0,emergency,2019-09-05 01:34:31,4,0,1,9,Fall,F,white,nonhispanic,48,GOVERNMENT,20,2,0,7,11,35.0,0
8ba59c1e-a0d3-343b-5d5b-c5511121f7cd,8ba59c1e-a0d3-343b-024a-a4a1330761cf,0.042,146.18,0,emergency,2023-03-27 17:06:54,1,0,17,3,Spring,M,black,nonhispanic,82,GOVERNMENT,23,2,0,4,196,21.0,1
8ba59c1e-a0d3-343b-2ddf-8e52db01dbb8,8ba59c1e-a0d3-343b-024a-a4a1330761cf,0.01,291.74,0,urgentcare,2023-04-10 17:06:54,1,0,17,4,Spring,M,black,nonhispanic,82,GOVERNMENT,25,1,0,4,198,7.0,1
834901f2-b564-f766-8987-94fb3c1989d6,834901f2-b564-f766-6644-b335fbbbcf2f,0.042,146.18,0,emergency,2020-02-27 11:27:28,4,0,11,2,Winter,M,white,nonhispanic,61,GOVERNMENT,26,2,0,4,21,111.0,0
5f662ce7-5293-9ecd-4108-c816f628a820,5f662ce7-5293-9ecd-d28b-e5913e19634a,0.01,291.74,0,urgentcare,2018-05-19 02:21:13,6,1,2,5,Spring,F,native,nonhispanic,61,PRIVATE,19,1,0,4,3,215.0,0
834901f2-b564-f766-3836-5e212f4de5c1,834901f2-b564-f766-6644-b335fbbbcf2f,0.01,291.74,0,urgentcare,2019-05-24 10:57:55,5,0,10,5,Spring,M,white,nonhispanic,60,GOVERNMENT,27,1,0,3,17,7.0,1
6842050e-26e0-68aa-c63d-fa88e044f7fd,6842050e-26e0-68aa-2784-d792f7e2fbd3,0.01,291.74,0,urgentcare,2022-05-29 16:27:07,0,1,16,5,Spring,M,white,nonhispanic,80,GOVERNMENT,20,1,0,2,47,7.0,1
834901f2-b564-f766-a634-3dc9002d012a,834901f2-b564-f766-6644-b335fbbbcf2f,0.01,291.74,0,urgentcare,2019-04-26 10:57:55,5,0,10,4,Spring,M,white,nonhispanic,60,GOVERNMENT,25,1,0,3,14,7.0,1
d53b5945-f75e-bef0-1abf-10bd8611509d,d53b5945-f75e-bef0-5eb0-b98a830a275d,0.027,1504.3,0,urgentcare,2014-06-21 17:27:42,6,1,17,6,Summer,F,white,nonhispanic,46,GOVERNMENT,10,1,0,0,0,,0
e2757458-d53f-cf44-cea7-00419fafb849,e2757458-d53f-cf44-64c1-685b916857b7,0.01,291.74,0,urgentcare,2020-09-21 23:15:13,1,0,23,9,Fall,M,white,nonhispanic,101,GOVERNMENT,25,1,0,5,68,56.0,0
6842050e-26e0-68aa-b02c-23ebee4c632f,6842050e-26e0-68aa-2784-d792f7e2fbd3,0.01,291.74,0,urgentcare,2022-01-23 16:27:07,0,1,16,1,Winter,M,white,nonhispanic,80,GOVERNMENT,21,1,0,3,40,7.0,1
8ba59c1e-a0d3-343b-bb52-39a631710214,8ba59c1e-a0d3-343b-024a-a4a1330761cf,0.01,291.74,0,urgentcare,2022-07-25 17:06:54,1,0,17,7,Summer,M,black,nonhispanic,81,GOVERNMENT,24,1,0,3,177,42.0,0
5f662ce7-5293-9ecd-0904-20e6c7b68cd4,5f662ce7-5293-9ecd-d28b-e5913e19634a,0.026,879.1,0,urgentcare,2014-02-22 02:21:13,6,1,2,2,Winter,F,native,nonhispanic,57,PRIVATE,15,5,0,0,0,,0
e2757458-d53f-cf44-659e-0c68bd89a348,e2757458-d53f-cf44-64c1-685b916857b7,0.01,291.74,0,urgentcare,2019-11-04 23:15:13,1,0,23,11,Fall,M,white,nonhispanic,100,GOVERNMENT,22,1,0,5,59,7.0,1
185a2038-4c9a-6f44-a633-1f1c23d1fb3d,185a2038-4c9a-6f44-cf7d-78da9583dafc,0.034,859.14,0,urgentcare,2016-09-14 23:59:16,3,0,23,9,Fall,F,white,nonhispanic,45,GOVERNMENT,17,1,0,5,2,3600.0,0
185a2038-4c9a-6f44-35e5-e759c264f935,185a2038-4c9a-6f44-cf7d-78da9583dafc,0.01,291.74,0,urgentcare,2016-10-12 23:59:16,3,0,23,10,Fall,F,white,nonhispanic,45,GOVERNMENT,17,1,0,5,3,28.0,1
9240f7e0-68d5-363d-faf9-001f0b597c78,9240f7e0-68d5-363d-452d-b6c22ecd75b4,0.01,291.74,0,urgentcare,2017-10-10 09:28:36,2,0,9,10,Fall,M,black,nonhispanic,43,PRIVATE,19,1,0,7,18,7.0,1
185a2038-4c9a-6f44-31ca-60d71272c206,185a2038-4c9a-6f44-cf7d-78da9583dafc,1.0,7590.53,0,inpatient,2006-11-06 00:54:49,1,0,0,11,Fall,F,white,nonhispanic,35,GOVERNMENT,10,1,0,0,1,8429.8,0
e2757458-d53f-cf44-5701-659c18d0a072,e2757458-d53f-cf44-64c1-685b916857b7,0.01,291.74,0,urgentcare,2019-02-11 23:15:13,1,0,23,2,Winter,M,white,nonhispanic,100,GOVERNMENT,23,1,0,4,46,7.0,1
185a2038-4c9a-6f44-d7e4-002dfa16f365,185a2038-4c9a-6f44-cf7d-78da9583dafc,2.28,10563.09,0,inpatient,1983-10-05 23:59:16,3,0,23,10,Fall,F,white,nonhispanic,12,GOVERNMENT,2,1,0,0,0,,0
8ba59c1e-a0d3-343b-048b-d384c0270e1e,8ba59c1e-a0d3-343b-024a-a4a1330761cf,0.042,295.34,0,emergency,2021-06-14 17:06:54,1,0,17,6,Summer,M,black,nonhispanic,80,GOVERNMENT,23,1,0,3,140,7.0,1
6842050e-26e0-68aa-6e4e-6de764f8cafe,6842050e-26e0-68aa-2784-d792f7e2fbd3,0.01,291.74,0,urgentcare,2020-08-02 16:27:07,0,1,16,8,Summer,M,white,nonhispanic,78,GOVERNMENT,19,1,0,2,16,7.0,1
6842050e-26e0-68aa-c82f-e81b6e83f493,6842050e-26e0-68aa-2784-d792f7e2fbd3,0.01,427.74,0,urgentcare,2021-02-28 16:27:07,0,1,16,2,Winter,M,white,nonhispanic,79,GOVERNMENT,19,1,0,3,28,7.0,1
8ba59c1e-a0d3-343b-7f4d-ee1549123ff6,8ba59c1e-a0d3-343b-024a-a4a1330761cf,0.042,295.34,0,emergency,2021-05-17 17:06:54,1,0,17,5,Spring,M,black,nonhispanic,80,GOVERNMENT,25,1,0,3,136,7.0,1
6842050e-26e0-68aa-cb1b-da4412927fca,6842050e-26e0-68aa-2784-d792f7e2fbd3,0.01,291.74,0,urgentcare,2018-09-16 16:27:07,0,1,16,9,Fall,M,white,nonhispanic,76,GOVERNMENT,18,1,0,4,14,7.0,1
8ba59c1e-a0d3-343b-1af8-6fbd057e51d6,8ba59c1e-a0d3-343b-024a-a4a1330761cf,0.01,291.74,0,urgentcare,2021-05-03 17:06:54,1,0,17,5,Spring,M,black,nonhispanic,80,GOVERNMENT,24,1,0,3,134,7.0,1
834901f2-b564-f766-c544-deefd8c3ca43,834901f2-b564-f766-6644-b335fbbbcf2f,0.01,507.44,0,urgentcare,2015-09-25 10:57:55,5,0,10,9,Fall,M,white,nonhispanic,56,GOVERNMENT,18,1,0,0,4,441.0,0
834901f2-b564-f766-51c1-c6028ac29993,834901f2-b564-f766-6644-b335fbbbcf2f,0.042,875.9,0,emergency,2014-07-11 10:57:55,5,0,10,7,Summer,M,white,nonhispanic,55,GOVERNMENT,17,1,0,0,3,2884.0,0
834901f2-b564-f766-4ca5-395a3f019d43,834901f2-b564-f766-6644-b335fbbbcf2f,0.035,1621.73,0,urgentcare,2006-08-18 10:57:55,5,0,10,8,Summer,M,white,nonhispanic,47,GOVERNMENT,16,1,0,0,2,3388.0,0
e2757458-d53f-cf44-6f08-ce1422150535,e2757458-d53f-cf44-64c1-685b916857b7,0.01,291.74,0,urgentcare,2018-07-16 23:15:13,1,0,23,7,Summer,M,white,nonhispanic,99,GOVERNMENT,24,1,0,4,35,7.0,1
834901f2-b564-f766-8c51-328783dea27e,834901f2-b564-f766-6644-b335fbbbcf2f,0.024,872.3,0,urgentcare,1997-05-09 10:57:55,5,0,10,5,Spring,M,white,nonhispanic,38,GOVERNMENT,13,2,0,0,1,1533.0,0
834901f2-b564-f766-b2bd-c6f9e327f60c,834901f2-b564-f766-6644-b335fbbbcf2f,0.039,1871.1,0,urgentcare,1993-02-26 10:57:55,5,0,10,2,Winter,M,white,nonhispanic,34,GOVERNMENT,11,1,0,0,0,,0
e2757458-d53f-cf44-5cf4-4cef417b2dc1,e2757458-d53f-cf44-64c1-685b916857b7,0.01,291.74,0,urgentcare,2018-06-11 23:15:13,1,0,23,6,Summer,M,white,nonhispanic,99,GOVERNMENT,24,1,0,5,33,7.0,1
9240f7e0-68d5-363d-3661-2e6d0d79350d,9240f7e0-68d5-363d-452d-b6c22ecd75b4,0.04,1474.28,0,urgentcare,2016-07-12 09:28:36,2,0,9,7,Summer,M,black,nonhispanic,42,PRIVATE,13,1,0,0,5,1232.0,0
9240f7e0-68d5-363d-0db9-e5623ce03876,9240f7e0-68d5-363d-452d-b6c22ecd75b4,0.028,868.16,0,urgentcare,2013-02-26 09:28:36,2,0,9,2,Winter,M,black,nonhispanic,39,PRIVATE,10,1,0,0,4,567.0,0
9240f7e0-68d5-363d-f854-dba0795e8ded,9240f7e0-68d5-363d-452d-b6c22ecd75b4,0.038,1463.0,0,urgentcare,2011-08-09 09:28:36,2,0,9,8,Summer,M,black,nonhispanic,37,PRIVATE,9,1,0,0,3,364.0,0
9240f7e0-68d5-363d-7749-6978ffb316f0,9240f7e0-68d5-363d-452d-b6c22ecd75b4,0.033,723.14,0,urgentcare,2010-08-10 09:28:36,2,0,9,8,Summer,M,black,nonhispanic,36,PRIVATE,8,2,0,0,2,658.0,0
9240f7e0-68d5-363d-a329-8d031ba8e6e3,9240f7e0-68d5-363d-452d-b6c22ecd75b4,0.032,1418.83,0,urgentcare,2008-10-21 09:28:36,2,0,9,10,Fall,M,black,nonhispanic,34,PRIVATE,6,1,0,0,1,357.0,0
9240f7e0-68d5-363d-212b-6eddfbef2a9e,9240f7e0-68d5-363d-452d-b6c22ecd75b4,0.029,1101.58,0,urgentcare,2007-10-30 09:28:36,2,0,9,10,Fall,M,black,nonhispanic,33,PRIVATE,5,2,0,0,0,,0
e2757458-d53f-cf44-51bb-af3a030fccaa,e2757458-d53f-cf44-64c1-685b916857b7,0.01,291.74,0,urgentcare,2017-10-16 23:15:13,1,0,23,10,Fall,M,white,nonhispanic,98,GOVERNMENT,24,1,0,5,21,7.0,1
e2757458-d53f-cf44-f74d-288a1d46c1c1,e2757458-d53f-cf44-64c1-685b916857b7,0.042,295.34,0,emergency,2017-09-11 23:15:13,1,0,23,9,Fall,M,white,nonhispanic,98,GOVERNMENT,23,1,0,5,19,7.0,1
e2757458-d53f-cf44-5aed-87ee9f2d1dd0,e2757458-d53f-cf44-64c1-685b916857b7,0.01,291.74,0,urgentcare,2021-03-29 23:15:13,1,0,23,3,Spring,M,white,nonhispanic,102,GOVERNMENT,22,1,0,5,77,7.0,1
8ba59c1e-a0d3-343b-809a-1957d35addec,8ba59c1e-a0d3-343b-024a-a4a1330761cf,0.042,295.34,0,emergency,2020-04-20 17:06:54,1,0,17,4,Spring,M,black,nonhispanic,79,GOVERNMENT,24,1,0,3,100,14.0,1
e2757458-d53f-cf44-abaa-ee551af0c964,e2757458-d53f-cf44-64c1-685b916857b7,0.042,146.18,0,emergency,2017-03-15 00:39:13,3,0,0,3,Spring,M,white,nonhispanic,98,GOVERNMENT,23,2,0,6,12,1.0,1
6842050e-26e0-68aa-32b6-fc2ec0568020,6842050e-26e0-68aa-2784-d792f7e2fbd3,0.022,709.98,0,urgentcare,1960-02-21 16:27:07,0,1,16,2,Winter,M,white,nonhispanic,18,GOVERNMENT,1,1,0,0,0,,0
e2757458-d53f-cf44-ad9f-b31d2afd9153,e2757458-d53f-cf44-64c1-685b916857b7,0.027,872.3,0,urgentcare,2016-07-18 23:15:13,1,0,23,7,Summer,M,white,nonhispanic,97,GOVERNMENT,20,1,0,0,2,4431.0,0
e2757458-d53f-cf44-09aa-891410228e79,e2757458-d53f-cf44-64c1-685b916857b7,0.039,1735.1,0,urgentcare,2016-08-15 23:15:13,1,0,23,8,Summer,M,white,nonhispanic,97,GOVERNMENT,20,1,0,0,3,28.0,1
e2757458-d53f-cf44-7aac-6124f08c3eda,e2757458-d53f-cf44-64c1-685b916857b7,0.03,797.72,0,urgentcare,2016-09-12 23:15:13,1,0,23,9,Fall,M,white,nonhispanic,97,GOVERNMENT,22,2,0,4,4,28.0,1
e2757458-d53f-cf44-5845-8f103295c186,e2757458-d53f-cf44-64c1-685b916857b7,0.024,1299.37,0,urgentcare,2004-05-31 23:15:13,1,0,23,5,Spring,M,white,nonhispanic,85,GOVERNMENT,17,2,0,0,1,9957.4,0
8ba59c1e-a0d3-343b-eb29-4ca96d9e0814,8ba59c1e-a0d3-343b-024a-a4a1330761cf,0.01,291.74,0,urgentcare,2019-12-09 17:06:54,1,0,17,12,Winter,M,black,nonhispanic,78,GOVERNMENT,23,1,0,3,88,7.0,1
e2757458-d53f-cf44-dc41-da003c4a71a1,e2757458-d53f-cf44-64c1-685b916857b7,1.0,36729.62,0,inpatient,1977-02-24 12:37:45,4,0,12,2,Winter,M,white,nonhispanic,58,NO_INSURANCE,11,1,0,1,0,,0
8ba59c1e-a0d3-343b-8f2f-4f281aaad735,8ba59c1e-a0d3-343b-024a-a4a1330761cf,0.042,295.34,0,emergency,2019-09-02 17:06:54,1,0,17,9,Fall,M,black,nonhispanic,78,GOVERNMENT,23,1,0,4,76,7.0,1
8ba59c1e-a0d3-343b-e65c-7edd075bcc88,8ba59c1e-a0d3-343b-024a-a4a1330761cf,0.01,291.74,0,urgentcare,2019-07-01 17:06:54,1,0,17,7,Summer,M,black,nonhispanic,78,GOVERNMENT,24,1,0,4,72,21.0,1
8ba59c1e-a0d3-343b-4626-ac4a4fbb5ab6,8ba59c1e-a0d3-343b-024a-a4a1330761cf,0.033,1229.12,0,urgentcare,2016-09-12 17:06:54,1,0,17,9,Fall,M,black,nonhispanic,75,GOVERNMENT,23,2,0,3,3,84.0,0
8ba59c1e-a0d3-343b-8d0b-61c4aec55b58,8ba59c1e-a0d3-343b-024a-a4a1330761cf,0.039,1693.42,0,urgentcare,2016-06-20 17:06:54,1,0,17,6,Summer,M,black,nonhispanic,75,GOVERNMENT,20,1,0,0,2,1358.0,0
8ba59c1e-a0d3-343b-1624-9467bb6d125c,8ba59c1e-a0d3-343b-024a-a4a1330761cf,0.01,291.74,0,urgentcare,2016-11-14 17:06:54,1,0,17,11,Fall,M,black,nonhispanic,75,GOVERNMENT,21,1,0,4,8,7.0,1
8ba59c1e-a0d3-343b-0f97-90f7ad4a3e20,8ba59c1e-a0d3-343b-024a-a4a1330761cf,0.01,291.74,0,urgentcare,2017-02-20 17:06:54,1,0,17,2,Winter,M,black,nonhispanic,76,GOVERNMENT,21,1,0,4,14,7.0,1
8ba59c1e-a0d3-343b-ac6e-cd7017555b13,8ba59c1e-a0d3-343b-024a-a4a1330761cf,0.01,291.74,0,urgentcare,2019-02-04 17:06:54,1,0,17,2,Winter,M,black,nonhispanic,78,GOVERNMENT,22,1,0,4,61,7.0,1
8ba59c1e-a0d3-343b-7cc1-c40e1829dbbc,8ba59c1e-a0d3-343b-024a-a4a1330761cf,0.01,291.74,0,urgentcare,2019-03-04 17:06:54,1,0,17,3,Spring,M,black,nonhispanic,78,GOVERNMENT,23,1,0,4,63,7.0,1
8ba59c1e-a0d3-343b-d415-56efc671d991,8ba59c1e-a0d3-343b-024a-a4a1330761cf,0.037,1229.12,0,urgentcare,2012-10-01 17:06:54,1,0,17,10,Fall,M,black,nonhispanic,71,GOVERNMENT,18,1,0,1,1,12325.9,0
8ba59c1e-a0d3-343b-e973-02f471d16235,8ba59c1e-a0d3-343b-024a-a4a1330761cf,1.0,970.44,0,inpatient,1979-01-01 18:54:52,1,0,18,1,Winter,M,black,nonhispanic,38,GOVERNMENT,4,1,0,0,0,,0
f2335b3f-15ec-cc65-a406-4194efb4f1c4,f2335b3f-15ec-cc65-8324-8a41e61b78d1,0.292,146.18,0,emergency,2025-08-05 17:45:22,2,0,17,8,Summer,M,white,hispanic,65,PRIVATE,12,1,0,0,10,831.3,0
1e356305-aa68-ef19-2f48-0ba87b9d6dda,1e356305-aa68-ef19-e594-db789c349036,0.042,146.18,0,emergency,2026-06-11 23:05:21,4,0,23,6,Summer,M,white,nonhispanic,7,PRIVATE,3,2,0,1,1,380.0,0
08d290f2-cacc-a5c9-00ae-085e80a8119b,08d290f2-cacc-a5c9-e3f5-d1d9063f46e5,0.028,859.14,0,urgentcare,1988-08-06 12:35:15,6,1,12,8,Summer,M,white,nonhispanic,66,GOVERNMENT,28,0,6,3,455,7.0,1
fef27ac1-a143-870e-dc17-a3d751d5e97f,fef27ac1-a143-870e-9e53-f3a84b296f3c,0.042,2788.95,0,emergency,2026-03-01 05:53:34,0,1,5,3,Spring,F,white,nonhispanic,40,GOVERNMENT,9,0,2,0,0,,0
4ae1a1cf-a189-5397-5fe7-6f5146f74e49,4ae1a1cf-a189-5397-9c5d-ee26c07b0ee5,7.458,68388.07,1,inpatient,1992-11-16 23:15:13,1,0,23,11,Fall,M,white,nonhispanic,73,GOVERNMENT,21,0,1,4,53,37.0,0
4ae1a1cf-a189-5397-df98-64c025d3cf50,4ae1a1cf-a189-5397-9c5d-ee26c07b0ee5,4.354,32801.18,0,inpatient,1992-12-15 14:15:13,2,0,14,12,Winter,M,white,nonhispanic,73,GOVERNMENT,21,0,1,4,54,21.2,1
8fe1684a-1c2f-57b1-20da-7cb01d240de0,8fe1684a-1c2f-57b1-1285-f59be219d9fa,0.042,577.58,0,emergency,2026-08-10 12:01:56,1,0,12,8,Summer,F,white,nonhispanic,20,GOVERNMENT,5,0,1,0,4,316.9,0
86e34f9d-23bf-e4c0-9d76-693e291cfc43,86e34f9d-23bf-e4c0-068b-eceb7815e6ca,0.042,577.58,0,emergency,2025-08-28 06:06:47,4,0,6,8,Summer,F,white,nonhispanic,24,PRIVATE,5,0,1,0,6,431.9,0
a187afe9-10ef-4076-5543-bd5085103f42,a187afe9-10ef-4076-e6fe-8f08a11c2d73,0.042,6280.77,0,emergency,2003-02-12 20:34:42,3,0,20,2,Winter,M,white,nonhispanic,58,GOVERNMENT,14,0,3,0,5,888.9,0
a187afe9-10ef-4076-dc72-a892bad06bb0,a187afe9-10ef-4076-e6fe-8f08a11c2d73,2.005,4150.36,0,inpatient,2003-02-12 20:34:42,3,0,20,2,Winter,M,white,nonhispanic,58,GOVERNMENT,14,0,4,0,5,888.9,0
a9c4a979-7e28-05e0-13f4-8e050f9585d9,a9c4a979-7e28-05e0-efcf-06a8340ee74c,0.042,577.58,0,emergency,2026-06-09 06:36:12,2,0,6,6,Summer,F,black,nonhispanic,17,GOVERNMENT,6,0,1,2,1,2699.9,0
03f6aa8f-e649-e001-0420-ca6777e710c2,03f6aa8f-e649-e001-1e1e-1853ba9b7e50,2.087,18767.57,0,inpatient,2026-03-31 16:35:39,2,0,16,3,Spring,M,white,nonhispanic,66,GOVERNMENT,21,0,6,20,1,3227.0,0
03f6aa8f-e649-e001-3b07-822300c9ee0c,03f6aa8f-e649-e001-1e1e-1853ba9b7e50,1.0,1871.78,0,inpatient,2026-04-02 18:25:47,4,0,18,4,Spring,M,white,nonhispanic,66,GOVERNMENT,21,0,4,20,1,3229.1,0
65006141-4ad9-1a2a-5afb-7d7dc1e7dcfb,65006141-4ad9-1a2a-18ad-f005109e7cb9,2.253,26787.91,0,inpatient,2026-02-02 11:48:10,1,0,11,2,Winter,F,white,nonhispanic,51,PRIVATE,11,0,3,1,9,666.7,0
80ae0b7b-87a7-9a23-eff1-552e683fcf83,80ae0b7b-87a7-9a23-a469-573619c83764,4.331,58056.71,0,inpatient,1995-01-22 07:25:24,0,1,7,1,Winter,M,asian,nonhispanic,55,GOVERNMENT,9,0,3,2,35,29.9,1
80ae0b7b-87a7-9a23-e370-ee522034f55b,80ae0b7b-87a7-9a23-a469-573619c83764,3.311,31943.68,0,inpatient,1995-02-27 05:22:24,1,0,5,2,Winter,M,asian,nonhispanic,55,GOVERNMENT,9,0,3,2,36,31.6,0
80ae0b7b-87a7-9a23-d037-87a24ece80cd,80ae0b7b-87a7-9a23-a469-573619c83764,7.681,80896.69,1,inpatient,1995-04-06 04:50:24,4,0,4,4,Spring,M,asian,nonhispanic,55,GOVERNMENT,9,0,3,2,37,34.7,0
a9133239-7e36-3d45-0039-1ba9d3aab038,a9133239-7e36-3d45-d0aa-dfdd394cd697,0.042,3362.86,0,emergency,2026-05-01 00:01:41,5,0,0,5,Spring,F,white,nonhispanic,21,PRIVATE,5,0,2,0,0,,0
4ae1a1cf-a189-5397-6a98-a1e13df4e788,4ae1a1cf-a189-5397-9c5d-ee26c07b0ee5,4.421,57152.3,0,inpatient,1992-05-25 23:15:13,1,0,23,5,Spring,M,white,nonhispanic,73,GOVERNMENT,21,0,1,4,48,32.5,0
4ae1a1cf-a189-5397-c3d5-a8e751b158b9,4ae1a1cf-a189-5397-9c5d-ee26c07b0ee5,5.374,41056.45,0,inpatient,1992-06-21 18:21:13,0,1,18,6,Summer,M,white,nonhispanic,73,GOVERNMENT,21,0,1,4,49,22.4,1
4ae1a1cf-a189-5397-803b-841b9b35b2b8,4ae1a1cf-a189-5397-9c5d-ee26c07b0ee5,17.22,162426.0,1,inpatient,1992-07-18 07:19:13,6,1,7,7,Summer,M,white,nonhispanic,73,GOVERNMENT,21,0,1,4,50,21.2,1
4ae1a1cf-a189-5397-0e41-0f7f119b996e,4ae1a1cf-a189-5397-9c5d-ee26c07b0ee5,6.426,86740.72,0,inpatient,1992-08-31 06:36:13,1,0,6,8,Summer,M,white,nonhispanic,73,GOVERNMENT,21,0,1,2,51,26.8,1
4ae1a1cf-a189-5397-cf5d-1f9ae09a6302,4ae1a1cf-a189-5397-9c5d-ee26c07b0ee5,7.517,89620.26,1,inpatient,1992-10-03 09:49:13,6,1,9,10,Fall,M,white,nonhispanic,73,GOVERNMENT,21,0,1,2,52,26.7,1
ab3399a4-98f0-965a-7dcb-b57b05534ac5,ab3399a4-98f0-965a-458e-23b594eda488,0.115,5488.25,0,emergency,2025-11-07 22:08:39,5,0,22,11,Fall,F,white,nonhispanic,17,PRIVATE,3,0,11,0,2,396.0,0
0fb9d628-c4ce-13cf-0ec6-c3b54b50600b,0fb9d628-c4ce-13cf-78a0-06f956c71d97,0.042,18646.41,0,emergency,2026-04-10 02:39:41,5,0,2,4,Spring,F,black,nonhispanic,17,NO_INSURANCE,2,0,2,0,0,,0
1740ae00-69a6-b318-ba06-fe7cebf121de,1740ae00-69a6-b318-f0d0-edd0a4144e24,2.098,13826.17,0,inpatient,2025-05-12 02:48:50,1,0,2,5,Spring,M,white,nonhispanic,59,GOVERNMENT,18,0,5,14,2,6070.2,0
1740ae00-69a6-b318-ce99-c71fa42a806d,1740ae00-69a6-b318-f0d0-edd0a4144e24,1.0,1871.78,0,inpatient,2025-05-14 04:54:21,3,0,4,5,Spring,M,white,nonhispanic,59,GOVERNMENT,18,0,4,14,2,6072.3,0
aa66b9eb-6d70-52d2-0e4e-ce7d90947823,aa66b9eb-6d70-52d2-bfdc-ae0dbaa48f84,0.042,4550.15,0,emergency,2026-04-30 02:14:30,4,0,2,4,Spring,F,white,nonhispanic,36,PRIVATE,9,0,2,0,6,350.0,0
91f02514-3e12-2718-77ef-d9f8ee0dfc9a,91f02514-3e12-2718-f73d-f240b662816c,0.042,4681.19,0,emergency,2011-04-23 23:29:29,6,1,23,4,Spring,M,asian,nonhispanic,71,GOVERNMENT,15,0,3,4,8,360.0,0
91f02514-3e12-2718-23e6-5b5c670d6709,91f02514-3e12-2718-f73d-f240b662816c,2.007,5731.81,0,inpatient,2011-04-23 23:29:29,6,1,23,4,Spring,M,asian,nonhispanic,71,GOVERNMENT,15,0,4,4,8,360.0,0
e3389754-4d63-d1f1-a4fd-2b96099a9a3e,e3389754-4d63-d1f1-4696-14a1cddf6f9b,0.01,657.28,0,urgentcare,2025-02-27 16:57:16,4,0,16,2,Winter,M,white,nonhispanic,7,PRIVATE,2,0,1,1,1,707.0,0
717c5317-6b05-fa17-017a-9b0a16379d4a,717c5317-6b05-fa17-d970-d50efcc2ad54,0.042,577.58,0,emergency,2026-05-25 07:39:29,1,0,7,5,Spring,F,white,hispanic,29,GOVERNMENT,6,0,1,0,3,1218.0,0
ab3399a4-98f0-965a-fb29-9585f527b953,ab3399a4-98f0-965a-458e-23b594eda488,0.042,2925.6,0,emergency,2026-05-07 22:08:39,4,0,22,5,Spring,F,white,nonhispanic,18,PRIVATE,1,0,2,0,3,180.9,0
fd375ff4-0ce5-c9be-82fc-57d5d758c2df,fd375ff4-0ce5-c9be-e825-31a460ccd2a8,0.042,2151.82,0,emergency,2023-05-27 14:17:49,6,1,14,5,Spring,F,white,nonhispanic,24,PRIVATE,10,0,2,0,1,350.0,0
54cb0c48-20cf-b67c-e450-d7c07fecc8dc,54cb0c48-20cf-b67c-7a43-29d152d31b6a,0.042,2333.24,0,emergency,2025-04-03 03:25:03,4,0,3,4,Spring,F,white,hispanic,31,GOVERNMENT,7,0,2,0,1,973.0,0
f6bccb02-033a-182a-8db6-074d02aa73c8,f6bccb02-033a-182a-edff-5a06867ad62b,0.042,3206.86,0,emergency,2024-04-26 11:43:28,5,0,11,4,Spring,F,white,nonhispanic,36,PRIVATE,6,0,2,0,1,434.0,0
c879e46e-109a-f78e-a8f8-b3ca1971daf5,c879e46e-109a-f78e-1fe1-242334438eac,0.042,2689.33,0,emergency,2025-05-15 02:54:49,4,0,2,5,Spring,F,white,nonhispanic,21,PRIVATE,8,0,2,1,1,889.0,0
45c606f1-1315-fb2f-815f-340476678804,45c606f1-1315-fb2f-9934-3ab9e42234c7,0.042,577.58,0,emergency,2022-10-20 00:39:09,4,0,0,10,Fall,F,white,nonhispanic,33,GOVERNMENT,9,0,1,0,4,343.0,0
80ae0b7b-87a7-9a23-39d4-397040d5a5d2,80ae0b7b-87a7-9a23-a469-573619c83764,9.977,59663.68,1,inpatient,1994-01-09 07:25:24,0,1,7,1,Winter,M,asian,nonhispanic,54,GOVERNMENT,9,0,3,2,25,33.7,0
80ae0b7b-87a7-9a23-bd89-6575772d9dc7,80ae0b7b-87a7-9a23-a469-573619c83764,3.415,23713.25,0,inpatient,1994-02-19 08:52:24,6,1,8,2,Winter,M,asian,nonhispanic,54,GOVERNMENT,9,0,3,2,26,31.1,0
80ae0b7b-87a7-9a23-11ea-25007eff35e5,80ae0b7b-87a7-9a23-a469-573619c83764,6.572,62843.63,0,inpatient,1994-03-25 02:50:24,5,0,2,3,Spring,M,asian,nonhispanic,54,GOVERNMENT,9,0,3,2,27,30.3,0
80ae0b7b-87a7-9a23-725b-03f80fcc0478,80ae0b7b-87a7-9a23-a469-573619c83764,6.631,71943.49,0,inpatient,1994-05-02 16:33:24,1,0,16,5,Spring,M,asian,nonhispanic,54,GOVERNMENT,9,0,3,2,28,32.0,0
80ae0b7b-87a7-9a23-d091-31915075cf31,80ae0b7b-87a7-9a23-a469-573619c83764,4.292,43916.48,0,inpatient,1994-06-10 08:42:24,5,0,8,6,Summer,M,asian,nonhispanic,54,GOVERNMENT,9,0,2,2,29,32.0,0
80ae0b7b-87a7-9a23-65a6-6bbd4661c0f2,80ae0b7b-87a7-9a23-a469-573619c83764,3.286,44765.35,0,inpatient,1994-07-18 09:43:24,1,0,9,7,Summer,M,asian,nonhispanic,54,GOVERNMENT,9,0,3,2,30,33.8,0
80ae0b7b-87a7-9a23-3c56-639161baf2d8,80ae0b7b-87a7-9a23-a469-573619c83764,5.492,44617.95,0,inpatient,1994-08-24 22:35:24,3,0,22,8,Summer,M,asian,nonhispanic,54,GOVERNMENT,9,0,2,2,31,34.3,0
80ae0b7b-87a7-9a23-9d1b-e3c9dd9a231b,80ae0b7b-87a7-9a23-a469-573619c83764,12.16,139533.65,1,inpatient,1994-09-28 07:24:24,3,0,7,9,Fall,M,asian,nonhispanic,54,GOVERNMENT,9,0,2,2,32,28.9,1
80ae0b7b-87a7-9a23-6644-ee277b537545,80ae0b7b-87a7-9a23-a469-573619c83764,3.269,33195.01,0,inpatient,1994-11-09 08:15:24,3,0,8,11,Fall,M,asian,nonhispanic,54,GOVERNMENT,9,0,3,2,33,29.9,1
80ae0b7b-87a7-9a23-03e7-b0ba1044f8bb,80ae0b7b-87a7-9a23-a469-573619c83764,8.947,131490.92,1,inpatient,1994-12-14 10:42:24,3,0,10,12,Winter,M,asian,nonhispanic,54,GOVERNMENT,9,0,3,2,34,31.8,0
08d290f2-cacc-a5c9-0baa-f228c113b7bf,08d290f2-cacc-a5c9-e3f5-d1d9063f46e5,0.042,395.6,0,emergency,1988-07-16 12:35:15,6,1,12,7,Summer,M,white,nonhispanic,66,GOVERNMENT,27,0,1,3,452,7.0,1
5e6cdfaf-7f10-8ce8-7455-43b6bc4da0ed,5e6cdfaf-7f10-8ce8-02d9-2abbd4a606d7,0.039,1013.42,0,urgentcare,2026-01-08 10:45:31,4,0,10,1,Winter,M,asian,nonhispanic,39,PRIVATE,12,0,6,3,0,,0
8fe1684a-1c2f-57b1-f998-4bfea2285f5b,8fe1684a-1c2f-57b1-1285-f59be219d9fa,0.097,5488.25,0,emergency,2025-09-27 12:01:56,6,1,12,9,Fall,F,white,nonhispanic,19,GOVERNMENT,5,0,11,0,3,384.9,0
624e810f-5209-a6c5-9dff-f55c623a67ed,624e810f-5209-a6c5-52a9-bdd1e0f9ab0c,0.042,577.58,0,emergency,2025-07-18 17:13:06,5,0,17,7,Summer,F,white,nonhispanic,41,PRIVATE,11,0,1,0,4,2424.0,0
f6bccb02-033a-182a-a4c5-764bdb3f0bcc,f6bccb02-033a-182a-edff-5a06867ad62b,0.042,2925.6,0,emergency,2023-02-17 11:43:28,5,0,11,2,Winter,F,white,nonhispanic,35,PRIVATE,7,0,2,0,0,,0
cb160b93-1971-8e4a-ab53-222c8a77ce38,cb160b93-1971-8e4a-56e7-a7cbeed6f42b,0.042,2151.82,0,emergency,2025-11-26 00:06:09,3,0,0,11,Fall,F,black,hispanic,32,GOVERNMENT,8,0,2,0,4,826.0,0
29851c6a-90d8-fa3a-52a3-e8a47f17af9d,29851c6a-90d8-fa3a-030d-b9b1fb4513ea,0.042,2151.82,0,emergency,2024-12-11 15:23:15,3,0,15,12,Winter,F,black,nonhispanic,23,PRIVATE,5,0,2,0,2,1043.0,0
45c606f1-1315-fb2f-e953-6cdee8d3253d,45c606f1-1315-fb2f-9934-3ab9e42234c7,0.042,2151.82,0,emergency,2021-11-11 00:39:09,4,0,0,11,Fall,F,white,nonhispanic,32,GOVERNMENT,9,0,2,0,3,1092.0,0
08d290f2-cacc-a5c9-f7ab-a74457dd9bdf,08d290f2-cacc-a5c9-e3f5-d1d9063f46e5,0.042,1008.98,0,emergency,1988-07-02 12:35:15,6,1,12,7,Summer,M,white,nonhispanic,66,GOVERNMENT,27,0,1,3,450,7.0,1
f5d2d0b9-59d3-4bf1-f04d-37475d29b9fd,f5d2d0b9-59d3-4bf1-18e2-497c81c14441,4.323,44136.5,0,inpatient,2008-05-06 06:02:56,2,0,6,5,Spring,F,white,nonhispanic,68,GOVERNMENT,14,0,3,3,37,21.0,1
f5d2d0b9-59d3-4bf1-8759-a45cd8c8f3f7,f5d2d0b9-59d3-4bf1-18e2-497c81c14441,5.354,43924.02,0,inpatient,2008-06-13 21:47:56,5,0,21,6,Summer,F,white,nonhispanic,68,GOVERNMENT,14,0,2,4,38,34.3,0
f5d2d0b9-59d3-4bf1-69ec-0841d1303843,f5d2d0b9-59d3-4bf1-18e2-497c81c14441,5.51,64998.6,0,inpatient,2008-07-19 07:17:56,6,1,7,7,Summer,F,white,nonhispanic,68,GOVERNMENT,14,0,3,4,39,30.0,0
f5d2d0b9-59d3-4bf1-1ad3-4f5f70fb5405,f5d2d0b9-59d3-4bf1-18e2-497c81c14441,3.198,53918.25,0,inpatient,2008-08-22 12:31:56,5,0,12,8,Summer,F,white,nonhispanic,68,GOVERNMENT,14,0,2,2,40,28.7,1
f5d2d0b9-59d3-4bf1-a693-a13f3c7a24d9,f5d2d0b9-59d3-4bf1-18e2-497c81c14441,16.43,186182.94,1,inpatient,2008-09-24 22:16:56,3,0,22,9,Fall,F,white,nonhispanic,68,GOVERNMENT,14,0,3,2,41,30.2,0
f5d2d0b9-59d3-4bf1-b1fc-b321b265b351,f5d2d0b9-59d3-4bf1-18e2-497c81c14441,4.524,51583.91,0,inpatient,2008-11-11 11:35:56,2,0,11,11,Fall,F,white,nonhispanic,68,GOVERNMENT,14,0,3,2,42,31.1,0
f5d2d0b9-59d3-4bf1-d2ed-51b457fc0995,f5d2d0b9-59d3-4bf1-18e2-497c81c14441,4.497,42157.81,0,inpatient,2008-12-30 06:02:56,2,0,6,12,Winter,F,white,nonhispanic,68,GOVERNMENT,13,0,3,3,43,44.2,0
f5d2d0b9-59d3-4bf1-fe02-b474cf2f5098,f5d2d0b9-59d3-4bf1-18e2-497c81c14441,5.478,48636.37,0,inpatient,2009-02-02 08:57:56,1,0,8,2,Winter,F,white,nonhispanic,69,GOVERNMENT,13,0,3,4,44,29.6,1
f5d2d0b9-59d3-4bf1-df1e-8024f9b16ad7,f5d2d0b9-59d3-4bf1-18e2-497c81c14441,8.764,70393.01,1,inpatient,2009-03-07 23:25:56,6,1,23,3,Spring,F,white,nonhispanic,69,GOVERNMENT,13,0,3,4,45,28.1,1
f5d2d0b9-59d3-4bf1-4f9c-a5f3be8d9faf,f5d2d0b9-59d3-4bf1-18e2-497c81c14441,4.532,44524.29,0,inpatient,2009-04-13 18:45:56,1,0,18,4,Spring,F,white,nonhispanic,69,GOVERNMENT,13,0,3,2,46,28.0,1
f5d2d0b9-59d3-4bf1-ea91-3a35690ed7a6,f5d2d0b9-59d3-4bf1-18e2-497c81c14441,8.94,83718.93,1,inpatient,2009-05-19 09:31:56,2,0,9,5,Spring,F,white,nonhispanic,69,GOVERNMENT,13,0,2,2,47,31.1,0
4ae1a1cf-a189-5397-db96-2b3230f0ca33,4ae1a1cf-a189-5397-9c5d-ee26c07b0ee5,4.255,39783.94,0,inpatient,1991-05-27 23:15:13,1,0,23,5,Spring,M,white,nonhispanic,72,GOVERNMENT,22,0,1,5,37,28.0,1
f02fbc31-da13-e8ae-3dca-1640ccf3225a,f02fbc31-da13-e8ae-c2ad-14350bad9d5b,0.042,11718.72,0,emergency,2025-04-17 19:20:38,4,0,19,4,Spring,F,black,nonhispanic,26,PRIVATE,10,0,2,0,2,555.9,0
fd375ff4-0ce5-c9be-6b09-9752229a457c,fd375ff4-0ce5-c9be-e825-31a460ccd2a8,0.042,6466.86,0,emergency,2022-06-11 14:17:49,6,1,14,6,Summer,F,white,nonhispanic,23,PRIVATE,10,0,2,0,0,,0
27787931-880e-8673-95e1-ff960b3e33c8,27787931-880e-8673-fcbd-ac02953fafdf,0.042,4777.48,0,emergency,2026-05-31 06:27:31,0,1,6,5,Spring,F,white,nonhispanic,25,GOVERNMENT,9,0,2,0,4,1288.0,0
80ae0b7b-87a7-9a23-17f0-f9705a96a590,80ae0b7b-87a7-9a23-a469-573619c83764,3.275,28530.16,0,inpatient,1993-01-13 22:28:24,3,0,22,1,Winter,M,asian,nonhispanic,53,GOVERNMENT,10,0,2,2,15,31.1,0
80ae0b7b-87a7-9a23-fa7f-a9ce4a18cc53,80ae0b7b-87a7-9a23-a469-573619c83764,3.384,21140.62,0,inpatient,1993-02-21 02:04:24,0,1,2,2,Winter,M,asian,nonhispanic,53,GOVERNMENT,10,0,3,2,16,34.9,0
80ae0b7b-87a7-9a23-72bd-003dc697248e,80ae0b7b-87a7-9a23-a469-573619c83764,7.028,69842.97,1,inpatient,1993-03-27 07:17:24,6,1,7,3,Spring,M,asian,nonhispanic,53,GOVERNMENT,10,0,3,2,17,30.8,0
80ae0b7b-87a7-9a23-af05-38d6ab600e6c,80ae0b7b-87a7-9a23-a469-573619c83764,4.454,54530.14,0,inpatient,1993-05-05 18:57:24,3,0,18,5,Spring,M,asian,nonhispanic,53,GOVERNMENT,10,0,2,2,18,32.5,0
80ae0b7b-87a7-9a23-9abe-82ad2ab7a6cc,80ae0b7b-87a7-9a23-a469-573619c83764,4.27,31352.44,0,inpatient,1993-06-07 13:51:24,1,0,13,6,Summer,M,asian,nonhispanic,53,GOVERNMENT,10,0,2,2,19,28.3,1
80ae0b7b-87a7-9a23-b780-8a56d67630b1,80ae0b7b-87a7-9a23-a469-573619c83764,4.472,57160.6,0,inpatient,1993-07-12 01:20:24,1,0,1,7,Summer,M,asian,nonhispanic,53,GOVERNMENT,10,0,2,2,20,30.2,0
80ae0b7b-87a7-9a23-d691-881ebc7893f2,80ae0b7b-87a7-9a23-a469-573619c83764,5.471,36041.03,0,inpatient,1993-08-15 00:40:24,0,1,0,8,Summer,M,asian,nonhispanic,53,GOVERNMENT,10,0,3,2,21,29.5,1
80ae0b7b-87a7-9a23-df95-29e3a41c8868,80ae0b7b-87a7-9a23-a469-573619c83764,4.537,40395.8,0,inpatient,1993-09-18 16:58:24,6,1,16,9,Fall,M,asian,nonhispanic,53,GOVERNMENT,10,0,3,2,22,29.2,1
80ae0b7b-87a7-9a23-5b16-df604d215e76,80ae0b7b-87a7-9a23-a469-573619c83764,4.45,39346.38,0,inpatient,1993-10-22 12:51:24,5,0,12,10,Fall,M,asian,nonhispanic,53,GOVERNMENT,10,0,2,2,23,29.3,1
80ae0b7b-87a7-9a23-cc78-fe71b951f8bc,80ae0b7b-87a7-9a23-a469-573619c83764,8.865,76433.33,1,inpatient,1993-11-27 17:39:24,6,1,17,11,Fall,M,asian,nonhispanic,53,GOVERNMENT,10,0,3,2,24,31.8,0
e3389754-4d63-d1f1-9cdf-06be71e4cb3d,e3389754-4d63-d1f1-4696-14a1cddf6f9b,0.01,1253.98,0,urgentcare,2023-03-23 16:57:16,4,0,16,3,Spring,M,white,nonhispanic,5,PRIVATE,3,0,1,1,0,,0
f5d2d0b9-59d3-4bf1-0f63-e904a6b2d195,f5d2d0b9-59d3-4bf1-18e2-497c81c14441,4.382,56651.63,0,inpatient,2007-12-29 10:11:56,6,1,10,12,Winter,F,white,nonhispanic,67,GOVERNMENT,15,0,3,3,33,31.8,0
f5d2d0b9-59d3-4bf1-805b-569211e55c4a,f5d2d0b9-59d3-4bf1-18e2-497c81c14441,4.547,24318.78,0,inpatient,2008-02-06 02:21:56,3,0,2,2,Winter,F,white,nonhispanic,68,GOVERNMENT,15,0,3,3,34,34.3,0
f5d2d0b9-59d3-4bf1-408a-d544707d650d,f5d2d0b9-59d3-4bf1-18e2-497c81c14441,5.349,30449.66,0,inpatient,2008-03-13 03:29:56,4,0,3,3,Spring,F,white,nonhispanic,68,GOVERNMENT,15,0,3,3,35,31.5,0
1e43a258-caf4-44f5-0aa3-31591adcbc6a,1e43a258-caf4-44f5-7e30-54213e8937f5,17.067,10764.3,1,inpatient,2025-12-18 04:14:46,4,0,4,12,Winter,M,white,nonhispanic,55,GOVERNMENT,19,0,2,6,56,62.8,0
e1427e77-bf8e-3fe9-5e48-aeedce513f66,e1427e77-bf8e-3fe9-6940-d1e05578f369,0.032,723.14,0,urgentcare,2026-01-09 02:56:56,5,0,2,1,Winter,F,white,hispanic,76,GOVERNMENT,22,0,6,2,11,406.0,0
04988616-32ca-0ee5-a53a-962de3c64308,04988616-32ca-0ee5-dc9e-ef75d4bff803,0.023,709.98,0,urgentcare,2025-05-20 10:00:37,2,0,10,5,Spring,M,black,nonhispanic,23,PRIVATE,8,0,7,2,0,,0
f86b5cdd-1fd7-03ed-be57-9c5282156bdc,f86b5cdd-1fd7-03ed-ae41-8556709b64d1,2.275,7867.95,0,inpatient,2024-08-30 09:06:18,5,0,9,8,Summer,M,white,nonhispanic,34,PRIVATE,7,0,2,1,1,7.0,1
ee2f0994-9704-4402-9a80-9b5a87f97047,ee2f0994-9704-4402-1863-f59996bb83ac,5.208,1978.45,0,inpatient,2024-03-14 06:26:33,4,0,6,3,Spring,F,white,hispanic,43,PRIVATE,15,0,2,0,2,1173.0,0
0c7b7b2c-30b0-ba6b-7241-5b66a9a62db7,0c7b7b2c-30b0-ba6b-becc-b7197b7ea5a5,5.816,29739.08,0,inpatient,2024-09-19 09:25:24,4,0,9,9,Fall,M,white,nonhispanic,81,GOVERNMENT,12,0,2,1,1,7.0,1
fe608780-f264-9374-a7a4-7b678a450a18,fe608780-f264-9374-7874-a1ca5d2f049d,5.183,53092.96,0,inpatient,2024-10-08 08:35:27,2,0,8,10,Fall,F,white,nonhispanic,70,GOVERNMENT,16,0,5,16,1,10184.5,0
fe608780-f264-9374-ee75-d5ad35090416,fe608780-f264-9374-7874-a1ca5d2f049d,1.0,1871.78,0,inpatient,2024-10-13 12:43:32,0,1,12,10,Fall,F,white,nonhispanic,70,GOVERNMENT,16,0,4,16,1,10189.7,0
fe608780-f264-9374-0f57-32d2b9b1d94e,fe608780-f264-9374-7874-a1ca5d2f049d,0.01,573.98,0,urgentcare,2026-07-03 21:39:59,5,0,21,7,Summer,F,white,nonhispanic,72,GOVERNMENT,15,0,1,0,4,348.9,0
5b5e6eb3-fe9b-e050-9855-3fd6399cd69a,5b5e6eb3-fe9b-e050-f33f-f221e59f2b14,0.042,577.58,0,emergency,2022-12-15 10:02:57,4,0,10,12,Winter,F,white,nonhispanic,37,PRIVATE,7,0,1,0,0,,0
08d290f2-cacc-a5c9-3ed5-00172645c9f6,08d290f2-cacc-a5c9-e3f5-d1d9063f46e5,0.042,726.74,0,emergency,1988-06-11 12:35:15,6,1,12,6,Summer,M,white,nonhispanic,66,GOVERNMENT,27,0,4,3,447,7.0,1
08d290f2-cacc-a5c9-4203-94f48c392710,08d290f2-cacc-a5c9-e3f5-d1d9063f46e5,0.042,361.88,0,emergency,1988-06-18 12:35:15,6,1,12,6,Summer,M,white,nonhispanic,66,GOVERNMENT,26,0,1,3,448,7.0,1
717c5317-6b05-fa17-7401-b88c9e021663,717c5317-6b05-fa17-d970-d50efcc2ad54,0.042,3362.86,0,emergency,2023-01-23 07:39:29,1,0,7,1,Winter,F,white,hispanic,26,NO_INSURANCE,5,0,2,0,2,950.0,0
4d21b9d1-59b4-d839-ed8a-436dec2bc9b8,4d21b9d1-59b4-d839-394b-5dd32c9526ca,0.042,3891.94,0,emergency,2024-06-03 03:12:25,1,0,3,6,Summer,F,white,nonhispanic,34,GOVERNMENT,9,0,2,3,1,405.9,0
ab3399a4-98f0-965a-6749-aaa7168739f3,ab3399a4-98f0-965a-458e-23b594eda488,0.01,709.98,0,urgentcare,2023-11-09 22:08:39,4,0,22,11,Fall,F,white,nonhispanic,15,PRIVATE,2,0,2,1,0,,0
0bbc9547-5725-a452-779a-0fd6667976ca,0bbc9547-5725-a452-f80d-744a2667b503,0.117,5488.25,0,emergency,2020-01-26 14:41:51,0,1,14,1,Winter,F,hawaiian,hispanic,29,GOVERNMENT,5,0,11,0,2,131.9,0
d519e4af-2be2-0832-7b60-d2ab8a5e9697,d519e4af-2be2-0832-d895-8c8be8f18033,1.201,8643.22,0,inpatient,2018-12-24 07:03:10,1,0,7,12,Winter,F,white,nonhispanic,38,PRIVATE,12,0,2,1,3,7.0,1
65006141-4ad9-1a2a-1ad6-d673df6ed253,65006141-4ad9-1a2a-18ad-f005109e7cb9,1.75,2851.56,0,inpatient,2023-01-11 08:37:59,3,0,8,1,Winter,F,white,nonhispanic,48,PRIVATE,11,0,2,0,7,408.9,0
80ae0b7b-87a7-9a23-9c9c-d022545eafee,80ae0b7b-87a7-9a23-a469-573619c83764,5.536,63592.09,0,inpatient,1991-12-30 14:46:24,1,0,14,12,Winter,M,asian,nonhispanic,51,GOVERNMENT,10,0,2,3,5,28.9,1
80ae0b7b-87a7-9a23-adb1-fad761a4d4e2,80ae0b7b-87a7-9a23-a469-573619c83764,16.095,127624.16,1,inpatient,1992-02-06 13:38:24,4,0,13,2,Winter,M,asian,nonhispanic,52,GOVERNMENT,10,0,3,2,6,32.4,0
80ae0b7b-87a7-9a23-ab90-b3ca1f22dc43,80ae0b7b-87a7-9a23-a469-573619c83764,8.922,94237.43,1,inpatient,1992-03-24 04:55:24,2,0,4,3,Spring,M,asian,nonhispanic,52,GOVERNMENT,10,0,3,2,7,30.5,0
80ae0b7b-87a7-9a23-665b-d6e753b198d7,80ae0b7b-87a7-9a23-a469-573619c83764,4.503,28769.65,0,inpatient,1992-05-02 18:02:24,6,1,18,5,Spring,M,asian,nonhispanic,52,GOVERNMENT,10,0,2,2,8,30.6,0
80ae0b7b-87a7-9a23-f1ba-2a17601b3981,80ae0b7b-87a7-9a23-a469-573619c83764,4.443,40460.74,0,inpatient,1992-06-06 05:07:24,6,1,5,6,Summer,M,asian,nonhispanic,52,GOVERNMENT,10,0,3,2,9,30.0,1
80ae0b7b-87a7-9a23-b8aa-9a2f7a6f7161,80ae0b7b-87a7-9a23-a469-573619c83764,4.315,45014.06,0,inpatient,1992-07-15 13:45:24,3,0,13,7,Summer,M,asian,nonhispanic,52,GOVERNMENT,10,0,3,2,10,34.9,0
80ae0b7b-87a7-9a23-55a3-0cc7fedf7929,80ae0b7b-87a7-9a23-a469-573619c83764,3.285,58207.25,0,inpatient,1992-08-21 06:18:24,5,0,6,8,Summer,M,asian,nonhispanic,52,GOVERNMENT,10,0,3,2,11,32.4,0
80ae0b7b-87a7-9a23-6164-73db8eadedb7,80ae0b7b-87a7-9a23-a469-573619c83764,6.816,60657.29,0,inpatient,1992-09-21 19:09:24,1,0,19,9,Fall,M,asian,nonhispanic,52,GOVERNMENT,10,0,3,2,12,28.3,1
80ae0b7b-87a7-9a23-b1f7-cb9fe8bdd08b,80ae0b7b-87a7-9a23-a469-573619c83764,5.467,79577.41,0,inpatient,1992-11-01 03:44:24,0,1,3,11,Fall,M,asian,nonhispanic,52,GOVERNMENT,10,0,3,2,13,33.5,0
80ae0b7b-87a7-9a23-c932-37bad656aef4,80ae0b7b-87a7-9a23-a469-573619c83764,5.48,58370.11,0,inpatient,1992-12-08 08:57:24,2,0,8,12,Winter,M,asian,nonhispanic,52,GOVERNMENT,10,0,3,2,14,31.8,0
f5d2d0b9-59d3-4bf1-ff97-d12f77734cb1,f5d2d0b9-59d3-4bf1-18e2-497c81c14441,4.667,49501.58,0,inpatient,2006-12-23 10:20:56,6,1,10,12,Winter,F,white,nonhispanic,66,GOVERNMENT,13,0,3,3,23,31.9,0
f5d2d0b9-59d3-4bf1-2f16-83da171f4dac,f5d2d0b9-59d3-4bf1-18e2-497c81c14441,3.426,41399.22,0,inpatient,2007-01-26 08:20:56,5,0,8,1,Winter,F,white,nonhispanic,67,GOVERNMENT,13,0,2,3,24,29.3,1
f5d2d0b9-59d3-4bf1-5649-245c660edf15,f5d2d0b9-59d3-4bf1-18e2-497c81c14441,4.554,62979.98,0,inpatient,2007-03-02 19:33:56,5,0,19,3,Spring,F,white,nonhispanic,67,GOVERNMENT,13,0,3,3,25,32.0,0
f5d2d0b9-59d3-4bf1-fb72-242c758c298c,f5d2d0b9-59d3-4bf1-18e2-497c81c14441,5.429,52374.08,0,inpatient,2007-04-07 09:51:56,6,1,9,4,Spring,F,white,nonhispanic,67,GOVERNMENT,13,0,2,2,26,31.0,0
f5d2d0b9-59d3-4bf1-1f15-604331992d3d,f5d2d0b9-59d3-4bf1-18e2-497c81c14441,6.724,68576.04,0,inpatient,2007-05-14 00:09:56,1,0,0,5,Spring,F,white,nonhispanic,67,GOVERNMENT,13,0,3,2,27,31.2,0
f5d2d0b9-59d3-4bf1-fb5c-f1947b253399,f5d2d0b9-59d3-4bf1-18e2-497c81c14441,13.017,111843.26,1,inpatient,2007-06-22 01:32:56,5,0,1,6,Summer,F,white,nonhispanic,67,GOVERNMENT,13,0,3,2,28,32.3,0
f5d2d0b9-59d3-4bf1-e5bf-25135fe23ff1,f5d2d0b9-59d3-4bf1-18e2-497c81c14441,6.539,53345.39,0,inpatient,2007-08-05 05:57:56,0,1,5,8,Summer,F,white,nonhispanic,67,GOVERNMENT,13,0,3,2,29,31.2,0
f5d2d0b9-59d3-4bf1-fd05-af7f0dc6b0c9,f5d2d0b9-59d3-4bf1-18e2-497c81c14441,5.433,31064.23,0,inpatient,2007-09-11 23:53:56,2,0,23,9,Fall,F,white,nonhispanic,67,GOVERNMENT,13,0,3,2,30,31.2,0
f5d2d0b9-59d3-4bf1-8ef3-d9933d0f234a,f5d2d0b9-59d3-4bf1-18e2-497c81c14441,3.274,47855.05,0,inpatient,2007-10-20 10:17:56,6,1,10,10,Fall,F,white,nonhispanic,67,GOVERNMENT,13,0,3,2,31,33.0,0
f5d2d0b9-59d3-4bf1-b0fc-900f852857a4,f5d2d0b9-59d3-4bf1-18e2-497c81c14441,5.431,39468.37,0,inpatient,2007-11-22 04:51:56,4,0,4,11,Fall,F,white,nonhispanic,67,GOVERNMENT,13,0,3,2,32,29.5,1
4d21b9d1-59b4-d839-ef49-edbeab2f168c,4d21b9d1-59b4-d839-394b-5dd32c9526ca,0.042,5719.75,0,emergency,2023-04-24 04:16:22,1,0,4,4,Spring,F,white,nonhispanic,33,GOVERNMENT,11,0,2,3,0,,0
6842050e-26e0-68aa-f3c0-04a5fee61b63,6842050e-26e0-68aa-2784-d792f7e2fbd3,0.032,1434.88,0,urgentcare,2026-07-26 16:27:07,0,1,16,7,Summer,M,white,nonhispanic,84,GOVERNMENT,21,0,8,2,141,28.0,1
54cb0c48-20cf-b67c-969c-d0aff9529141,54cb0c48-20cf-b67c-7a43-29d152d31b6a,0.042,3014.44,0,emergency,2022-08-04 03:25:03,4,0,3,8,Summer,F,white,hispanic,28,GOVERNMENT,8,0,2,0,0,,0
8ba59c1e-a0d3-343b-e560-5629b93068fd,8ba59c1e-a0d3-343b-024a-a4a1330761cf,0.01,998.88,0,urgentcare,2026-07-20 17:06:54,1,0,17,7,Summer,M,black,nonhispanic,85,GOVERNMENT,25,0,1,4,289,21.0,1
5848d09c-6492-d549-b958-d9e85c186db3,5848d09c-6492-d549-8a44-5a46be7dd577,0.042,3483.27,0,emergency,2022-05-06 20:14:13,5,0,20,5,Spring,F,white,nonhispanic,38,PRIVATE,10,0,2,0,0,,0
834901f2-b564-f766-d566-7e09fb71d886,834901f2-b564-f766-6644-b335fbbbcf2f,0.037,1313.18,0,urgentcare,2023-10-27 10:57:55,5,0,10,10,Fall,M,white,nonhispanic,64,GOVERNMENT,21,0,6,7,146,9.8,1
cb160b93-1971-8e4a-04db-1d1f685918f2,cb160b93-1971-8e4a-56e7-a7cbeed6f42b,0.042,9969.67,0,emergency,2023-08-23 00:06:09,3,0,0,8,Summer,F,black,hispanic,30,GOVERNMENT,8,0,2,0,3,1117.0,0
91f02514-3e12-2718-5334-c32ac088f779,91f02514-3e12-2718-f73d-f240b662816c,0.042,4971.96,0,emergency,2010-04-25 22:45:57,0,1,22,4,Spring,M,asian,nonhispanic,70,GOVERNMENT,16,0,3,3,6,394.0,0
91f02514-3e12-2718-b6e1-2ed5c2029515,91f02514-3e12-2718-f73d-f240b662816c,3.03,6336.36,0,inpatient,2010-04-25 22:45:57,0,1,22,4,Spring,M,asian,nonhispanic,70,GOVERNMENT,16,0,5,3,6,394.0,0
80ae0b7b-87a7-9a23-41af-48f7b463247c,80ae0b7b-87a7-9a23-a469-573619c83764,8.894,91852.83,1,inpatient,1991-10-19 05:35:24,6,1,5,10,Fall,M,asian,nonhispanic,51,PRIVATE,11,0,3,1,3,17.2,1
80ae0b7b-87a7-9a23-b374-7e208722a987,80ae0b7b-87a7-9a23-a469-573619c83764,3.322,22769.93,0,inpatient,1991-11-28 09:03:24,4,0,9,11,Fall,M,asian,nonhispanic,51,PRIVATE,11,0,2,3,4,31.3,0
08d290f2-cacc-a5c9-8ad8-22756c89be88,08d290f2-cacc-a5c9-e3f5-d1d9063f46e5,0.042,726.74,0,emergency,1988-04-30 12:35:15,6,1,12,4,Spring,M,white,nonhispanic,66,GOVERNMENT,28,0,7,3,442,7.0,1
bfb24118-4078-e1c7-932a-2fb3552a7c46,bfb24118-4078-e1c7-0f55-a235b3fa07a2,0.042,2890.17,0,emergency,2024-02-01 05:44:41,4,0,5,2,Winter,F,white,hispanic,35,PRIVATE,7,0,2,0,0,,0
fbcdea27-b0ae-550c-5523-2a21a9993828,fbcdea27-b0ae-550c-3871-3c8c1ced4b9d,0.042,4624.83,0,emergency,2021-03-05 20:48:05,5,0,20,3,Spring,F,white,nonhispanic,36,PRIVATE,8,0,2,0,0,,0
c695bffb-e94a-daa7-ee6b-8ed3d1a92579,c695bffb-e94a-daa7-bcd2-99587070be48,0.042,9387.16,0,emergency,2023-01-29 04:28:41,0,1,4,1,Winter,F,white,nonhispanic,26,GOVERNMENT,7,0,2,0,1,399.0,0
4ae1a1cf-a189-5397-0f24-69c4322a2721,4ae1a1cf-a189-5397-9c5d-ee26c07b0ee5,4.408,41502.83,0,inpatient,1991-06-26 13:22:13,3,0,13,6,Summer,M,white,nonhispanic,72,GOVERNMENT,21,0,1,5,38,25.3,1
4ae1a1cf-a189-5397-f938-11937dbe0e22,4ae1a1cf-a189-5397-9c5d-ee26c07b0ee5,7.678,56331.88,1,inpatient,1991-07-27 22:09:13,6,1,22,7,Summer,M,white,nonhispanic,72,GOVERNMENT,19,0,1,5,39,27.0,1
4ae1a1cf-a189-5397-ee12-3a354cbec895,4ae1a1cf-a189-5397-9c5d-ee26c07b0ee5,11.81,118367.49,1,inpatient,1991-08-28 09:26:13,3,0,9,8,Summer,M,white,nonhispanic,72,GOVERNMENT,19,0,1,2,40,23.8,1
4ae1a1cf-a189-5397-c5e1-bb242a57f5cd,4ae1a1cf-a189-5397-9c5d-ee26c07b0ee5,10.883,113163.07,1,inpatient,1991-10-03 07:53:13,4,0,7,10,Fall,M,white,nonhispanic,72,GOVERNMENT,19,0,1,2,41,24.1,1
4ae1a1cf-a189-5397-bd2c-28446ed609d6,4ae1a1cf-a189-5397-9c5d-ee26c07b0ee5,6.41,39842.49,0,inpatient,1991-11-06 18:04:13,3,0,18,11,Fall,M,white,nonhispanic,72,GOVERNMENT,19,0,1,2,42,23.5,1
4ae1a1cf-a189-5397-dcca-b1d90fe7eb93,4ae1a1cf-a189-5397-9c5d-ee26c07b0ee5,5.312,41056.45,0,inpatient,1991-12-09 21:54:13,1,0,21,12,Winter,M,white,nonhispanic,72,GOVERNMENT,19,0,1,2,43,26.8,1
4ae1a1cf-a189-5397-9de7-c8009848b6ff,4ae1a1cf-a189-5397-9c5d-ee26c07b0ee5,8.794,73824.68,1,inpatient,1992-01-10 01:23:13,5,0,1,1,Winter,M,white,nonhispanic,73,GOVERNMENT,19,0,1,2,44,25.8,1
4ae1a1cf-a189-5397-14f4-18fc065ca34d,4ae1a1cf-a189-5397-9c5d-ee26c07b0ee5,6.528,37142.86,0,inpatient,1992-02-12 00:27:13,3,0,0,2,Winter,M,white,nonhispanic,73,GOVERNMENT,19,0,1,2,45,24.2,1
4ae1a1cf-a189-5397-f8f3-b40cc5ea9d6c,4ae1a1cf-a189-5397-9c5d-ee26c07b0ee5,3.101,15450.98,0,inpatient,1992-03-17 05:07:13,2,0,5,3,Spring,M,white,nonhispanic,73,GOVERNMENT,19,0,1,2,46,27.7,1
4ae1a1cf-a189-5397-c199-7799531c789c,4ae1a1cf-a189-5397-9c5d-ee26c07b0ee5,7.494,68939.73,1,inpatient,1992-04-15 22:33:13,3,0,22,4,Spring,M,white,nonhispanic,73,GOVERNMENT,19,0,1,2,47,26.6,1
45e8a696-06e6-a37f-3604-2961357534dc,45e8a696-06e6-a37f-fecd-24b730f747e8,0.03,1783.36,0,urgentcare,2022-10-22 19:41:21,6,1,19,10,Fall,M,asian,nonhispanic,31,PRIVATE,6,0,6,0,3,588.9,0
66045fcc-d336-c60d-ea8b-ea62a8662a3e,66045fcc-d336-c60d-38a7-c8695ed87ff1,1.25,14133.8,0,inpatient,2021-05-04 10:40:18,2,0,10,5,Spring,F,hawaiian,nonhispanic,55,GOVERNMENT,6,0,2,2,1,1569.1,0
e61cb838-0073-c6db-8d3b-fbd776dab201,e61cb838-0073-c6db-e2f7-4fe3946768bb,0.042,577.58,0,emergency,2020-03-20 15:49:54,5,0,15,3,Spring,F,hawaiian,hispanic,25,PRIVATE,12,0,1,0,0,,0
6842050e-26e0-68aa-2c69-e3cdeeb4ae61,6842050e-26e0-68aa-2784-d792f7e2fbd3,0.025,797.72,0,urgentcare,2026-05-31 16:27:07,0,1,16,5,Spring,M,white,nonhispanic,84,GOVERNMENT,21,0,6,3,139,35.0,0
763b2a21-a1cb-05b6-a59e-c9b00f7d0b11,763b2a21-a1cb-05b6-2d43-09d45422098f,0.031,1078.85,0,urgentcare,2026-06-14 20:33:03,0,1,20,6,Summer,F,black,nonhispanic,58,PRIVATE,15,0,5,3,10,14.0,1
6d94182f-e65f-7aa9-3c71-211163031df0,6d94182f-e65f-7aa9-690e-dcb41ffb7e83,0.042,16957.62,0,emergency,2020-12-15 19:01:33,2,0,19,12,Winter,F,white,nonhispanic,27,PRIVATE,7,0,2,0,2,655.9,0
02096d6d-8ba7-d1d6-865b-d7c2b3a1845c,02096d6d-8ba7-d1d6-fcfb-df6de0ae1378,1.404,11580.8,0,inpatient,2013-06-04 10:19:42,2,0,10,6,Summer,M,white,nonhispanic,51,PRIVATE,10,0,2,0,0,,0
f5d2d0b9-59d3-4bf1-2184-4fbcd1af451c,f5d2d0b9-59d3-4bf1-18e2-497c81c14441,5.583,49267.82,0,inpatient,2005-12-15 09:36:56,4,0,9,12,Winter,F,white,nonhispanic,65,GOVERNMENT,15,0,2,3,13,29.3,1
f5d2d0b9-59d3-4bf1-e7ca-66d4927e8d2a,f5d2d0b9-59d3-4bf1-18e2-497c81c14441,3.407,33429.18,0,inpatient,2006-01-22 20:35:56,0,1,20,1,Winter,F,white,nonhispanic,66,GOVERNMENT,15,0,3,3,14,32.9,0
f5d2d0b9-59d3-4bf1-ea3f-85a59b804d85,f5d2d0b9-59d3-4bf1-18e2-497c81c14441,7.565,64923.73,1,inpatient,2006-02-25 21:21:56,6,1,21,2,Winter,F,white,nonhispanic,66,GOVERNMENT,15,0,3,3,15,30.6,0
f5d2d0b9-59d3-4bf1-6d44-89e11162bc1a,f5d2d0b9-59d3-4bf1-18e2-497c81c14441,3.318,17400.32,0,inpatient,2006-04-06 05:55:56,4,0,5,4,Spring,F,white,nonhispanic,66,GOVERNMENT,15,0,3,2,16,31.8,0
f5d2d0b9-59d3-4bf1-e305-5ff7171b4d3e,f5d2d0b9-59d3-4bf1-18e2-497c81c14441,6.647,65963.08,0,inpatient,2006-05-11 20:33:56,4,0,20,5,Spring,F,white,nonhispanic,66,GOVERNMENT,15,0,3,2,17,32.3,0
f5d2d0b9-59d3-4bf1-8ea8-78fb117976d0,f5d2d0b9-59d3-4bf1-18e2-497c81c14441,5.674,49986.52,0,inpatient,2006-06-22 00:05:56,4,0,0,6,Summer,F,white,nonhispanic,66,GOVERNMENT,15,0,2,2,18,34.5,0
f5d2d0b9-59d3-4bf1-9965-8272c151fa08,f5d2d0b9-59d3-4bf1-18e2-497c81c14441,6.673,56798.28,0,inpatient,2006-07-30 17:15:56,0,1,17,7,Summer,F,white,nonhispanic,66,GOVERNMENT,15,0,3,2,19,33.0,0
f5d2d0b9-59d3-4bf1-7a94-1dba1ffe2e9d,f5d2d0b9-59d3-4bf1-18e2-497c81c14441,6.621,35181.0,0,inpatient,2006-09-07 01:24:56,4,0,1,9,Fall,F,white,nonhispanic,66,GOVERNMENT,15,0,3,2,20,31.7,0
f5d2d0b9-59d3-4bf1-a9b5-8ca4f9039c21,f5d2d0b9-59d3-4bf1-18e2-497c81c14441,3.124,21175.56,0,inpatient,2006-10-12 01:18:56,4,0,1,10,Fall,F,white,nonhispanic,66,GOVERNMENT,15,0,2,2,21,28.4,1
f5d2d0b9-59d3-4bf1-d33b-9c421caaeecb,f5d2d0b9-59d3-4bf1-18e2-497c81c14441,6.669,62019.49,0,inpatient,2006-11-14 21:17:56,2,0,21,11,Fall,F,white,nonhispanic,66,GOVERNMENT,15,0,3,2,22,30.7,0
5f662ce7-5293-9ecd-2398-628b023a7b51,5f662ce7-5293-9ecd-d28b-e5913e19634a,0.01,594.67,0,urgentcare,2026-02-07 02:21:13,6,1,2,2,Winter,F,native,nonhispanic,69,GOVERNMENT,27,0,1,4,32,7.0,1
4ae1a1cf-a189-5397-51fb-c2393be86ca9,4ae1a1cf-a189-5397-9c5d-ee26c07b0ee5,0.01,578.43,0,urgentcare,1991-04-15 23:15:13,1,0,23,4,Spring,M,white,nonhispanic,72,GOVERNMENT,23,0,1,4,34,7.0,1
8fe1684a-1c2f-57b1-a7ba-58e3dde996f6,8fe1684a-1c2f-57b1-1285-f59be219d9fa,0.042,577.58,0,emergency,2024-08-26 12:01:56,1,0,12,8,Summer,F,white,nonhispanic,18,GOVERNMENT,2,0,1,0,1,1502.9,0
834901f2-b564-f766-7a69-b943e0b2a2ab,834901f2-b564-f766-6644-b335fbbbcf2f,0.027,872.3,0,urgentcare,2023-08-25 10:57:55,5,0,10,8,Summer,M,white,nonhispanic,64,GOVERNMENT,26,0,2,2,144,14.0,1
af716a9a-fcca-2a31-9c27-4ec68fb6aa7f,af716a9a-fcca-2a31-2ccb-d40302456d7a,0.096,4476.29,0,emergency,2019-04-01 12:15:29,1,0,12,4,Spring,F,white,hispanic,17,PRIVATE,2,0,9,0,1,271.9,0
d53b5945-f75e-bef0-fdd2-a51ffaeca34c,d53b5945-f75e-bef0-5eb0-b98a830a275d,0.032,872.3,0,urgentcare,2026-02-28 17:27:42,6,1,17,2,Winter,F,white,nonhispanic,58,GOVERNMENT,19,0,3,4,33,56.0,0
08d290f2-cacc-a5c9-e5f2-db1ba994af84,08d290f2-cacc-a5c9-e3f5-d1d9063f46e5,0.042,537.12,0,emergency,1988-03-26 12:35:15,6,1,12,3,Spring,M,white,nonhispanic,66,GOVERNMENT,28,0,1,3,437,7.0,1
f5d2d0b9-59d3-4bf1-e3fc-510905c1a775,f5d2d0b9-59d3-4bf1-18e2-497c81c14441,5.516,49554.98,0,inpatient,2004-12-21 06:02:56,2,0,6,12,Winter,F,white,nonhispanic,64,GOVERNMENT,15,0,3,4,4,40.9,0
f5d2d0b9-59d3-4bf1-897c-beef13b9dd20,f5d2d0b9-59d3-4bf1-18e2-497c81c14441,7.595,80667.16,1,inpatient,2005-01-27 15:25:56,4,0,15,1,Winter,F,white,nonhispanic,65,GOVERNMENT,15,0,3,4,5,31.9,0
f5d2d0b9-59d3-4bf1-08f8-93ad4ff3dd3a,f5d2d0b9-59d3-4bf1-18e2-497c81c14441,6.507,64634.14,0,inpatient,2005-03-09 19:42:56,3,0,19,3,Spring,F,white,nonhispanic,65,GOVERNMENT,15,0,3,3,6,33.6,0
f5d2d0b9-59d3-4bf1-4b87-3afa788b7268,f5d2d0b9-59d3-4bf1-18e2-497c81c14441,6.616,67704.8,0,inpatient,2005-04-14 18:52:56,4,0,18,4,Spring,F,white,nonhispanic,65,GOVERNMENT,15,0,3,2,7,29.5,1
f5d2d0b9-59d3-4bf1-7fea-42d5e80ba6ce,f5d2d0b9-59d3-4bf1-18e2-497c81c14441,4.451,46258.08,0,inpatient,2005-05-21 10:39:56,6,1,10,5,Spring,F,white,nonhispanic,65,GOVERNMENT,15,0,3,2,8,30.0,0
f5d2d0b9-59d3-4bf1-f1d7-8e21895379bf,f5d2d0b9-59d3-4bf1-18e2-497c81c14441,12.103,92025.07,1,inpatient,2005-06-27 10:28:56,1,0,10,6,Summer,F,white,nonhispanic,65,GOVERNMENT,15,0,3,2,9,32.5,0
f5d2d0b9-59d3-4bf1-c682-d3164f222cc3,f5d2d0b9-59d3-4bf1-18e2-497c81c14441,8.723,72406.75,1,inpatient,2005-08-12 20:56:56,5,0,20,8,Summer,F,white,nonhispanic,65,GOVERNMENT,15,0,3,2,10,34.3,0
f5d2d0b9-59d3-4bf1-d7d9-b0ba91c149e6,f5d2d0b9-59d3-4bf1-18e2-497c81c14441,4.417,45514.38,0,inpatient,2005-09-23 14:17:56,5,0,14,9,Fall,F,white,nonhispanic,65,GOVERNMENT,15,0,3,2,11,33.0,0
f5d2d0b9-59d3-4bf1-2a1e-d7b0b8dd5d1c,f5d2d0b9-59d3-4bf1-18e2-497c81c14441,15.43,164461.67,1,inpatient,2005-10-31 16:17:56,1,0,16,10,Fall,F,white,nonhispanic,65,GOVERNMENT,15,0,3,2,12,33.7,0
c695bffb-e94a-daa7-e582-18330d2cf5c0,c695bffb-e94a-daa7-bcd2-99587070be48,0.042,7600.24,0,emergency,2021-12-26 04:28:41,0,1,4,12,Winter,F,white,nonhispanic,24,GOVERNMENT,7,0,2,2,0,,0
f02fbc31-da13-e8ae-55b6-9cd3a83b553f,f02fbc31-da13-e8ae-c2ad-14350bad9d5b,0.042,2472.95,0,emergency,2021-10-21 19:20:38,4,0,19,10,Fall,F,black,nonhispanic,22,PRIVATE,8,0,2,0,0,,0
e1427e77-bf8e-3fe9-8eda-e642161fa728,e1427e77-bf8e-3fe9-6940-d1e05578f369,0.03,938.84,0,urgentcare,2024-11-22 02:56:56,5,0,2,11,Fall,F,white,hispanic,74,GOVERNMENT,23,0,6,4,9,7.0,1
bc20166b-8098-256d-a940-34edadbb81c8,bc20166b-8098-256d-7f46-6888d4e124ac,0.042,3362.86,0,emergency,2022-02-14 04:06:30,1,0,4,2,Winter,F,white,nonhispanic,30,PRIVATE,13,0,2,0,3,167.9,0
c879e46e-109a-f78e-a5fe-7f45a2bac228,c879e46e-109a-f78e-1fe1-242334438eac,0.042,3148.71,0,emergency,2022-12-08 02:54:49,4,0,2,12,Winter,F,white,nonhispanic,18,PRIVATE,6,0,2,1,0,,0
dc4d3a14-9651-fb38-3b46-adf96ea90a40,dc4d3a14-9651-fb38-e881-c88471cd2082,0.042,7054.47,0,emergency,2019-10-10 20:10:54,4,0,20,10,Fall,F,white,nonhispanic,17,PRIVATE,2,0,2,0,2,397.9,0
070d3271-e5a0-174f-62c2-8e2b080e29b8,070d3271-e5a0-174f-0a01-c66dfd8996f8,1.652,21507.34,0,inpatient,2020-12-24 14:43:47,4,0,14,12,Winter,F,white,nonhispanic,66,GOVERNMENT,10,0,2,0,1,2064.9,0
717c5317-6b05-fa17-2c40-b95d19199a28,717c5317-6b05-fa17-d970-d50efcc2ad54,0.042,6776.76,0,emergency,2018-01-08 07:39:29,1,0,7,1,Winter,F,white,hispanic,21,NO_INSURANCE,6,0,2,0,0,,0
624e810f-5209-a6c5-c75a-e444b84a4536,624e810f-5209-a6c5-52a9-bdd1e0f9ab0c,0.032,1647.36,0,urgentcare,2018-02-23 17:13:06,5,0,17,2,Winter,F,white,nonhispanic,34,PRIVATE,12,0,8,0,2,238.0,0
c1261835-8407-29fa-2738-2ce4f843121d,c1261835-8407-29fa-33c4-9d5577f2fab8,0.01,358.28,0,urgentcare,2021-11-19 16:21:09,5,0,16,11,Fall,M,white,nonhispanic,59,PRIVATE,13,0,1,5,15,7.0,1
aa66b9eb-6d70-52d2-03ed-1a8663b98f76,aa66b9eb-6d70-52d2-bfdc-ae0dbaa48f84,0.042,2151.82,0,emergency,2023-04-13 02:14:30,4,0,2,4,Spring,F,white,nonhispanic,33,PRIVATE,6,0,2,1,4,212.0,0
32e805ad-cff9-a0b6-2054-b69cd442827b,32e805ad-cff9-a0b6-9dc4-40386c77806f,0.01,646.68,0,urgentcare,2022-10-16 09:40:56,0,1,9,10,Fall,F,white,nonhispanic,12,GOVERNMENT,5,0,1,2,7,7.0,1
45c606f1-1315-fb2f-9b99-4175899e9b2f,45c606f1-1315-fb2f-9934-3ab9e42234c7,0.092,17189.78,0,emergency,2017-08-21 00:39:09,1,0,0,8,Summer,F,white,nonhispanic,28,GOVERNMENT,5,0,1,1,1,3119.9,0
1e43a258-caf4-44f5-f445-1b14042c7488,1e43a258-caf4-44f5-7e30-54213e8937f5,0.01,1154.54,0,urgentcare,2025-09-18 08:57:15,4,0,8,9,Fall,M,white,nonhispanic,55,GOVERNMENT,17,0,1,6,53,7.0,1
4ae1a1cf-a189-5397-2976-a4db58b31b5e,4ae1a1cf-a189-5397-9c5d-ee26c07b0ee5,5.547,30967.5,0,inpatient,1991-01-14 23:15:13,1,0,23,1,Winter,M,white,nonhispanic,72,GOVERNMENT,22,0,1,2,30,4.0,1
4ae1a1cf-a189-5397-fe74-cc3234fc0f1b,4ae1a1cf-a189-5397-9c5d-ee26c07b0ee5,6.509,43551.68,0,inpatient,1991-02-11 10:23:13,1,0,10,2,Winter,M,white,nonhispanic,72,GOVERNMENT,22,0,1,2,31,21.9,1
4ae1a1cf-a189-5397-2da3-2af471080609,4ae1a1cf-a189-5397-9c5d-ee26c07b0ee5,3.185,20339.96,0,inpatient,1991-03-11 22:36:13,1,0,22,3,Spring,M,white,nonhispanic,72,GOVERNMENT,22,0,1,2,32,22.0,1
6842050e-26e0-68aa-5478-90cdc34363a8,6842050e-26e0-68aa-2784-d792f7e2fbd3,0.025,797.72,0,urgentcare,2026-03-01 16:27:07,0,1,16,3,Spring,M,white,nonhispanic,84,GOVERNMENT,21,0,5,4,136,21.0,1
8a93af43-646e-af95-2419-1e30e8d6d1b6,8a93af43-646e-af95-7af2-39aa70b1872c,0.1,4476.29,0,emergency,2020-10-20 17:44:56,2,0,17,10,Fall,F,white,nonhispanic,16,PRIVATE,1,0,9,1,0,,0
624e810f-5209-a6c5-3da9-86212ce0eea8,624e810f-5209-a6c5-52a9-bdd1e0f9ab0c,0.042,2925.6,0,emergency,2017-06-30 17:13:06,5,0,17,6,Summer,F,white,nonhispanic,33,PRIVATE,13,0,2,0,1,2936.1,0
29851c6a-90d8-fa3a-8930-380ec1a701f7,29851c6a-90d8-fa3a-030d-b9b1fb4513ea,0.042,11775.92,0,emergency,2022-02-02 15:23:15,3,0,15,2,Winter,F,black,nonhispanic,21,PRIVATE,6,0,2,0,1,1644.9,0
91f02514-3e12-2718-7119-fced7535c78f,91f02514-3e12-2718-f73d-f240b662816c,0.042,12305.28,0,emergency,2009-03-24 22:45:57,2,0,22,3,Spring,M,asian,nonhispanic,69,GOVERNMENT,15,0,3,3,4,536.9,0
91f02514-3e12-2718-3d24-fd76e2f76df0,91f02514-3e12-2718-f73d-f240b662816c,3.039,5575.22,0,inpatient,2009-03-24 22:45:57,2,0,22,3,Spring,M,asian,nonhispanic,69,GOVERNMENT,15,0,6,3,4,536.9,0
6d94182f-e65f-7aa9-0943-ec162ab875cd,6d94182f-e65f-7aa9-690e-dcb41ffb7e83,0.042,9969.67,0,emergency,2017-01-17 19:01:33,2,0,19,1,Winter,F,white,nonhispanic,24,PRIVATE,6,0,2,0,0,,0
f5d2d0b9-59d3-4bf1-114e-ce00dcb8ac03,f5d2d0b9-59d3-4bf1-18e2-497c81c14441,5.578,50441.94,0,inpatient,2004-09-26 08:45:55,0,1,8,9,Fall,F,white,nonhispanic,64,GOVERNMENT,14,0,3,0,2,10.1,1
f5d2d0b9-59d3-4bf1-279d-4ae8398b5312,f5d2d0b9-59d3-4bf1-18e2-497c81c14441,5.651,61239.58,0,inpatient,2004-11-04 17:38:55,4,0,17,11,Fall,F,white,nonhispanic,64,GOVERNMENT,14,0,3,2,3,33.8,0
4ae1a1cf-a189-5397-adbf-3c2fe85f68d7,4ae1a1cf-a189-5397-9c5d-ee26c07b0ee5,4.516,50104.96,0,inpatient,1990-07-16 01:51:13,1,0,1,7,Summer,M,white,nonhispanic,71,GOVERNMENT,21,0,1,4,24,22.8,1
4ae1a1cf-a189-5397-b556-56364bd9f2aa,4ae1a1cf-a189-5397-9c5d-ee26c07b0ee5,13.038,131526.15,1,inpatient,1990-08-17 09:14:13,5,0,9,8,Summer,M,white,nonhispanic,71,GOVERNMENT,21,0,1,2,25,27.8,1
4ae1a1cf-a189-5397-9591-c3aa6807dafa,4ae1a1cf-a189-5397-9c5d-ee26c07b0ee5,4.417,40418.07,0,inpatient,1990-09-23 18:08:13,0,1,18,9,Fall,M,white,nonhispanic,71,GOVERNMENT,21,0,1,2,26,24.3,1
4ae1a1cf-a189-5397-4478-41905668f953,4ae1a1cf-a189-5397-9c5d-ee26c07b0ee5,12.003,122382.07,1,inpatient,1990-10-23 16:09:13,2,0,16,10,Fall,M,white,nonhispanic,71,GOVERNMENT,21,0,1,2,27,25.5,1
4ae1a1cf-a189-5397-cc52-f412ae34caa4,4ae1a1cf-a189-5397-9c5d-ee26c07b0ee5,4.226,75099.59,0,inpatient,1990-11-27 12:13:13,2,0,12,11,Fall,M,white,nonhispanic,71,GOVERNMENT,21,0,1,2,28,22.8,1
764e5b95-47d6-bee2-823a-8e2dc2ef1199,764e5b95-47d6-bee2-a714-45980e42ed49,0.042,2925.6,0,emergency,2020-09-09 03:01:39,3,0,3,9,Fall,F,white,nonhispanic,35,PRIVATE,10,0,2,1,2,644.0,0
8ba59c1e-a0d3-343b-58a9-f4800490084f,8ba59c1e-a0d3-343b-024a-a4a1330761cf,0.01,1151.39,0,urgentcare,2026-05-11 17:06:54,1,0,17,5,Spring,M,black,nonhispanic,85,GOVERNMENT,24,0,2,4,286,7.0,1
5b10f506-9d2b-6ac4-aded-930d98630c57,5b10f506-9d2b-6ac4-faa9-057613e96256,0.042,2151.82,0,emergency,2020-01-25 11:07:40,6,1,11,1,Winter,F,white,nonhispanic,26,PRIVATE,7,0,2,2,1,28.9,1
77ebf169-a722-c779-1a8a-263ceafc708c,77ebf169-a722-c779-9d9c-4658060df197,0.042,577.58,0,emergency,2020-01-17 06:30:28,5,0,6,1,Winter,F,asian,nonhispanic,34,NO_INSURANCE,8,0,1,0,1,1316.0,0
4ae1a1cf-a189-5397-c53a-6fb3d435784b,4ae1a1cf-a189-5397-9c5d-ee26c07b0ee5,7.522,43902.79,1,inpatient,1990-05-14 16:26:13,1,0,16,5,Spring,M,white,nonhispanic,71,GOVERNMENT,20,0,1,4,22,25.5,1
4ae1a1cf-a189-5397-a053-cb213adb2204,4ae1a1cf-a189-5397-9c5d-ee26c07b0ee5,4.245,48539.93,0,inpatient,1990-06-18 23:58:13,1,0,23,6,Summer,M,white,nonhispanic,71,GOVERNMENT,20,0,1,4,23,27.8,1
050d9cee-dd68-533c-e715-4d01ce33ee33,050d9cee-dd68-533c-cbec-cd7703b46b53,0.025,655.36,0,urgentcare,2020-04-29 15:18:32,3,0,15,4,Spring,M,white,nonhispanic,38,GOVERNMENT,17,0,3,2,5,148.9,0
dbad548d-f9b3-09d6-2f68-382c9566d460,dbad548d-f9b3-09d6-27f4-e69e953e5eef,1.056,23779.84,0,inpatient,2020-09-29 19:54:10,2,0,19,9,Fall,M,white,nonhispanic,79,GOVERNMENT,14,0,5,3,1,68.9,0
dbad548d-f9b3-09d6-67bb-f3ee97f7c25a,dbad548d-f9b3-09d6-27f4-e69e953e5eef,1.0,1232.72,0,inpatient,2020-09-30 20:59:40,3,0,20,9,Fall,M,white,nonhispanic,79,GOVERNMENT,14,0,2,4,2,0.2,1
2f3313f8-6ed2-2d20-a898-df996be54116,2f3313f8-6ed2-2d20-af5e-456179b29bee,2.098,24449.56,0,inpatient,1999-05-12 22:22:50,3,0,22,5,Spring,M,white,nonhispanic,57,GOVERNMENT,13,0,5,13,1,477.2,0
2f3313f8-6ed2-2d20-f656-c84b16583b79,2f3313f8-6ed2-2d20-af5e-456179b29bee,1.0,1871.78,0,inpatient,1999-05-15 00:28:49,6,1,0,5,Spring,M,white,nonhispanic,57,GOVERNMENT,13,0,4,13,1,479.3,0
d9123176-de38-1639-81ef-bfad32b86c52,d9123176-de38-1639-111e-15e726d6a849,0.124,13770.57,0,emergency,2021-12-03 03:25:15,5,0,3,12,Winter,M,white,nonhispanic,62,GOVERNMENT,19,0,1,0,6,830.9,0
d9123176-de38-1639-00d4-f070ac555c32,d9123176-de38-1639-111e-15e726d6a849,0.089,9411.83,0,emergency,2022-02-05 06:24:11,6,1,6,2,Winter,M,white,nonhispanic,63,GOVERNMENT,19,0,1,1,7,64.0,0
ee2f0994-9704-4402-d7fe-ca23d0b1cd95,ee2f0994-9704-4402-1863-f59996bb83ac,0.042,3350.72,0,emergency,2020-12-27 06:26:33,0,1,6,12,Winter,F,white,hispanic,39,PRIVATE,12,0,2,0,1,441.0,0
834901f2-b564-f766-a957-3da6036de868,834901f2-b564-f766-6644-b335fbbbcf2f,0.042,720.45,0,emergency,2023-07-21 10:57:55,5,0,10,7,Summer,M,white,nonhispanic,64,GOVERNMENT,25,0,1,2,140,7.0,1
dc4d3a14-9651-fb38-dda0-a30b0a411f42,dc4d3a14-9651-fb38-e881-c88471cd2082,0.086,3613.49,0,emergency,2017-11-11 03:02:47,6,1,3,11,Fall,F,white,nonhispanic,15,PRIVATE,1,0,7,0,0,,0
7045c13e-6913-c5e9-0f8b-a96b7529ce45,7045c13e-6913-c5e9-ee32-a500eec1b373,0.042,577.58,0,emergency,2018-01-29 17:43:59,1,0,17,1,Winter,F,white,hispanic,21,PRIVATE,7,0,1,0,0,,0
91f02514-3e12-2718-ae21-3ef97165c82e,91f02514-3e12-2718-f73d-f240b662816c,0.096,4476.29,0,emergency,2007-10-04 22:45:57,4,0,22,10,Fall,M,asian,nonhispanic,67,GOVERNMENT,16,0,9,0,3,206.9,0
37265e82-6412-9f51-11d2-6f4134fb0bc4,37265e82-6412-9f51-1bbf-c4538378bc38,0.028,925.68,0,urgentcare,2022-11-02 06:28:57,3,0,6,11,Fall,F,white,nonhispanic,31,PRIVATE,10,0,6,3,3,63.0,0
dbad548d-f9b3-09d6-f730-1eca2c50feb9,dbad548d-f9b3-09d6-27f4-e69e953e5eef,1.0,1813.31,0,inpatient,2020-07-21 21:47:11,2,0,21,7,Summer,M,white,nonhispanic,79,GOVERNMENT,13,0,4,0,0,,0
ee2f0994-9704-4402-8e95-1673304867fe,ee2f0994-9704-4402-1863-f59996bb83ac,0.042,1440.38,0,emergency,2019-10-13 06:26:33,0,1,6,10,Fall,F,white,hispanic,38,PRIVATE,12,0,2,0,0,,0
37265e82-6412-9f51-b59b-06b029d84187,37265e82-6412-9f51-1bbf-c4538378bc38,0.042,3390.95,0,emergency,2022-08-31 06:28:57,3,0,6,8,Summer,F,white,nonhispanic,31,PRIVATE,10,0,2,0,2,1260.0,0
6d2859ee-b17f-b500-c2e4-dd9ad3c74fd8,6d2859ee-b17f-b500-ec60-e4bb736db0b6,0.032,938.84,0,urgentcare,2020-12-01 19:29:33,2,0,19,12,Winter,F,white,nonhispanic,59,PRIVATE,21,0,6,3,18,7.0,1
4ae1a1cf-a189-5397-6f7f-2a036dcf63b8,4ae1a1cf-a189-5397-9c5d-ee26c07b0ee5,5.516,43208.51,0,inpatient,1990-03-12 23:15:13,1,0,23,3,Spring,M,white,nonhispanic,71,GOVERNMENT,21,0,1,4,20,7.0,1
86e34f9d-23bf-e4c0-adbb-4b557756fe05,86e34f9d-23bf-e4c0-068b-eceb7815e6ca,0.091,4476.29,0,emergency,2018-05-21 23:29:51,1,0,23,5,Spring,F,white,nonhispanic,17,PRIVATE,3,0,9,1,3,91.9,0
96ca2aaa-321b-c82c-063a-e7c1ab2fac4f,96ca2aaa-321b-c82c-e084-568261d110ff,0.042,11718.72,0,emergency,2019-06-03 13:59:26,1,0,13,6,Summer,F,asian,hispanic,29,PRIVATE,5,0,2,0,1,413.0,0
bc20166b-8098-256d-eb59-bb3935f17b27,bc20166b-8098-256d-7f46-6888d4e124ac,0.042,2925.6,0,emergency,2019-08-19 04:06:30,1,0,4,8,Summer,F,white,nonhispanic,27,PRIVATE,13,0,2,3,1,728.0,0
d9123176-de38-1639-a9f8-44e4e0df0c36,d9123176-de38-1639-111e-15e726d6a849,0.051,17189.78,0,emergency,2019-08-25 03:25:15,0,1,3,8,Summer,M,white,nonhispanic,60,PRIVATE,19,0,1,5,5,270.9,0
0dee4486-e712-9af4-3875-959f3d62e0cc,0dee4486-e712-9af4-e6d2-47c6ca35224c,0.042,3255.41,0,emergency,2017-04-25 07:29:11,2,0,7,4,Spring,F,white,nonhispanic,21,PRIVATE,7,0,2,0,4,469.3,0
cb160b93-1971-8e4a-a6da-214cd0610d9a,cb160b93-1971-8e4a-56e7-a7cbeed6f42b,4.0,6085.64,0,inpatient,2020-07-28 00:06:09,2,0,0,7,Summer,F,black,hispanic,27,GOVERNMENT,9,0,2,0,2,370.0,0
6e0920b9-a44a-29bf-7afb-2913d10a6974,6e0920b9-a44a-29bf-42c7-3000b475f29b,0.01,573.98,0,urgentcare,2022-03-24 07:06:37,4,0,7,3,Spring,F,white,nonhispanic,69,GOVERNMENT,16,0,1,2,3,69.8,0
80ae0b7b-87a7-9a23-920e-b7ad775729e3,80ae0b7b-87a7-9a23-a469-573619c83764,9.335,7867.95,1,inpatient,1987-03-14 23:45:32,6,1,23,3,Spring,M,asian,nonhispanic,47,PRIVATE,9,0,2,1,1,7.0,1
4ae1a1cf-a189-5397-167d-f7332f7b75ce,4ae1a1cf-a189-5397-9c5d-ee26c07b0ee5,7.95,79830.85,1,inpatient,1990-04-11 06:38:13,3,0,6,4,Spring,M,white,nonhispanic,71,GOVERNMENT,20,0,1,4,21,23.8,1
86e34f9d-23bf-e4c0-01e1-9e33dc6f64be,86e34f9d-23bf-e4c0-068b-eceb7815e6ca,0.107,5488.25,0,emergency,2018-02-18 23:23:42,0,1,23,2,Winter,F,white,nonhispanic,17,PRIVATE,3,0,11,0,2,194.8,0
2442cd5f-46ce-5327-1c72-d3e3dc3f67aa,2442cd5f-46ce-5327-4751-03df511ab403,1.0,577.58,0,inpatient,2024-01-26 00:09:51,5,0,0,1,Winter,F,white,nonhispanic,66,GOVERNMENT,25,0,1,6,11,588.0,0
2442cd5f-46ce-5327-0c3e-4d9384e0beea,2442cd5f-46ce-5327-4751-03df511ab403,2.098,22484.49,0,inpatient,2024-02-08 09:20:32,4,0,9,2,Winter,F,white,nonhispanic,66,GOVERNMENT,25,0,4,15,13,12.4,1
8ba59c1e-a0d3-343b-4d79-296dce090f65,8ba59c1e-a0d3-343b-024a-a4a1330761cf,0.017,723.14,0,urgentcare,2026-03-23 17:06:54,1,0,17,3,Spring,M,black,nonhispanic,85,GOVERNMENT,24,0,1,3,283,14.0,1
65006141-4ad9-1a2a-c6e5-2f801363d580,65006141-4ad9-1a2a-18ad-f005109e7cb9,0.042,3930.6,0,emergency,2018-04-03 08:37:59,2,0,8,4,Spring,F,white,nonhispanic,43,PRIVATE,8,0,2,0,1,2191.0,0
31b3c566-61a6-3e55-4759-e1d59f0731df,31b3c566-61a6-3e55-e3c9-ec471a1f8323,1.0,801.32,0,inpatient,2020-04-02 00:24:01,4,0,0,4,Spring,F,white,hispanic,57,GOVERNMENT,10,0,1,13,2,1.2,1
91f02514-3e12-2718-b616-de8335b3984c,91f02514-3e12-2718-f73d-f240b662816c,0.042,7875.95,0,emergency,2007-03-09 23:11:41,5,0,23,3,Spring,M,asian,nonhispanic,67,GOVERNMENT,15,0,3,3,1,1097.9,0
91f02514-3e12-2718-d0da-efa15ca98005,91f02514-3e12-2718-f73d-f240b662816c,2.045,3863.28,0,inpatient,2007-03-09 23:11:41,5,0,23,3,Spring,M,asian,nonhispanic,67,GOVERNMENT,15,0,5,3,1,1097.9,0
08d290f2-cacc-a5c9-431e-2820fa2d8215,08d290f2-cacc-a5c9-e3f5-d1d9063f46e5,0.042,361.88,0,emergency,1988-01-02 12:35:15,6,1,12,1,Winter,M,white,nonhispanic,66,GOVERNMENT,28,0,1,3,425,7.0,1
1e43a258-caf4-44f5-6685-b547d2ed9210,1e43a258-caf4-44f5-7e30-54213e8937f5,0.031,1088.0,0,urgentcare,2025-08-14 08:57:15,4,0,8,8,Summer,M,white,nonhispanic,55,GOVERNMENT,17,0,6,6,49,7.0,1
e1427e77-bf8e-3fe9-cde0-d963cb857973,e1427e77-bf8e-3fe9-6940-d1e05578f369,0.026,859.14,0,urgentcare,2024-09-27 02:56:56,5,0,2,9,Fall,F,white,hispanic,74,GOVERNMENT,20,0,6,4,5,2093.0,0
86c6780a-275a-1768-654b-3630334a6f5c,86c6780a-275a-1768-a1c7-bbb1cb8ccad3,0.103,4625.45,0,emergency,2022-08-10 23:41:32,3,0,23,8,Summer,F,white,hispanic,17,GOVERNMENT,4,0,9,0,2,438.3,0
a0cd9f18-6af4-7fdf-614f-374a69717671,a0cd9f18-6af4-7fdf-42ef-7dec3d4b8e68,0.042,519.98,0,emergency,1958-10-23 08:20:39,4,0,8,10,Fall,F,white,nonhispanic,0,GOVERNMENT,5,0,1,1,3,14.0,1
4ae1a1cf-a189-5397-da45-2e8cf79d08da,4ae1a1cf-a189-5397-9c5d-ee26c07b0ee5,8.683,58858.07,1,inpatient,1989-07-15 10:32:13,6,1,10,7,Summer,M,white,nonhispanic,70,GOVERNMENT,22,0,1,5,12,18.4,1
96ca2aaa-321b-c82c-82af-861772f5bc36,96ca2aaa-321b-c82c-e084-568261d110ff,0.042,2925.6,0,emergency,2018-04-16 13:59:26,1,0,13,4,Spring,F,asian,hispanic,28,PRIVATE,8,0,2,0,0,,0
6842050e-26e0-68aa-a96b-577eb08e814f,6842050e-26e0-68aa-2784-d792f7e2fbd3,0.01,507.44,0,urgentcare,2026-01-04 16:27:07,0,1,16,1,Winter,M,white,nonhispanic,84,GOVERNMENT,21,0,1,3,133,7.0,1
764e5b95-47d6-bee2-f085-8930eb57e019,764e5b95-47d6-bee2-a714-45980e42ed49,0.042,4753.95,0,emergency,2018-12-05 03:01:39,3,0,3,12,Winter,F,white,nonhispanic,33,PRIVATE,10,0,2,0,1,364.0,0
8ba59c1e-a0d3-343b-74cd-432777a8344f,8ba59c1e-a0d3-343b-024a-a4a1330761cf,0.01,938.84,0,urgentcare,2026-03-09 17:06:54,1,0,17,3,Spring,M,black,nonhispanic,85,GOVERNMENT,24,0,2,3,282,7.0,1
cb160b93-1971-8e4a-86db-c51eb0a28928,cb160b93-1971-8e4a-56e7-a7cbeed6f42b,0.042,577.58,0,emergency,2019-07-24 00:06:09,3,0,0,7,Summer,F,black,hispanic,26,NO_INSURANCE,7,0,1,0,1,973.0,0
31b3c566-61a6-3e55-7559-8e0c0ea63c33,31b3c566-61a6-3e55-e3c9-ec471a1f8323,1.0,1813.31,0,inpatient,2020-01-11 03:13:55,6,1,3,1,Winter,F,white,hispanic,57,GOVERNMENT,11,0,4,0,0,,0
37265e82-6412-9f51-2701-d598ef9dc41a,37265e82-6412-9f51-1bbf-c4538378bc38,0.042,13605.39,0,emergency,2019-03-20 06:28:57,3,0,6,3,Spring,F,white,nonhispanic,28,PRIVATE,10,0,2,1,1,714.0,0
8b500033-d0a5-1c24-f5e9-3e1c7abd0698,8b500033-d0a5-1c24-9b51-4e8dbf2f195f,0.042,6217.44,0,emergency,2017-08-11 12:40:03,5,0,12,8,Summer,F,white,hispanic,30,GOVERNMENT,9,0,2,0,0,,0
a0cd9f18-6af4-7fdf-f94b-fe00a8abd1af,a0cd9f18-6af4-7fdf-42ef-7dec3d4b8e68,0.01,358.28,0,urgentcare,1958-10-02 08:20:39,4,0,8,10,Fall,F,white,nonhispanic,0,GOVERNMENT,5,0,1,1,1,7.0,1
5de7f231-2937-7ba3-3d04-8b55f0cd549a,5de7f231-2937-7ba3-9d82-0afac46d0033,0.042,1539.59,0,emergency,2018-07-08 11:30:23,0,1,11,7,Summer,M,asian,nonhispanic,36,GOVERNMENT,11,0,7,3,1,1476.9,0
bedf7b28-21a3-53f1-d6aa-64c861730a4d,bedf7b28-21a3-53f1-1629-4cfff84805d3,0.042,3627.72,0,emergency,2017-11-24 04:32:25,5,0,4,11,Fall,F,white,hispanic,45,PRIVATE,12,0,2,0,0,,0
4ae1a1cf-a189-5397-1305-ec70dbd83ec9,4ae1a1cf-a189-5397-9c5d-ee26c07b0ee5,4.324,34058.88,0,inpatient,1989-06-15 23:45:13,4,0,23,6,Summer,M,white,nonhispanic,70,GOVERNMENT,20,0,1,4,10,26.0,1
4ae1a1cf-a189-5397-9faa-804dc5620fb2,4ae1a1cf-a189-5397-9c5d-ee26c07b0ee5,7.765,46176.89,1,inpatient,1989-08-14 03:56:13,1,0,3,8,Summer,M,white,nonhispanic,70,GOVERNMENT,20,0,1,3,13,21.0,1
4ae1a1cf-a189-5397-202b-f05761eef13b,4ae1a1cf-a189-5397-9c5d-ee26c07b0ee5,3.313,15450.98,0,inpatient,1989-09-17 00:18:13,0,1,0,9,Fall,M,white,nonhispanic,70,GOVERNMENT,20,0,1,3,14,26.1,1
4ae1a1cf-a189-5397-89e0-9d43aca3b91a,4ae1a1cf-a189-5397-9c5d-ee26c07b0ee5,6.472,42645.54,0,inpatient,1989-10-18 03:49:13,3,0,3,10,Fall,M,white,nonhispanic,70,GOVERNMENT,20,0,1,2,15,27.8,1
4ae1a1cf-a189-5397-0a33-7dca3a69a9e9,4ae1a1cf-a189-5397-9c5d-ee26c07b0ee5,13.011,112537.54,1,inpatient,1989-11-20 15:08:13,1,0,15,11,Fall,M,white,nonhispanic,70,GOVERNMENT,20,0,1,2,16,27.0,1
4ae1a1cf-a189-5397-cae9-e9a958109682,4ae1a1cf-a189-5397-9c5d-ee26c07b0ee5,16.188,173849.09,1,inpatient,1989-12-26 01:24:13,2,0,1,12,Winter,M,white,nonhispanic,70,GOVERNMENT,20,0,1,2,17,22.4,1
4ae1a1cf-a189-5397-4cb3-5f75f5a688d9,4ae1a1cf-a189-5397-9c5d-ee26c07b0ee5,4.347,35935.36,0,inpatient,1990-02-02 04:54:13,5,0,4,2,Winter,M,white,nonhispanic,71,GOVERNMENT,20,0,1,2,18,22.0,1
834901f2-b564-f766-8386-318da1f72173,834901f2-b564-f766-6644-b335fbbbcf2f,0.033,872.3,0,urgentcare,2023-06-02 10:57:55,5,0,10,6,Summer,M,white,nonhispanic,64,GOVERNMENT,28,0,7,2,133,7.0,1
834901f2-b564-f766-6b21-596ed4c6146c,834901f2-b564-f766-6644-b335fbbbcf2f,0.01,614.31,0,urgentcare,2023-06-09 10:57:55,5,0,10,6,Summer,M,white,nonhispanic,64,GOVERNMENT,26,0,1,2,134,7.0,1
32e805ad-cff9-a0b6-cab0-f02260bfec7a,32e805ad-cff9-a0b6-9dc4-40386c77806f,0.01,872.57,0,urgentcare,2019-10-27 09:40:56,0,1,9,10,Fall,F,white,nonhispanic,9,GOVERNMENT,4,0,1,2,1,7.0,1
d53b5945-f75e-bef0-71bd-dce4b864aae2,d53b5945-f75e-bef0-5eb0-b98a830a275d,0.026,1368.13,0,urgentcare,2025-10-04 17:27:42,6,1,17,10,Fall,F,white,nonhispanic,57,GOVERNMENT,19,0,8,4,31,22.7,1
0d060968-db34-9775-c04a-4f43b03f216d,0d060968-db34-9775-06a7-de881a238173,1.0,1813.31,0,inpatient,2019-01-23 23:55:43,3,0,23,1,Winter,M,asian,nonhispanic,79,GOVERNMENT,13,0,4,0,0,,0
4ae1a1cf-a189-5397-1112-8e884d98bff4,4ae1a1cf-a189-5397-9c5d-ee26c07b0ee5,11.979,94651.08,1,inpatient,1989-05-08 23:15:13,1,0,23,5,Spring,M,white,nonhispanic,70,GOVERNMENT,19,0,1,4,9,37.0,0
86e34f9d-23bf-e4c0-3d71-0c033079105a,86e34f9d-23bf-e4c0-068b-eceb7815e6ca,0.079,3613.49,0,emergency,2017-05-23 20:10:07,2,0,20,5,Spring,F,white,nonhispanic,16,PRIVATE,3,0,7,0,0,,0
78f3b19d-e937-09fd-e812-806a6fba1cf9,78f3b19d-e937-09fd-276f-5bc1e098d520,23.875,37924.3,1,inpatient,2009-03-20 08:40:55,5,0,8,3,Spring,M,white,nonhispanic,37,GOVERNMENT,8,0,2,2,8,77.0,0
5f8e23d7-df23-69eb-980b-1278d8af1f2e,5f8e23d7-df23-69eb-fdeb-ca2da9ef3c8a,5.182,46437.45,0,inpatient,2018-02-10 02:03:47,6,1,2,2,Winter,F,white,nonhispanic,64,NO_INSURANCE,16,0,5,15,1,10247.7,0
5f8e23d7-df23-69eb-cb88-399d34eb1775,5f8e23d7-df23-69eb-fdeb-ca2da9ef3c8a,1.0,1871.78,0,inpatient,2018-02-15 06:11:32,4,0,6,2,Winter,F,white,nonhispanic,64,NO_INSURANCE,16,0,4,15,1,10252.9,0
e2757458-d53f-cf44-80d4-ed1a5886c170,e2757458-d53f-cf44-64c1-685b916857b7,0.01,429.5,0,urgentcare,2025-03-10 23:15:13,1,0,23,3,Spring,M,white,nonhispanic,106,GOVERNMENT,28,0,1,6,135,7.0,1
bc20166b-8098-256d-be4b-12a0f145c063,bc20166b-8098-256d-7f46-6888d4e124ac,0.042,577.58,0,emergency,2017-08-21 04:06:30,1,0,4,8,Summer,F,white,nonhispanic,25,PRIVATE,14,0,1,2,0,,0
185a2038-4c9a-6f44-0c97-120b2101fe59,185a2038-4c9a-6f44-cf7d-78da9583dafc,0.024,797.72,0,urgentcare,2025-06-11 23:59:16,3,0,23,6,Summer,F,white,nonhispanic,54,GOVERNMENT,22,0,3,7,48,7.0,1
27787931-880e-8673-eaf1-159234e52535,27787931-880e-8673-fcbd-ac02953fafdf,0.042,1465.14,0,emergency,2018-05-20 06:27:31,0,1,6,5,Spring,F,white,nonhispanic,17,GOVERNMENT,1,0,2,0,1,529.9,0
834901f2-b564-f766-0a43-359520d47d01,834901f2-b564-f766-6644-b335fbbbcf2f,0.01,687.51,0,urgentcare,2023-05-12 10:57:55,5,0,10,5,Spring,M,white,nonhispanic,64,GOVERNMENT,27,0,1,2,131,7.0,1
45af71fa-3745-a0ab-f37c-03585247b4cc,45af71fa-3745-a0ab-e052-9f332fcf981a,0.03,784.56,0,urgentcare,2019-11-14 11:26:06,4,0,11,11,Fall,M,white,nonhispanic,65,PRIVATE,13,0,4,0,7,227.0,0
08d290f2-cacc-a5c9-297a-0b4380a65f6d,08d290f2-cacc-a5c9-e3f5-d1d9063f46e5,0.042,942.44,0,emergency,1987-11-28 12:35:15,6,1,12,11,Fall,M,white,nonhispanic,65,GOVERNMENT,28,0,5,3,420,7.0,1
4ae1a1cf-a189-5397-a9d3-d4d6522456e1,4ae1a1cf-a189-5397-9c5d-ee26c07b0ee5,9.859,80358.47,1,inpatient,1989-01-27 05:11:22,5,0,5,1,Winter,M,white,nonhispanic,70,GOVERNMENT,19,0,1,4,6,25.2,1
4ae1a1cf-a189-5397-b827-ddc4a819d9ea,4ae1a1cf-a189-5397-9c5d-ee26c07b0ee5,3.28,34653.8,0,inpatient,1989-02-28 19:48:22,2,0,19,2,Winter,M,white,nonhispanic,70,GOVERNMENT,19,0,1,4,7,22.8,1
4ae1a1cf-a189-5397-219b-3fea3c8e6002,4ae1a1cf-a189-5397-9c5d-ee26c07b0ee5,3.176,19459.32,0,inpatient,1989-03-29 19:31:22,3,0,19,3,Spring,M,white,nonhispanic,70,GOVERNMENT,19,0,2,4,8,25.7,1
8ba59c1e-a0d3-343b-319f-539fa10836a7,8ba59c1e-a0d3-343b-024a-a4a1330761cf,0.036,797.72,0,urgentcare,2026-02-02 17:06:54,1,0,17,2,Winter,M,black,nonhispanic,85,GOVERNMENT,25,0,2,3,277,7.0,1
8ba59c1e-a0d3-343b-e55b-91dc0e8e93a5,8ba59c1e-a0d3-343b-024a-a4a1330761cf,0.014,723.14,0,urgentcare,2026-02-09 17:06:54,1,0,17,2,Winter,M,black,nonhispanic,85,GOVERNMENT,25,0,1,3,278,7.0,1
cb160b93-1971-8e4a-6fa8-49567bd6e536,cb160b93-1971-8e4a-56e7-a7cbeed6f42b,0.042,2151.82,0,emergency,2016-11-23 00:06:09,3,0,0,11,Fall,F,black,hispanic,23,GOVERNMENT,5,0,2,0,0,,0
d53b5945-f75e-bef0-0ffb-59014e1ae50d,d53b5945-f75e-bef0-5eb0-b98a830a275d,0.027,1735.1,0,urgentcare,2025-07-05 17:27:42,6,1,17,7,Summer,F,white,nonhispanic,57,GOVERNMENT,19,0,3,4,29,28.0,1
185a2038-4c9a-6f44-1a82-bdb2a69edb46,185a2038-4c9a-6f44-cf7d-78da9583dafc,0.021,1229.5,0,urgentcare,2025-06-25 23:59:16,3,0,23,6,Summer,F,white,nonhispanic,54,GOVERNMENT,20,0,3,7,49,14.0,1
834901f2-b564-f766-5e1a-33002231be81,834901f2-b564-f766-6644-b335fbbbcf2f,0.042,875.9,0,emergency,2023-04-21 10:57:55,5,0,10,4,Spring,M,white,nonhispanic,64,GOVERNMENT,26,0,7,2,128,7.0,1
37265e82-6412-9f51-8a18-06c955961180,37265e82-6412-9f51-1bbf-c4538378bc38,0.042,1735.05,0,emergency,2017-04-05 06:28:57,3,0,6,4,Spring,F,white,nonhispanic,26,PRIVATE,9,0,2,1,0,,0
834901f2-b564-f766-ab7b-018dea17176a,834901f2-b564-f766-6644-b335fbbbcf2f,0.01,507.44,0,urgentcare,2023-04-28 10:57:55,5,0,10,4,Spring,M,white,nonhispanic,64,GOVERNMENT,25,0,1,2,129,7.0,1
aa66b9eb-6d70-52d2-6722-bc1e4c21853e,aa66b9eb-6d70-52d2-bfdc-ae0dbaa48f84,0.042,2333.24,0,emergency,2019-04-11 02:14:30,4,0,2,4,Spring,F,white,nonhispanic,29,PRIVATE,4,0,2,0,1,462.0,0
08d290f2-cacc-a5c9-7eda-6769573cb654,08d290f2-cacc-a5c9-e3f5-d1d9063f46e5,0.042,824.31,0,emergency,1987-10-24 12:35:15,6,1,12,10,Fall,M,white,nonhispanic,65,GOVERNMENT,28,0,1,3,415,7.0,1
e2757458-d53f-cf44-0227-bbfee7443b32,e2757458-d53f-cf44-64c1-685b916857b7,0.01,358.28,0,urgentcare,2025-02-03 23:15:13,1,0,23,2,Winter,M,white,nonhispanic,106,GOVERNMENT,28,0,1,6,132,7.0,1
834901f2-b564-f766-1e64-b4cfb82abe5d,834901f2-b564-f766-6644-b335fbbbcf2f,0.042,539.46,0,emergency,2023-03-31 10:57:55,5,0,10,3,Spring,M,white,nonhispanic,64,GOVERNMENT,27,0,1,2,125,7.0,1
6842050e-26e0-68aa-1eed-be59ee146901,6842050e-26e0-68aa-2784-d792f7e2fbd3,0.01,507.44,0,urgentcare,2025-10-05 16:27:07,0,1,16,10,Fall,M,white,nonhispanic,83,GOVERNMENT,21,0,1,3,127,28.0,1
86c6780a-275a-1768-09ec-0f1b3c15cace,86c6780a-275a-1768-a1c7-bbb1cb8ccad3,0.012,709.98,0,urgentcare,2019-04-14 14:45:04,0,1,14,4,Spring,F,white,hispanic,14,GOVERNMENT,2,0,6,0,0,,0
c1261835-8407-29fa-fd14-50608e2f1519,c1261835-8407-29fa-33c4-9d5577f2fab8,0.01,720.21,0,urgentcare,2019-04-26 16:21:09,5,0,16,4,Spring,M,white,nonhispanic,57,PRIVATE,20,0,1,4,9,7.0,1
a890d187-bb81-ffd0-b58b-c88c770b143a,a890d187-bb81-ffd0-2cdf-aeec12d89206,10.339,91383.3,1,inpatient,2019-01-29 21:21:53,2,0,21,1,Winter,M,white,nonhispanic,77,GOVERNMENT,17,0,6,14,2,299.0,0
a890d187-bb81-ffd0-5373-3320ba181a2a,a890d187-bb81-ffd0-2cdf-aeec12d89206,1.0,1871.78,0,inpatient,2019-02-09 05:15:09,6,1,5,2,Winter,M,white,nonhispanic,77,GOVERNMENT,17,0,4,14,3,9.6,1
834901f2-b564-f766-b471-789e604039e6,834901f2-b564-f766-6644-b335fbbbcf2f,0.01,885.63,0,urgentcare,2023-03-17 10:57:55,5,0,10,3,Spring,M,white,nonhispanic,64,GOVERNMENT,26,0,1,2,123,7.0,1
aa66b9eb-6d70-52d2-7555-c84732a2784d,aa66b9eb-6d70-52d2-bfdc-ae0dbaa48f84,0.042,577.58,0,emergency,2018-01-04 02:14:30,4,0,2,1,Winter,F,white,nonhispanic,28,PRIVATE,6,0,1,0,0,,0
74ef7c00-f5e6-5b26-917e-fed56357ab5f,74ef7c00-f5e6-5b26-5d4d-e8d3353b5125,0.042,5323.64,0,emergency,2017-09-06 10:14:42,3,0,10,9,Fall,F,white,nonhispanic,23,GOVERNMENT,11,0,2,3,2,67.1,0
8ba59c1e-a0d3-343b-cd88-e07dd8652575,8ba59c1e-a0d3-343b-024a-a4a1330761cf,0.01,573.62,0,urgentcare,2025-12-15 17:06:54,1,0,17,12,Winter,M,black,nonhispanic,84,GOVERNMENT,25,0,1,5,270,7.0,1
834901f2-b564-f766-18dc-27f1cbea9eb4,834901f2-b564-f766-6644-b335fbbbcf2f,0.01,1154.54,0,urgentcare,2023-03-03 10:57:55,5,0,10,3,Spring,M,white,nonhispanic,64,GOVERNMENT,27,0,1,2,121,7.0,1
1e43a258-caf4-44f5-fee0-1348680e43e5,1e43a258-caf4-44f5-7e30-54213e8937f5,0.031,797.72,0,urgentcare,2024-02-15 08:57:15,4,0,8,2,Winter,M,white,nonhispanic,54,GOVERNMENT,18,0,4,7,45,28.0,1
6842050e-26e0-68aa-ff09-6b378b879991,6842050e-26e0-68aa-2784-d792f7e2fbd3,0.01,721.3,0,urgentcare,2025-09-07 16:27:07,0,1,16,9,Fall,M,white,nonhispanic,83,GOVERNMENT,21,0,1,3,126,7.0,1
c1261835-8407-29fa-2963-283eacc1ee4e,c1261835-8407-29fa-33c4-9d5577f2fab8,0.029,797.72,0,urgentcare,2019-04-05 16:21:09,5,0,16,4,Spring,M,white,nonhispanic,57,PRIVATE,19,0,4,4,7,7.0,1
74ef7c00-f5e6-5b26-90ec-c551c0f65969,74ef7c00-f5e6-5b26-5d4d-e8d3353b5125,2.924,21972.44,0,inpatient,2017-06-28 10:14:42,3,0,10,6,Summer,F,white,nonhispanic,23,GOVERNMENT,10,0,2,3,1,7.0,1
08d290f2-cacc-a5c9-3783-d15f00dd06b9,08d290f2-cacc-a5c9-e3f5-d1d9063f46e5,0.042,361.88,0,emergency,1987-09-26 12:35:15,6,1,12,9,Fall,M,white,nonhispanic,65,GOVERNMENT,27,0,1,3,411,7.0,1
a47057d6-be54-ff62-4ded-b3b39401c784,a47057d6-be54-ff62-c8a1-a13b8cbf64c3,0.03,859.14,0,urgentcare,2022-06-03 05:53:14,5,0,5,6,Summer,F,black,nonhispanic,63,GOVERNMENT,17,0,6,4,7,252.0,0
a47057d6-be54-ff62-1f82-f1537fbdcc5e,a47057d6-be54-ff62-c8a1-a13b8cbf64c3,0.01,507.44,0,urgentcare,2022-06-10 05:53:14,5,0,5,6,Summer,F,black,nonhispanic,63,GOVERNMENT,16,0,1,4,8,7.0,1
834901f2-b564-f766-a1d3-436ba9d8b2f2,834901f2-b564-f766-6644-b335fbbbcf2f,0.025,872.3,0,urgentcare,2023-02-10 10:57:55,5,0,10,2,Winter,M,white,nonhispanic,64,GOVERNMENT,28,0,7,2,118,7.0,1
834901f2-b564-f766-8ed7-c26ecef04c11,834901f2-b564-f766-6644-b335fbbbcf2f,0.01,1154.54,0,urgentcare,2023-02-17 10:57:55,5,0,10,2,Winter,M,white,nonhispanic,64,GOVERNMENT,27,0,1,2,119,7.0,1
d53b5945-f75e-bef0-7b9a-837186d30b63,d53b5945-f75e-bef0-5eb0-b98a830a275d,0.01,1154.54,0,urgentcare,2025-02-08 17:27:42,6,1,17,2,Winter,F,white,nonhispanic,57,GOVERNMENT,20,0,1,4,25,63.0,0
5f662ce7-5293-9ecd-7c01-5211c23abd4a,5f662ce7-5293-9ecd-d28b-e5913e19634a,0.021,872.3,0,urgentcare,2024-06-22 02:21:13,6,1,2,6,Summer,F,native,nonhispanic,67,GOVERNMENT,24,0,2,4,27,35.0,0
08d290f2-cacc-a5c9-bce2-47aced030b84,08d290f2-cacc-a5c9-e3f5-d1d9063f46e5,0.042,726.74,0,emergency,1987-09-05 12:35:15,6,1,12,9,Fall,M,white,nonhispanic,65,GOVERNMENT,27,0,2,3,408,7.0,1
08d290f2-cacc-a5c9-a5f6-17f2d6684f3a,08d290f2-cacc-a5c9-e3f5-d1d9063f46e5,0.042,638.28,0,emergency,1987-09-12 12:35:15,6,1,12,9,Fall,M,white,nonhispanic,65,GOVERNMENT,27,0,1,3,409,7.0,1
8ba59c1e-a0d3-343b-be16-ec35f53cea1b,8ba59c1e-a0d3-343b-024a-a4a1330761cf,0.042,1232.72,0,emergency,2025-11-10 17:06:54,1,0,17,11,Fall,M,black,nonhispanic,84,GOVERNMENT,24,0,5,5,265,7.0,1
8ba59c1e-a0d3-343b-39b5-fb22f1efa763,8ba59c1e-a0d3-343b-024a-a4a1330761cf,0.042,511.04,0,emergency,2025-11-17 17:06:54,1,0,17,11,Fall,M,black,nonhispanic,84,GOVERNMENT,24,0,1,5,266,7.0,1
a47057d6-be54-ff62-005a-953845aaccde,a47057d6-be54-ff62-c8a1-a13b8cbf64c3,0.024,938.84,0,urgentcare,2021-09-24 05:53:14,5,0,5,9,Fall,F,black,nonhispanic,62,GOVERNMENT,18,0,6,3,6,14.0,1
1e43a258-caf4-44f5-90bb-ebc8267e1c0e,1e43a258-caf4-44f5-7e30-54213e8937f5,0.01,507.44,0,urgentcare,2023-12-28 08:57:15,4,0,8,12,Winter,M,white,nonhispanic,53,GOVERNMENT,18,0,1,6,42,7.0,1
2442cd5f-46ce-5327-16e6-3c2c7a5c3d78,2442cd5f-46ce-5327-4751-03df511ab403,0.01,507.44,0,urgentcare,2022-05-05 23:13:40,4,0,23,5,Spring,F,white,nonhispanic,64,PRIVATE,24,0,1,5,8,7.0,1
9240f7e0-68d5-363d-6d64-d0c9d0f04b90,9240f7e0-68d5-363d-452d-b6c22ecd75b4,0.01,877.78,0,urgentcare,2024-12-31 09:28:36,2,0,9,12,Winter,M,black,nonhispanic,50,PRIVATE,20,0,1,6,76,7.0,1
2442cd5f-46ce-5327-b3fa-667dcc4fc86a,2442cd5f-46ce-5327-4751-03df511ab403,0.01,507.44,0,urgentcare,2022-04-07 23:13:40,4,0,23,4,Spring,F,white,nonhispanic,64,PRIVATE,24,0,1,5,5,7.0,1
6842050e-26e0-68aa-84cb-798a08f94694,6842050e-26e0-68aa-2784-d792f7e2fbd3,0.033,797.72,0,urgentcare,2025-03-02 16:27:07,0,1,16,3,Spring,M,white,nonhispanic,83,GOVERNMENT,21,0,5,5,117,21.0,1
6842050e-26e0-68aa-86aa-e867bd411abc,6842050e-26e0-68aa-2784-d792f7e2fbd3,0.01,1008.71,0,urgentcare,2025-03-09 16:27:07,0,1,16,3,Spring,M,white,nonhispanic,83,GOVERNMENT,20,0,1,5,118,7.0,1
6842050e-26e0-68aa-1fbc-faf6a0584162,6842050e-26e0-68aa-2784-d792f7e2fbd3,0.029,1027.29,0,urgentcare,2025-02-09 16:27:07,0,1,16,2,Winter,M,white,nonhispanic,83,GOVERNMENT,22,0,6,5,116,28.0,1
f9bc063f-72ba-e0e0-1ee5-5d0ef5b416de,f9bc063f-72ba-e0e0-b2c1-46eaf93cb284,4.153,52585.4,0,inpatient,2020-09-17 15:45:30,4,0,15,9,Fall,F,white,nonhispanic,62,GOVERNMENT,21,0,5,17,1,42.3,0
f9bc063f-72ba-e0e0-0132-e367ef16bbe5,f9bc063f-72ba-e0e0-b2c1-46eaf93cb284,1.0,1871.78,0,inpatient,2020-09-21 19:11:31,1,0,19,9,Fall,F,white,nonhispanic,62,GOVERNMENT,21,0,4,17,2,3.5,1
8ba59c1e-a0d3-343b-c884-9e93a68c5979,8ba59c1e-a0d3-343b-024a-a4a1330761cf,0.01,1331.15,0,urgentcare,2025-07-28 17:06:54,1,0,17,7,Summer,M,black,nonhispanic,84,GOVERNMENT,25,0,2,4,259,7.0,1
834901f2-b564-f766-ba58-97fd06d3d193,834901f2-b564-f766-6644-b335fbbbcf2f,0.038,872.3,0,urgentcare,2022-11-18 10:57:55,5,0,10,11,Fall,M,white,nonhispanic,63,GOVERNMENT,26,0,5,2,107,7.0,1
834901f2-b564-f766-1f8a-70811be3817c,834901f2-b564-f766-6644-b335fbbbcf2f,0.024,1088.0,0,urgentcare,2022-12-02 10:57:55,5,0,10,12,Winter,M,white,nonhispanic,63,GOVERNMENT,26,0,5,2,109,7.0,1
08d290f2-cacc-a5c9-19dd-4912ea694b7b,08d290f2-cacc-a5c9-e3f5-d1d9063f46e5,0.042,1515.1,0,emergency,1987-05-16 12:35:15,6,1,12,5,Spring,M,white,nonhispanic,65,NO_INSURANCE,29,0,5,3,392,14.0,1
1e43a258-caf4-44f5-f6f4-dd7927d3a29f,1e43a258-caf4-44f5-7e30-54213e8937f5,0.042,801.32,0,emergency,2023-10-12 08:57:15,4,0,8,10,Fall,M,white,nonhispanic,53,GOVERNMENT,18,0,7,6,31,7.0,1
8ba59c1e-a0d3-343b-9a12-9419ec21c767,8ba59c1e-a0d3-343b-024a-a4a1330761cf,0.01,1585.94,0,urgentcare,2025-07-14 17:06:54,1,0,17,7,Summer,M,black,nonhispanic,84,GOVERNMENT,26,0,2,4,257,7.0,1
834901f2-b564-f766-e21e-426673e7b4b8,834901f2-b564-f766-6644-b335fbbbcf2f,0.04,872.3,0,urgentcare,2022-10-21 10:57:55,5,0,10,10,Fall,M,white,nonhispanic,63,GOVERNMENT,26,0,6,2,103,7.0,1
08d290f2-cacc-a5c9-5e10-732a01a0c3ba,08d290f2-cacc-a5c9-e3f5-d1d9063f46e5,0.042,747.79,0,emergency,1987-03-28 12:35:15,6,1,12,3,Spring,M,white,nonhispanic,65,NO_INSURANCE,29,0,1,3,386,7.0,1
e2757458-d53f-cf44-123a-0cbfc78cedfd,e2757458-d53f-cf44-64c1-685b916857b7,0.01,1005.38,0,urgentcare,2024-07-22 23:15:13,1,0,23,7,Summer,M,white,nonhispanic,105,GOVERNMENT,27,0,1,5,120,7.0,1
6842050e-26e0-68aa-49a4-0301060e26a2,6842050e-26e0-68aa-2784-d792f7e2fbd3,0.042,801.32,0,emergency,2024-12-01 16:27:07,0,1,16,12,Winter,M,white,nonhispanic,82,GOVERNMENT,23,0,7,2,112,14.0,1
6842050e-26e0-68aa-6a5e-90b7ac22edff,6842050e-26e0-68aa-2784-d792f7e2fbd3,0.01,664.82,0,urgentcare,2024-12-08 16:27:07,0,1,16,12,Winter,M,white,nonhispanic,82,GOVERNMENT,21,0,1,2,113,7.0,1
6842050e-26e0-68aa-f1f5-09ba35444eea,6842050e-26e0-68aa-2784-d792f7e2fbd3,0.025,1013.42,0,urgentcare,2024-11-17 16:27:07,0,1,16,11,Fall,M,white,nonhispanic,82,GOVERNMENT,24,0,8,2,111,7.0,1
d53b5945-f75e-bef0-39ec-5f55b101c08d,d53b5945-f75e-bef0-5eb0-b98a830a275d,0.038,872.3,0,urgentcare,2024-06-15 17:27:42,6,1,17,6,Summer,F,white,nonhispanic,56,GOVERNMENT,19,0,5,4,22,63.0,0
08d290f2-cacc-a5c9-2021-f478a21556aa,08d290f2-cacc-a5c9-e3f5-d1d9063f46e5,0.01,358.28,0,urgentcare,1987-03-14 12:35:15,6,1,12,3,Spring,M,white,nonhispanic,65,NO_INSURANCE,28,0,1,3,384,7.0,1
834901f2-b564-f766-1760-efe5448aadb4,834901f2-b564-f766-6644-b335fbbbcf2f,0.01,1154.54,0,urgentcare,2022-09-16 10:57:55,5,0,10,9,Fall,M,white,nonhispanic,63,GOVERNMENT,27,0,1,2,98,7.0,1
08d290f2-cacc-a5c9-0724-c946a69c3119,08d290f2-cacc-a5c9-e3f5-d1d9063f46e5,0.042,423.16,0,emergency,1987-02-28 12:35:15,6,1,12,2,Winter,M,white,nonhispanic,65,NO_INSURANCE,27,0,1,3,382,7.0,1
e2757458-d53f-cf44-7e81-bdd0dccd775b,e2757458-d53f-cf44-64c1-685b916857b7,0.026,971.92,0,urgentcare,2024-05-06 23:15:13,1,0,23,5,Spring,M,white,nonhispanic,105,GOVERNMENT,27,0,7,6,117,14.0,1
6842050e-26e0-68aa-29d7-d2cbf4c179a8,6842050e-26e0-68aa-2784-d792f7e2fbd3,0.01,578.43,0,urgentcare,2024-10-13 16:27:07,0,1,16,10,Fall,M,white,nonhispanic,82,GOVERNMENT,22,0,1,2,107,7.0,1
8ba59c1e-a0d3-343b-0341-4c1b13590422,8ba59c1e-a0d3-343b-024a-a4a1330761cf,0.038,797.72,0,urgentcare,2025-05-05 17:06:54,1,0,17,5,Spring,M,black,nonhispanic,84,GOVERNMENT,25,0,1,5,253,28.0,1
834901f2-b564-f766-6b92-7e0d0ce65972,834901f2-b564-f766-6644-b335fbbbcf2f,0.042,875.9,0,emergency,2022-08-26 10:57:55,5,0,10,8,Summer,M,white,nonhispanic,63,GOVERNMENT,26,0,5,2,95,7.0,1
834901f2-b564-f766-0225-e1ede69315ea,834901f2-b564-f766-6644-b335fbbbcf2f,0.01,1154.54,0,urgentcare,2022-09-02 10:57:55,5,0,10,9,Fall,M,white,nonhispanic,63,GOVERNMENT,26,0,1,2,96,7.0,1
e2757458-d53f-cf44-2792-c4b9c8c67a8b,e2757458-d53f-cf44-64c1-685b916857b7,0.036,864.26,0,urgentcare,2024-04-22 23:15:13,1,0,23,4,Spring,M,white,nonhispanic,105,GOVERNMENT,29,0,6,6,116,28.0,1
834901f2-b564-f766-1809-487d5cf29e15,834901f2-b564-f766-6644-b335fbbbcf2f,0.042,1156.59,0,emergency,2022-08-05 10:57:55,5,0,10,8,Summer,M,white,nonhispanic,63,GOVERNMENT,25,0,1,2,92,7.0,1
1e43a258-caf4-44f5-1635-ccfac336cbc3,1e43a258-caf4-44f5-7e30-54213e8937f5,0.042,1286.12,0,emergency,2023-07-13 08:57:15,4,0,8,7,Summer,M,white,nonhispanic,53,GOVERNMENT,18,0,5,8,28,742.0,0
b05bbf3c-edbc-8bd0-9230-dda47e7bd043,b05bbf3c-edbc-8bd0-4a00-3e5e0e390ec9,0.01,666.19,0,urgentcare,2020-10-31 08:15:04,6,1,8,10,Fall,M,white,nonhispanic,65,GOVERNMENT,18,0,1,4,10,511.0,0
9240f7e0-68d5-363d-e81d-940159092998,9240f7e0-68d5-363d-452d-b6c22ecd75b4,0.03,797.72,0,urgentcare,2024-07-02 09:28:36,2,0,9,7,Summer,M,black,nonhispanic,50,PRIVATE,19,0,2,7,63,63.0,0
834901f2-b564-f766-8e92-b20c786a6eff,834901f2-b564-f766-6644-b335fbbbcf2f,0.01,507.44,0,urgentcare,2022-07-22 10:57:55,5,0,10,7,Summer,M,white,nonhispanic,63,GOVERNMENT,26,0,1,2,90,7.0,1
08d290f2-cacc-a5c9-b5ce-0831b208f238,08d290f2-cacc-a5c9-e3f5-d1d9063f46e5,0.01,541.69,0,urgentcare,1987-01-17 12:35:15,6,1,12,1,Winter,M,white,nonhispanic,65,NO_INSURANCE,27,0,1,3,376,7.0,1
9240f7e0-68d5-363d-221f-9fb768d1c03d,9240f7e0-68d5-363d-452d-b6c22ecd75b4,0.031,797.72,0,urgentcare,2024-04-30 09:28:36,2,0,9,4,Spring,M,black,nonhispanic,50,PRIVATE,19,0,3,6,62,63.0,0
834901f2-b564-f766-fe99-0231a9fd6219,834901f2-b564-f766-6644-b335fbbbcf2f,0.01,507.44,0,urgentcare,2022-06-24 10:57:55,5,0,10,6,Summer,M,white,nonhispanic,63,GOVERNMENT,26,0,1,2,86,7.0,1
08d290f2-cacc-a5c9-71cf-5d1f99cca0be,08d290f2-cacc-a5c9-e3f5-d1d9063f46e5,0.042,650.29,0,emergency,1987-01-03 12:35:15,6,1,12,1,Winter,M,white,nonhispanic,65,NO_INSURANCE,28,0,1,3,374,7.0,1
834901f2-b564-f766-1c53-0521f3164b04,834901f2-b564-f766-6644-b335fbbbcf2f,0.029,872.3,0,urgentcare,2022-05-20 10:57:55,5,0,10,5,Spring,M,white,nonhispanic,63,GOVERNMENT,26,0,5,2,81,7.0,1
834901f2-b564-f766-fd91-0e74933ffd3e,834901f2-b564-f766-6644-b335fbbbcf2f,0.042,875.9,0,emergency,2022-06-03 10:57:55,5,0,10,6,Summer,M,white,nonhispanic,63,GOVERNMENT,26,0,5,2,83,7.0,1
6842050e-26e0-68aa-85b0-d03108a50cdd,6842050e-26e0-68aa-2784-d792f7e2fbd3,0.01,1104.03,0,urgentcare,2024-08-18 16:27:07,0,1,16,8,Summer,M,white,nonhispanic,82,GOVERNMENT,23,0,1,2,101,7.0,1
834901f2-b564-f766-c811-faf805da16b5,834901f2-b564-f766-6644-b335fbbbcf2f,0.035,1127.03,0,urgentcare,2022-05-06 10:57:55,5,0,10,5,Spring,M,white,nonhispanic,63,GOVERNMENT,26,0,7,2,79,7.0,1
6842050e-26e0-68aa-2fdd-ab518b8964ea,6842050e-26e0-68aa-2784-d792f7e2fbd3,0.038,797.72,0,urgentcare,2024-07-28 16:27:07,0,1,16,7,Summer,M,white,nonhispanic,82,GOVERNMENT,23,0,8,2,98,7.0,1
6842050e-26e0-68aa-0104-2cd3c11cedab,6842050e-26e0-68aa-2784-d792f7e2fbd3,0.042,633.9,0,emergency,2024-08-04 16:27:07,0,1,16,8,Summer,M,white,nonhispanic,82,GOVERNMENT,22,0,1,2,99,7.0,1
08d290f2-cacc-a5c9-827d-04944fedadb2,08d290f2-cacc-a5c9-e3f5-d1d9063f46e5,0.01,860.38,0,urgentcare,1986-11-22 12:35:15,6,1,12,11,Fall,M,white,nonhispanic,64,NO_INSURANCE,28,0,1,3,368,7.0,1
834901f2-b564-f766-726f-faa88527ebf8,834901f2-b564-f766-6644-b335fbbbcf2f,0.035,872.3,0,urgentcare,2022-03-25 10:57:55,5,0,10,3,Spring,M,white,nonhispanic,63,GOVERNMENT,26,0,4,2,73,7.0,1
8ba59c1e-a0d3-343b-52fc-b17822e150f3,8ba59c1e-a0d3-343b-024a-a4a1330761cf,0.011,938.84,0,urgentcare,2025-01-06 17:06:54,1,0,17,1,Winter,M,black,nonhispanic,84,GOVERNMENT,26,0,2,4,245,7.0,1
6842050e-26e0-68aa-f78a-24c7d2570262,6842050e-26e0-68aa-2784-d792f7e2fbd3,0.042,1241.1,0,emergency,2024-06-16 16:27:07,0,1,16,6,Summer,M,white,nonhispanic,82,GOVERNMENT,24,0,7,3,92,7.0,1
e2757458-d53f-cf44-5139-85ac0cba4fa5,e2757458-d53f-cf44-64c1-685b916857b7,0.01,507.44,0,urgentcare,2023-08-21 23:15:13,1,0,23,8,Summer,M,white,nonhispanic,104,GOVERNMENT,24,0,1,6,107,7.0,1
6842050e-26e0-68aa-d4e0-4cc0370c384c,6842050e-26e0-68aa-2784-d792f7e2fbd3,0.042,801.32,0,emergency,2024-05-05 16:27:07,0,1,16,5,Spring,M,white,nonhispanic,82,GOVERNMENT,23,0,6,3,86,7.0,1
6842050e-26e0-68aa-58f7-1f171eafb176,6842050e-26e0-68aa-2784-d792f7e2fbd3,0.042,511.04,0,emergency,2024-05-12 16:27:07,0,1,16,5,Spring,M,white,nonhispanic,82,GOVERNMENT,23,0,1,3,87,7.0,1
08d290f2-cacc-a5c9-14c3-ad21097ecd7c,08d290f2-cacc-a5c9-e3f5-d1d9063f46e5,0.042,743.98,0,emergency,1986-08-16 12:35:15,6,1,12,8,Summer,M,white,nonhispanic,64,NO_INSURANCE,28,0,1,3,354,7.0,1
6842050e-26e0-68aa-397a-486d5ca44e64,6842050e-26e0-68aa-2784-d792f7e2fbd3,0.042,1127.79,0,emergency,2024-03-24 16:27:07,0,1,16,3,Spring,M,white,nonhispanic,82,GOVERNMENT,22,0,6,2,80,7.0,1
6842050e-26e0-68aa-cabc-0717da498ae1,6842050e-26e0-68aa-2784-d792f7e2fbd3,0.042,533.97,0,emergency,2024-03-03 16:27:07,0,1,16,3,Spring,M,white,nonhispanic,82,GOVERNMENT,22,0,1,2,77,7.0,1
8ba59c1e-a0d3-343b-b67f-d5bb70b02738,8ba59c1e-a0d3-343b-024a-a4a1330761cf,0.01,507.44,0,urgentcare,2024-09-16 17:06:54,1,0,17,9,Fall,M,black,nonhispanic,83,GOVERNMENT,25,0,1,5,232,7.0,1
08d290f2-cacc-a5c9-44e3-9225be2affe7,08d290f2-cacc-a5c9-e3f5-d1d9063f46e5,0.042,380.27,0,emergency,1986-07-19 12:35:15,6,1,12,7,Summer,M,white,nonhispanic,64,NO_INSURANCE,28,0,1,3,350,7.0,1
8ba59c1e-a0d3-343b-07ac-f2d56912a1f9,8ba59c1e-a0d3-343b-024a-a4a1330761cf,0.027,1229.12,0,urgentcare,2024-08-05 17:06:54,1,0,17,8,Summer,M,black,nonhispanic,83,GOVERNMENT,27,0,7,6,230,14.0,1
08d290f2-cacc-a5c9-36e1-b88a487afd1d,08d290f2-cacc-a5c9-e3f5-d1d9063f46e5,0.024,938.84,0,urgentcare,1986-06-28 12:35:15,6,1,12,6,Summer,M,white,nonhispanic,64,NO_INSURANCE,28,0,6,3,347,7.0,1
e2757458-d53f-cf44-7169-708a123224ef,e2757458-d53f-cf44-64c1-685b916857b7,0.01,507.44,0,urgentcare,2023-02-27 23:15:13,1,0,23,2,Winter,M,white,nonhispanic,104,GOVERNMENT,26,0,1,6,102,7.0,1
834901f2-b564-f766-0cdd-fa482d928ac9,834901f2-b564-f766-6644-b335fbbbcf2f,0.042,875.9,0,emergency,2021-11-05 10:57:55,5,0,10,11,Fall,M,white,nonhispanic,62,GOVERNMENT,25,0,6,2,54,7.0,1
1e43a258-caf4-44f5-c9c8-d7522054efad,1e43a258-caf4-44f5-7e30-54213e8937f5,0.04,933.72,0,urgentcare,2021-06-24 08:57:15,4,0,8,6,Summer,M,white,nonhispanic,51,GOVERNMENT,16,0,5,6,26,322.0,0
b05bbf3c-edbc-8bd0-ecb1-7bc3064ab0f6,b05bbf3c-edbc-8bd0-4a00-3e5e0e390ec9,0.01,669.38,0,urgentcare,2017-03-25 08:15:04,6,1,8,3,Spring,M,white,nonhispanic,62,PRIVATE,15,0,1,4,2,7.0,1
9240f7e0-68d5-363d-c878-1d35dff8d10f,9240f7e0-68d5-363d-452d-b6c22ecd75b4,0.029,797.72,0,urgentcare,2022-11-08 09:28:36,2,0,9,11,Fall,M,black,nonhispanic,48,PRIVATE,20,0,4,6,54,63.0,0
8ba59c1e-a0d3-343b-f5b7-fd109216c5a4,8ba59c1e-a0d3-343b-024a-a4a1330761cf,0.01,507.44,0,urgentcare,2024-05-20 17:06:54,1,0,17,5,Spring,M,black,nonhispanic,83,GOVERNMENT,23,0,1,4,224,7.0,1
6842050e-26e0-68aa-8805-66baa93308d2,6842050e-26e0-68aa-2784-d792f7e2fbd3,0.026,1505.53,0,urgentcare,2023-10-08 16:27:07,0,1,16,10,Fall,M,white,nonhispanic,81,GOVERNMENT,24,0,8,2,69,14.0,1
1e43a258-caf4-44f5-f11e-7b1a426381ed,1e43a258-caf4-44f5-7e30-54213e8937f5,0.031,797.72,0,urgentcare,2020-04-16 08:57:15,4,0,8,4,Spring,M,white,nonhispanic,50,GOVERNMENT,17,0,3,7,19,14.0,1
1e43a258-caf4-44f5-042e-1fe0a9538059,1e43a258-caf4-44f5-7e30-54213e8937f5,0.01,507.44,0,urgentcare,2020-04-23 08:57:15,4,0,8,4,Spring,M,white,nonhispanic,50,GOVERNMENT,17,0,1,7,20,7.0,1
834901f2-b564-f766-f1aa-d4d263324c58,834901f2-b564-f766-6644-b335fbbbcf2f,0.042,875.9,0,emergency,2021-06-04 10:57:55,5,0,10,6,Summer,M,white,nonhispanic,62,GOVERNMENT,26,0,3,4,32,7.0,1
834901f2-b564-f766-a42d-226665c194bb,834901f2-b564-f766-6644-b335fbbbcf2f,0.034,872.3,0,urgentcare,2021-06-18 10:57:55,5,0,10,6,Summer,M,white,nonhispanic,62,GOVERNMENT,25,0,3,4,34,7.0,1
834901f2-b564-f766-514a-9626e868f32a,834901f2-b564-f766-6644-b335fbbbcf2f,0.01,507.44,0,urgentcare,2021-06-25 10:57:55,5,0,10,6,Summer,M,white,nonhispanic,62,GOVERNMENT,25,0,1,4,35,7.0,1
6842050e-26e0-68aa-7730-90d9a3a7a46a,6842050e-26e0-68aa-2784-d792f7e2fbd3,0.025,1013.42,0,urgentcare,2023-07-16 16:27:07,0,1,16,7,Summer,M,white,nonhispanic,81,GOVERNMENT,22,0,8,4,65,20.9,1
6842050e-26e0-68aa-4516-06edaa935369,6842050e-26e0-68aa-2784-d792f7e2fbd3,0.033,797.72,0,urgentcare,2023-06-11 16:27:07,0,1,16,6,Summer,M,white,nonhispanic,81,GOVERNMENT,21,0,4,2,63,21.0,1
834901f2-b564-f766-8690-1ec1711bcd5e,834901f2-b564-f766-6644-b335fbbbcf2f,0.01,643.44,0,urgentcare,2021-05-14 10:57:55,5,0,10,5,Spring,M,white,nonhispanic,62,GOVERNMENT,25,0,1,4,29,7.0,1
5f662ce7-5293-9ecd-82b0-9782f98866d8,5f662ce7-5293-9ecd-d28b-e5913e19634a,0.01,507.44,0,urgentcare,2020-08-08 02:21:13,6,1,2,8,Summer,F,native,nonhispanic,63,PRIVATE,23,0,1,4,10,91.0,0
8ba59c1e-a0d3-343b-675e-87fed144ed6e,8ba59c1e-a0d3-343b-024a-a4a1330761cf,0.01,507.44,0,urgentcare,2023-12-18 17:06:54,1,0,17,12,Winter,M,black,nonhispanic,82,GOVERNMENT,24,0,1,3,216,7.0,1
185a2038-4c9a-6f44-7e47-cb6187dceabc,185a2038-4c9a-6f44-cf7d-78da9583dafc,0.037,723.14,0,urgentcare,2020-10-21 23:59:16,3,0,23,10,Fall,F,white,nonhispanic,49,GOVERNMENT,18,0,2,6,21,28.0,1
8ba59c1e-a0d3-343b-3cf1-755870cfb4b0,8ba59c1e-a0d3-343b-024a-a4a1330761cf,0.01,811.11,0,urgentcare,2023-11-06 17:06:54,1,0,17,11,Fall,M,black,nonhispanic,82,GOVERNMENT,24,0,1,4,213,7.0,1
5f662ce7-5293-9ecd-eb33-dc7d036e19a7,5f662ce7-5293-9ecd-d28b-e5913e19634a,0.033,1088.0,0,urgentcare,2020-01-11 02:21:13,6,1,2,1,Winter,F,native,nonhispanic,63,PRIVATE,24,0,4,5,8,56.0,0
9240f7e0-68d5-363d-7f9b-aa58816f1c0b,9240f7e0-68d5-363d-452d-b6c22ecd75b4,0.025,797.72,0,urgentcare,2021-06-15 09:28:36,2,0,9,6,Summer,M,black,nonhispanic,47,PRIVATE,21,0,4,6,43,28.0,1
8ba59c1e-a0d3-343b-fbed-856f98043411,8ba59c1e-a0d3-343b-024a-a4a1330761cf,0.01,847.02,0,urgentcare,2023-07-31 17:06:54,1,0,17,7,Summer,M,black,nonhispanic,82,GOVERNMENT,25,0,1,4,205,14.0,1
1e43a258-caf4-44f5-14f0-b22527bde89a,1e43a258-caf4-44f5-7e30-54213e8937f5,0.042,801.32,0,emergency,2018-05-17 08:57:15,4,0,8,5,Spring,M,white,nonhispanic,48,GOVERNMENT,16,0,5,6,10,7.0,1
e2757458-d53f-cf44-664c-d7ec5eda16d2,e2757458-d53f-cf44-64c1-685b916857b7,0.021,1013.42,0,urgentcare,2021-03-22 23:15:13,1,0,23,3,Spring,M,white,nonhispanic,102,GOVERNMENT,24,0,6,5,76,21.0,1
6842050e-26e0-68aa-b9d1-a67d2d9f17cc,6842050e-26e0-68aa-2784-d792f7e2fbd3,0.021,1088.0,0,urgentcare,2022-08-14 16:27:07,0,1,16,8,Summer,M,white,nonhispanic,80,GOVERNMENT,22,0,7,3,50,28.0,1
1e43a258-caf4-44f5-9d59-3c4265551873,1e43a258-caf4-44f5-7e30-54213e8937f5,0.035,1013.42,0,urgentcare,2017-01-19 08:57:15,4,0,8,1,Winter,M,white,nonhispanic,47,GOVERNMENT,14,0,7,7,6,28.0,1
9240f7e0-68d5-363d-3cda-aa28a18717f4,9240f7e0-68d5-363d-452d-b6c22ecd75b4,0.022,797.72,0,urgentcare,2020-06-30 09:28:36,2,0,9,6,Summer,M,black,nonhispanic,46,PRIVATE,21,0,5,10,32,42.0,0
d53b5945-f75e-bef0-eb82-b93c8b33003a,d53b5945-f75e-bef0-5eb0-b98a830a275d,0.042,577.58,0,emergency,2016-10-22 17:27:42,6,1,17,10,Fall,F,white,nonhispanic,48,GOVERNMENT,13,0,1,0,1,854.0,0
185a2038-4c9a-6f44-769c-9cfac2163b0d,185a2038-4c9a-6f44-cf7d-78da9583dafc,0.035,1585.94,0,urgentcare,2019-05-29 23:59:16,3,0,23,5,Spring,F,white,nonhispanic,48,GOVERNMENT,19,0,6,6,9,91.0,0
185a2038-4c9a-6f44-0835-fedcb77960e2,185a2038-4c9a-6f44-cf7d-78da9583dafc,0.01,507.44,0,urgentcare,2019-10-30 23:59:16,3,0,23,10,Fall,F,white,nonhispanic,48,GOVERNMENT,17,0,1,7,13,35.0,0
834901f2-b564-f766-4c36-b5a4ca673ff8,834901f2-b564-f766-6644-b335fbbbcf2f,0.031,872.3,0,urgentcare,2019-05-03 10:57:55,5,0,10,5,Spring,M,white,nonhispanic,60,GOVERNMENT,25,0,6,3,15,7.0,1
834901f2-b564-f766-3d0d-62a51cd63f2f,834901f2-b564-f766-6644-b335fbbbcf2f,0.026,1331.66,0,urgentcare,2019-04-19 10:57:55,5,0,10,4,Spring,M,white,nonhispanic,60,GOVERNMENT,25,0,7,3,13,7.0,1
1e43a258-caf4-44f5-16c4-83c94d526c6d,1e43a258-caf4-44f5-7e30-54213e8937f5,0.01,604.28,0,urgentcare,2016-11-17 08:57:15,4,0,8,11,Fall,M,white,nonhispanic,46,GOVERNMENT,15,0,1,6,4,14.0,1
834901f2-b564-f766-528f-86a6c0af742e,834901f2-b564-f766-6644-b335fbbbcf2f,0.034,872.3,0,urgentcare,2018-10-19 10:57:55,5,0,10,10,Fall,M,white,nonhispanic,59,GOVERNMENT,25,0,6,4,10,203.0,0
9240f7e0-68d5-363d-4d75-47982a0b5d1d,9240f7e0-68d5-363d-452d-b6c22ecd75b4,0.022,1013.42,0,urgentcare,2020-02-18 09:28:36,2,0,9,2,Winter,M,black,nonhispanic,46,PRIVATE,18,0,8,7,29,84.0,0
8ba59c1e-a0d3-343b-6081-011775d76584,8ba59c1e-a0d3-343b-024a-a4a1330761cf,0.016,723.14,0,urgentcare,2022-08-22 17:06:54,1,0,17,8,Summer,M,black,nonhispanic,81,GOVERNMENT,25,0,1,3,180,7.0,1
8ba59c1e-a0d3-343b-76a1-472598538956,8ba59c1e-a0d3-343b-024a-a4a1330761cf,0.01,805.5,0,urgentcare,2022-09-19 17:06:54,1,0,17,9,Fall,M,black,nonhispanic,81,GOVERNMENT,24,0,1,3,182,7.0,1
6842050e-26e0-68aa-bd16-ebd08bc86a7d,6842050e-26e0-68aa-2784-d792f7e2fbd3,0.024,797.72,0,urgentcare,2021-11-21 16:27:07,0,1,16,11,Fall,M,white,nonhispanic,79,GOVERNMENT,21,0,5,3,37,28.0,1
8ba59c1e-a0d3-343b-e8f1-2db31c00d30d,8ba59c1e-a0d3-343b-024a-a4a1330761cf,0.01,515.52,0,urgentcare,2022-08-08 17:06:54,1,0,17,8,Summer,M,black,nonhispanic,81,GOVERNMENT,24,0,1,3,178,14.0,1
e2757458-d53f-cf44-da8c-bf3c06c53acb,e2757458-d53f-cf44-64c1-685b916857b7,0.036,797.72,0,urgentcare,2020-03-30 23:15:13,1,0,23,3,Spring,M,white,nonhispanic,101,GOVERNMENT,25,0,2,4,63,35.0,0
9240f7e0-68d5-363d-6fb9-161228c4914c,9240f7e0-68d5-363d-452d-b6c22ecd75b4,0.035,1013.42,0,urgentcare,2019-08-27 09:28:36,2,0,9,8,Summer,M,black,nonhispanic,45,PRIVATE,18,0,6,7,25,35.0,0
8ba59c1e-a0d3-343b-d647-dea1a1651fcb,8ba59c1e-a0d3-343b-024a-a4a1330761cf,0.03,1229.12,0,urgentcare,2022-06-06 17:06:54,1,0,17,6,Summer,M,black,nonhispanic,81,GOVERNMENT,24,0,7,3,175,21.0,1
8ba59c1e-a0d3-343b-1d89-00101a763c5e,8ba59c1e-a0d3-343b-024a-a4a1330761cf,0.014,723.14,0,urgentcare,2022-03-28 17:06:54,1,0,17,3,Spring,M,black,nonhispanic,81,GOVERNMENT,22,0,1,4,169,7.0,1
8ba59c1e-a0d3-343b-0047-b38414ad98df,8ba59c1e-a0d3-343b-024a-a4a1330761cf,0.014,723.14,0,urgentcare,2022-02-14 17:06:54,1,0,17,2,Winter,M,black,nonhispanic,81,GOVERNMENT,22,0,1,5,166,7.0,1
8ba59c1e-a0d3-343b-4e7e-f3de3f4905fd,8ba59c1e-a0d3-343b-024a-a4a1330761cf,0.038,797.72,0,urgentcare,2022-02-21 17:06:54,1,0,17,2,Winter,M,black,nonhispanic,81,GOVERNMENT,22,0,5,5,167,7.0,1
8ba59c1e-a0d3-343b-2e7a-b45f3404f40b,8ba59c1e-a0d3-343b-024a-a4a1330761cf,0.016,1310.79,0,urgentcare,2021-10-18 17:06:54,1,0,17,10,Fall,M,black,nonhispanic,80,GOVERNMENT,23,0,2,3,156,7.0,1
8ba59c1e-a0d3-343b-a045-814fba80e57b,8ba59c1e-a0d3-343b-024a-a4a1330761cf,0.042,726.74,0,emergency,2021-09-20 17:06:54,1,0,17,9,Fall,M,black,nonhispanic,80,GOVERNMENT,24,0,1,3,152,7.0,1
8ba59c1e-a0d3-343b-f709-8e5ad125f785,8ba59c1e-a0d3-343b-024a-a4a1330761cf,0.027,1229.12,0,urgentcare,2021-08-30 17:06:54,1,0,17,8,Summer,M,black,nonhispanic,80,GOVERNMENT,25,0,6,3,150,7.0,1
6842050e-26e0-68aa-fe10-9739367bd2ec,6842050e-26e0-68aa-2784-d792f7e2fbd3,0.01,507.44,0,urgentcare,2020-11-08 16:27:07,0,1,16,11,Fall,M,white,nonhispanic,78,GOVERNMENT,20,0,1,4,21,7.0,1
8ba59c1e-a0d3-343b-807a-fcac8e2d0cbc,8ba59c1e-a0d3-343b-024a-a4a1330761cf,0.01,507.44,0,urgentcare,2021-08-09 17:06:54,1,0,17,8,Summer,M,black,nonhispanic,80,GOVERNMENT,24,0,1,3,147,7.0,1
e2757458-d53f-cf44-80cd-d5277d8e5ef3,e2757458-d53f-cf44-64c1-685b916857b7,0.042,1321.77,0,emergency,2019-04-08 23:15:13,1,0,23,4,Spring,M,white,nonhispanic,100,GOVERNMENT,24,0,8,5,49,28.0,1
8ba59c1e-a0d3-343b-d0d7-78b6de85e1de,8ba59c1e-a0d3-343b-024a-a4a1330761cf,0.01,870.73,0,urgentcare,2021-07-26 17:06:54,1,0,17,7,Summer,M,black,nonhispanic,80,GOVERNMENT,25,0,1,3,145,7.0,1
834901f2-b564-f766-5684-f8b04ce4e6e6,834901f2-b564-f766-6644-b335fbbbcf2f,0.01,532.63,0,urgentcare,2016-11-18 10:57:55,5,0,10,11,Fall,M,white,nonhispanic,57,GOVERNMENT,25,0,1,7,6,28.0,1
8ba59c1e-a0d3-343b-e95d-75e287bc4787,8ba59c1e-a0d3-343b-024a-a4a1330761cf,0.042,1158.14,0,emergency,2021-07-12 17:06:54,1,0,17,7,Summer,M,black,nonhispanic,80,GOVERNMENT,24,0,1,3,143,14.0,1
9240f7e0-68d5-363d-24d9-bd57eb308acb,9240f7e0-68d5-363d-452d-b6c22ecd75b4,0.01,507.44,0,urgentcare,2017-04-11 09:28:36,2,0,9,4,Spring,M,black,nonhispanic,43,PRIVATE,18,0,1,6,14,35.0,0
8ba59c1e-a0d3-343b-a139-3ab04c761c2a,8ba59c1e-a0d3-343b-024a-a4a1330761cf,0.042,1232.72,0,emergency,2021-06-21 17:06:54,1,0,17,6,Summer,M,black,nonhispanic,80,GOVERNMENT,23,0,7,3,141,7.0,1
8ba59c1e-a0d3-343b-304f-4a512681ccea,8ba59c1e-a0d3-343b-024a-a4a1330761cf,0.042,1147.69,0,emergency,2021-05-31 17:06:54,1,0,17,5,Spring,M,black,nonhispanic,80,GOVERNMENT,24,0,1,3,138,7.0,1
6842050e-26e0-68aa-3593-2d5ccd1ed21e,6842050e-26e0-68aa-2784-d792f7e2fbd3,0.034,1660.52,0,urgentcare,2018-09-09 16:27:07,0,1,16,9,Fall,M,white,nonhispanic,76,GOVERNMENT,19,0,7,4,13,35.0,0
e2757458-d53f-cf44-ee5e-f81c850a09b8,e2757458-d53f-cf44-64c1-685b916857b7,0.039,797.72,0,urgentcare,2018-08-06 23:15:13,1,0,23,8,Summer,M,white,nonhispanic,99,GOVERNMENT,24,0,7,4,36,21.0,1
e2757458-d53f-cf44-0418-f1f618e05c2a,e2757458-d53f-cf44-64c1-685b916857b7,0.01,796.82,0,urgentcare,2018-08-13 23:15:13,1,0,23,8,Summer,M,white,nonhispanic,99,GOVERNMENT,23,0,1,4,37,7.0,1
8ba59c1e-a0d3-343b-132c-2567561277cb,8ba59c1e-a0d3-343b-024a-a4a1330761cf,0.042,726.74,0,emergency,2021-04-05 17:06:54,1,0,17,4,Spring,M,black,nonhispanic,80,GOVERNMENT,23,0,1,3,130,7.0,1
6842050e-26e0-68aa-58e5-41bd468b4362,6842050e-26e0-68aa-2784-d792f7e2fbd3,0.01,643.44,0,urgentcare,2018-07-22 16:27:07,0,1,16,7,Summer,M,white,nonhispanic,76,GOVERNMENT,19,0,1,2,11,7.0,1
8ba59c1e-a0d3-343b-ac3b-fea91d0ddf22,8ba59c1e-a0d3-343b-024a-a4a1330761cf,0.042,873.05,0,emergency,2021-03-08 17:06:54,1,0,17,3,Spring,M,black,nonhispanic,80,GOVERNMENT,23,0,1,3,126,7.0,1
9240f7e0-68d5-363d-f34f-3a02f89fca98,9240f7e0-68d5-363d-452d-b6c22ecd75b4,0.027,1013.42,0,urgentcare,2016-12-06 09:28:36,2,0,9,12,Winter,M,black,nonhispanic,42,PRIVATE,15,0,2,7,7,56.0,0
e2757458-d53f-cf44-af72-c4ee9174a4c9,e2757458-d53f-cf44-64c1-685b916857b7,0.021,797.72,0,urgentcare,2018-05-07 23:15:13,1,0,23,5,Spring,M,white,nonhispanic,99,GOVERNMENT,24,0,7,5,30,28.0,1
6842050e-26e0-68aa-33eb-69148b1700f8,6842050e-26e0-68aa-2784-d792f7e2fbd3,0.01,1154.54,0,urgentcare,2018-06-24 16:27:07,0,1,16,6,Summer,M,white,nonhispanic,76,GOVERNMENT,19,0,1,2,8,7.0,1
8ba59c1e-a0d3-343b-13a9-6e3cc37c8b13,8ba59c1e-a0d3-343b-024a-a4a1330761cf,0.042,704.41,0,emergency,2021-02-22 17:06:54,1,0,17,2,Winter,M,black,nonhispanic,80,GOVERNMENT,22,0,1,3,124,7.0,1
8ba59c1e-a0d3-343b-0414-ab3cd716d344,8ba59c1e-a0d3-343b-024a-a4a1330761cf,0.01,724.18,0,urgentcare,2020-11-16 17:06:54,1,0,17,11,Fall,M,black,nonhispanic,79,GOVERNMENT,22,0,1,4,115,14.0,1
8ba59c1e-a0d3-343b-51b3-7a705417a7ff,8ba59c1e-a0d3-343b-024a-a4a1330761cf,0.01,507.44,0,urgentcare,2020-11-02 17:06:54,1,0,17,11,Fall,M,black,nonhispanic,79,GOVERNMENT,24,0,1,4,114,7.0,1
8ba59c1e-a0d3-343b-6467-269072a4fa7a,8ba59c1e-a0d3-343b-024a-a4a1330761cf,0.01,507.44,0,urgentcare,2020-09-14 17:06:54,1,0,17,9,Fall,M,black,nonhispanic,79,GOVERNMENT,24,0,1,3,111,14.0,1
8ba59c1e-a0d3-343b-f938-4f6a514e9c1c,8ba59c1e-a0d3-343b-024a-a4a1330761cf,0.041,1496.42,0,urgentcare,2020-07-13 17:06:54,1,0,17,7,Summer,M,black,nonhispanic,79,GOVERNMENT,24,0,7,4,106,7.0,1
8ba59c1e-a0d3-343b-1695-5fb1e84b4a18,8ba59c1e-a0d3-343b-024a-a4a1330761cf,0.01,507.44,0,urgentcare,2020-05-04 17:06:54,1,0,17,5,Spring,M,black,nonhispanic,79,GOVERNMENT,23,0,1,3,102,7.0,1
e2757458-d53f-cf44-3d7c-247d2db1f19e,e2757458-d53f-cf44-64c1-685b916857b7,0.036,1013.42,0,urgentcare,2021-04-19 23:15:13,1,0,23,4,Spring,M,white,nonhispanic,102,GOVERNMENT,22,0,6,5,78,21.0,1
e2757458-d53f-cf44-b65d-9cf7f6a8b7c0,e2757458-d53f-cf44-64c1-685b916857b7,0.01,507.44,0,urgentcare,2016-10-17 23:15:13,1,0,23,10,Fall,M,white,nonhispanic,97,GOVERNMENT,22,0,1,5,5,35.0,0
8ba59c1e-a0d3-343b-b3f3-b3dc4e5792de,8ba59c1e-a0d3-343b-024a-a4a1330761cf,0.042,1017.02,0,emergency,2019-11-04 17:06:54,1,0,17,11,Fall,M,black,nonhispanic,78,GOVERNMENT,23,0,4,3,84,7.0,1
8ba59c1e-a0d3-343b-da4b-3737939aa268,8ba59c1e-a0d3-343b-024a-a4a1330761cf,0.021,938.84,0,urgentcare,2019-09-30 17:06:54,1,0,17,9,Fall,M,black,nonhispanic,78,GOVERNMENT,26,0,2,4,80,7.0,1
8ba59c1e-a0d3-343b-efae-090d3008646e,8ba59c1e-a0d3-343b-024a-a4a1330761cf,0.032,814.08,0,urgentcare,2019-07-22 17:06:54,1,0,17,7,Summer,M,black,nonhispanic,78,GOVERNMENT,25,0,6,3,74,14.0,1
8ba59c1e-a0d3-343b-b77b-482905b60124,8ba59c1e-a0d3-343b-024a-a4a1330761cf,0.018,723.14,0,urgentcare,2019-06-10 17:06:54,1,0,17,6,Summer,M,black,nonhispanic,78,GOVERNMENT,23,0,1,4,71,7.0,1
8ba59c1e-a0d3-343b-3f73-cc986cded3ea,8ba59c1e-a0d3-343b-024a-a4a1330761cf,0.011,723.14,0,urgentcare,2017-08-14 17:06:54,1,0,17,8,Summer,M,black,nonhispanic,76,GOVERNMENT,22,0,1,4,26,7.0,1
8ba59c1e-a0d3-343b-df2d-97981d6a1092,8ba59c1e-a0d3-343b-024a-a4a1330761cf,0.01,544.16,0,urgentcare,2016-09-19 17:06:54,1,0,17,9,Fall,M,black,nonhispanic,75,GOVERNMENT,23,0,1,3,4,7.0,1
8ba59c1e-a0d3-343b-d794-704a648bdd69,8ba59c1e-a0d3-343b-024a-a4a1330761cf,0.01,817.36,0,urgentcare,2016-12-12 17:06:54,1,0,17,12,Winter,M,black,nonhispanic,75,GOVERNMENT,23,0,1,4,10,7.0,1
8ba59c1e-a0d3-343b-be5b-4cf2166f6e01,8ba59c1e-a0d3-343b-024a-a4a1330761cf,0.042,715.83,0,emergency,2017-02-06 17:06:54,1,0,17,2,Winter,M,black,nonhispanic,76,GOVERNMENT,24,0,1,4,12,7.0,1
8ba59c1e-a0d3-343b-b391-8a597e7a1dcf,8ba59c1e-a0d3-343b-024a-a4a1330761cf,0.037,1229.12,0,urgentcare,2017-11-06 17:06:54,1,0,17,11,Fall,M,black,nonhispanic,76,GOVERNMENT,24,0,5,4,31,28.0,1
8ba59c1e-a0d3-343b-edbd-12f7c6b1d537,8ba59c1e-a0d3-343b-024a-a4a1330761cf,0.01,860.17,0,urgentcare,2017-11-13 17:06:54,1,0,17,11,Fall,M,black,nonhispanic,76,GOVERNMENT,22,0,1,4,32,7.0,1
8ba59c1e-a0d3-343b-472a-b551dc066d8d,8ba59c1e-a0d3-343b-024a-a4a1330761cf,0.017,1482.75,0,urgentcare,2017-12-11 17:06:54,1,0,17,12,Winter,M,black,nonhispanic,76,GOVERNMENT,23,0,2,3,35,7.0,1
8ba59c1e-a0d3-343b-dc32-80af6f5e0c7f,8ba59c1e-a0d3-343b-024a-a4a1330761cf,0.021,938.84,0,urgentcare,2018-01-15 17:06:54,1,0,17,1,Winter,M,black,nonhispanic,77,GOVERNMENT,24,0,2,4,37,7.0,1
8ba59c1e-a0d3-343b-bb71-f91c6ffe9453,8ba59c1e-a0d3-343b-024a-a4a1330761cf,0.042,726.74,0,emergency,2018-01-29 17:06:54,1,0,17,1,Winter,M,black,nonhispanic,77,GOVERNMENT,25,0,1,4,38,14.0,1
8ba59c1e-a0d3-343b-12c7-cb6cb31a13e0,8ba59c1e-a0d3-343b-024a-a4a1330761cf,0.01,1154.54,0,urgentcare,2018-04-09 17:06:54,1,0,17,4,Spring,M,black,nonhispanic,77,GOVERNMENT,25,0,1,3,43,7.0,1
8ba59c1e-a0d3-343b-159e-56759ff24acb,8ba59c1e-a0d3-343b-024a-a4a1330761cf,0.035,1013.42,0,urgentcare,2018-05-21 17:06:54,1,0,17,5,Spring,M,black,nonhispanic,77,GOVERNMENT,23,0,6,4,46,7.0,1
8ba59c1e-a0d3-343b-ef45-b707a2be0be9,8ba59c1e-a0d3-343b-024a-a4a1330761cf,0.011,723.14,0,urgentcare,2018-11-05 17:06:54,1,0,17,11,Fall,M,black,nonhispanic,77,GOVERNMENT,24,0,1,3,54,7.0,1
8ba59c1e-a0d3-343b-e619-083038e7f9e4,8ba59c1e-a0d3-343b-024a-a4a1330761cf,0.024,797.72,0,urgentcare,2018-12-10 17:06:54,1,0,17,12,Winter,M,black,nonhispanic,77,GOVERNMENT,23,0,4,3,57,7.0,1
8ba59c1e-a0d3-343b-2687-1b3a66c513bd,8ba59c1e-a0d3-343b-024a-a4a1330761cf,0.01,723.14,0,urgentcare,2018-12-31 17:06:54,1,0,17,12,Winter,M,black,nonhispanic,77,GOVERNMENT,23,0,1,3,59,7.0,1
8ba59c1e-a0d3-343b-9734-f1907a9a275d,8ba59c1e-a0d3-343b-024a-a4a1330761cf,0.042,511.04,0,emergency,2019-12-23 17:06:54,1,0,17,12,Winter,M,black,nonhispanic,78,GOVERNMENT,25,0,1,3,89,14.0,1
8ba59c1e-a0d3-343b-57ae-72bffab473e0,8ba59c1e-a0d3-343b-024a-a4a1330761cf,0.042,1393.85,0,emergency,2020-01-20 17:06:54,1,0,17,1,Winter,M,black,nonhispanic,79,GOVERNMENT,23,0,2,3,92,14.0,1
8ba59c1e-a0d3-343b-eabf-c2f6862c9683,8ba59c1e-a0d3-343b-024a-a4a1330761cf,0.042,726.74,0,emergency,2020-02-17 17:06:54,1,0,17,2,Winter,M,black,nonhispanic,79,GOVERNMENT,23,0,1,3,95,14.0,1
8ba59c1e-a0d3-343b-25a2-001e960c9b39,8ba59c1e-a0d3-343b-024a-a4a1330761cf,0.011,723.14,0,urgentcare,2021-11-15 17:06:54,1,0,17,11,Fall,M,black,nonhispanic,80,GOVERNMENT,23,0,1,3,159,7.0,1
8ba59c1e-a0d3-343b-4a09-193a647d20b1,8ba59c1e-a0d3-343b-024a-a4a1330761cf,0.01,507.44,0,urgentcare,2022-01-03 17:06:54,1,0,17,1,Winter,M,black,nonhispanic,81,GOVERNMENT,23,0,1,5,162,7.0,1
8ba59c1e-a0d3-343b-1185-ff3eb2b435f9,8ba59c1e-a0d3-343b-024a-a4a1330761cf,0.022,2091.92,0,urgentcare,2023-02-06 17:06:54,1,0,17,2,Winter,M,black,nonhispanic,82,GOVERNMENT,23,0,8,4,193,21.0,1
8ba59c1e-a0d3-343b-c237-6f1026cf7c47,8ba59c1e-a0d3-343b-024a-a4a1330761cf,0.036,1229.12,0,urgentcare,2023-05-08 17:06:54,1,0,17,5,Spring,M,black,nonhispanic,82,GOVERNMENT,23,0,7,4,199,28.0,1
08d290f2-cacc-a5c9-66ce-149afddd8619,08d290f2-cacc-a5c9-e3f5-d1d9063f46e5,0.042,146.18,0,emergency,1988-07-30 12:35:15,6,1,12,7,Summer,M,white,nonhispanic,66,GOVERNMENT,28,0,0,3,454,7.0,1
d0f9444c-7d4e-7b58-af8b-2771cf703ce1,d0f9444c-7d4e-7b58-d75c-809f131df755,2.0,146.18,0,inpatient,2026-08-02 18:01:50,0,1,18,8,Summer,M,white,nonhispanic,54,GOVERNMENT,15,0,0,2,10,858.8,0
65ac11a1-d694-769d-00d2-2a29bbc5e2d8,65ac11a1-d694-769d-1766-6194786b5339,7.0,146.18,0,inpatient,2026-02-24 10:00:59,2,0,10,2,Winter,M,white,nonhispanic,45,GOVERNMENT,12,0,0,0,12,106.4,0
0dee4486-e712-9af4-4dc4-4fe4b52f73bc,0dee4486-e712-9af4-e6d2-47c6ca35224c,2.0,146.18,0,inpatient,2026-08-18 19:44:16,2,0,19,8,Summer,F,white,nonhispanic,30,GOVERNMENT,10,0,0,0,9,1395.4,0
08d290f2-cacc-a5c9-1d1e-167082f90dfc,08d290f2-cacc-a5c9-e3f5-d1d9063f46e5,0.01,142.58,0,urgentcare,1988-08-13 12:35:15,6,1,12,8,Summer,M,white,nonhispanic,66,GOVERNMENT,26,0,0,3,456,7.0,1
cad53337-8e67-8d30-3288-002c96c45b5e,cad53337-8e67-8d30-d714-3e1e228a1025,10.0,146.18,1,inpatient,2026-04-22 15:36:43,3,0,15,4,Spring,F,white,nonhispanic,66,GOVERNMENT,13,0,0,0,8,1332.4,0
a890d187-bb81-ffd0-3c04-f7e422620162,a890d187-bb81-ffd0-2cdf-aeec12d89206,19.0,146.18,1,inpatient,2026-07-21 06:51:50,2,0,6,7,Summer,M,white,nonhispanic,84,GOVERNMENT,23,0,0,0,11,329.5,0
6e0920b9-a44a-29bf-cacb-d1b470ba44db,6e0920b9-a44a-29bf-42c7-3000b475f29b,0.01,149.38,0,urgentcare,2025-07-03 07:06:37,4,0,7,7,Summer,F,white,nonhispanic,72,GOVERNMENT,17,0,0,1,5,7.0,1
7fc53d6b-8e7b-b5b9-9b27-e3e8e9caddb6,7fc53d6b-8e7b-b5b9-b8bf-ee66bd08a156,0.042,146.18,0,emergency,2025-07-17 08:01:10,4,0,8,7,Summer,F,white,hispanic,12,PRIVATE,3,0,0,2,3,158.9,0
7fc53d6b-8e7b-b5b9-c294-76b95c6d77f4,7fc53d6b-8e7b-b5b9-b8bf-ee66bd08a156,0.042,146.18,0,emergency,2026-01-16 00:01:10,5,0,0,1,Winter,F,white,hispanic,13,PRIVATE,3,0,0,0,4,182.6,0
050d9cee-dd68-533c-8a28-97577814629a,050d9cee-dd68-533c-cbec-cd7703b46b53,3.0,146.18,0,inpatient,2026-04-15 04:31:59,3,0,4,4,Spring,M,white,nonhispanic,44,GOVERNMENT,15,0,0,0,11,7.0,1
0b6a2173-23fa-9899-7b07-361c4c71245d,0b6a2173-23fa-9899-ebdc-6efb639967b7,1.0,146.18,0,inpatient,2001-10-06 00:36:51,6,1,0,10,Fall,M,white,nonhispanic,29,PRIVATE,9,0,0,0,9,1298.3,0
0b6a2173-23fa-9899-329e-ac734866219b,0b6a2173-23fa-9899-ebdc-6efb639967b7,14.0,146.18,1,inpatient,2002-04-14 00:36:51,0,1,0,4,Spring,M,white,nonhispanic,30,PRIVATE,9,0,0,0,10,189.0,0
050d9cee-dd68-533c-3e53-1d5b657faab4,050d9cee-dd68-533c-cbec-cd7703b46b53,11.0,146.18,1,inpatient,2025-03-28 21:31:59,5,0,21,3,Spring,M,white,nonhispanic,43,GOVERNMENT,17,0,0,0,9,21.0,1
a0cd9f18-6af4-7fdf-7aad-1b797be5933d,a0cd9f18-6af4-7fdf-42ef-7dec3d4b8e68,0.01,142.58,0,urgentcare,1961-02-09 08:20:39,4,0,8,2,Winter,F,white,nonhispanic,3,GOVERNMENT,5,0,0,1,11,322.0,0
a0cd9f18-6af4-7fdf-948d-c4d87e1ee599,a0cd9f18-6af4-7fdf-42ef-7dec3d4b8e68,0.01,142.58,0,urgentcare,1961-09-07 08:20:39,4,0,8,9,Fall,F,white,nonhispanic,3,GOVERNMENT,5,0,0,1,12,210.0,0
0dee4486-e712-9af4-f287-96c15a207f6f,0dee4486-e712-9af4-e6d2-47c6ca35224c,1.0,146.18,0,inpatient,2022-10-22 10:01:35,6,1,10,10,Fall,F,white,nonhispanic,26,GOVERNMENT,11,0,0,0,8,670.3,0
050d9cee-dd68-533c-8ea6-75d609a4a7ab,050d9cee-dd68-533c-cbec-cd7703b46b53,17.0,146.18,1,inpatient,2023-01-19 08:47:57,4,0,8,1,Winter,M,white,nonhispanic,41,GOVERNMENT,18,0,0,0,7,355.6,0
4933da33-4469-df98-c209-da2d2cfbdec6,4933da33-4469-df98-314f-a91a26eda211,0.01,278.58,0,urgentcare,2022-02-02 21:22:53,3,0,21,2,Winter,M,white,hispanic,39,PRIVATE,4,0,0,0,1,7.0,1
65ac11a1-d694-769d-1610-2c7ff5d8af14,65ac11a1-d694-769d-1766-6194786b5339,11.0,146.18,1,inpatient,2023-06-25 02:31:55,0,1,2,6,Summer,M,white,nonhispanic,42,GOVERNMENT,13,0,0,0,10,1691.5,0
0d060968-db34-9775-4deb-d279c44926b3,0d060968-db34-9775-06a7-de881a238173,0.01,149.38,0,urgentcare,2022-09-06 22:45:57,2,0,22,9,Fall,M,asian,nonhispanic,82,GOVERNMENT,16,0,0,1,2,7.0,1
08d290f2-cacc-a5c9-6a17-7253d2c554ae,08d290f2-cacc-a5c9-e3f5-d1d9063f46e5,0.042,146.18,0,emergency,1988-04-23 12:35:15,6,1,12,4,Spring,M,white,nonhispanic,66,GOVERNMENT,28,0,0,3,441,7.0,1
08d290f2-cacc-a5c9-63f2-ae620dfed3ac,08d290f2-cacc-a5c9-e3f5-d1d9063f46e5,0.042,146.18,0,emergency,1988-05-07 12:35:15,6,1,12,5,Spring,M,white,nonhispanic,66,GOVERNMENT,28,0,0,3,443,7.0,1
08d290f2-cacc-a5c9-8e7d-4f52e337fc07,08d290f2-cacc-a5c9-e3f5-d1d9063f46e5,0.042,146.18,0,emergency,1988-05-21 12:35:15,6,1,12,5,Spring,M,white,nonhispanic,66,GOVERNMENT,28,0,0,3,444,14.0,1
1e43a258-caf4-44f5-4ca2-2e9d9bb3fd9c,1e43a258-caf4-44f5-7e30-54213e8937f5,0.01,291.74,0,urgentcare,2025-10-16 08:57:15,4,0,8,10,Fall,M,white,nonhispanic,55,GOVERNMENT,17,0,0,6,55,7.0,1
65006141-4ad9-1a2a-140e-924834c9f668,65006141-4ad9-1a2a-18ad-f005109e7cb9,2.0,146.18,0,inpatient,2021-11-26 10:37:59,5,0,10,11,Fall,F,white,nonhispanic,46,PRIVATE,8,0,0,0,6,14.0,1
0b6a2173-23fa-9899-67da-2dde5575cca8,0b6a2173-23fa-9899-ebdc-6efb639967b7,4.0,146.18,0,inpatient,1998-03-13 18:36:12,5,0,18,3,Spring,M,white,nonhispanic,26,PRIVATE,9,0,0,0,8,7.0,1
a0cd9f18-6af4-7fdf-da12-f36571d2b538,a0cd9f18-6af4-7fdf-42ef-7dec3d4b8e68,0.01,278.58,0,urgentcare,1960-02-11 08:20:39,4,0,8,2,Winter,F,white,nonhispanic,2,GOVERNMENT,5,0,0,1,7,427.0,0
a0cd9f18-6af4-7fdf-16c6-de420f6c3c95,a0cd9f18-6af4-7fdf-42ef-7dec3d4b8e68,0.01,142.58,0,urgentcare,1960-02-18 08:20:39,4,0,8,2,Winter,F,white,nonhispanic,2,GOVERNMENT,5,0,0,1,8,7.0,1
27787931-880e-8673-3042-56bb4a9026a2,27787931-880e-8673-fcbd-ac02953fafdf,0.01,414.58,0,urgentcare,2022-11-20 06:27:31,0,1,6,11,Fall,F,white,nonhispanic,21,GOVERNMENT,7,0,0,1,3,7.0,1
65006141-4ad9-1a2a-2905-9ca5c03e0fcf,65006141-4ad9-1a2a-18ad-f005109e7cb9,2.0,146.18,0,inpatient,2021-03-24 08:37:59,3,0,8,3,Spring,F,white,nonhispanic,46,PRIVATE,8,0,0,0,4,112.0,0
45af71fa-3745-a0ab-5caa-716c5795760a,45af71fa-3745-a0ab-e052-9f332fcf981a,2.0,146.18,0,inpatient,2023-03-10 07:44:54,5,0,7,3,Spring,M,white,nonhispanic,69,GOVERNMENT,14,0,0,0,11,501.1,0
94cf7811-ba05-b4a2-67a3-cad2ac671084,94cf7811-ba05-b4a2-def3-da3e2cffd31b,4.0,146.18,0,inpatient,2006-08-13 06:44:45,0,1,6,8,Summer,M,white,hispanic,46,NO_INSURANCE,9,0,0,1,3,1127.4,0
4e71d1fb-1339-82a9-f23c-cec7b364b707,4e71d1fb-1339-82a9-13bc-419c4dfb3c7a,0.042,146.18,0,emergency,2022-08-12 00:02:32,5,0,0,8,Summer,M,white,nonhispanic,29,PRIVATE,8,0,0,0,1,1801.5,0
d53b5945-f75e-bef0-3ab5-fc0fcfe4a18e,d53b5945-f75e-bef0-5eb0-b98a830a275d,0.042,295.34,0,emergency,2026-03-07 17:27:42,6,1,17,3,Spring,F,white,nonhispanic,58,GOVERNMENT,17,0,0,4,34,7.0,1
08d290f2-cacc-a5c9-14ae-bee48994ff2b,08d290f2-cacc-a5c9-e3f5-d1d9063f46e5,0.01,142.58,0,urgentcare,1988-03-12 12:35:15,6,1,12,3,Spring,M,white,nonhispanic,66,GOVERNMENT,26,0,0,3,435,7.0,1
08d290f2-cacc-a5c9-d07e-dc0d4676fa1f,08d290f2-cacc-a5c9-e3f5-d1d9063f46e5,0.042,146.18,0,emergency,1988-02-27 12:35:15,6,1,12,2,Winter,M,white,nonhispanic,66,GOVERNMENT,26,0,0,3,433,7.0,1
0b6a2173-23fa-9899-ea4e-98fc506a134b,0b6a2173-23fa-9899-ebdc-6efb639967b7,8.0,146.18,1,inpatient,1996-05-16 17:36:12,4,0,17,5,Spring,M,white,nonhispanic,24,PRIVATE,9,0,0,0,6,266.0,0
0dee4486-e712-9af4-79d0-2738648ab564,0dee4486-e712-9af4-e6d2-47c6ca35224c,3.0,146.18,0,inpatient,2020-12-18 02:07:25,5,0,2,12,Winter,F,white,nonhispanic,24,PRIVATE,8,0,0,0,7,70.0,0
32e805ad-cff9-a0b6-9353-90ad694bcc8e,32e805ad-cff9-a0b6-9dc4-40386c77806f,0.01,142.58,0,urgentcare,2021-05-23 09:40:56,0,1,9,5,Spring,F,white,nonhispanic,11,GOVERNMENT,4,0,0,3,5,7.0,1
e94fe4f0-3e9a-d3e3-c7d8-845887f6f49e,e94fe4f0-3e9a-d3e3-ca82-29ace45a5316,3.0,146.18,0,inpatient,2022-03-26 10:20:20,6,1,10,3,Spring,M,white,hispanic,23,GOVERNMENT,8,0,0,0,7,49.0,0
08d290f2-cacc-a5c9-de88-3db6b071b7ac,08d290f2-cacc-a5c9-e3f5-d1d9063f46e5,0.01,142.58,0,urgentcare,1988-02-13 12:35:15,6,1,12,2,Winter,M,white,nonhispanic,66,GOVERNMENT,27,0,0,3,431,7.0,1
834901f2-b564-f766-5798-a02f7b50533c,834901f2-b564-f766-6644-b335fbbbcf2f,0.01,291.74,0,urgentcare,2023-07-07 10:57:55,5,0,10,7,Summer,M,white,nonhispanic,64,GOVERNMENT,26,0,0,2,138,7.0,1
45af71fa-3745-a0ab-13e8-ae2c2dde611e,45af71fa-3745-a0ab-e052-9f332fcf981a,5.0,146.18,0,inpatient,2021-05-05 01:07:34,3,0,1,5,Spring,M,white,nonhispanic,67,GOVERNMENT,14,0,0,1,9,432.5,0
a2754b4d-573d-7888-4049-f00563ac169d,a2754b4d-573d-7888-7996-50095ed51634,7.0,146.18,0,inpatient,2021-07-18 20:25:46,0,1,20,7,Summer,F,black,nonhispanic,66,GOVERNMENT,15,0,0,0,11,437.3,0
0b6a2173-23fa-9899-b989-04dc17417fd4,0b6a2173-23fa-9899-ebdc-6efb639967b7,0.333,146.18,0,emergency,1991-09-10 08:40:55,2,0,8,9,Fall,M,white,nonhispanic,19,PRIVATE,6,0,0,0,4,119.0,0
a0cd9f18-6af4-7fdf-2436-79080eaedcd2,a0cd9f18-6af4-7fdf-42ef-7dec3d4b8e68,0.01,142.58,0,urgentcare,1958-12-04 08:20:39,4,0,8,12,Winter,F,white,nonhispanic,0,GOVERNMENT,6,0,0,1,5,35.0,0
08d290f2-cacc-a5c9-09af-81d87dcd37b6,08d290f2-cacc-a5c9-e3f5-d1d9063f46e5,0.042,146.18,0,emergency,1988-01-16 12:35:15,6,1,12,1,Winter,M,white,nonhispanic,66,GOVERNMENT,26,0,0,3,427,7.0,1
a0cd9f18-6af4-7fdf-2cea-c2d930e4dcc8,a0cd9f18-6af4-7fdf-42ef-7dec3d4b8e68,0.01,142.58,0,urgentcare,1958-12-11 08:20:39,4,0,8,12,Winter,F,white,nonhispanic,0,GOVERNMENT,5,0,0,1,6,7.0,1
0dee4486-e712-9af4-44b5-c3e54305cf20,0dee4486-e712-9af4-e6d2-47c6ca35224c,0.083,146.18,0,emergency,2016-01-11 22:56:30,1,0,22,1,Winter,F,white,nonhispanic,20,PRIVATE,6,0,0,0,3,1850.6,0
1e43a258-caf4-44f5-0cf7-1738d3b8ded1,1e43a258-caf4-44f5-7e30-54213e8937f5,0.042,295.34,0,emergency,2025-08-07 08:57:15,4,0,8,8,Summer,M,white,nonhispanic,55,GOVERNMENT,17,0,0,6,48,7.0,1
315608e3-0448-1b06-e3fc-4e426fd8f6e1,315608e3-0448-1b06-9049-7ba2e66048c6,0.01,278.58,0,urgentcare,2017-09-08 15:20:10,5,0,15,9,Fall,M,white,nonhispanic,7,GOVERNMENT,2,0,0,1,0,,0
e1427e77-bf8e-3fe9-e8c0-557f53f7341e,e1427e77-bf8e-3fe9-6940-d1e05578f369,0.01,291.74,0,urgentcare,2024-10-04 02:56:56,5,0,2,10,Fall,F,white,hispanic,74,GOVERNMENT,19,0,0,4,6,7.0,1
cad53337-8e67-8d30-5ff7-9ad908b69836,cad53337-8e67-8d30-d714-3e1e228a1025,4.0,146.18,0,inpatient,2019-08-11 22:29:41,0,1,22,8,Summer,F,white,nonhispanic,59,GOVERNMENT,13,0,0,2,5,9151.0,0
050d9cee-dd68-533c-ad27-4bc6add69f17,050d9cee-dd68-533c-cbec-cd7703b46b53,0.458,146.18,0,emergency,2016-08-02 21:04:06,2,0,21,8,Summer,M,white,nonhispanic,34,GOVERNMENT,17,0,0,0,3,6883.2,0
bc20166b-8098-256d-ff71-86935dbbe8cb,bc20166b-8098-256d-7f46-6888d4e124ac,0.042,146.18,0,emergency,2022-02-24 21:06:30,4,0,21,2,Winter,F,white,nonhispanic,30,PRIVATE,12,0,0,0,4,10.7,1
bc20166b-8098-256d-1070-d0c1601d3371,bc20166b-8098-256d-7f46-6888d4e124ac,0.042,146.18,0,emergency,2023-02-22 07:06:30,3,0,7,2,Winter,F,white,nonhispanic,31,PRIVATE,12,0,0,0,5,362.4,0
834901f2-b564-f766-47cd-b28aba31772f,834901f2-b564-f766-6644-b335fbbbcf2f,0.042,295.34,0,emergency,2023-05-26 10:57:55,5,0,10,5,Spring,M,white,nonhispanic,64,GOVERNMENT,28,0,0,2,132,14.0,1
32e805ad-cff9-a0b6-8f0f-3f0a2d51493a,32e805ad-cff9-a0b6-9dc4-40386c77806f,0.042,282.18,0,emergency,2019-10-20 09:40:56,0,1,9,10,Fall,F,white,nonhispanic,9,GOVERNMENT,4,0,0,2,0,,0
65ac11a1-d694-769d-3467-51b81143ca1e,65ac11a1-d694-769d-1766-6194786b5339,4.0,146.18,0,inpatient,2016-11-02 11:58:27,3,0,11,11,Fall,M,white,nonhispanic,35,GOVERNMENT,10,0,0,0,7,14.0,1
65ac11a1-d694-769d-0e40-7ddd6fcdeaa9,65ac11a1-d694-769d-1766-6194786b5339,4.0,146.18,0,inpatient,2018-06-17 11:58:27,0,1,11,6,Summer,M,white,nonhispanic,37,GOVERNMENT,10,0,0,0,8,588.0,0
185a2038-4c9a-6f44-7c1f-37e90797d428,185a2038-4c9a-6f44-cf7d-78da9583dafc,0.01,291.74,0,urgentcare,2025-06-04 23:59:16,3,0,23,6,Summer,F,white,nonhispanic,54,GOVERNMENT,22,0,0,7,47,7.0,1
bbcd6d52-60e4-e420-b624-d3cc1e726c22,bbcd6d52-60e4-e420-de2f-01ba4b2ec421,0.042,146.18,0,emergency,2005-10-14 22:18:32,5,0,22,10,Fall,M,hawaiian,hispanic,58,GOVERNMENT,14,0,0,0,1,5690.5,0
45af71fa-3745-a0ab-2087-89a7206e0347,45af71fa-3745-a0ab-e052-9f332fcf981a,4.0,146.18,0,inpatient,2019-03-28 11:26:06,4,0,11,3,Spring,M,white,nonhispanic,65,PRIVATE,13,0,0,1,6,896.0,0
08d290f2-cacc-a5c9-9b17-7e193cc54808,08d290f2-cacc-a5c9-e3f5-d1d9063f46e5,0.042,146.18,0,emergency,1987-11-21 12:35:15,6,1,12,11,Fall,M,white,nonhispanic,65,GOVERNMENT,28,0,0,3,419,7.0,1
4e71d1fb-1339-82a9-56e4-afd8f3821005,4e71d1fb-1339-82a9-13bc-419c4dfb3c7a,0.042,146.18,0,emergency,2017-09-05 11:02:32,2,0,11,9,Fall,M,white,nonhispanic,24,PRIVATE,6,0,0,0,0,,0
8ba59c1e-a0d3-343b-4b9b-604c07e8d8fe,8ba59c1e-a0d3-343b-024a-a4a1330761cf,0.01,291.74,0,urgentcare,2026-01-26 17:06:54,1,0,17,1,Winter,M,black,nonhispanic,85,GOVERNMENT,25,0,0,3,276,7.0,1
6842050e-26e0-68aa-bd80-6f83b3fbf270,6842050e-26e0-68aa-2784-d792f7e2fbd3,0.01,291.74,0,urgentcare,2025-11-09 16:27:07,0,1,16,11,Fall,M,white,nonhispanic,83,GOVERNMENT,21,0,0,3,130,7.0,1
08d290f2-cacc-a5c9-a98f-baed75fb47cb,08d290f2-cacc-a5c9-e3f5-d1d9063f46e5,0.01,142.58,0,urgentcare,1987-11-07 12:35:15,6,1,12,11,Fall,M,white,nonhispanic,65,GOVERNMENT,28,0,0,3,417,7.0,1
65ac11a1-d694-769d-8b8d-a8d0e832e27b,65ac11a1-d694-769d-1766-6194786b5339,0.042,146.18,0,emergency,2005-12-06 00:24:01,2,0,0,12,Winter,M,white,nonhispanic,24,GOVERNMENT,6,0,0,0,4,3318.0,0
8ba59c1e-a0d3-343b-6081-fdf62b9bf0f0,8ba59c1e-a0d3-343b-024a-a4a1330761cf,0.01,291.74,0,urgentcare,2026-01-12 17:06:54,1,0,17,1,Winter,M,black,nonhispanic,85,GOVERNMENT,24,0,0,4,274,7.0,1
834901f2-b564-f766-f5b0-9a4664555010,834901f2-b564-f766-6644-b335fbbbcf2f,0.01,291.74,0,urgentcare,2023-04-14 10:57:55,5,0,10,4,Spring,M,white,nonhispanic,64,GOVERNMENT,26,0,0,2,127,7.0,1
a47057d6-be54-ff62-6444-bb895e96af10,a47057d6-be54-ff62-c8a1-a13b8cbf64c3,0.01,291.74,0,urgentcare,2022-07-29 05:53:14,5,0,5,7,Summer,F,black,nonhispanic,63,GOVERNMENT,18,0,0,3,11,7.0,1
94cf7811-ba05-b4a2-c968-193edd90cd1b,94cf7811-ba05-b4a2-def3-da3e2cffd31b,0.042,146.18,0,emergency,1994-11-14 20:49:19,1,0,20,11,Fall,M,white,hispanic,34,NO_INSURANCE,4,0,0,0,1,1743.2,0
d0f9444c-7d4e-7b58-f771-a00f70e6455e,d0f9444c-7d4e-7b58-d75c-809f131df755,9.0,146.18,1,inpatient,2017-11-22 20:40:14,3,0,20,11,Fall,M,white,nonhispanic,45,PRIVATE,12,0,0,0,4,8172.2,0
a2754b4d-573d-7888-c8e0-63d735711e2c,a2754b4d-573d-7888-7996-50095ed51634,3.0,146.18,0,inpatient,2017-04-25 12:54:19,2,0,12,4,Spring,F,black,nonhispanic,62,GOVERNMENT,14,0,0,0,5,2904.4,0
67add3a2-8f05-8ba7-99e3-5136c3c63de9,67add3a2-8f05-8ba7-8bca-818ce69014f4,0.042,146.18,0,emergency,2018-11-02 21:42:34,5,0,21,11,Fall,M,black,nonhispanic,13,PRIVATE,2,0,0,1,3,30.0,1
e94fe4f0-3e9a-d3e3-b64b-06cf7d74305a,e94fe4f0-3e9a-d3e3-ca82-29ace45a5316,2.0,146.18,0,inpatient,2016-11-26 13:25:12,6,1,13,11,Fall,M,white,hispanic,17,GOVERNMENT,4,0,0,0,2,589.2,0
f2335b3f-15ec-cc65-e912-5554abb1ece6,f2335b3f-15ec-cc65-8324-8a41e61b78d1,1.0,146.18,0,inpatient,2019-04-19 08:49:08,5,0,8,4,Spring,M,white,hispanic,59,PRIVATE,12,0,0,0,6,49.0,0
a2754b4d-573d-7888-061c-59cb418fe837,a2754b4d-573d-7888-7996-50095ed51634,4.0,146.18,0,inpatient,2020-05-03 13:54:19,0,1,13,5,Spring,F,black,nonhispanic,65,GOVERNMENT,13,0,0,0,10,28.0,1
a47057d6-be54-ff62-308b-308f637967a9,a47057d6-be54-ff62-c8a1-a13b8cbf64c3,0.01,291.74,0,urgentcare,2022-06-24 05:53:14,5,0,5,6,Summer,F,black,nonhispanic,63,GOVERNMENT,16,0,0,3,9,14.0,1
a2754b4d-573d-7888-fd1d-48fcdf74484f,a2754b4d-573d-7888-7996-50095ed51634,0.25,146.18,0,emergency,2009-05-12 21:30:09,2,0,21,5,Spring,F,black,nonhispanic,54,GOVERNMENT,12,0,0,0,4,6680.2,0
cad53337-8e67-8d30-2850-71c63f9e2ccb,cad53337-8e67-8d30-d714-3e1e228a1025,0.042,146.18,0,emergency,1994-05-25 22:29:41,3,0,22,5,Spring,F,white,nonhispanic,34,GOVERNMENT,5,0,0,0,3,977.0,0
78f3b19d-e937-09fd-19a5-ba80f9aedd7c,78f3b19d-e937-09fd-276f-5bc1e098d520,5.0,146.18,0,inpatient,2006-06-09 08:40:55,5,0,8,6,Summer,M,white,nonhispanic,34,PRIVATE,9,0,0,0,6,21.0,1
c1261835-8407-29fa-52b2-906586f8d3df,c1261835-8407-29fa-33c4-9d5577f2fab8,0.01,291.74,0,urgentcare,2019-03-29 16:21:09,5,0,16,3,Spring,M,white,nonhispanic,57,PRIVATE,19,0,0,4,6,7.0,1
e2757458-d53f-cf44-d1c7-34639aba39dc,e2757458-d53f-cf44-64c1-685b916857b7,0.01,142.58,0,urgentcare,2024-12-16 23:15:13,1,0,23,12,Winter,M,white,nonhispanic,105,GOVERNMENT,28,0,0,6,129,7.0,1
d0f9444c-7d4e-7b58-759c-b579cbbacc2d,d0f9444c-7d4e-7b58-d75c-809f131df755,0.042,146.18,0,emergency,1995-07-09 14:14:47,0,1,14,7,Summer,M,white,nonhispanic,23,PRIVATE,8,0,0,0,3,1458.2,0
8ba59c1e-a0d3-343b-ea3c-bf39b85383c2,8ba59c1e-a0d3-343b-024a-a4a1330761cf,0.042,295.34,0,emergency,2025-12-01 17:06:54,1,0,17,12,Winter,M,black,nonhispanic,84,GOVERNMENT,24,0,0,5,268,7.0,1
45af71fa-3745-a0ab-a924-5d25624baaf6,45af71fa-3745-a0ab-e052-9f332fcf981a,0.01,149.38,0,urgentcare,2016-10-13 11:26:06,4,0,11,10,Fall,M,white,nonhispanic,62,PRIVATE,14,0,0,0,5,7.0,1
08d290f2-cacc-a5c9-5ce3-24dc0adf630a,08d290f2-cacc-a5c9-e3f5-d1d9063f46e5,0.042,146.18,0,emergency,1987-08-29 12:35:15,6,1,12,8,Summer,M,white,nonhispanic,65,GOVERNMENT,27,0,0,3,407,7.0,1
78f3b19d-e937-09fd-f707-5afb1bb19711,78f3b19d-e937-09fd-276f-5bc1e098d520,8.0,146.18,1,inpatient,2004-12-06 13:45:04,1,0,13,12,Winter,M,white,nonhispanic,32,PRIVATE,7,0,0,0,4,4230.8,0
8ba59c1e-a0d3-343b-9cca-3524093743de,8ba59c1e-a0d3-343b-024a-a4a1330761cf,0.042,295.34,0,emergency,2025-11-03 17:06:54,1,0,17,11,Fall,M,black,nonhispanic,84,GOVERNMENT,24,0,0,5,264,7.0,1
08d290f2-cacc-a5c9-5928-8a9ecab25a6e,08d290f2-cacc-a5c9-e3f5-d1d9063f46e5,0.01,142.58,0,urgentcare,1987-08-15 12:35:15,6,1,12,8,Summer,M,white,nonhispanic,65,GOVERNMENT,26,0,0,3,405,7.0,1
1e43a258-caf4-44f5-dec0-f8033c1727c5,1e43a258-caf4-44f5-7e30-54213e8937f5,0.01,291.74,0,urgentcare,2024-01-11 08:57:15,4,0,8,1,Winter,M,white,nonhispanic,54,GOVERNMENT,16,0,0,6,43,14.0,1
4ae1a1cf-a189-5397-ae31-84e21c12ae5a,4ae1a1cf-a189-5397-9c5d-ee26c07b0ee5,0.042,146.18,0,emergency,1987-12-21 23:15:13,1,0,23,12,Winter,M,white,nonhispanic,68,GOVERNMENT,14,0,0,2,4,14.0,1
4ae1a1cf-a189-5397-f80e-d585822aee09,4ae1a1cf-a189-5397-9c5d-ee26c07b0ee5,0.01,149.38,0,urgentcare,1987-11-30 23:15:13,1,0,23,11,Fall,M,white,nonhispanic,68,GOVERNMENT,16,0,0,2,2,7.0,1
78f3b19d-e937-09fd-ac94-237dc201285e,78f3b19d-e937-09fd-276f-5bc1e098d520,0.458,146.18,0,emergency,1993-05-07 08:40:55,5,0,8,5,Spring,M,white,nonhispanic,21,PRIVATE,4,0,0,0,3,607.0,0
5f662ce7-5293-9ecd-68f8-0927aa4596de,5f662ce7-5293-9ecd-d28b-e5913e19634a,0.01,291.74,0,urgentcare,2024-02-17 02:21:13,6,1,2,2,Winter,F,native,nonhispanic,67,GOVERNMENT,23,0,0,5,24,266.0,0
08d290f2-cacc-a5c9-d82e-4d508c878595,08d290f2-cacc-a5c9-e3f5-d1d9063f46e5,0.042,146.18,0,emergency,1987-07-18 12:35:15,6,1,12,7,Summer,M,white,nonhispanic,65,NO_INSURANCE,27,0,0,3,401,7.0,1
08d290f2-cacc-a5c9-2289-b963d751f90c,08d290f2-cacc-a5c9-e3f5-d1d9063f46e5,0.042,146.18,0,emergency,1987-07-04 12:35:15,6,1,12,7,Summer,M,white,nonhispanic,65,NO_INSURANCE,27,0,0,3,399,7.0,1
1e43a258-caf4-44f5-93d9-a69ea0e12364,1e43a258-caf4-44f5-7e30-54213e8937f5,0.042,295.34,0,emergency,2023-12-14 08:57:15,4,0,8,12,Winter,M,white,nonhispanic,53,GOVERNMENT,17,0,0,6,40,7.0,1
834901f2-b564-f766-8419-dad281bcafd0,834901f2-b564-f766-6644-b335fbbbcf2f,0.01,291.74,0,urgentcare,2023-01-06 10:57:55,5,0,10,1,Winter,M,white,nonhispanic,64,GOVERNMENT,25,0,0,2,113,14.0,1
45af71fa-3745-a0ab-fd38-89c0219b5a75,45af71fa-3745-a0ab-e052-9f332fcf981a,0.333,146.18,0,emergency,1998-10-31 21:55:11,6,1,21,10,Fall,M,white,nonhispanic,44,PRIVATE,6,0,0,0,3,2972.4,0
1e43a258-caf4-44f5-c5e6-b3c1bd51b91e,1e43a258-caf4-44f5-7e30-54213e8937f5,0.01,291.74,0,urgentcare,2023-11-30 08:57:15,4,0,8,11,Fall,M,white,nonhispanic,53,GOVERNMENT,16,0,0,6,38,7.0,1
f2335b3f-15ec-cc65-09ec-5035fb757390,f2335b3f-15ec-cc65-8324-8a41e61b78d1,0.417,146.18,0,emergency,1993-07-16 14:56:08,5,0,14,7,Summer,M,white,hispanic,33,NO_INSURANCE,5,0,0,0,3,831.0,0
9240f7e0-68d5-363d-b421-e234b74b6940,9240f7e0-68d5-363d-452d-b6c22ecd75b4,0.01,291.74,0,urgentcare,2024-12-17 09:28:36,2,0,9,12,Winter,M,black,nonhispanic,50,PRIVATE,19,0,0,6,74,7.0,1
9240f7e0-68d5-363d-5236-61e12488a592,9240f7e0-68d5-363d-452d-b6c22ecd75b4,0.01,291.74,0,urgentcare,2024-12-03 09:28:36,2,0,9,12,Winter,M,black,nonhispanic,50,PRIVATE,19,0,0,6,72,7.0,1
9240f7e0-68d5-363d-5c4a-6967c93b4810,9240f7e0-68d5-363d-452d-b6c22ecd75b4,0.01,291.74,0,urgentcare,2024-11-19 09:28:36,2,0,9,11,Fall,M,black,nonhispanic,50,PRIVATE,19,0,0,6,70,7.0,1
834901f2-b564-f766-b597-09cc5828aed8,834901f2-b564-f766-6644-b335fbbbcf2f,0.042,295.34,0,emergency,2022-11-25 10:57:55,5,0,10,11,Fall,M,white,nonhispanic,63,GOVERNMENT,26,0,0,2,108,7.0,1
1e43a258-caf4-44f5-9809-8d88a849f9fb,1e43a258-caf4-44f5-7e30-54213e8937f5,0.042,295.34,0,emergency,2023-10-19 08:57:15,4,0,8,10,Fall,M,white,nonhispanic,53,GOVERNMENT,17,0,0,6,32,7.0,1
08d290f2-cacc-a5c9-dc64-25b0bd1c3de2,08d290f2-cacc-a5c9-e3f5-d1d9063f46e5,0.042,146.18,0,emergency,1987-04-25 12:35:15,6,1,12,4,Spring,M,white,nonhispanic,65,NO_INSURANCE,29,0,0,3,390,7.0,1
834901f2-b564-f766-8814-a30de816e8b7,834901f2-b564-f766-6644-b335fbbbcf2f,0.01,291.74,0,urgentcare,2022-10-14 10:57:55,5,0,10,10,Fall,M,white,nonhispanic,63,GOVERNMENT,26,0,0,2,102,7.0,1
08d290f2-cacc-a5c9-173f-9d4d71b23a88,08d290f2-cacc-a5c9-e3f5-d1d9063f46e5,0.042,146.18,0,emergency,1987-04-11 12:35:15,6,1,12,4,Spring,M,white,nonhispanic,65,NO_INSURANCE,29,0,0,3,388,7.0,1
834901f2-b564-f766-da02-a581af6cc1ff,834901f2-b564-f766-6644-b335fbbbcf2f,0.042,295.34,0,emergency,2022-10-28 10:57:55,5,0,10,10,Fall,M,white,nonhispanic,63,GOVERNMENT,25,0,0,2,104,7.0,1
5f662ce7-5293-9ecd-d1c2-2a69e2f268f7,5f662ce7-5293-9ecd-d28b-e5913e19634a,0.042,295.34,0,emergency,2023-05-27 02:21:13,6,1,2,5,Spring,F,native,nonhispanic,66,GOVERNMENT,24,0,0,4,23,7.0,1
6842050e-26e0-68aa-aa79-24668723e107,6842050e-26e0-68aa-2784-d792f7e2fbd3,0.01,291.74,0,urgentcare,2024-11-10 16:27:07,0,1,16,11,Fall,M,white,nonhispanic,82,GOVERNMENT,24,0,0,2,110,7.0,1
d53b5945-f75e-bef0-7163-5e044309c681,d53b5945-f75e-bef0-5eb0-b98a830a275d,0.01,291.74,0,urgentcare,2024-04-13 17:27:42,6,1,17,4,Spring,F,white,nonhispanic,56,GOVERNMENT,19,0,0,4,21,56.0,0
e3827f66-ed30-7012-f1c4-69f89e543815,e3827f66-ed30-7012-465b-2ddd8680652a,0.01,291.74,0,urgentcare,2020-10-02 19:15:10,5,0,19,10,Fall,F,white,nonhispanic,62,GOVERNMENT,21,0,0,3,11,7.0,1
834901f2-b564-f766-d741-7163cf791a63,834901f2-b564-f766-6644-b335fbbbcf2f,0.01,291.74,0,urgentcare,2022-08-19 10:57:55,5,0,10,8,Summer,M,white,nonhispanic,63,GOVERNMENT,26,0,0,2,94,7.0,1
e2757458-d53f-cf44-50f4-95765463c40f,e2757458-d53f-cf44-64c1-685b916857b7,0.01,142.58,0,urgentcare,2024-03-25 23:15:13,1,0,23,3,Spring,M,white,nonhispanic,105,GOVERNMENT,30,0,0,6,115,7.0,1
2442cd5f-46ce-5327-e326-51482559db3a,2442cd5f-46ce-5327-4751-03df511ab403,0.01,291.74,0,urgentcare,2020-12-31 23:13:40,4,0,23,12,Winter,F,white,nonhispanic,62,PRIVATE,20,0,0,4,2,3332.7,0
e3827f66-ed30-7012-dc7a-5c4aa2e3897f,e3827f66-ed30-7012-465b-2ddd8680652a,0.042,295.34,0,emergency,2020-09-18 19:15:10,5,0,19,9,Fall,F,white,nonhispanic,62,GOVERNMENT,20,0,0,3,9,98.0,0
834901f2-b564-f766-f1ae-0a7e6f8d518c,834901f2-b564-f766-6644-b335fbbbcf2f,0.042,295.34,0,emergency,2022-05-27 10:57:55,5,0,10,5,Spring,M,white,nonhispanic,63,GOVERNMENT,26,0,0,2,82,7.0,1
834901f2-b564-f766-dac5-8e4305d09611,834901f2-b564-f766-6644-b335fbbbcf2f,0.01,291.74,0,urgentcare,2022-06-10 10:57:55,5,0,10,6,Summer,M,white,nonhispanic,63,GOVERNMENT,25,0,0,2,84,7.0,1
08d290f2-cacc-a5c9-305d-46dd8f90a0b5,08d290f2-cacc-a5c9-e3f5-d1d9063f46e5,0.042,146.18,0,emergency,1986-12-20 12:35:15,6,1,12,12,Winter,M,white,nonhispanic,64,NO_INSURANCE,28,0,0,3,372,7.0,1
e2757458-d53f-cf44-84f7-b39ea79cbef9,e2757458-d53f-cf44-64c1-685b916857b7,0.01,142.58,0,urgentcare,2024-01-22 23:15:13,1,0,23,1,Winter,M,white,nonhispanic,105,GOVERNMENT,26,0,0,6,111,35.0,0
e2757458-d53f-cf44-a608-37d70802d732,e2757458-d53f-cf44-64c1-685b916857b7,0.01,142.58,0,urgentcare,2023-12-18 23:15:13,1,0,23,12,Winter,M,white,nonhispanic,104,GOVERNMENT,27,0,0,5,110,7.0,1
834901f2-b564-f766-44b7-27b5f7391922,834901f2-b564-f766-6644-b335fbbbcf2f,0.042,295.34,0,emergency,2022-04-01 10:57:55,5,0,10,4,Spring,M,white,nonhispanic,63,GOVERNMENT,25,0,0,2,74,7.0,1
08d290f2-cacc-a5c9-5b42-053b6720b764,08d290f2-cacc-a5c9-e3f5-d1d9063f46e5,0.042,146.18,0,emergency,1986-11-08 12:35:15,6,1,12,11,Fall,M,white,nonhispanic,64,NO_INSURANCE,27,0,0,3,366,7.0,1
8ba59c1e-a0d3-343b-a36d-7aa0cc407daa,8ba59c1e-a0d3-343b-024a-a4a1330761cf,0.042,295.34,0,emergency,2024-12-23 17:06:54,1,0,17,12,Winter,M,black,nonhispanic,83,GOVERNMENT,26,0,0,4,243,7.0,1
4ae1a1cf-a189-5397-7b48-b2201c47674c,4ae1a1cf-a189-5397-9c5d-ee26c07b0ee5,0.042,146.18,0,emergency,1949-07-01 00:55:06,5,0,0,7,Summer,M,white,nonhispanic,30,NO_INSURANCE,3,0,0,1,0,,0
6842050e-26e0-68aa-6d1d-a6d749bcc8d3,6842050e-26e0-68aa-2784-d792f7e2fbd3,0.042,295.34,0,emergency,2024-06-09 16:27:07,0,1,16,6,Summer,M,white,nonhispanic,82,GOVERNMENT,24,0,0,3,91,7.0,1
08d290f2-cacc-a5c9-149f-79a545254075,08d290f2-cacc-a5c9-e3f5-d1d9063f46e5,0.042,146.18,0,emergency,1986-10-11 12:35:15,6,1,12,10,Fall,M,white,nonhispanic,64,NO_INSURANCE,28,0,0,3,362,7.0,1
08d290f2-cacc-a5c9-a6f4-09aae46d6182,08d290f2-cacc-a5c9-e3f5-d1d9063f46e5,0.01,142.58,0,urgentcare,1986-09-13 12:35:15,6,1,12,9,Fall,M,white,nonhispanic,64,NO_INSURANCE,28,0,0,3,358,7.0,1
08d290f2-cacc-a5c9-6ab9-bb4746b07776,08d290f2-cacc-a5c9-e3f5-d1d9063f46e5,0.042,146.18,0,emergency,1986-08-30 12:35:15,6,1,12,8,Summer,M,white,nonhispanic,64,NO_INSURANCE,28,0,0,3,356,7.0,1
e3827f66-ed30-7012-589a-441ccd2f4c30,e3827f66-ed30-7012-465b-2ddd8680652a,3.0,146.18,0,inpatient,2018-01-28 20:23:36,0,1,20,1,Winter,F,white,nonhispanic,60,GOVERNMENT,16,0,0,2,5,9316.0,0
6842050e-26e0-68aa-90a2-03df2ec3f702,6842050e-26e0-68aa-2784-d792f7e2fbd3,0.042,295.34,0,emergency,2024-03-17 16:27:07,0,1,16,3,Spring,M,white,nonhispanic,82,GOVERNMENT,22,0,0,2,79,7.0,1
9240f7e0-68d5-363d-d5b2-ee412f724c05,9240f7e0-68d5-363d-452d-b6c22ecd75b4,0.01,291.74,0,urgentcare,2023-05-16 09:28:36,2,0,9,5,Spring,M,black,nonhispanic,49,PRIVATE,20,0,0,7,56,133.0,0
6842050e-26e0-68aa-bdd9-cde61f6407c1,6842050e-26e0-68aa-2784-d792f7e2fbd3,0.042,295.34,0,emergency,2024-02-18 16:27:07,0,1,16,2,Winter,M,white,nonhispanic,82,GOVERNMENT,20,0,0,3,75,7.0,1
08d290f2-cacc-a5c9-2e9b-81130695c151,08d290f2-cacc-a5c9-e3f5-d1d9063f46e5,0.01,142.58,0,urgentcare,1986-06-21 12:35:15,6,1,12,6,Summer,M,white,nonhispanic,64,NO_INSURANCE,28,0,0,3,346,7.0,1
834901f2-b564-f766-7335-3467b6054d2b,834901f2-b564-f766-6644-b335fbbbcf2f,0.01,291.74,0,urgentcare,2021-11-26 10:57:55,5,0,10,11,Fall,M,white,nonhispanic,62,GOVERNMENT,26,0,0,2,57,7.0,1
6842050e-26e0-68aa-3eda-472b5e5a46d4,6842050e-26e0-68aa-2784-d792f7e2fbd3,0.01,291.74,0,urgentcare,2023-12-17 16:27:07,0,1,16,12,Winter,M,white,nonhispanic,81,GOVERNMENT,21,0,0,4,72,7.0,1
834901f2-b564-f766-807c-50ac1d354230,834901f2-b564-f766-6644-b335fbbbcf2f,0.042,295.34,0,emergency,2021-10-29 10:57:55,5,0,10,10,Fall,M,white,nonhispanic,62,GOVERNMENT,25,0,0,2,53,7.0,1
834901f2-b564-f766-1278-f92e4d1e27ae,834901f2-b564-f766-6644-b335fbbbcf2f,0.01,291.74,0,urgentcare,2021-11-12 10:57:55,5,0,10,11,Fall,M,white,nonhispanic,62,GOVERNMENT,25,0,0,2,55,7.0,1
1e43a258-caf4-44f5-5a1c-cfb4ec95889e,1e43a258-caf4-44f5-7e30-54213e8937f5,0.01,291.74,0,urgentcare,2021-07-01 08:57:15,4,0,8,7,Summer,M,white,nonhispanic,51,GOVERNMENT,15,0,0,6,27,7.0,1
e2757458-d53f-cf44-c4f9-9dcb14c08c1c,e2757458-d53f-cf44-64c1-685b916857b7,0.01,291.74,0,urgentcare,2023-01-02 23:15:13,1,0,23,1,Winter,M,white,nonhispanic,104,GOVERNMENT,25,0,0,6,100,42.0,0
834901f2-b564-f766-1f3e-527b10d9018a,834901f2-b564-f766-6644-b335fbbbcf2f,0.042,295.34,0,emergency,2021-10-01 10:57:55,5,0,10,10,Fall,M,white,nonhispanic,62,GOVERNMENT,25,0,0,2,49,7.0,1
834901f2-b564-f766-6524-f39d4004c22a,834901f2-b564-f766-6644-b335fbbbcf2f,0.042,295.34,0,emergency,2021-09-17 10:57:55,5,0,10,9,Fall,M,white,nonhispanic,62,GOVERNMENT,27,0,0,2,47,7.0,1
e3827f66-ed30-7012-92de-b04c672e0bf9,e3827f66-ed30-7012-465b-2ddd8680652a,0.042,146.18,0,emergency,1991-11-25 19:15:10,1,0,19,11,Fall,F,white,nonhispanic,33,GOVERNMENT,5,0,0,0,3,432.0,0
1e43a258-caf4-44f5-ad91-a931557e8e91,1e43a258-caf4-44f5-7e30-54213e8937f5,0.01,291.74,0,urgentcare,2020-08-06 08:57:15,4,0,8,8,Summer,M,white,nonhispanic,50,GOVERNMENT,15,0,0,6,25,56.0,0
834901f2-b564-f766-f9eb-e1b018e1de99,834901f2-b564-f766-6644-b335fbbbcf2f,0.042,295.34,0,emergency,2021-09-03 10:57:55,5,0,10,9,Fall,M,white,nonhispanic,62,GOVERNMENT,26,0,0,2,45,7.0,1
1e43a258-caf4-44f5-42bc-5fcdfeb4e861,1e43a258-caf4-44f5-7e30-54213e8937f5,0.01,291.74,0,urgentcare,2020-05-07 08:57:15,4,0,8,5,Spring,M,white,nonhispanic,50,GOVERNMENT,18,0,0,7,22,7.0,1
834901f2-b564-f766-9feb-23dd097f84a5,834901f2-b564-f766-6644-b335fbbbcf2f,0.01,291.74,0,urgentcare,2021-08-06 10:57:55,5,0,10,8,Summer,M,white,nonhispanic,62,GOVERNMENT,25,0,0,2,41,7.0,1
834901f2-b564-f766-5f46-1f4ac7262e31,834901f2-b564-f766-6644-b335fbbbcf2f,0.01,291.74,0,urgentcare,2021-06-11 10:57:55,5,0,10,6,Summer,M,white,nonhispanic,62,GOVERNMENT,25,0,0,4,33,7.0,1
185a2038-4c9a-6f44-c280-9b33ae622164,185a2038-4c9a-6f44-cf7d-78da9583dafc,0.042,146.18,0,emergency,2021-01-04 23:59:16,1,0,23,1,Winter,F,white,nonhispanic,50,GOVERNMENT,19,0,0,6,22,75.0,0
6842050e-26e0-68aa-9174-7fdd6ea195ba,6842050e-26e0-68aa-2784-d792f7e2fbd3,0.01,291.74,0,urgentcare,2023-04-23 16:27:07,0,1,16,4,Spring,M,white,nonhispanic,81,GOVERNMENT,20,0,0,2,61,7.0,1
834901f2-b564-f766-7750-540225bd41ce,834901f2-b564-f766-6644-b335fbbbcf2f,0.01,291.74,0,urgentcare,2020-12-25 10:57:55,5,0,10,12,Winter,M,white,nonhispanic,61,GOVERNMENT,24,0,0,4,25,35.0,0
8ba59c1e-a0d3-343b-98be-3f0927871a2e,8ba59c1e-a0d3-343b-024a-a4a1330761cf,0.01,291.74,0,urgentcare,2023-09-11 17:06:54,1,0,17,9,Fall,M,black,nonhispanic,82,GOVERNMENT,25,0,0,4,209,7.0,1
8ba59c1e-a0d3-343b-a370-1dfaed4f3771,8ba59c1e-a0d3-343b-024a-a4a1330761cf,0.01,291.74,0,urgentcare,2023-08-14 17:06:54,1,0,17,8,Summer,M,black,nonhispanic,82,GOVERNMENT,25,0,0,4,207,7.0,1
8ba59c1e-a0d3-343b-3aa6-23e220882e37,8ba59c1e-a0d3-343b-024a-a4a1330761cf,0.01,291.74,0,urgentcare,2023-07-17 17:06:54,1,0,17,7,Summer,M,black,nonhispanic,82,GOVERNMENT,25,0,0,4,204,7.0,1
9240f7e0-68d5-363d-35ee-118bcb967b26,9240f7e0-68d5-363d-452d-b6c22ecd75b4,0.042,146.18,0,emergency,2021-02-28 09:28:36,0,1,9,2,Winter,M,black,nonhispanic,47,PRIVATE,18,0,0,7,39,75.0,0
1e43a258-caf4-44f5-f9fb-5fc718750af5,1e43a258-caf4-44f5-7e30-54213e8937f5,0.01,291.74,0,urgentcare,2018-05-10 08:57:15,4,0,8,5,Spring,M,white,nonhispanic,48,GOVERNMENT,16,0,0,6,9,7.0,1
1e43a258-caf4-44f5-0cae-2ca479110be6,1e43a258-caf4-44f5-7e30-54213e8937f5,0.01,291.74,0,urgentcare,2018-05-24 08:57:15,4,0,8,5,Spring,M,white,nonhispanic,48,GOVERNMENT,14,0,0,6,11,7.0,1
e2757458-d53f-cf44-43a9-e86c0f8176e0,e2757458-d53f-cf44-64c1-685b916857b7,0.01,291.74,0,urgentcare,2021-03-01 23:15:13,1,0,23,3,Spring,M,white,nonhispanic,102,GOVERNMENT,24,0,0,5,75,7.0,1
e2757458-d53f-cf44-27de-f0f632a1c1cf,e2757458-d53f-cf44-64c1-685b916857b7,0.01,291.74,0,urgentcare,2020-11-02 23:15:13,1,0,23,11,Fall,M,white,nonhispanic,101,GOVERNMENT,24,0,0,5,70,7.0,1
8ba59c1e-a0d3-343b-8345-ff9499a73ca8,8ba59c1e-a0d3-343b-024a-a4a1330761cf,0.042,295.34,0,emergency,2022-12-05 17:06:54,1,0,17,12,Winter,M,black,nonhispanic,81,GOVERNMENT,22,0,0,3,189,14.0,1
834901f2-b564-f766-1922-344da222311e,834901f2-b564-f766-6644-b335fbbbcf2f,0.042,295.34,0,emergency,2019-04-12 10:57:55,5,0,10,4,Spring,M,white,nonhispanic,60,GOVERNMENT,25,0,0,3,12,56.0,0
834901f2-b564-f766-1bcc-e8d4834e3db6,834901f2-b564-f766-6644-b335fbbbcf2f,0.01,291.74,0,urgentcare,2019-06-28 10:57:55,5,0,10,6,Summer,M,white,nonhispanic,60,GOVERNMENT,25,0,0,5,19,7.0,1
834901f2-b564-f766-6a45-4df7b44d1268,834901f2-b564-f766-6644-b335fbbbcf2f,0.01,291.74,0,urgentcare,2020-11-20 10:57:55,5,0,10,11,Fall,M,white,nonhispanic,61,GOVERNMENT,25,0,0,5,24,7.0,1
6842050e-26e0-68aa-637b-2f594f923903,6842050e-26e0-68aa-2784-d792f7e2fbd3,0.01,291.74,0,urgentcare,2022-02-27 16:27:07,0,1,16,2,Winter,M,white,nonhispanic,80,GOVERNMENT,22,0,0,3,42,7.0,1
1e43a258-caf4-44f5-6ad7-75739d33643d,1e43a258-caf4-44f5-7e30-54213e8937f5,0.042,295.34,0,emergency,2016-10-20 08:57:15,4,0,8,10,Fall,M,white,nonhispanic,46,GOVERNMENT,15,0,0,6,1,7.0,1
e2757458-d53f-cf44-546b-4454cc04e87f,e2757458-d53f-cf44-64c1-685b916857b7,0.01,291.74,0,urgentcare,2020-04-06 23:15:13,1,0,23,4,Spring,M,white,nonhispanic,101,GOVERNMENT,25,0,0,4,64,7.0,1
8ba59c1e-a0d3-343b-de3a-dac7b796ba15,8ba59c1e-a0d3-343b-024a-a4a1330761cf,0.01,291.74,0,urgentcare,2022-06-13 17:06:54,1,0,17,6,Summer,M,black,nonhispanic,81,GOVERNMENT,23,0,0,3,176,7.0,1
6842050e-26e0-68aa-1010-355c25a113a1,6842050e-26e0-68aa-2784-d792f7e2fbd3,0.01,291.74,0,urgentcare,2021-08-01 16:27:07,0,1,16,8,Summer,M,white,nonhispanic,79,GOVERNMENT,20,0,0,3,33,7.0,1
8ba59c1e-a0d3-343b-7f37-1e142dbb7b56,8ba59c1e-a0d3-343b-024a-a4a1330761cf,0.01,291.74,0,urgentcare,2022-05-16 17:06:54,1,0,17,5,Spring,M,black,nonhispanic,81,GOVERNMENT,22,0,0,3,174,7.0,1
e2757458-d53f-cf44-8916-43f03152cd99,e2757458-d53f-cf44-64c1-685b916857b7,0.01,291.74,0,urgentcare,2019-06-10 23:15:13,1,0,23,6,Summer,M,white,nonhispanic,100,GOVERNMENT,23,0,0,5,53,7.0,1
8ba59c1e-a0d3-343b-c322-7cad28a38c15,8ba59c1e-a0d3-343b-024a-a4a1330761cf,0.01,291.74,0,urgentcare,2021-08-23 17:06:54,1,0,17,8,Summer,M,black,nonhispanic,80,GOVERNMENT,25,0,0,3,149,7.0,1
6842050e-26e0-68aa-50b7-f0537ffa4098,6842050e-26e0-68aa-2784-d792f7e2fbd3,0.01,291.74,0,urgentcare,2020-09-06 16:27:07,0,1,16,9,Fall,M,white,nonhispanic,78,GOVERNMENT,21,0,0,2,17,35.0,0
8ba59c1e-a0d3-343b-93c2-2a8a80fd0a86,8ba59c1e-a0d3-343b-024a-a4a1330761cf,0.01,427.74,0,urgentcare,2021-06-28 17:06:54,1,0,17,6,Summer,M,black,nonhispanic,80,GOVERNMENT,22,0,0,3,142,7.0,1
e2757458-d53f-cf44-7551-e96c26495f8e,e2757458-d53f-cf44-64c1-685b916857b7,0.01,291.74,0,urgentcare,2018-12-17 23:15:13,1,0,23,12,Winter,M,white,nonhispanic,99,GOVERNMENT,24,0,0,4,43,7.0,1
9240f7e0-68d5-363d-2b15-da37edf6dab9,9240f7e0-68d5-363d-452d-b6c22ecd75b4,0.042,146.18,0,emergency,2017-02-28 09:28:36,2,0,9,2,Winter,M,black,nonhispanic,43,PRIVATE,17,0,0,6,12,14.0,1
e2757458-d53f-cf44-0709-79d13501dc75,e2757458-d53f-cf44-64c1-685b916857b7,0.01,291.74,0,urgentcare,2018-10-15 23:15:13,1,0,23,10,Fall,M,white,nonhispanic,99,GOVERNMENT,24,0,0,5,40,7.0,1
8ba59c1e-a0d3-343b-3212-e99d2c62de1e,8ba59c1e-a0d3-343b-024a-a4a1330761cf,0.042,295.34,0,emergency,2021-03-22 17:06:54,1,0,17,3,Spring,M,black,nonhispanic,80,GOVERNMENT,24,0,0,3,128,7.0,1
6842050e-26e0-68aa-03bb-cbf2eaf6088f,6842050e-26e0-68aa-2784-d792f7e2fbd3,0.042,295.34,0,emergency,2018-07-08 16:27:07,0,1,16,7,Summer,M,white,nonhispanic,76,GOVERNMENT,18,0,0,2,9,14.0,1
e2757458-d53f-cf44-fb23-19e12cb60523,e2757458-d53f-cf44-64c1-685b916857b7,0.01,291.74,0,urgentcare,2018-05-14 23:15:13,1,0,23,5,Spring,M,white,nonhispanic,99,GOVERNMENT,23,0,0,5,31,7.0,1
6842050e-26e0-68aa-3157-aab1f4d23be9,6842050e-26e0-68aa-2784-d792f7e2fbd3,0.01,291.74,0,urgentcare,2018-05-27 16:27:07,0,1,16,5,Spring,M,white,nonhispanic,76,GOVERNMENT,19,0,0,2,5,7.0,1
8ba59c1e-a0d3-343b-9cc2-6cfa00c152fc,8ba59c1e-a0d3-343b-024a-a4a1330761cf,0.01,291.74,0,urgentcare,2020-12-28 17:06:54,1,0,17,12,Winter,M,black,nonhispanic,79,GOVERNMENT,24,0,0,4,118,7.0,1
8ba59c1e-a0d3-343b-eda2-6cba6a28e566,8ba59c1e-a0d3-343b-024a-a4a1330761cf,0.01,291.74,0,urgentcare,2020-08-31 17:06:54,1,0,17,8,Summer,M,black,nonhispanic,79,GOVERNMENT,26,0,0,3,110,7.0,1
8ba59c1e-a0d3-343b-2b8d-56c88144f984,8ba59c1e-a0d3-343b-024a-a4a1330761cf,0.01,291.74,0,urgentcare,2020-07-06 17:06:54,1,0,17,7,Summer,M,black,nonhispanic,79,GOVERNMENT,24,0,0,4,105,35.0,0
8ba59c1e-a0d3-343b-afdc-29278343c236,8ba59c1e-a0d3-343b-024a-a4a1330761cf,0.042,295.34,0,emergency,2019-11-25 17:06:54,1,0,17,11,Fall,M,black,nonhispanic,78,GOVERNMENT,24,0,0,3,86,14.0,1
8ba59c1e-a0d3-343b-1877-1769d9fbb78b,8ba59c1e-a0d3-343b-024a-a4a1330761cf,0.01,291.74,0,urgentcare,2018-03-12 17:06:54,1,0,17,3,Spring,M,black,nonhispanic,77,GOVERNMENT,25,0,0,4,41,7.0,1
8ba59c1e-a0d3-343b-297b-4718b213cbbc,8ba59c1e-a0d3-343b-024a-a4a1330761cf,0.01,291.74,0,urgentcare,2018-05-14 17:06:54,1,0,17,5,Spring,M,black,nonhispanic,77,GOVERNMENT,23,0,0,4,45,7.0,1
8ba59c1e-a0d3-343b-94bb-a0167ebe6043,8ba59c1e-a0d3-343b-024a-a4a1330761cf,0.01,291.74,0,urgentcare,2019-05-13 17:06:54,1,0,17,5,Spring,M,black,nonhispanic,78,GOVERNMENT,22,0,0,4,67,7.0,1
8ba59c1e-a0d3-343b-ef46-9be08a1e7712,8ba59c1e-a0d3-343b-024a-a4a1330761cf,0.01,291.74,0,urgentcare,2020-01-06 17:06:54,1,0,17,1,Winter,M,black,nonhispanic,79,GOVERNMENT,24,0,0,3,91,7.0,1
8ba59c1e-a0d3-343b-3011-1c55d2b23399,8ba59c1e-a0d3-343b-024a-a4a1330761cf,0.01,291.74,0,urgentcare,2022-01-17 17:06:54,1,0,17,1,Winter,M,black,nonhispanic,81,GOVERNMENT,22,0,0,5,164,7.0,1
8ba59c1e-a0d3-343b-6dbd-be47009fd1e5,8ba59c1e-a0d3-343b-024a-a4a1330761cf,0.01,291.74,0,urgentcare,2023-01-16 17:06:54,1,0,17,1,Winter,M,black,nonhispanic,82,GOVERNMENT,21,0,0,4,192,7.0,1
8ba59c1e-a0d3-343b-e10f-1b084bf6392e,8ba59c1e-a0d3-343b-024a-a4a1330761cf,0.01,291.74,0,urgentcare,2023-05-15 17:06:54,1,0,17,5,Spring,M,black,nonhispanic,82,GOVERNMENT,23,0,0,4,200,7.0,1
8ba59c1e-a0d3-343b-057d-e26659214369,8ba59c1e-a0d3-343b-024a-a4a1330761cf,0.01,291.74,0,urgentcare,2023-06-12 17:06:54,1,0,17,6,Summer,M,black,nonhispanic,82,GOVERNMENT,23,0,0,4,202,7.0,1
c0245ff2-626a-16ea-0ef8-ddb5b8ebd4fd,c0245ff2-626a-16ea-60ee-3dcfffce68ac,0.036,1000.26,0,urgentcare,2025-06-17 00:35:00,2,0,0,6,Summer,F,white,nonhispanic,40,PRIVATE,14,3,4,1,1,5137.0,0
46e5b7fd-5c76-4550-c69b-cb670cf0c0d0,46e5b7fd-5c76-4550-9675-eb62c9333b75,0.093,4407.08,0,emergency,1950-02-01 20:41:51,3,0,20,2,Winter,M,white,hispanic,11,GOVERNMENT,3,3,1,0,1,1676.0,0
14c7af03-1727-7ab7-f919-74d13a16aea4,14c7af03-1727-7ab7-3bff-838d66c398fc,0.033,1369.04,0,urgentcare,2026-08-15 11:41:32,6,1,11,8,Summer,F,black,nonhispanic,100,GOVERNMENT,25,1,6,5,69,56.0,0
1e04cc7b-7902-ead0-dda6-2a51d56d0816,1e04cc7b-7902-ead0-3a05-27ade8873a24,0.042,4681.19,0,emergency,2012-05-07 15:26:26,1,0,15,5,Spring,F,asian,nonhispanic,56,GOVERNMENT,13,1,3,1,1,652.9,0
c0f51cca-adde-0358-4039-0b9a06e85cce,c0f51cca-adde-0358-7aff-c33714afac73,0.061,1008.98,0,emergency,2025-08-14 00:17:34,4,0,0,8,Summer,F,white,nonhispanic,79,GOVERNMENT,19,3,2,0,7,773.0,0
87974c1f-17ec-16f0-2884-806d83e0d579,87974c1f-17ec-16f0-2423-a8334ac3c0e8,0.042,17391.75,0,emergency,2025-04-06 07:37:00,0,1,7,4,Spring,M,white,nonhispanic,70,GOVERNMENT,15,2,3,0,3,11126.9,0
904939d7-b361-d122-176d-b7fd9d0aea12,904939d7-b361-d122-94b7-3764253aa022,0.01,573.98,0,urgentcare,2025-11-19 07:36:23,3,0,7,11,Fall,F,white,nonhispanic,5,GOVERNMENT,3,1,1,1,0,,0
2e5e31f3-a0fc-7197-f789-46bbdcd5ddfc,2e5e31f3-a0fc-7197-b6b2-17afe6a3153b,0.042,3860.78,0,emergency,2024-06-27 14:14:18,4,0,14,6,Summer,F,white,nonhispanic,30,PRIVATE,8,2,2,0,4,205.0,0
567d5b7b-076c-085a-8dc6-fcaf7c32fa3c,567d5b7b-076c-085a-2a0c-5d86b9a41125,0.121,4407.08,0,emergency,1970-01-29 05:06:02,4,0,5,1,Winter,F,white,nonhispanic,0,NO_INSURANCE,2,2,1,0,0,,0
24d51499-dd36-2cea-d8f6-2a71d297898b,24d51499-dd36-2cea-709f-7742d73be0d9,0.042,16125.04,0,emergency,2024-04-25 15:53:57,4,0,15,4,Spring,F,white,nonhispanic,101,GOVERNMENT,11,2,1,1,3,2155.0,0
14c7af03-1727-7ab7-f2d2-ba0a862b9fc2,14c7af03-1727-7ab7-3bff-838d66c398fc,0.04,872.3,0,urgentcare,2026-05-16 11:41:32,6,1,11,5,Spring,F,black,nonhispanic,100,GOVERNMENT,24,2,4,4,67,28.0,1
d0afc92d-b40f-6e73-af72-aaa2c10b47c4,d0afc92d-b40f-6e73-1c2d-f55534393498,0.033,1121.29,0,urgentcare,2024-05-14 01:14:07,2,0,1,5,Spring,M,white,nonhispanic,39,PRIVATE,14,4,5,3,0,,0
24c3d0b3-ddee-933f-f5f7-cd1e31a114dd,24c3d0b3-ddee-933f-6e4d-cc705c43b69d,0.042,794.96,0,emergency,2005-01-25 00:54:03,2,0,0,1,Winter,F,white,nonhispanic,82,GOVERNMENT,23,1,6,3,5,368.9,0
68103a3f-4dff-642d-8ffe-e5cfdce4a13a,68103a3f-4dff-642d-9672-df29a1480872,0.042,1008.98,0,emergency,2024-07-31 00:34:25,3,0,0,7,Summer,F,white,nonhispanic,17,PRIVATE,3,2,2,0,1,428.0,0
2d411cf2-867d-5602-bd8e-d95e0b5dd364,2d411cf2-867d-5602-d5c1-a48ef138bd67,0.042,6309.52,0,emergency,2023-03-18 11:14:22,6,1,11,3,Spring,F,white,hispanic,60,PRIVATE,14,2,6,0,1,8782.0,0
2d411cf2-867d-5602-cd52-ee4338c95824,2d411cf2-867d-5602-d5c1-a48ef138bd67,1.0,10329.29,0,inpatient,2023-03-18 11:41:32,6,1,11,3,Spring,F,white,hispanic,60,PRIVATE,14,1,4,4,1,8782.0,0
2e5e31f3-a0fc-7197-51e0-cc23e1935a2f,2e5e31f3-a0fc-7197-b6b2-17afe6a3153b,0.042,19653.07,0,emergency,2023-12-05 14:14:18,2,0,14,12,Winter,F,white,nonhispanic,29,PRIVATE,6,1,1,1,3,121.0,0
d4d8e889-ed0a-9aef-51df-b83a8b23808d,d4d8e889-ed0a-9aef-bfdd-e03598b06a9a,0.023,648.56,0,urgentcare,2017-12-21 20:41:51,4,0,20,12,Winter,M,white,hispanic,78,GOVERNMENT,16,1,3,4,3,2485.0,0
964926a3-27ab-25f9-9217-df174c9954ee,964926a3-27ab-25f9-bfae-f969c1fab7e7,0.042,577.58,0,emergency,2000-06-27 00:54:03,2,0,0,6,Summer,F,white,nonhispanic,77,GOVERNMENT,15,2,6,4,6,419.1,0
c0f51cca-adde-0358-56d8-b4f7bca3c7bd,c0f51cca-adde-0358-7aff-c33714afac73,0.031,1389.81,0,urgentcare,2023-07-03 00:17:34,1,0,0,7,Summer,F,white,nonhispanic,77,GOVERNMENT,18,1,7,1,6,574.0,0
aceb0d5e-5b10-05e1-3846-b539da527d9e,aceb0d5e-5b10-05e1-729d-8a87b69a0ecc,0.04,1000.26,0,urgentcare,2023-02-24 23:29:29,5,0,23,2,Winter,F,white,nonhispanic,47,PRIVATE,12,3,6,1,1,8477.0,0
14c7af03-1727-7ab7-c3d0-ba1de1600d28,14c7af03-1727-7ab7-3bff-838d66c398fc,0.027,1162.58,0,urgentcare,2026-04-18 11:41:32,6,1,11,4,Spring,F,black,nonhispanic,100,GOVERNMENT,24,1,4,4,66,63.0,0
6d7eb63e-b777-2829-392c-7c91215afe97,6d7eb63e-b777-2829-b625-c41580a1572c,0.042,7596.0,0,emergency,2023-11-16 03:00:58,4,0,3,11,Fall,M,white,nonhispanic,56,PRIVATE,15,2,6,1,1,2048.9,0
6d7eb63e-b777-2829-5108-3c8de9e12b5b,6d7eb63e-b777-2829-b625-c41580a1572c,1.0,25826.21,0,inpatient,2023-11-16 03:29:04,4,0,3,11,Fall,M,white,nonhispanic,56,PRIVATE,15,1,4,5,1,2048.9,0
24c3d0b3-ddee-933f-4cb4-0ce5e2e5a753,24c3d0b3-ddee-933f-6e4d-cc705c43b69d,0.042,1008.98,0,emergency,2004-01-22 01:39:30,4,0,1,1,Winter,F,white,nonhispanic,81,GOVERNMENT,23,3,2,3,4,3018.1,0
1b0421e0-66a2-4db5-dedd-54cc218dfa2a,1b0421e0-66a2-4db5-d9c0-0b3a4df493d1,0.036,4075.67,0,urgentcare,2006-04-04 04:07:24,2,0,4,4,Spring,F,white,nonhispanic,57,GOVERNMENT,18,2,6,4,1,539.0,0
ecdebc2d-d502-7712-2094-63c6624614c8,ecdebc2d-d502-7712-8d3e-3bf83e93448b,0.042,7111.7,0,emergency,2023-06-14 04:32:30,3,0,4,6,Summer,F,white,nonhispanic,74,GOVERNMENT,13,2,3,5,1,1737.0,0
80feb533-bf13-230d-90e1-0c55cf0003e6,80feb533-bf13-230d-c3fb-6e86bd784935,0.04,859.14,0,urgentcare,2021-04-01 16:07:01,4,0,16,4,Spring,M,white,nonhispanic,63,GOVERNMENT,28,3,4,3,8,751.0,0
d65c6993-5407-c547-eb6b-a3ecd2cf48af,d65c6993-5407-c547-30b3-be66b6380ea6,0.042,1008.98,0,emergency,2020-03-23 23:56:16,1,0,23,3,Spring,M,white,hispanic,18,PRIVATE,2,2,2,0,1,1147.0,0
d302525b-3c60-b860-b05a-c48fdede13d9,d302525b-3c60-b860-beb8-b2a2893e5e03,1.0,2734.58,0,inpatient,2019-12-12 16:17:39,4,0,16,12,Winter,M,white,hispanic,80,GOVERNMENT,17,1,6,3,3,37.8,0
15dcccc2-8596-3895-7271-235952eb1373,15dcccc2-8596-3895-3046-0771fc12e7d0,0.042,6951.15,0,emergency,2021-03-06 23:46:30,6,1,23,3,Spring,F,white,nonhispanic,15,PRIVATE,4,2,3,0,0,,0
6e371fed-3d39-6490-c5be-8110eefa6565,6e371fed-3d39-6490-97b0-cefe3c089f86,0.042,4140.89,0,emergency,2020-09-18 21:45:20,5,0,21,9,Fall,F,white,hispanic,34,PRIVATE,9,2,1,0,1,2899.9,0
b5abd5bc-c5ee-2481-0eac-38fabca3ef4b,b5abd5bc-c5ee-2481-ee3a-bd3f7a3e3769,0.037,709.98,0,urgentcare,2022-05-22 13:49:05,0,1,13,5,Spring,F,white,nonhispanic,25,PRIVATE,11,2,5,2,3,588.0,0
964926a3-27ab-25f9-8ede-dc61ac06a340,964926a3-27ab-25f9-bfae-f969c1fab7e7,10.416,6963.74,1,inpatient,1998-08-25 00:54:03,2,0,0,8,Summer,F,white,nonhispanic,75,GOVERNMENT,17,1,3,5,4,1526.0,0
c0f51cca-adde-0358-6c04-06a160050f86,c0f51cca-adde-0358-7aff-c33714afac73,0.01,558.96,0,urgentcare,2021-12-06 00:17:34,1,0,0,12,Winter,F,white,nonhispanic,75,GOVERNMENT,15,1,1,5,5,7.0,1
14c7af03-1727-7ab7-44d3-dd9f64d20f5d,14c7af03-1727-7ab7-3bff-838d66c398fc,0.01,993.3,0,urgentcare,2026-02-14 11:41:32,6,1,11,2,Winter,F,black,nonhispanic,100,GOVERNMENT,24,1,1,4,65,28.0,1
c0f51cca-adde-0358-e75e-c10c832ef858,c0f51cca-adde-0358-7aff-c33714afac73,0.028,979.68,0,urgentcare,2021-11-29 00:17:34,1,0,0,11,Fall,F,white,nonhispanic,75,GOVERNMENT,18,2,8,5,4,7.0,1
46e5b7fd-5c76-4550-79bd-8b3789848137,46e5b7fd-5c76-4550-9675-eb62c9333b75,0.042,12606.35,0,emergency,1945-07-01 20:41:51,0,1,20,7,Summer,M,white,hispanic,6,GOVERNMENT,3,2,2,0,0,,0
2c49b890-9dfa-8966-1b80-54051e85dcca,2c49b890-9dfa-8966-8a8a-f22ec2ca4dcf,0.025,1007.06,0,urgentcare,2006-01-31 00:54:03,2,0,0,1,Winter,F,white,nonhispanic,83,GOVERNMENT,16,1,4,2,0,,0
ade7177c-8517-2bcc-6dd5-0e4d8a3bd9ce,ade7177c-8517-2bcc-6ce5-f35028f2ef5f,0.053,1008.98,0,emergency,2022-03-15 14:41:14,2,0,14,3,Spring,F,white,nonhispanic,34,GOVERNMENT,10,2,2,2,2,1453.2,0
14c7af03-1727-7ab7-891e-dad07733aaa8,14c7af03-1727-7ab7-3bff-838d66c398fc,0.031,1308.03,0,urgentcare,2026-01-17 11:41:32,6,1,11,1,Winter,F,black,nonhispanic,100,GOVERNMENT,25,2,8,4,64,70.0,0
1b0421e0-66a2-4db5-461a-a3d30355f7be,1b0421e0-66a2-4db5-d9c0-0b3a4df493d1,0.042,10834.48,0,emergency,2004-10-12 04:07:24,2,0,4,10,Fall,F,white,nonhispanic,55,GOVERNMENT,16,1,2,2,0,,0
6f0f919c-4e02-e9cb-225f-587373f045a6,6f0f919c-4e02-e9cb-a4e8-dd66ff9d707a,0.087,17391.75,0,emergency,2017-01-09 22:40:14,1,0,22,1,Winter,M,white,hispanic,78,GOVERNMENT,14,2,3,0,2,137.1,0
c0f51cca-adde-0358-a75c-667e018275b2,c0f51cca-adde-0358-7aff-c33714afac73,0.042,1008.98,0,emergency,2021-04-29 00:17:34,4,0,0,4,Spring,F,white,nonhispanic,75,GOVERNMENT,15,3,2,0,2,17950.0,0
873d0e24-7c2a-27fe-b56a-1d405d7dd05f,873d0e24-7c2a-27fe-193d-215043e7af5d,0.037,872.3,0,urgentcare,2025-03-18 09:53:00,2,0,9,3,Spring,F,white,hispanic,64,NO_INSURANCE,21,2,6,3,22,28.0,1
e940c39c-9a4c-4252-9b06-e5c4e01b5596,e940c39c-9a4c-4252-0b98-8399315de7dd,3.174,3389.72,0,inpatient,2021-07-29 17:23:39,4,0,17,7,Summer,F,asian,nonhispanic,65,GOVERNMENT,12,1,3,2,1,136.1,0
14c7af03-1727-7ab7-51a8-6bfe16e085d5,14c7af03-1727-7ab7-3bff-838d66c398fc,0.028,872.3,0,urgentcare,2025-11-08 11:41:32,6,1,11,11,Fall,F,black,nonhispanic,99,GOVERNMENT,26,3,1,4,63,21.0,1
ecdebc2d-d502-7712-b325-b4a96ec68cb3,ecdebc2d-d502-7712-8d3e-3bf83e93448b,0.04,709.98,0,urgentcare,2018-09-11 04:07:24,2,0,4,9,Fall,F,white,nonhispanic,69,GOVERNMENT,14,2,5,5,0,,0
40908e98-b545-966b-c2e9-63ff84b73779,40908e98-b545-966b-d381-4f297fa4a1a6,14.041,26359.9,1,inpatient,2020-06-09 14:20:52,2,0,14,6,Summer,F,white,nonhispanic,74,GOVERNMENT,15,5,3,0,0,,0
873d0e24-7c2a-27fe-f072-f7880edfe938,873d0e24-7c2a-27fe-193d-215043e7af5d,0.032,1088.0,0,urgentcare,2025-02-18 09:53:00,2,0,9,2,Winter,F,white,hispanic,64,NO_INSURANCE,21,2,8,3,21,63.0,0
14c7af03-1727-7ab7-f698-e6fb75c66646,14c7af03-1727-7ab7-3bff-838d66c398fc,0.028,872.3,0,urgentcare,2025-10-18 11:41:32,6,1,11,10,Fall,F,black,nonhispanic,99,GOVERNMENT,24,1,6,5,62,70.0,0
14c7af03-1727-7ab7-75b4-041a23df8127,14c7af03-1727-7ab7-3bff-838d66c398fc,0.041,1543.95,0,urgentcare,2025-08-09 11:41:32,6,1,11,8,Summer,F,black,nonhispanic,99,GOVERNMENT,25,1,10,4,61,28.0,1
14c7af03-1727-7ab7-767b-8a134682551a,14c7af03-1727-7ab7-3bff-838d66c398fc,0.029,872.3,0,urgentcare,2025-07-12 11:41:32,6,1,11,7,Summer,F,black,nonhispanic,99,GOVERNMENT,24,1,3,3,60,28.0,1
873d0e24-7c2a-27fe-d8df-4f4aadb8f3c6,873d0e24-7c2a-27fe-193d-215043e7af5d,0.022,1417.41,0,urgentcare,2024-12-17 09:53:00,2,0,9,12,Winter,F,white,hispanic,63,NO_INSURANCE,21,1,3,2,20,28.0,1
d4d8e889-ed0a-9aef-4422-72fd4acb4f0d,d4d8e889-ed0a-9aef-bfdd-e03598b06a9a,0.036,920.56,0,urgentcare,2011-02-24 20:41:51,4,0,20,2,Winter,M,white,hispanic,72,GOVERNMENT,15,1,4,3,1,343.0,0
873d0e24-7c2a-27fe-0cb6-7cafebd16e24,873d0e24-7c2a-27fe-193d-215043e7af5d,0.034,872.3,0,urgentcare,2024-11-19 09:53:00,2,0,9,11,Fall,F,white,hispanic,63,NO_INSURANCE,22,6,4,2,19,91.0,0
14c7af03-1727-7ab7-2d8a-453fabdc1c50,14c7af03-1727-7ab7-3bff-838d66c398fc,0.042,1121.67,0,emergency,2025-05-10 11:41:32,6,1,11,5,Spring,F,black,nonhispanic,99,GOVERNMENT,25,2,7,3,56,7.0,1
14c7af03-1727-7ab7-1126-8fd0125633ad,14c7af03-1727-7ab7-3bff-838d66c398fc,0.042,527.88,0,emergency,2025-05-03 11:41:32,6,1,11,5,Spring,F,black,nonhispanic,99,GOVERNMENT,24,1,1,3,55,7.0,1
14c7af03-1727-7ab7-c7c2-0c0d371f772f,14c7af03-1727-7ab7-3bff-838d66c398fc,0.032,872.3,0,urgentcare,2025-03-08 11:41:32,6,1,11,3,Spring,F,black,nonhispanic,99,GOVERNMENT,26,1,4,3,52,105.0,0
bb3ee1a5-8486-b73a-6d78-4328d3e7d044,bb3ee1a5-8486-b73a-0891-ccb067080d5b,0.075,1008.98,0,emergency,1996-12-24 01:58:00,2,0,1,12,Winter,F,white,nonhispanic,73,GOVERNMENT,20,3,2,1,6,1036.0,0
873d0e24-7c2a-27fe-6bde-c659d8ac9e39,873d0e24-7c2a-27fe-193d-215043e7af5d,0.039,1088.0,0,urgentcare,2024-07-23 09:53:00,2,0,9,7,Summer,F,white,hispanic,63,NO_INSURANCE,20,2,7,2,17,119.0,0
964926a3-27ab-25f9-e92c-c6fd746d1d46,964926a3-27ab-25f9-bfae-f969c1fab7e7,0.041,1084.86,0,urgentcare,1994-06-14 00:54:03,2,0,0,6,Summer,F,white,nonhispanic,71,GOVERNMENT,18,3,7,4,2,945.0,0
14c7af03-1727-7ab7-f604-90663d5b0fea,14c7af03-1727-7ab7-3bff-838d66c398fc,0.023,1744.79,0,urgentcare,2024-11-23 11:41:32,6,1,11,11,Fall,F,black,nonhispanic,98,GOVERNMENT,27,3,7,5,51,77.0,0
873d0e24-7c2a-27fe-cdb7-3f9535c7116d,873d0e24-7c2a-27fe-193d-215043e7af5d,0.023,872.3,0,urgentcare,2024-03-26 09:53:00,2,0,9,3,Spring,F,white,hispanic,63,NO_INSURANCE,20,1,5,2,16,91.0,0
14c7af03-1727-7ab7-1c33-4567e45ed05b,14c7af03-1727-7ab7-3bff-838d66c398fc,0.01,560.28,0,urgentcare,2024-09-07 11:41:32,6,1,11,9,Fall,F,black,nonhispanic,98,GOVERNMENT,23,1,1,4,50,35.0,0
14c7af03-1727-7ab7-f40e-a547701d9e41,14c7af03-1727-7ab7-3bff-838d66c398fc,0.03,872.3,0,urgentcare,2024-07-27 11:41:32,6,1,11,7,Summer,F,black,nonhispanic,98,GOVERNMENT,25,1,5,4,48,28.0,1
14c7af03-1727-7ab7-b5ad-240c402a5aec,14c7af03-1727-7ab7-3bff-838d66c398fc,0.032,872.3,0,urgentcare,2024-06-29 11:41:32,6,1,11,6,Summer,F,black,nonhispanic,98,GOVERNMENT,25,2,4,4,47,14.0,1
14c7af03-1727-7ab7-be87-1256d10b80f6,14c7af03-1727-7ab7-3bff-838d66c398fc,0.036,872.3,0,urgentcare,2024-05-18 11:41:32,6,1,11,5,Spring,F,black,nonhispanic,98,GOVERNMENT,24,2,3,5,44,28.0,1
873d0e24-7c2a-27fe-3d01-7e38ac03cca9,873d0e24-7c2a-27fe-193d-215043e7af5d,0.036,872.3,0,urgentcare,2023-03-28 09:53:00,2,0,9,3,Spring,F,white,hispanic,62,NO_INSURANCE,21,4,6,3,14,301.0,0
14c7af03-1727-7ab7-6fa8-7a962d9c4544,14c7af03-1727-7ab7-3bff-838d66c398fc,0.026,1482.07,0,urgentcare,2024-04-20 11:41:32,6,1,11,4,Spring,F,black,nonhispanic,98,GOVERNMENT,25,1,6,5,43,21.0,1
14c7af03-1727-7ab7-5e3c-0dcab38d09b9,14c7af03-1727-7ab7-3bff-838d66c398fc,0.035,872.3,0,urgentcare,2024-03-30 11:41:32,6,1,11,3,Spring,F,black,nonhispanic,98,GOVERNMENT,25,1,5,5,42,14.0,1
14c7af03-1727-7ab7-2ac9-5f369ba46cd1,14c7af03-1727-7ab7-3bff-838d66c398fc,0.028,1720.67,0,urgentcare,2024-03-16 11:41:32,6,1,11,3,Spring,F,black,nonhispanic,98,GOVERNMENT,26,2,4,5,41,49.0,0
14c7af03-1727-7ab7-2fc4-a28731d77be8,14c7af03-1727-7ab7-3bff-838d66c398fc,0.039,872.3,0,urgentcare,2024-01-27 11:41:32,6,1,11,1,Winter,F,black,nonhispanic,98,GOVERNMENT,26,1,5,4,40,56.0,0
bb3ee1a5-8486-b73a-d4e4-48f8e6961990,bb3ee1a5-8486-b73a-0891-ccb067080d5b,0.01,763.62,0,urgentcare,1994-02-22 00:54:03,2,0,0,2,Winter,F,white,nonhispanic,71,GOVERNMENT,16,1,1,1,5,7.0,1
873d0e24-7c2a-27fe-974f-f9b0f5d04bd1,873d0e24-7c2a-27fe-193d-215043e7af5d,0.041,1871.1,0,urgentcare,2022-05-31 09:53:00,2,0,9,5,Spring,F,white,hispanic,61,NO_INSURANCE,20,2,7,2,13,833.0,0
14c7af03-1727-7ab7-c906-2e4d2205155e,14c7af03-1727-7ab7-3bff-838d66c398fc,0.041,1721.18,0,urgentcare,2023-07-22 11:41:32,6,1,11,7,Summer,F,black,nonhispanic,97,GOVERNMENT,26,2,6,3,38,42.0,0
14c7af03-1727-7ab7-31dd-33c15e3a77a3,14c7af03-1727-7ab7-3bff-838d66c398fc,0.01,556.23,0,urgentcare,2023-06-10 11:41:32,6,1,11,6,Summer,F,black,nonhispanic,97,GOVERNMENT,25,1,1,4,37,7.0,1
14c7af03-1727-7ab7-5e3e-8978c88e952b,14c7af03-1727-7ab7-3bff-838d66c398fc,0.036,1088.0,0,urgentcare,2023-06-03 11:41:32,6,1,11,6,Summer,F,black,nonhispanic,97,GOVERNMENT,26,3,8,4,36,14.0,1
14c7af03-1727-7ab7-57f7-80d3872118c6,14c7af03-1727-7ab7-3bff-838d66c398fc,0.034,872.3,0,urgentcare,2023-05-20 11:41:32,6,1,11,5,Spring,F,black,nonhispanic,97,GOVERNMENT,25,2,6,4,35,378.0,0
873d0e24-7c2a-27fe-cc7c-22ec21171450,873d0e24-7c2a-27fe-193d-215043e7af5d,0.026,1088.0,0,urgentcare,2020-02-11 09:53:00,2,0,9,2,Winter,F,white,hispanic,59,NO_INSURANCE,20,2,5,3,11,21.0,1
14c7af03-1727-7ab7-5885-705f3197b6cc,14c7af03-1727-7ab7-3bff-838d66c398fc,0.04,1138.37,0,urgentcare,2022-05-07 11:41:32,6,1,11,5,Spring,F,black,nonhispanic,96,GOVERNMENT,25,3,4,3,34,28.0,1
873d0e24-7c2a-27fe-4158-36014295749d,873d0e24-7c2a-27fe-193d-215043e7af5d,0.035,1735.1,0,urgentcare,2019-12-10 09:53:00,2,0,9,12,Winter,F,white,hispanic,58,NO_INSURANCE,19,2,6,2,5,7.0,1
14c7af03-1727-7ab7-5dfd-18d69ee73d14,14c7af03-1727-7ab7-3bff-838d66c398fc,0.033,1088.0,0,urgentcare,2022-04-09 11:41:32,6,1,11,4,Spring,F,black,nonhispanic,96,GOVERNMENT,24,1,8,3,33,238.0,0
873d0e24-7c2a-27fe-e9f9-d8c051cfe240,873d0e24-7c2a-27fe-193d-215043e7af5d,0.01,856.1,0,urgentcare,2019-12-03 09:53:00,2,0,9,12,Winter,F,white,hispanic,58,NO_INSURANCE,18,1,1,2,4,7.0,1
873d0e24-7c2a-27fe-b81a-48a79b5595e3,873d0e24-7c2a-27fe-193d-215043e7af5d,0.026,1570.4,0,urgentcare,2019-11-26 09:53:00,2,0,9,11,Fall,F,white,hispanic,58,NO_INSURANCE,20,2,5,2,3,7.0,1
873d0e24-7c2a-27fe-353d-99fa03b5fa77,873d0e24-7c2a-27fe-193d-215043e7af5d,0.042,915.41,0,emergency,2019-11-19 09:53:00,2,0,9,11,Fall,F,white,hispanic,58,NO_INSURANCE,19,1,1,2,2,7.0,1
873d0e24-7c2a-27fe-ae96-92ba6c48dae5,873d0e24-7c2a-27fe-193d-215043e7af5d,0.038,1224.0,0,urgentcare,2019-11-12 09:53:00,2,0,9,11,Fall,F,white,hispanic,58,NO_INSURANCE,19,3,6,2,1,8476.0,0
14c7af03-1727-7ab7-d468-0f26315f3c2f,14c7af03-1727-7ab7-3bff-838d66c398fc,0.035,872.3,0,urgentcare,2021-07-10 11:41:32,6,1,11,7,Summer,F,black,nonhispanic,95,GOVERNMENT,26,1,6,4,31,28.0,1
14c7af03-1727-7ab7-3c79-fd5fdf9ac777,14c7af03-1727-7ab7-3bff-838d66c398fc,0.039,872.3,0,urgentcare,2021-06-12 11:41:32,6,1,11,6,Summer,F,black,nonhispanic,95,GOVERNMENT,27,3,5,3,30,98.0,0
14c7af03-1727-7ab7-6b37-aecdf18ce2b9,14c7af03-1727-7ab7-3bff-838d66c398fc,0.034,1088.0,0,urgentcare,2021-01-16 11:41:32,6,1,11,1,Winter,F,black,nonhispanic,95,GOVERNMENT,25,1,7,3,28,168.0,0
14c7af03-1727-7ab7-2835-d5dcf8bd7ae3,14c7af03-1727-7ab7-3bff-838d66c398fc,0.022,872.3,0,urgentcare,2020-08-01 11:41:32,6,1,11,8,Summer,F,black,nonhispanic,94,GOVERNMENT,27,1,6,3,27,14.0,1
14c7af03-1727-7ab7-951b-7ebfcb8e98cc,14c7af03-1727-7ab7-3bff-838d66c398fc,0.023,1553.28,0,urgentcare,2020-07-18 11:41:32,6,1,11,7,Summer,F,black,nonhispanic,94,GOVERNMENT,27,2,8,3,26,28.0,1
14c7af03-1727-7ab7-cde2-95fdd6ec36c6,14c7af03-1727-7ab7-3bff-838d66c398fc,0.024,1672.58,0,urgentcare,2020-06-20 11:41:32,6,1,11,6,Summer,F,black,nonhispanic,94,GOVERNMENT,28,2,6,4,25,77.0,0
14c7af03-1727-7ab7-70a6-0b2cd9e477ae,14c7af03-1727-7ab7-3bff-838d66c398fc,0.038,872.3,0,urgentcare,2020-04-04 11:41:32,6,1,11,4,Spring,F,black,nonhispanic,94,GOVERNMENT,26,1,6,4,24,28.0,1
14c7af03-1727-7ab7-85b7-e6885bd636e6,14c7af03-1727-7ab7-3bff-838d66c398fc,0.025,872.3,0,urgentcare,2020-02-22 11:41:32,6,1,11,2,Winter,F,black,nonhispanic,94,GOVERNMENT,28,3,6,4,22,124.9,0
14c7af03-1727-7ab7-885f-42f2cea107aa,14c7af03-1727-7ab7-3bff-838d66c398fc,0.025,872.3,0,urgentcare,2019-08-24 11:41:32,6,1,11,8,Summer,F,black,nonhispanic,93,GOVERNMENT,27,3,6,4,18,28.0,1
14c7af03-1727-7ab7-52fb-19ca14f42020,14c7af03-1727-7ab7-3bff-838d66c398fc,0.042,872.3,0,urgentcare,2019-06-22 11:41:32,6,1,11,6,Summer,F,black,nonhispanic,93,GOVERNMENT,26,1,5,4,16,98.0,0
14c7af03-1727-7ab7-cbd8-dcaed36560ca,14c7af03-1727-7ab7-3bff-838d66c398fc,0.037,872.3,0,urgentcare,2019-03-16 11:41:32,6,1,11,3,Spring,F,black,nonhispanic,93,GOVERNMENT,27,3,6,3,15,49.0,0
14c7af03-1727-7ab7-95a5-c2aa917328dd,14c7af03-1727-7ab7-3bff-838d66c398fc,0.039,1088.0,0,urgentcare,2017-08-05 11:41:32,6,1,11,8,Summer,F,black,nonhispanic,91,GOVERNMENT,25,2,7,4,6,63.0,0
14c7af03-1727-7ab7-8e2a-11dc710e3ee8,14c7af03-1727-7ab7-3bff-838d66c398fc,0.029,1224.0,0,urgentcare,2017-06-03 11:41:32,6,1,11,6,Summer,F,black,nonhispanic,91,GOVERNMENT,26,3,6,5,5,56.0,0
14c7af03-1727-7ab7-0446-89b6d16c033e,14c7af03-1727-7ab7-3bff-838d66c398fc,0.038,1643.69,0,urgentcare,2016-10-22 11:41:32,6,1,11,10,Fall,F,black,nonhispanic,90,GOVERNMENT,24,1,5,5,2,14.0,1
14c7af03-1727-7ab7-690d-1d4e8bd0f1df,14c7af03-1727-7ab7-3bff-838d66c398fc,0.034,1735.1,0,urgentcare,2016-10-08 11:41:32,6,1,11,10,Fall,F,black,nonhispanic,90,GOVERNMENT,24,1,9,5,1,12351.3,0
14c7af03-1727-7ab7-b6bd-55f5c07bda41,14c7af03-1727-7ab7-3bff-838d66c398fc,0.033,872.3,0,urgentcare,2018-03-24 11:41:32,6,1,11,3,Spring,F,black,nonhispanic,92,GOVERNMENT,25,1,4,4,7,231.0,0
14c7af03-1727-7ab7-9302-56a1a9a89ce9,14c7af03-1727-7ab7-3bff-838d66c398fc,0.039,872.3,0,urgentcare,2018-04-28 11:41:32,6,1,11,4,Spring,F,black,nonhispanic,92,GOVERNMENT,26,2,4,3,9,28.0,1
14c7af03-1727-7ab7-627d-115e60c60dfd,14c7af03-1727-7ab7-3bff-838d66c398fc,0.025,872.3,0,urgentcare,2018-07-28 11:41:32,6,1,11,7,Summer,F,black,nonhispanic,92,GOVERNMENT,25,2,4,4,10,91.0,0
14c7af03-1727-7ab7-8566-674521c01392,14c7af03-1727-7ab7-3bff-838d66c398fc,0.032,872.3,0,urgentcare,2018-09-22 11:41:32,6,1,11,9,Fall,F,black,nonhispanic,92,GOVERNMENT,25,2,5,5,11,56.0,0
14c7af03-1727-7ab7-5568-2982d67fc0c6,14c7af03-1727-7ab7-3bff-838d66c398fc,0.037,872.3,0,urgentcare,2019-01-26 11:41:32,6,1,11,1,Winter,F,black,nonhispanic,93,GOVERNMENT,26,3,7,4,14,28.0,1
2c49b890-9dfa-8966-899a-615b60b8bb9a,2c49b890-9dfa-8966-8a8a-f22ec2ca4dcf,0.042,146.18,0,emergency,2015-06-13 00:54:03,6,1,0,6,Summer,F,white,nonhispanic,92,GOVERNMENT,14,1,0,0,2,3413.0,0
3204b6b1-a926-57cf-1c10-ed00a4f98ec7,3204b6b1-a926-57cf-7334-fb120a997372,0.042,146.18,0,emergency,2025-05-10 03:18:02,6,1,3,5,Spring,F,white,nonhispanic,55,GOVERNMENT,13,2,0,2,1,7234.9,0
034708e8-2978-8a2c-f455-e59567c6faa6,034708e8-2978-8a2c-b34a-0aabd4466b78,0.042,146.18,0,emergency,2026-01-14 17:48:32,3,0,17,1,Winter,F,white,nonhispanic,10,GOVERNMENT,3,2,0,1,1,385.0,0
24c3d0b3-ddee-933f-1b14-dda28ed966d0,24c3d0b3-ddee-933f-6e4d-cc705c43b69d,0.042,146.18,0,emergency,2007-10-18 00:54:03,4,0,0,10,Fall,F,white,nonhispanic,84,GOVERNMENT,21,1,0,0,7,989.0,0
1e356305-aa68-ef19-18d0-e0ada22791b5,1e356305-aa68-ef19-e594-db789c349036,0.01,142.58,0,urgentcare,2025-05-27 23:05:21,2,0,23,5,Spring,M,white,nonhispanic,6,PRIVATE,3,1,0,1,0,,0
68cdf953-3749-2c6f-f5db-b9cb3c26c53d,68cdf953-3749-2c6f-c62c-62aad7f59730,0.042,146.18,0,emergency,2025-06-29 10:47:42,0,1,10,6,Summer,F,white,nonhispanic,49,PRIVATE,15,2,0,1,0,,0
ade7177c-8517-2bcc-b8b8-ed5ffa7699b2,ade7177c-8517-2bcc-6ce5-f35028f2ef5f,0.042,146.18,0,emergency,2025-04-26 15:57:14,6,1,15,4,Spring,F,white,nonhispanic,37,GOVERNMENT,9,2,0,2,4,974.3,0
034708e8-2978-8a2c-e504-05f2fac115b2,034708e8-2978-8a2c-b34a-0aabd4466b78,0.042,146.18,0,emergency,2024-12-25 17:48:32,3,0,17,12,Winter,F,white,nonhispanic,8,GOVERNMENT,2,2,0,1,0,,0
80feb533-bf13-230d-46bf-bab469a02c19,80feb533-bf13-230d-c3fb-6e86bd784935,0.042,146.18,0,emergency,2024-04-12 20:56:17,5,0,20,4,Spring,M,white,nonhispanic,66,GOVERNMENT,26,1,0,0,9,1107.2,0
feff995f-fb46-7bd5-e412-0c278cdb2cd2,feff995f-fb46-7bd5-61d4-70d4119e1ff0,0.042,146.18,0,emergency,2025-04-13 04:28:26,0,1,4,4,Spring,F,black,nonhispanic,45,PRIVATE,14,2,0,1,13,111.7,0
bb3ee1a5-8486-b73a-31fd-7b6d00eac6f7,bb3ee1a5-8486-b73a-0891-ccb067080d5b,0.042,146.18,0,emergency,2000-02-08 03:46:00,2,0,3,2,Winter,F,white,nonhispanic,77,GOVERNMENT,23,2,0,2,9,945.1,0
ba622e5d-d99e-b865-c6f7-1d4f4788378c,ba622e5d-d99e-b865-e79b-5064f42c34ed,0.25,146.18,0,emergency,2023-12-21 19:16:54,4,0,19,12,Winter,F,white,nonhispanic,38,PRIVATE,8,1,0,0,9,688.8,0
f2335b3f-15ec-cc65-cc91-313b264ab332,f2335b3f-15ec-cc65-8324-8a41e61b78d1,0.417,146.18,0,emergency,2023-04-27 00:22:17,4,0,0,4,Spring,M,white,hispanic,63,PRIVATE,12,1,0,0,9,1021.2,0
feff995f-fb46-7bd5-bf1d-dd64042fa926,feff995f-fb46-7bd5-61d4-70d4119e1ff0,0.042,146.18,0,emergency,2024-11-08 09:37:59,5,0,9,11,Fall,F,black,nonhispanic,44,PRIVATE,13,1,0,0,11,1095.2,0
1e04cc7b-7902-ead0-eb69-44bdf802524c,1e04cc7b-7902-ead0-3a05-27ade8873a24,0.042,146.18,0,emergency,2010-07-24 17:50:09,6,1,17,7,Summer,F,asian,nonhispanic,54,PRIVATE,13,2,0,0,0,,0
ba622e5d-d99e-b865-e1df-c7701b87772a,ba622e5d-d99e-b865-e79b-5064f42c34ed,0.792,146.18,0,emergency,2022-01-31 05:38:26,1,0,5,1,Winter,F,white,nonhispanic,37,PRIVATE,11,1,0,1,8,21.6,1
6f0f919c-4e02-e9cb-dc26-c5d178377b1c,6f0f919c-4e02-e9cb-a4e8-dd66ff9d707a,0.042,146.18,0,emergency,2024-05-30 00:30:14,4,0,0,5,Spring,M,white,hispanic,85,GOVERNMENT,14,2,0,1,4,314.1,0
ba622e5d-d99e-b865-5973-4bdbd69dedb7,ba622e5d-d99e-b865-e79b-5064f42c34ed,0.042,146.18,0,emergency,2022-01-09 13:21:44,0,1,13,1,Winter,F,white,nonhispanic,37,PRIVATE,10,2,0,1,7,228.0,0
2e5e31f3-a0fc-7197-8f16-14da3684c617,2e5e31f3-a0fc-7197-b6b2-17afe6a3153b,0.042,146.18,0,emergency,2017-08-06 14:14:18,0,1,14,8,Summer,F,white,nonhispanic,23,PRIVATE,9,2,0,0,1,294.0,0
feff995f-fb46-7bd5-1a01-b620b510cda1,feff995f-fb46-7bd5-61d4-70d4119e1ff0,0.042,146.18,0,emergency,2021-11-09 04:28:26,2,0,4,11,Fall,F,black,nonhispanic,41,PRIVATE,13,2,0,0,10,396.5,0
fc03ce3b-ec13-3864-0d3b-6e2f6bc881d5,fc03ce3b-ec13-3864-54a8-1f19272dbb3b,0.042,146.18,0,emergency,2020-10-01 10:11:34,4,0,10,10,Fall,M,black,nonhispanic,23,GOVERNMENT,7,1,0,1,18,111.0,0
c0245ff2-626a-16ea-7c6c-b166d9732707,c0245ff2-626a-16ea-60ee-3dcfffce68ac,1.0,3817.64,0,inpatient,2011-05-24 01:25:56,2,0,1,5,Spring,F,white,nonhispanic,26,PRIVATE,6,1,0,0,0,,0
feff995f-fb46-7bd5-32cb-02f89f9d0903,feff995f-fb46-7bd5-61d4-70d4119e1ff0,0.125,146.18,0,emergency,2020-10-08 12:43:55,4,0,12,10,Fall,F,black,nonhispanic,40,PRIVATE,14,1,0,1,9,79.3,0
feff995f-fb46-7bd5-f17c-4c000225f77a,feff995f-fb46-7bd5-61d4-70d4119e1ff0,0.042,146.18,0,emergency,2020-07-21 04:28:26,2,0,4,7,Summer,F,black,nonhispanic,40,PRIVATE,13,2,0,0,8,39.7,0
1b94634d-c32a-89c4-76d4-712b2fa68b48,1b94634d-c32a-89c4-3a28-b2a9e59fdc8f,1.0,146.18,0,inpatient,1990-08-10 02:53:00,5,0,2,8,Summer,F,white,hispanic,29,NO_INSURANCE,5,1,0,0,2,28.0,1
9495721d-b1f5-a465-7897-6f1ac215656a,9495721d-b1f5-a465-be58-af275e99851e,0.042,146.18,0,emergency,2018-09-18 10:30:53,2,0,10,9,Fall,F,white,nonhispanic,27,PRIVATE,8,2,0,1,0,,0
1b94634d-c32a-89c4-30d8-55b32582d998,1b94634d-c32a-89c4-3a28-b2a9e59fdc8f,1.0,5260.19,0,inpatient,1987-03-12 10:39:27,4,0,10,3,Spring,F,white,hispanic,26,NO_INSURANCE,4,1,0,0,0,,0
2c49b890-9dfa-8966-0a80-50364d1f52de,2c49b890-9dfa-8966-8a8a-f22ec2ca4dcf,0.01,142.58,0,urgentcare,2006-02-07 00:54:03,2,0,0,2,Winter,F,white,nonhispanic,83,GOVERNMENT,15,1,0,2,1,7.0,1
80feb533-bf13-230d-4cb4-2e7f7fcbc48e,80feb533-bf13-230d-c3fb-6e86bd784935,0.042,146.18,0,emergency,2019-03-12 16:07:01,2,0,16,3,Spring,M,white,nonhispanic,61,GOVERNMENT,28,2,0,1,7,345.8,0
d65c6993-5407-c547-66a8-58038f6e4944,d65c6993-5407-c547-30b3-be66b6380ea6,0.042,146.18,0,emergency,2017-01-31 23:56:16,2,0,23,1,Winter,M,white,hispanic,15,PRIVATE,2,2,0,1,0,,0
feff995f-fb46-7bd5-2c4d-f6af94f04858,feff995f-fb46-7bd5-61d4-70d4119e1ff0,0.208,146.18,0,emergency,2020-06-11 07:43:55,4,0,7,6,Summer,F,black,nonhispanic,40,PRIVATE,12,1,0,0,7,277.1,0
feff995f-fb46-7bd5-da9e-7bafe994ae64,feff995f-fb46-7bd5-61d4-70d4119e1ff0,1.333,146.18,0,emergency,2019-09-06 21:20:51,5,0,21,9,Fall,F,black,nonhispanic,39,PRIVATE,14,1,0,1,6,630.0,0
24d51499-dd36-2cea-62bc-de827950e5e8,24d51499-dd36-2cea-709f-7742d73be0d9,0.042,146.18,0,emergency,2018-06-01 15:53:57,5,0,15,6,Summer,F,white,nonhispanic,95,GOVERNMENT,9,2,0,1,2,2299.6,0
80feb533-bf13-230d-b7d1-09ba603adb26,80feb533-bf13-230d-c3fb-6e86bd784935,0.125,146.18,0,emergency,2018-03-31 17:19:47,6,1,17,3,Spring,M,white,nonhispanic,60,GOVERNMENT,27,1,0,0,6,465.7,0
ba622e5d-d99e-b865-df60-413799ca7450,ba622e5d-d99e-b865-e79b-5064f42c34ed,0.037,791.36,0,urgentcare,2015-01-28 12:28:00,3,0,12,1,Winter,F,white,nonhispanic,30,PRIVATE,8,3,0,0,2,1003.9,0
5bcf0e35-b48a-69b8-c3dc-18e311ed8f23,5bcf0e35-b48a-69b8-18fc-d0560b394af9,0.042,146.18,0,emergency,2021-12-17 17:06:49,5,0,17,12,Winter,M,white,hispanic,50,PRIVATE,8,2,0,0,0,,0
feff995f-fb46-7bd5-38a8-3fb0c559de9b,feff995f-fb46-7bd5-61d4-70d4119e1ff0,0.083,146.18,0,emergency,2017-12-15 19:20:51,5,0,19,12,Winter,F,black,nonhispanic,37,GOVERNMENT,14,1,0,0,5,4500.9,0
3204b6b1-a926-57cf-b8b9-4af8c9476ead,3204b6b1-a926-57cf-7334-fb120a997372,1.0,9199.26,0,inpatient,2005-07-18 05:54:34,1,0,5,7,Summer,F,white,nonhispanic,35,NO_INSURANCE,5,1,0,0,0,,0
ba622e5d-d99e-b865-4cb7-be92f655f4a7,ba622e5d-d99e-b865-e79b-5064f42c34ed,14.0,146.18,1,inpatient,2012-04-15 14:28:00,0,1,14,4,Spring,F,white,nonhispanic,27,PRIVATE,5,1,0,0,1,21.0,1
24d51499-dd36-2cea-149d-41e58739d1fc,24d51499-dd36-2cea-709f-7742d73be0d9,0.038,1339.04,0,urgentcare,2012-02-14 00:54:03,2,0,0,2,Winter,F,white,nonhispanic,89,GOVERNMENT,7,2,0,0,1,23135.0,0
3a96007f-4273-3d15-8bb7-33e6cb0dd749,3a96007f-4273-3d15-1f9a-40043ba3a90d,0.042,5308.14,0,emergency,2005-12-09 03:49:50,5,0,3,12,Winter,M,white,nonhispanic,40,NO_INSURANCE,8,1,0,0,0,,0
6f0f919c-4e02-e9cb-9282-11157c5d6f6c,6f0f919c-4e02-e9cb-a4e8-dd66ff9d707a,0.01,149.38,0,urgentcare,2016-08-25 20:41:51,4,0,20,8,Summer,M,white,hispanic,77,GOVERNMENT,11,1,0,0,1,10867.0,0
80feb533-bf13-230d-93cd-12fe2d353034,80feb533-bf13-230d-c3fb-6e86bd784935,0.083,146.18,0,emergency,2016-12-20 22:34:47,2,0,22,12,Winter,M,white,nonhispanic,58,GOVERNMENT,26,1,0,3,5,1671.2,0
fc03ce3b-ec13-3864-303d-9d7a12898850,fc03ce3b-ec13-3864-54a8-1f19272dbb3b,0.042,5308.14,0,emergency,2012-05-20 10:11:34,0,1,10,5,Spring,M,black,nonhispanic,15,GOVERNMENT,3,1,0,0,2,44.0,0
a399e9dd-648b-f6df-0388-fc251dc20e36,a399e9dd-648b-f6df-73af-ce038f698c1d,0.042,146.18,0,emergency,2019-05-01 11:58:04,3,0,11,5,Spring,F,other,nonhispanic,33,PRIVATE,11,2,0,3,0,,0
e940c39c-9a4c-4252-fd07-d5a712325ef2,e940c39c-9a4c-4252-0b98-8399315de7dd,2.0,146.18,0,inpatient,2021-03-13 14:50:09,6,1,14,3,Spring,F,asian,nonhispanic,65,PRIVATE,10,1,0,0,0,,0
d6586b7b-bcee-c22b-6150-fcf7588a4af1,d6586b7b-bcee-c22b-6223-0405f0b14914,2.085,5423.98,0,inpatient,1989-09-14 09:13:58,4,0,9,9,Fall,M,white,nonhispanic,6,PRIVATE,2,1,0,0,0,,0
f2335b3f-15ec-cc65-d1c7-905e8adc4d7c,f2335b3f-15ec-cc65-8324-8a41e61b78d1,0.167,146.18,0,emergency,2020-07-09 16:05:41,4,0,16,7,Summer,M,white,hispanic,60,PRIVATE,14,1,0,1,8,71.0,0
fc03ce3b-ec13-3864-e25d-cfa9792dd1d6,fc03ce3b-ec13-3864-54a8-1f19272dbb3b,0.042,87.71,0,emergency,2012-04-06 10:11:34,5,0,10,4,Spring,M,black,nonhispanic,15,GOVERNMENT,2,1,0,0,1,44.0,0
24d51499-dd36-2cea-0789-4986ab5713d6,24d51499-dd36-2cea-709f-7742d73be0d9,1.0,6631.17,0,inpatient,1948-10-11 01:45:55,1,0,1,10,Fall,F,white,nonhispanic,25,NO_INSURANCE,4,1,0,0,0,,0
87974c1f-17ec-16f0-2dfa-b11257d18ae9,87974c1f-17ec-16f0-2423-a8334ac3c0e8,6.125,1025.09,0,emergency,1994-10-13 06:35:19,4,0,6,10,Fall,M,white,nonhispanic,39,GOVERNMENT,7,1,0,0,2,789.9,0
fc03ce3b-ec13-3864-8867-fa31905fba4e,fc03ce3b-ec13-3864-54a8-1f19272dbb3b,0.042,146.18,0,emergency,2012-02-22 10:11:34,3,0,10,2,Winter,M,black,nonhispanic,15,GOVERNMENT,1,1,0,0,0,,0
87974c1f-17ec-16f0-d2b0-b5b9a48a5ac1,87974c1f-17ec-16f0-2423-a8334ac3c0e8,1.0,987.9,0,inpatient,1992-08-13 08:18:02,4,0,8,8,Summer,M,white,nonhispanic,37,PRIVATE,6,1,0,0,1,1787.7,0
6f0f919c-4e02-e9cb-90da-a4bc6d3b02a8,6f0f919c-4e02-e9cb-a4e8-dd66ff9d707a,1.0,15412.92,0,inpatient,1986-11-23 19:50:12,0,1,19,11,Fall,M,white,hispanic,47,GOVERNMENT,7,1,0,2,0,,0
6e371fed-3d39-6490-da93-2c59cb713b22,6e371fed-3d39-6490-97b0-cefe3c089f86,1.0,3817.64,0,inpatient,2012-10-09 23:12:13,2,0,23,10,Fall,F,white,hispanic,26,PRIVATE,2,1,0,0,0,,0
aceb0d5e-5b10-05e1-22a2-daf25a7ec551,aceb0d5e-5b10-05e1-729d-8a87b69a0ecc,0.021,1143.06,0,urgentcare,1999-12-10 23:29:29,5,0,23,12,Winter,F,white,nonhispanic,23,PRIVATE,3,1,0,0,0,,0
24c3d0b3-ddee-933f-7e61-adb0a4a9545e,24c3d0b3-ddee-933f-6e4d-cc705c43b69d,1.0,41841.31,0,inpatient,1995-10-16 23:05:32,1,0,23,10,Fall,F,white,nonhispanic,72,GOVERNMENT,16,1,0,3,3,2131.9,0
87974c1f-17ec-16f0-09a0-673f9601defc,87974c1f-17ec-16f0-2423-a8334ac3c0e8,3.59,5423.98,0,inpatient,1987-09-18 01:35:19,5,0,1,9,Fall,M,white,nonhispanic,32,PRIVATE,4,1,0,0,0,,0
14c7af03-1727-7ab7-c8b0-70067b1cdb2e,14c7af03-1727-7ab7-3bff-838d66c398fc,0.042,295.34,0,emergency,2025-06-14 11:41:32,6,1,11,6,Summer,F,black,nonhispanic,99,GOVERNMENT,23,1,0,3,59,7.0,1
feff995f-fb46-7bd5-2432-b2c9baa3c8dc,feff995f-fb46-7bd5-61d4-70d4119e1ff0,0.039,1056.56,0,urgentcare,2001-08-30 04:28:26,4,0,4,8,Summer,F,black,nonhispanic,21,PRIVATE,7,1,0,0,3,2154.0,0
bb3ee1a5-8486-b73a-9e7a-db19d9352d0c,bb3ee1a5-8486-b73a-0891-ccb067080d5b,0.042,87.71,0,emergency,1997-07-08 00:54:03,2,0,0,7,Summer,F,white,nonhispanic,74,GOVERNMENT,20,1,0,2,8,126.0,0
2d411cf2-867d-5602-a7a2-4dbfb1ca3dae,2d411cf2-867d-5602-d5c1-a48ef138bd67,1.0,6352.21,0,inpatient,1999-03-01 12:04:39,1,0,12,3,Spring,F,white,hispanic,36,GOVERNMENT,3,1,0,0,0,,0
24c3d0b3-ddee-933f-a71f-71ee9f4ee77e,24c3d0b3-ddee-933f-6e4d-cc705c43b69d,0.062,4407.08,0,emergency,1989-12-15 00:54:03,5,0,0,12,Winter,F,white,nonhispanic,66,GOVERNMENT,12,1,0,0,2,867.9,0
80feb533-bf13-230d-2814-a58c25da09f7,80feb533-bf13-230d-c3fb-6e86bd784935,0.036,729.94,0,urgentcare,2012-05-24 16:07:01,4,0,16,5,Spring,M,white,nonhispanic,54,GOVERNMENT,21,1,0,0,4,5536.0,0
14c7af03-1727-7ab7-28be-75cba4b97752,14c7af03-1727-7ab7-3bff-838d66c398fc,0.01,291.74,0,urgentcare,2025-05-17 11:41:32,6,1,11,5,Spring,F,black,nonhispanic,99,GOVERNMENT,25,1,0,3,57,7.0,1
24c3d0b3-ddee-933f-0c2c-7b1256ab1cb8,24c3d0b3-ddee-933f-6e4d-cc705c43b69d,0.113,4407.08,0,emergency,1987-07-31 00:54:03,5,0,0,7,Summer,F,white,nonhispanic,64,GOVERNMENT,11,2,0,0,1,10553.0,0
feff995f-fb46-7bd5-3eea-5b461b441f6f,feff995f-fb46-7bd5-61d4-70d4119e1ff0,0.042,15702.82,0,emergency,1995-10-07 04:28:26,6,1,4,10,Fall,F,black,nonhispanic,15,PRIVATE,3,1,0,0,2,162.0,0
feff995f-fb46-7bd5-0291-3d5014354cf9,feff995f-fb46-7bd5-61d4-70d4119e1ff0,0.042,87.71,0,emergency,1995-04-28 04:28:26,5,0,4,4,Spring,F,black,nonhispanic,15,PRIVATE,2,1,0,0,1,37.0,0
d4d8e889-ed0a-9aef-455e-9cea2f331529,d4d8e889-ed0a-9aef-bfdd-e03598b06a9a,0.031,1518.16,0,urgentcare,2010-03-18 20:41:51,4,0,20,3,Spring,M,white,hispanic,71,GOVERNMENT,12,2,0,0,0,,0
feff995f-fb46-7bd5-b824-d61f33e2d22e,feff995f-fb46-7bd5-61d4-70d4119e1ff0,0.042,146.18,0,emergency,1995-03-22 04:28:26,3,0,4,3,Spring,F,black,nonhispanic,15,PRIVATE,1,1,0,0,0,,0
b5abd5bc-c5ee-2481-cc93-0cc382db5198,b5abd5bc-c5ee-2481-ee3a-bd3f7a3e3769,2.756,5423.98,0,inpatient,2004-08-27 04:49:05,5,0,4,8,Summer,F,white,nonhispanic,7,PRIVATE,1,1,0,0,0,,0
24c3d0b3-ddee-933f-a930-c01ce86c1198,24c3d0b3-ddee-933f-6e4d-cc705c43b69d,1.0,13537.81,0,inpatient,1958-09-07 01:53:35,0,1,1,9,Fall,F,white,nonhispanic,35,NO_INSURANCE,4,1,0,0,0,,0
0d55f40a-f172-22f3-3d0d-313ef82b3986,0d55f40a-f172-22f3-1f21-144b466e3996,0.042,146.18,0,emergency,2017-10-09 05:49:34,1,0,5,10,Fall,F,black,nonhispanic,20,PRIVATE,9,2,0,3,1,1215.0,0
bb3ee1a5-8486-b73a-5572-5ad1587ba38c,bb3ee1a5-8486-b73a-0891-ccb067080d5b,0.042,146.18,0,emergency,1997-03-04 00:54:03,2,0,0,3,Spring,F,white,nonhispanic,74,GOVERNMENT,21,1,0,2,7,69.9,0
964926a3-27ab-25f9-4298-b9801edda5d6,964926a3-27ab-25f9-bfae-f969c1fab7e7,0.01,291.74,0,urgentcare,1994-06-21 00:54:03,2,0,0,6,Summer,F,white,nonhispanic,71,GOVERNMENT,16,1,0,4,3,7.0,1
c0f51cca-adde-0358-e8a0-24f37f5f3703,c0f51cca-adde-0358-7aff-c33714afac73,1.0,5989.38,0,inpatient,1972-03-06 01:13:44,1,0,1,3,Spring,F,white,nonhispanic,26,GOVERNMENT,5,1,0,0,1,7794.0,0
80feb533-bf13-230d-807b-ae383cfa88ff,80feb533-bf13-230d-c3fb-6e86bd784935,0.042,146.18,0,emergency,1991-05-30 16:07:01,4,0,16,5,Spring,M,white,nonhispanic,33,GOVERNMENT,7,1,0,0,2,365.0,0
80feb533-bf13-230d-8008-8555fc74bf0e,80feb533-bf13-230d-c3fb-6e86bd784935,0.042,20794.05,0,emergency,1990-05-30 16:07:01,3,0,16,5,Spring,M,white,nonhispanic,32,GOVERNMENT,6,1,0,0,1,116.0,0
80feb533-bf13-230d-07a2-3b1870937a9a,80feb533-bf13-230d-c3fb-6e86bd784935,0.042,87.71,0,emergency,1990-02-03 16:07:01,6,1,16,2,Winter,M,white,nonhispanic,32,GOVERNMENT,5,1,0,0,0,,0
c0f51cca-adde-0358-2a78-c8a5e9e3ec12,c0f51cca-adde-0358-7aff-c33714afac73,0.054,7135.59,0,emergency,1950-11-03 00:17:34,5,0,0,11,Fall,F,white,nonhispanic,4,NO_INSURANCE,2,2,0,0,0,,0
964926a3-27ab-25f9-1870-c4f3139a825f,964926a3-27ab-25f9-bfae-f969c1fab7e7,0.042,6579.56,0,emergency,1991-11-12 00:54:03,2,0,0,11,Fall,F,white,nonhispanic,68,GOVERNMENT,15,2,0,3,1,15740.0,0
964926a3-27ab-25f9-25f5-5cefca534126,964926a3-27ab-25f9-bfae-f969c1fab7e7,1.0,3817.64,0,inpatient,1948-10-07 01:46:01,4,0,1,10,Fall,F,white,nonhispanic,25,GOVERNMENT,2,1,0,0,0,,0
bb3ee1a5-8486-b73a-313e-6831c79fdd04,bb3ee1a5-8486-b73a-0891-ccb067080d5b,0.029,723.14,0,urgentcare,1991-10-08 00:54:03,2,0,0,10,Fall,F,white,nonhispanic,68,GOVERNMENT,14,1,0,0,1,672.0,0
bb3ee1a5-8486-b73a-2335-956dbf519059,bb3ee1a5-8486-b73a-0891-ccb067080d5b,0.028,709.98,0,urgentcare,1989-12-05 00:54:03,2,0,0,12,Winter,F,white,nonhispanic,66,GOVERNMENT,10,1,0,0,0,,0
873d0e24-7c2a-27fe-5af5-ce8394ae832c,873d0e24-7c2a-27fe-193d-215043e7af5d,0.01,291.74,0,urgentcare,2020-02-18 09:53:00,2,0,9,2,Winter,F,white,hispanic,59,NO_INSURANCE,18,1,0,3,12,7.0,1
873d0e24-7c2a-27fe-f302-0b59e1f07955,873d0e24-7c2a-27fe-193d-215043e7af5d,0.01,291.74,0,urgentcare,2019-12-17 09:53:00,2,0,9,12,Winter,F,white,hispanic,58,NO_INSURANCE,17,1,0,2,6,7.0,1
873d0e24-7c2a-27fe-76ee-9c1542378025,873d0e24-7c2a-27fe-193d-215043e7af5d,1.0,5794.03,0,inpatient,1996-08-27 10:44:11,2,0,10,8,Summer,F,white,hispanic,35,NO_INSURANCE,4,1,0,0,0,,0
14c7af03-1727-7ab7-271a-1a3ab2abfe16,14c7af03-1727-7ab7-3bff-838d66c398fc,0.042,146.18,0,emergency,2019-10-20 12:22:00,0,1,12,10,Fall,F,black,nonhispanic,93,GOVERNMENT,27,2,0,5,21,22.0,1
14c7af03-1727-7ab7-429e-7ef52b414870,14c7af03-1727-7ab7-3bff-838d66c398fc,1.0,40602.37,0,inpatient,1982-12-14 03:25:31,2,0,3,12,Winter,F,black,nonhispanic,56,PRIVATE,15,1,0,0,0,,0
9495721d-b1f5-a465-a582-48a7bb5d4ab4,9495721d-b1f5-a465-be58-af275e99851e,0.042,1440.38,0,emergency,2026-06-25 10:13:45,4,0,10,6,Summer,F,white,nonhispanic,35,PRIVATE,8,0,2,0,5,470.8,0
ade7177c-8517-2bcc-3a50-737e5e7d6ecd,ade7177c-8517-2bcc-6ce5-f35028f2ef5f,0.042,5084.39,0,emergency,2026-04-10 07:42:14,5,0,7,4,Spring,F,white,nonhispanic,38,GOVERNMENT,8,0,2,2,5,348.6,0
e5bf8dd5-c17c-24ad-ac1b-98b879d57deb,e5bf8dd5-c17c-24ad-defd-40a3128fccd4,0.042,4681.19,0,emergency,2002-08-10 15:19:11,6,1,15,8,Summer,F,white,nonhispanic,56,GOVERNMENT,10,0,3,0,4,900.0,0
e5bf8dd5-c17c-24ad-ad48-26f0ea8c8552,e5bf8dd5-c17c-24ad-defd-40a3128fccd4,3.039,6044.22,0,inpatient,2002-08-10 15:19:11,6,1,15,8,Summer,F,white,nonhispanic,56,GOVERNMENT,10,0,5,0,4,900.0,0
d302525b-3c60-b860-6df9-9924979343b8,d302525b-3c60-b860-beb8-b2a2893e5e03,0.042,11163.88,0,emergency,2023-12-26 20:41:51,2,0,20,12,Winter,M,white,hispanic,84,GOVERNMENT,17,0,3,0,8,349.9,0
d302525b-3c60-b860-cf41-bd65c2228e00,d302525b-3c60-b860-beb8-b2a2893e5e03,3.038,5155.52,0,inpatient,2023-12-26 20:41:51,2,0,20,12,Winter,M,white,hispanic,84,GOVERNMENT,17,0,5,0,8,349.9,0
1e04cc7b-7902-ead0-1a0d-3ad4f62daa06,1e04cc7b-7902-ead0-3a05-27ade8873a24,2.044,3845.24,0,inpatient,2012-05-07 15:26:26,1,0,15,5,Spring,F,asian,nonhispanic,56,GOVERNMENT,13,0,5,1,1,652.9,0
1e04cc7b-7902-ead0-9f2d-fb9984f3e5df,1e04cc7b-7902-ead0-3a05-27ade8873a24,0.042,4681.19,0,emergency,2013-11-12 14:50:09,2,0,14,11,Fall,F,asian,nonhispanic,57,GOVERNMENT,11,0,3,0,3,551.9,0
1e04cc7b-7902-ead0-49dc-2c5f33112314,1e04cc7b-7902-ead0-3a05-27ade8873a24,9.004,14974.51,1,inpatient,2013-11-12 14:50:09,2,0,14,11,Fall,F,asian,nonhispanic,57,GOVERNMENT,11,0,5,0,3,551.9,0
b6936d31-fb81-30e3-3ff6-282a7275a38a,b6936d31-fb81-30e3-70c9-4e6bedb1f14c,4.542,3990.68,0,inpatient,2025-07-04 02:53:32,5,0,2,7,Summer,F,white,nonhispanic,49,PRIVATE,9,0,2,0,2,950.0,0
d302525b-3c60-b860-315b-c074ca513f27,d302525b-3c60-b860-beb8-b2a2893e5e03,0.042,4681.19,0,emergency,2022-12-31 21:11:11,6,1,21,12,Winter,M,white,hispanic,83,GOVERNMENT,18,0,3,0,6,1113.0,0
d302525b-3c60-b860-0848-3ae83f8059b4,d302525b-3c60-b860-beb8-b2a2893e5e03,10.04,15442.08,1,inpatient,2022-12-31 21:11:11,6,1,21,12,Winter,M,white,hispanic,83,GOVERNMENT,18,0,5,0,6,1113.0,0
904939d7-b361-d122-6f56-77a7ac262039,904939d7-b361-d122-94b7-3764253aa022,0.01,358.28,0,urgentcare,2026-01-07 07:36:23,3,0,7,1,Winter,F,white,nonhispanic,6,GOVERNMENT,3,0,1,1,1,49.0,0
ecdebc2d-d502-7712-68bf-1f703d81dcaf,ecdebc2d-d502-7712-8d3e-3bf83e93448b,0.01,573.98,0,urgentcare,2024-11-12 04:07:24,2,0,4,11,Fall,F,white,nonhispanic,75,GOVERNMENT,16,0,1,0,2,516.9,0
e940c39c-9a4c-4252-40a5-cd4f44397484,e940c39c-9a4c-4252-0b98-8399315de7dd,2.09,16591.52,0,inpatient,2024-08-09 10:38:33,5,0,10,8,Summer,F,asian,nonhispanic,68,GOVERNMENT,19,0,5,14,2,1103.5,0
e940c39c-9a4c-4252-73ba-601e2ba51cae,e940c39c-9a4c-4252-0b98-8399315de7dd,1.0,1871.78,0,inpatient,2024-08-11 12:32:44,0,1,12,8,Summer,F,asian,nonhispanic,68,GOVERNMENT,19,0,4,14,2,1105.6,0
3a96007f-4273-3d15-10c2-15abc672bfc1,3a96007f-4273-3d15-1f9a-40043ba3a90d,0.01,358.28,0,urgentcare,2023-02-21 03:49:50,2,0,3,2,Winter,M,white,nonhispanic,58,PRIVATE,12,0,1,2,2,1241.9,0
9495721d-b1f5-a465-204f-02c58f4e3a60,9495721d-b1f5-a465-be58-af275e99851e,4.25,5010.68,0,inpatient,2025-03-07 10:13:45,5,0,10,3,Spring,F,white,nonhispanic,34,PRIVATE,7,0,2,0,4,722.0,0
24c3d0b3-ddee-933f-870d-f6e10b3c2c60,24c3d0b3-ddee-933f-6e4d-cc705c43b69d,0.01,365.08,0,urgentcare,2005-02-01 00:54:03,2,0,0,2,Winter,F,white,nonhispanic,82,GOVERNMENT,20,0,1,3,6,7.0,1
2492a8cc-2f9b-4b25-bf0c-f33b13b3c751,2492a8cc-2f9b-4b25-9bc1-d573d79da655,1.223,23099.55,0,inpatient,2018-11-28 01:56:28,3,0,1,11,Fall,F,white,nonhispanic,42,PRIVATE,8,0,3,1,1,2140.6,0
e5bf8dd5-c17c-24ad-2c75-cd686f77ddc8,e5bf8dd5-c17c-24ad-defd-40a3128fccd4,0.042,4681.19,0,emergency,2000-02-20 14:21:26,0,1,14,2,Winter,F,white,nonhispanic,54,NO_INSURANCE,10,0,3,3,2,180.0,0
e5bf8dd5-c17c-24ad-36e9-d74d10fd70db,e5bf8dd5-c17c-24ad-defd-40a3128fccd4,2.04,4677.51,0,inpatient,2000-02-20 14:21:26,0,1,14,2,Winter,F,white,nonhispanic,54,NO_INSURANCE,10,0,6,3,2,180.0,0
2e5e31f3-a0fc-7197-8283-189e61d2f66c,2e5e31f3-a0fc-7197-b6b2-17afe6a3153b,0.042,577.58,0,emergency,2023-08-06 14:14:18,0,1,14,8,Summer,F,white,nonhispanic,29,PRIVATE,6,0,1,0,2,2191.0,0
0d55f40a-f172-22f3-eca2-4186320bc7f5,0d55f40a-f172-22f3-1f21-144b466e3996,0.042,19948.67,0,emergency,2025-05-15 05:36:45,4,0,5,5,Spring,F,black,nonhispanic,28,PRIVATE,9,0,2,1,5,532.0,0
b6936d31-fb81-30e3-4a17-9783af923597,b6936d31-fb81-30e3-70c9-4e6bedb1f14c,0.042,2925.6,0,emergency,2022-11-27 02:53:32,0,1,2,11,Fall,F,white,nonhispanic,46,PRIVATE,8,0,2,0,1,987.0,0
e5bf8dd5-c17c-24ad-a93a-7f0f904537d0,e5bf8dd5-c17c-24ad-defd-40a3128fccd4,0.042,11066.76,0,emergency,1999-08-13 13:35:00,5,0,13,8,Summer,F,white,nonhispanic,53,NO_INSURANCE,10,0,3,0,0,,0
e5bf8dd5-c17c-24ad-687b-92d4d09002fa,e5bf8dd5-c17c-24ad-defd-40a3128fccd4,11.032,17408.06,1,inpatient,1999-08-13 13:35:00,5,0,13,8,Summer,F,white,nonhispanic,53,NO_INSURANCE,10,0,6,0,0,,0
9495721d-b1f5-a465-1af4-375dbdab675c,9495721d-b1f5-a465-be58-af275e99851e,0.042,6874.57,0,emergency,2023-03-16 10:13:45,4,0,10,3,Spring,F,white,nonhispanic,32,PRIVATE,5,0,2,0,3,651.0,0
c83c710e-4cb6-1d90-7873-11405f11d568,c83c710e-4cb6-1d90-174d-f4e50d22f162,0.042,6904.95,0,emergency,2021-07-04 06:31:18,0,1,6,7,Summer,F,black,nonhispanic,24,PRIVATE,5,0,2,0,0,,0
964926a3-27ab-25f9-04cb-8fb9fdd68964,964926a3-27ab-25f9-bfae-f969c1fab7e7,3.054,25325.38,0,inpatient,1999-05-01 20:25:12,6,1,20,5,Spring,F,white,nonhispanic,76,GOVERNMENT,14,0,1,0,5,239.4,0
ba622e5d-d99e-b865-723a-6db34a33e61a,ba622e5d-d99e-b865-e79b-5064f42c34ed,0.042,6874.57,0,emergency,2021-05-26 12:28:00,3,0,12,5,Spring,F,white,nonhispanic,36,PRIVATE,10,0,2,0,6,704.7,0
6f0f919c-4e02-e9cb-0cff-06d28ce8b409,6f0f919c-4e02-e9cb-a4e8-dd66ff9d707a,0.01,573.98,0,urgentcare,2023-07-20 20:41:51,4,0,20,7,Summer,M,white,hispanic,84,GOVERNMENT,12,0,1,0,3,2382.8,0
9495721d-b1f5-a465-0648-8b83a73e4156,9495721d-b1f5-a465-be58-af275e99851e,0.042,577.58,0,emergency,2021-06-03 10:13:45,4,0,10,6,Summer,F,white,nonhispanic,30,PRIVATE,7,0,1,0,2,728.0,0
d302525b-3c60-b860-78d6-8ee1c68cc891,d302525b-3c60-b860-beb8-b2a2893e5e03,1.066,66155.41,0,inpatient,2019-12-12 18:38:45,4,0,18,12,Winter,M,white,hispanic,80,GOVERNMENT,17,0,5,3,3,37.9,0
d302525b-3c60-b860-0e38-dc09c000cc5b,d302525b-3c60-b860-beb8-b2a2893e5e03,1.0,1232.72,0,inpatient,2019-12-13 19:59:23,5,0,19,12,Winter,M,white,hispanic,80,GOVERNMENT,17,0,2,4,4,0.2,1
fc03ce3b-ec13-3864-7a76-0aafb89c4346,fc03ce3b-ec13-3864-54a8-1f19272dbb3b,0.042,20794.05,0,emergency,2020-06-12 10:11:34,5,0,10,6,Summer,M,black,nonhispanic,23,GOVERNMENT,7,0,1,1,17,229.0,0
fc03ce3b-ec13-3864-11e6-ae0080583150,fc03ce3b-ec13-3864-54a8-1f19272dbb3b,0.042,14490.75,0,emergency,2021-02-05 10:11:34,5,0,10,2,Winter,M,black,nonhispanic,24,GOVERNMENT,7,0,1,1,19,127.0,0
fc03ce3b-ec13-3864-b246-9ef215dde210,fc03ce3b-ec13-3864-54a8-1f19272dbb3b,0.042,5308.14,0,emergency,2021-05-04 10:11:34,2,0,10,5,Spring,M,black,nonhispanic,24,GOVERNMENT,7,0,1,1,20,88.0,0
fc03ce3b-ec13-3864-9f68-015e9725a507,fc03ce3b-ec13-3864-54a8-1f19272dbb3b,0.042,7801.04,0,emergency,2021-06-10 10:11:34,4,0,10,6,Summer,M,black,nonhispanic,24,GOVERNMENT,7,0,1,1,21,37.0,0
fc03ce3b-ec13-3864-8d6a-da191942110b,fc03ce3b-ec13-3864-54a8-1f19272dbb3b,0.042,5981.85,0,emergency,2021-11-03 10:11:34,3,0,10,11,Fall,M,black,nonhispanic,24,GOVERNMENT,7,0,1,1,23,95.0,0
d302525b-3c60-b860-69f0-9b56f3e85865,d302525b-3c60-b860-beb8-b2a2893e5e03,1.0,1813.31,0,inpatient,2019-11-03 21:08:57,0,1,21,11,Fall,M,white,hispanic,80,GOVERNMENT,16,0,4,0,2,171.0,0
40908e98-b545-966b-2631-60c721d41dcc,40908e98-b545-966b-d381-4f297fa4a1a6,2.279,20613.89,0,inpatient,2022-07-20 07:31:27,3,0,7,7,Summer,F,white,nonhispanic,76,GOVERNMENT,11,0,7,13,1,756.7,0
40908e98-b545-966b-0c9f-795cb32183ef,40908e98-b545-966b-d381-4f297fa4a1a6,1.0,1871.78,0,inpatient,2022-07-22 13:58:44,5,0,13,7,Summer,F,white,nonhispanic,76,GOVERNMENT,10,0,4,13,1,758.9,0
40908e98-b545-966b-c784-9b2bfebe77ed,40908e98-b545-966b-d381-4f297fa4a1a6,1.0,1871.78,0,inpatient,2022-08-10 09:30:37,3,0,9,8,Summer,F,white,nonhispanic,76,GOVERNMENT,10,0,4,9,3,17.8,1
2e5e31f3-a0fc-7197-3539-953e63298fce,2e5e31f3-a0fc-7197-b6b2-17afe6a3153b,0.042,9969.67,0,emergency,2016-10-16 14:14:18,0,1,14,10,Fall,F,white,nonhispanic,22,PRIVATE,7,0,2,0,0,,0
d302525b-3c60-b860-56aa-10fd620e6e95,d302525b-3c60-b860-beb8-b2a2893e5e03,0.01,573.98,0,urgentcare,2019-05-16 20:41:51,4,0,20,5,Spring,M,white,hispanic,80,GOVERNMENT,16,0,1,3,1,117.9,0
b6936d31-fb81-30e3-e2b1-4ebee657d904,b6936d31-fb81-30e3-70c9-4e6bedb1f14c,0.037,709.98,0,urgentcare,2020-03-15 02:53:32,0,1,2,3,Spring,F,white,nonhispanic,44,PRIVATE,8,0,7,0,0,,0
ba622e5d-d99e-b865-8761-52db51f9e6a6,ba622e5d-d99e-b865-e79b-5064f42c34ed,0.042,1440.38,0,emergency,2018-04-18 12:28:00,3,0,12,4,Spring,F,white,nonhispanic,33,PRIVATE,10,0,2,0,4,53.9,0
3a96007f-4273-3d15-9c0a-059b1b2d31de,3a96007f-4273-3d15-1f9a-40043ba3a90d,0.086,4476.29,0,emergency,2019-09-28 03:49:50,6,1,3,9,Fall,M,white,nonhispanic,54,PRIVATE,12,0,9,0,1,5041.0,0
0d55f40a-f172-22f3-6710-8357e48ee929,0d55f40a-f172-22f3-1f21-144b466e3996,0.042,1470.02,0,emergency,2023-11-30 05:36:45,4,0,5,11,Fall,F,black,nonhispanic,26,PRIVATE,11,0,2,1,4,480.8,0
ade7177c-8517-2bcc-850f-8b055cd51248,ade7177c-8517-2bcc-6ce5-f35028f2ef5f,0.042,11028.18,0,emergency,2022-08-26 07:42:14,5,0,7,8,Summer,F,white,nonhispanic,34,GOVERNMENT,9,0,2,0,3,163.7,0
d302525b-3c60-b860-0cb0-f7510604df59,d302525b-3c60-b860-beb8-b2a2893e5e03,0.092,4476.29,0,emergency,2019-01-18 20:41:51,5,0,20,1,Winter,M,white,hispanic,80,GOVERNMENT,17,0,9,0,0,,0
fc03ce3b-ec13-3864-1163-0879a9eee46b,fc03ce3b-ec13-3864-54a8-1f19272dbb3b,0.042,5308.14,0,emergency,2017-07-04 10:11:34,2,0,10,7,Summer,M,black,nonhispanic,20,GOVERNMENT,8,0,1,2,6,81.0,0
fc03ce3b-ec13-3864-3d5c-580f46e45600,fc03ce3b-ec13-3864-54a8-1f19272dbb3b,0.042,6903.68,0,emergency,2017-09-09 10:11:34,6,1,10,9,Fall,M,black,nonhispanic,20,GOVERNMENT,8,0,1,1,7,67.0,0
fc03ce3b-ec13-3864-3a82-4011b291a842,fc03ce3b-ec13-3864-54a8-1f19272dbb3b,0.042,5308.14,0,emergency,2017-12-29 10:11:34,5,0,10,12,Winter,M,black,nonhispanic,20,GOVERNMENT,8,0,1,1,8,111.0,0
fc03ce3b-ec13-3864-9821-25fba357fad0,fc03ce3b-ec13-3864-54a8-1f19272dbb3b,0.042,13613.88,0,emergency,2018-04-26 10:11:34,4,0,10,4,Spring,M,black,nonhispanic,21,GOVERNMENT,8,0,1,1,9,118.0,0
fc03ce3b-ec13-3864-76da-f8a537bac8b5,fc03ce3b-ec13-3864-54a8-1f19272dbb3b,0.042,5308.14,0,emergency,2018-08-29 10:11:34,3,0,10,8,Summer,M,black,nonhispanic,21,GOVERNMENT,8,0,1,2,11,58.0,0
fc03ce3b-ec13-3864-36f6-dd0799e9be75,fc03ce3b-ec13-3864-54a8-1f19272dbb3b,0.042,11672.98,0,emergency,2019-02-19 10:11:34,2,0,10,2,Winter,M,black,nonhispanic,22,GOVERNMENT,8,0,1,2,14,65.0,0
fc03ce3b-ec13-3864-09ca-d9792a1782af,fc03ce3b-ec13-3864-54a8-1f19272dbb3b,0.042,19790.23,0,emergency,2019-10-27 10:11:34,0,1,10,10,Fall,M,black,nonhispanic,22,GOVERNMENT,8,0,1,2,16,81.0,0
9495721d-b1f5-a465-ee08-0212603e3728,9495721d-b1f5-a465-be58-af275e99851e,0.042,577.58,0,emergency,2019-06-06 10:13:45,4,0,10,6,Summer,F,white,nonhispanic,28,PRIVATE,6,0,1,0,1,260.9,0
b5abd5bc-c5ee-2481-d072-36fe5436c97e,b5abd5bc-c5ee-2481-ee3a-bd3f7a3e3769,0.042,577.58,0,emergency,2020-10-11 13:49:05,0,1,13,10,Fall,F,white,nonhispanic,23,PRIVATE,9,0,1,0,2,637.0,0
0d55f40a-f172-22f3-f931-d042721da56d,0d55f40a-f172-22f3-1f21-144b466e3996,6.167,2957.38,0,inpatient,2022-07-31 05:36:45,0,1,5,7,Summer,F,black,nonhispanic,25,PRIVATE,13,0,2,0,3,752.0,0
2492a8cc-2f9b-4b25-76ca-44b8a83d33c0,2492a8cc-2f9b-4b25-9bc1-d573d79da655,0.042,577.58,0,emergency,2013-01-17 10:10:43,4,0,10,1,Winter,F,white,nonhispanic,37,PRIVATE,11,0,1,0,0,,0
6d7eb63e-b777-2829-c33b-df20c61443d0,6d7eb63e-b777-2829-b625-c41580a1572c,0.084,4476.29,0,emergency,2018-04-07 03:00:58,6,1,3,4,Spring,M,white,nonhispanic,51,PRIVATE,8,0,9,0,0,,0
b5abd5bc-c5ee-2481-cc01-462a7e9c812c,b5abd5bc-c5ee-2481-ee3a-bd3f7a3e3769,0.042,5199.72,0,emergency,2019-01-13 13:49:05,0,1,13,1,Winter,F,white,nonhispanic,22,PRIVATE,9,0,2,0,1,5249.6,0
ade7177c-8517-2bcc-48c7-3edc860ed427,ade7177c-8517-2bcc-6ce5-f35028f2ef5f,0.042,1980.53,0,emergency,2018-03-23 07:42:14,5,0,7,3,Spring,F,white,nonhispanic,30,GOVERNMENT,8,0,2,1,1,504.0,0
ade7177c-8517-2bcc-db66-000fa4876fd1,ade7177c-8517-2bcc-6ce5-f35028f2ef5f,0.042,5173.38,0,emergency,2016-11-04 07:42:14,5,0,7,11,Fall,F,white,nonhispanic,28,GOVERNMENT,8,0,2,0,0,,0
14c7af03-1727-7ab7-1789-55b40458019b,14c7af03-1727-7ab7-3bff-838d66c398fc,0.042,1738.7,0,emergency,2025-06-07 11:41:32,6,1,11,6,Summer,F,black,nonhispanic,99,GOVERNMENT,26,0,7,3,58,21.0,1
0d55f40a-f172-22f3-a86b-f3a799cb19df,0d55f40a-f172-22f3-1f21-144b466e3996,0.042,1440.38,0,emergency,2020-07-09 05:36:45,4,0,5,7,Summer,F,black,nonhispanic,23,PRIVATE,9,0,2,0,2,1003.9,0
14c7af03-1727-7ab7-a4ad-71e7df66854c,14c7af03-1727-7ab7-3bff-838d66c398fc,0.041,1177.87,0,urgentcare,2025-04-26 11:41:32,6,1,11,4,Spring,F,black,nonhispanic,99,GOVERNMENT,25,0,5,3,54,35.0,0
14c7af03-1727-7ab7-80f6-8a1beae60972,14c7af03-1727-7ab7-3bff-838d66c398fc,0.04,1088.0,0,urgentcare,2025-03-22 11:41:32,6,1,11,3,Spring,F,black,nonhispanic,99,GOVERNMENT,25,0,6,3,53,14.0,1
873d0e24-7c2a-27fe-ce65-5fd47a17f81f,873d0e24-7c2a-27fe-193d-215043e7af5d,0.021,1088.0,0,urgentcare,2024-08-20 09:53:00,2,0,9,8,Summer,F,white,hispanic,63,NO_INSURANCE,18,0,6,3,18,28.0,1
873d0e24-7c2a-27fe-aaf7-8761a3aa1961,873d0e24-7c2a-27fe-193d-215043e7af5d,0.028,872.3,0,urgentcare,2023-12-26 09:53:00,2,0,9,12,Winter,F,white,hispanic,62,NO_INSURANCE,20,0,3,2,15,273.0,0
14c7af03-1727-7ab7-77ad-9ee5fbca2a3d,14c7af03-1727-7ab7-3bff-838d66c398fc,0.01,559.91,0,urgentcare,2024-08-03 11:41:32,6,1,11,8,Summer,F,black,nonhispanic,98,GOVERNMENT,23,0,1,4,49,7.0,1
14c7af03-1727-7ab7-b0fd-0c0746146d1f,14c7af03-1727-7ab7-3bff-838d66c398fc,0.039,872.3,0,urgentcare,2024-06-15 11:41:32,6,1,11,6,Summer,F,black,nonhispanic,98,GOVERNMENT,24,0,8,4,46,21.0,1
14c7af03-1727-7ab7-5d64-f86f30ff8bc7,14c7af03-1727-7ab7-3bff-838d66c398fc,0.032,1224.0,0,urgentcare,2023-12-02 11:41:32,6,1,11,12,Winter,F,black,nonhispanic,97,GOVERNMENT,24,0,7,4,39,133.0,0
bb3ee1a5-8486-b73a-6312-2aca78abcd1d,bb3ee1a5-8486-b73a-0891-ccb067080d5b,0.034,938.84,0,urgentcare,1994-02-15 00:54:03,2,0,0,2,Winter,F,white,nonhispanic,71,GOVERNMENT,19,0,7,1,4,210.0,0
bb3ee1a5-8486-b73a-b7c3-8930a9cf612c,bb3ee1a5-8486-b73a-0891-ccb067080d5b,0.01,573.98,0,urgentcare,1993-07-20 00:54:03,2,0,0,7,Summer,F,white,nonhispanic,70,GOVERNMENT,14,0,1,0,3,644.0,0
873d0e24-7c2a-27fe-4453-819b0908d100,873d0e24-7c2a-27fe-193d-215043e7af5d,0.021,1088.0,0,urgentcare,2020-01-21 09:53:00,2,0,9,1,Winter,F,white,hispanic,59,NO_INSURANCE,19,0,4,2,10,7.0,1
873d0e24-7c2a-27fe-6f4c-d313072819d7,873d0e24-7c2a-27fe-193d-215043e7af5d,0.034,872.3,0,urgentcare,2019-12-24 09:53:00,2,0,9,12,Winter,F,white,hispanic,58,NO_INSURANCE,17,0,6,2,7,7.0,1
14c7af03-1727-7ab7-15a3-9ab766c29f26,14c7af03-1727-7ab7-3bff-838d66c398fc,0.01,649.04,0,urgentcare,2021-08-14 11:41:32,6,1,11,8,Summer,F,black,nonhispanic,95,GOVERNMENT,25,0,1,4,32,35.0,0
14c7af03-1727-7ab7-6c69-116e12c66a65,14c7af03-1727-7ab7-3bff-838d66c398fc,0.031,1311.07,0,urgentcare,2021-03-06 11:41:32,6,1,11,3,Spring,F,black,nonhispanic,95,GOVERNMENT,25,0,6,5,29,49.0,0
14c7af03-1727-7ab7-36d0-3c850309a9d8,14c7af03-1727-7ab7-3bff-838d66c398fc,0.033,1454.96,0,urgentcare,2020-03-07 11:41:32,6,1,11,3,Spring,F,black,nonhispanic,94,GOVERNMENT,28,0,6,4,23,14.0,1
14c7af03-1727-7ab7-9068-4344d076fca6,14c7af03-1727-7ab7-3bff-838d66c398fc,0.039,872.3,0,urgentcare,2019-09-21 11:41:32,6,1,11,9,Fall,F,black,nonhispanic,93,GOVERNMENT,26,0,5,4,19,28.0,1
14c7af03-1727-7ab7-9b5c-e6ad4944c85d,14c7af03-1727-7ab7-3bff-838d66c398fc,0.01,507.44,0,urgentcare,2019-09-28 11:41:32,6,1,11,9,Fall,F,black,nonhispanic,93,GOVERNMENT,26,0,1,4,20,7.0,1
14c7af03-1727-7ab7-810b-18c77a89d2a9,14c7af03-1727-7ab7-3bff-838d66c398fc,0.01,713.45,0,urgentcare,2019-07-27 11:41:32,6,1,11,7,Summer,F,black,nonhispanic,93,GOVERNMENT,25,0,1,3,17,35.0,0
14c7af03-1727-7ab7-a4ad-154aeea4fa96,14c7af03-1727-7ab7-3bff-838d66c398fc,0.04,872.3,0,urgentcare,2017-04-08 11:41:32,6,1,11,4,Spring,F,black,nonhispanic,91,GOVERNMENT,24,0,2,4,4,35.0,0
14c7af03-1727-7ab7-29e8-062c64c0dbee,14c7af03-1727-7ab7-3bff-838d66c398fc,0.035,1539.54,0,urgentcare,2017-03-04 11:41:32,6,1,11,3,Spring,F,black,nonhispanic,91,GOVERNMENT,24,0,7,3,3,133.0,0
14c7af03-1727-7ab7-2a03-1894accb9ab8,14c7af03-1727-7ab7-3bff-838d66c398fc,0.029,872.3,0,urgentcare,2018-12-29 11:41:32,6,1,11,12,Winter,F,black,nonhispanic,92,GOVERNMENT,23,0,5,6,13,91.0,0
ba622e5d-d99e-b865-20c2-904f9971abfb,ba622e5d-d99e-b865-e79b-5064f42c34ed,8.0,146.18,1,inpatient,2026-08-15 14:51:27,6,1,14,8,Summer,F,white,nonhispanic,41,PRIVATE,9,0,0,0,10,967.6,0
80feb533-bf13-230d-82a2-524f9475fe1b,80feb533-bf13-230d-c3fb-6e86bd784935,2.0,146.18,0,inpatient,2025-06-20 21:56:17,5,0,21,6,Summer,M,white,nonhispanic,67,GOVERNMENT,25,0,0,0,10,434.0,0
14c7af03-1727-7ab7-a0e6-d166e9a9cf16,14c7af03-1727-7ab7-3bff-838d66c398fc,0.01,291.74,0,urgentcare,2026-06-20 11:41:32,6,1,11,6,Summer,F,black,nonhispanic,100,GOVERNMENT,24,0,0,4,68,35.0,0
1b94634d-c32a-89c4-9d64-34be73f028aa,1b94634d-c32a-89c4-3a28-b2a9e59fdc8f,27.0,146.18,1,inpatient,2010-08-31 12:50:08,2,0,12,8,Summer,F,white,hispanic,49,NO_INSURANCE,8,0,0,0,5,2627.7,0
964926a3-27ab-25f9-8cd5-4e70e1bcc2ad,964926a3-27ab-25f9-bfae-f969c1fab7e7,0.01,142.58,0,urgentcare,2000-07-04 00:54:03,2,0,0,7,Summer,F,white,nonhispanic,77,GOVERNMENT,15,0,0,4,7,7.0,1
feff995f-fb46-7bd5-510e-7177e8b7dcbe,feff995f-fb46-7bd5-61d4-70d4119e1ff0,2.0,146.18,0,inpatient,2024-12-20 10:37:59,5,0,10,12,Winter,F,black,nonhispanic,44,PRIVATE,12,0,0,0,12,42.0,0
1b94634d-c32a-89c4-46ff-1806b4846823,1b94634d-c32a-89c4-3a28-b2a9e59fdc8f,20.0,146.18,1,inpatient,2003-06-01 20:20:35,0,1,20,6,Summer,F,white,hispanic,42,NO_INSURANCE,9,0,0,0,4,300.2,0
1b94634d-c32a-89c4-c234-5bd2973fc682,1b94634d-c32a-89c4-3a28-b2a9e59fdc8f,3.0,146.18,0,inpatient,2002-08-02 16:43:53,5,0,16,8,Summer,F,white,hispanic,41,NO_INSURANCE,8,0,0,0,3,4374.6,0
68103a3f-4dff-642d-ad42-5daba031a275,68103a3f-4dff-642d-9672-df29a1480872,0.01,142.58,0,urgentcare,2023-05-30 00:34:25,2,0,0,5,Spring,F,white,nonhispanic,16,PRIVATE,1,0,0,1,0,,0
fc03ce3b-ec13-3864-eb49-d56c459d684a,fc03ce3b-ec13-3864-54a8-1f19272dbb3b,0.042,146.18,0,emergency,2021-07-31 10:11:34,6,1,10,7,Summer,M,black,nonhispanic,24,GOVERNMENT,7,0,0,2,22,51.0,0
ba622e5d-d99e-b865-61d2-4be57d63126f,ba622e5d-d99e-b865-e79b-5064f42c34ed,3.0,146.18,0,inpatient,2018-02-20 15:18:19,2,0,15,2,Winter,F,white,nonhispanic,33,PRIVATE,9,0,0,0,3,1119.1,0
1b94634d-c32a-89c4-f2e9-98c56fc758a9,1b94634d-c32a-89c4-3a28-b2a9e59fdc8f,0.708,146.18,0,emergency,1990-07-12 09:53:00,4,0,9,7,Summer,F,white,hispanic,29,NO_INSURANCE,4,0,0,0,1,1217.0,0
c0f51cca-adde-0358-1f30-023839a48a0b,c0f51cca-adde-0358-7aff-c33714afac73,0.01,142.58,0,urgentcare,2021-11-22 00:17:34,1,0,0,11,Fall,F,white,nonhispanic,75,GOVERNMENT,16,0,0,5,3,207.0,0
ba622e5d-d99e-b865-d23f-2bd512e741bc,ba622e5d-d99e-b865-e79b-5064f42c34ed,6.0,146.18,0,inpatient,2019-06-15 20:15:19,6,1,20,6,Summer,F,white,nonhispanic,34,PRIVATE,8,0,0,0,5,423.3,0
fc03ce3b-ec13-3864-9678-1d642a2c167a,fc03ce3b-ec13-3864-54a8-1f19272dbb3b,0.042,87.71,0,emergency,2017-04-14 10:11:34,5,0,10,4,Spring,M,black,nonhispanic,20,GOVERNMENT,8,0,0,2,5,74.0,0
fc03ce3b-ec13-3864-9678-cb38a92f547d,fc03ce3b-ec13-3864-54a8-1f19272dbb3b,0.042,146.18,0,emergency,2018-07-02 10:11:34,1,0,10,7,Summer,M,black,nonhispanic,21,GOVERNMENT,8,0,0,2,10,67.0,0
fc03ce3b-ec13-3864-e6e8-27dbd4a8d423,fc03ce3b-ec13-3864-54a8-1f19272dbb3b,0.042,87.71,0,emergency,2018-10-26 10:11:34,5,0,10,10,Fall,M,black,nonhispanic,21,GOVERNMENT,8,0,0,2,12,58.0,0
fc03ce3b-ec13-3864-2e80-e588df0c6d49,fc03ce3b-ec13-3864-54a8-1f19272dbb3b,0.042,146.18,0,emergency,2018-12-16 10:11:34,0,1,10,12,Winter,M,black,nonhispanic,21,GOVERNMENT,8,0,0,2,13,51.0,0
fc03ce3b-ec13-3864-f064-3375f5d607b7,fc03ce3b-ec13-3864-54a8-1f19272dbb3b,0.042,146.18,0,emergency,2019-08-07 10:11:34,3,0,10,8,Summer,M,black,nonhispanic,22,GOVERNMENT,8,0,0,1,15,169.0,0
fc03ce3b-ec13-3864-d694-074e48bcc21d,fc03ce3b-ec13-3864-54a8-1f19272dbb3b,0.042,87.71,0,emergency,2016-11-26 10:11:34,6,1,10,11,Fall,M,black,nonhispanic,19,GOVERNMENT,7,0,0,1,3,1651.0,0
fc03ce3b-ec13-3864-0c65-921d46133275,fc03ce3b-ec13-3864-54a8-1f19272dbb3b,0.042,87.71,0,emergency,2017-01-30 10:11:34,1,0,10,1,Winter,M,black,nonhispanic,20,GOVERNMENT,7,0,0,1,4,65.0,0
ba622e5d-d99e-b865-5882-09ba06ef9378,ba622e5d-d99e-b865-e79b-5064f42c34ed,0.083,146.18,0,emergency,2012-03-25 12:28:00,0,1,12,3,Spring,F,white,nonhispanic,27,PRIVATE,4,0,0,0,0,,0
feff995f-fb46-7bd5-5f3c-fd6b61e2cb5a,feff995f-fb46-7bd5-61d4-70d4119e1ff0,0.292,146.18,0,emergency,2005-08-19 15:21:12,5,0,15,8,Summer,F,black,nonhispanic,25,PRIVATE,9,0,0,0,4,1450.4,0
d4d8e889-ed0a-9aef-689e-6cfd4a3a64fe,d4d8e889-ed0a-9aef-bfdd-e03598b06a9a,0.01,149.38,0,urgentcare,2011-03-03 20:41:51,4,0,20,3,Spring,M,white,hispanic,72,GOVERNMENT,14,0,0,3,2,7.0,1
80feb533-bf13-230d-d9d3-2cf77d270051,80feb533-bf13-230d-c3fb-6e86bd784935,0.125,146.18,0,emergency,1997-03-28 12:47:21,5,0,12,3,Spring,M,white,nonhispanic,39,GOVERNMENT,9,0,0,0,3,2128.8,0
14c7af03-1727-7ab7-6583-68ebf9c283ab,14c7af03-1727-7ab7-3bff-838d66c398fc,0.01,291.74,0,urgentcare,2024-05-25 11:41:32,6,1,11,5,Spring,F,black,nonhispanic,98,GOVERNMENT,24,0,0,5,45,7.0,1
bb3ee1a5-8486-b73a-d3f1-8669211c5dde,bb3ee1a5-8486-b73a-0891-ccb067080d5b,0.01,291.74,0,urgentcare,1991-10-15 00:54:03,2,0,0,10,Fall,F,white,nonhispanic,68,GOVERNMENT,14,0,0,1,2,7.0,1
873d0e24-7c2a-27fe-4c8b-a29ef78ddb9f,873d0e24-7c2a-27fe-193d-215043e7af5d,0.01,291.74,0,urgentcare,2020-01-14 09:53:00,2,0,9,1,Winter,F,white,hispanic,59,NO_INSURANCE,19,0,0,2,9,14.0,1
873d0e24-7c2a-27fe-59c1-7067a715ea75,873d0e24-7c2a-27fe-193d-215043e7af5d,0.01,291.74,0,urgentcare,2019-12-31 09:53:00,2,0,9,12,Winter,F,white,hispanic,58,NO_INSURANCE,17,0,0,2,8,7.0,1
14c7af03-1727-7ab7-eb7a-da63d79048e8,14c7af03-1727-7ab7-3bff-838d66c398fc,0.01,291.74,0,urgentcare,2018-03-31 11:41:32,6,1,11,3,Spring,F,black,nonhispanic,92,GOVERNMENT,24,0,0,3,8,7.0,1
14c7af03-1727-7ab7-6322-d35a1bb47b60,14c7af03-1727-7ab7-3bff-838d66c398fc,0.042,295.34,0,emergency,2018-09-29 11:41:32,6,1,11,9,Fall,F,black,nonhispanic,92,GOVERNMENT,23,0,0,4,12,7.0,1
b5ee66af-8824-6f43-b26b-245ed43f7a0d,b5ee66af-8824-6f43-0d12-9ab0d1d527ca,0.09,4476.29,0,emergency,1934-06-02 04:04:16,6,1,4,6,Summer,F,white,nonhispanic,15,PRIVATE,0,1,0,0,0,,0
0d55f40a-f172-22f3-8ff2-2c197f13656b,0d55f40a-f172-22f3-1f21-144b466e3996,0.042,5517.69,0,emergency,2014-06-12 05:36:45,4,0,5,6,Summer,F,black,nonhispanic,17,PRIVATE,0,1,0,0,0,,0
97a6442d-b21d-acfb-abfb-0efc81ba3d28,97a6442d-b21d-acfb-9143-56906f91917b,0.042,1008.98,0,emergency,1934-10-12 12:35:15,5,0,12,10,Fall,M,white,nonhispanic,12,NO_INSURANCE,0,0,0,0,0,,0
