encounter_id,patient_id,encounterclass,start_ts,los_days,total_claim_cost,is_extended_stay,predicted_los_days,predicted_cost,extended_stay_probability,flagged_for_review
e8a04254-1004-e1e9-71f6-da91afdd66d8,e8a04254-1004-e1e9-ed60-40ac7b6b2f47,emergency,2026-08-22 20:43:15,0.042,1008.98,0,0.027850082,4576.217,0.002337677,0
cea9384c-b73d-bcff-495c-68f891aa1b86,cea9384c-b73d-bcff-8454-7a71a56aa47b,urgentcare,2026-07-23 13:53:14,0.036,797.72,0,0.012994246,1038.3066,0.0012218032,0
60ff4c3e-9712-fea2-0652-35664956ed38,60ff4c3e-9712-fea2-32a4-4b47b26ddcf5,emergency,2019-12-03 18:47:22,0.042,36451.94,0,0.104082406,1597.6213,0.0007804738,0
a6af3196-de8a-9ab9-d0ee-725570ed7692,a6af3196-de8a-9ab9-8fcc-ffe5092f914c,emergency,2026-07-12 11:05:19,0.042,12873.77,0,0.1561112,678.6013,0.07767899,0
61f048dc-f66e-bbda-200c-59e1adf3e7bb,61f048dc-f66e-bbda-48c8-593d92d2bf03,urgentcare,2026-09-09 13:45:26,0.033,5034.53,0,0.039243624,914.907,0.0005918691,0
6873f1ca-d5dc-2962-d1d0-1c94d9bd738c,6873f1ca-d5dc-2962-aa07-68141aa4e9be,emergency,2026-07-21 16:48:17,0.042,16125.04,0,0.07707989,834.6772,0.03226834,0
ae34ab54-b219-95ff-3f11-d24236bbb5b3,ae34ab54-b219-95ff-18ec-68c3fdde0ab4,emergency,2026-08-24 00:38:37,0.042,577.58,0,0.25889277,284.84503,0.025476428,0
61f048dc-f66e-bbda-4fc6-94c65a441ab3,61f048dc-f66e-bbda-48c8-593d92d2bf03,urgentcare,2026-07-01 13:45:26,0.034,723.14,0,0.04097335,960.20746,9.40941e-05,0
22535c9e-168b-3f92-a6a0-b1fb8dad804d,22535c9e-168b-3f92-fd09-3a506e40beaa,emergency,2024-10-22 12:58:30,0.042,8587.51,0,0.0034666932,3121.5042,0.0009972175,0
ae34ab54-b219-95ff-3813-4f6d9c29a30c,ae34ab54-b219-95ff-18ec-68c3fdde0ab4,emergency,2025-09-28 00:21:45,0.042,14070.54,0,0.08721006,952.03314,0.004064179,0
970e27db-668f-15cf-1028-e67ba7e46483,970e27db-668f-15cf-e4e8-6700e822c668,urgentcare,2026-03-03 01:35:58,0.041,709.98,0,0.11565741,529.8882,0.0011838288,0
61f048dc-f66e-bbda-9167-ddaf9942452b,61f048dc-f66e-bbda-48c8-593d92d2bf03,urgentcare,2026-06-03 13:45:26,0.026,797.72,0,0.03967504,1001.1506,0.00010388403,0
970e27db-668f-15cf-b319-06bd2c0a35ee,970e27db-668f-15cf-e4e8-6700e822c668,emergency,2025-08-07 02:57:51,0.042,6150.68,0,0.092175394,403.16913,0.005999926,0
82e97671-9f3a-eab7-9a6d-efa285deec8a,82e97671-9f3a-eab7-10c0-f1a54f088dfc,emergency,2025-03-07 08:59:57,0.042,5218.79,0,0.16537385,2322.3687,0.16308454,1
b2a47352-a222-d454-5693-c6aa7e2abbad,b2a47352-a222-d454-52a7-083891c96aa0,urgentcare,2025-10-01 15:03:30,0.037,1007.06,0,0.0033347541,2009.7981,0.0014558051,0
f58b068c-f7b4-9493-ff91-5c85734f2999,f58b068c-f7b4-9493-d114-90cfcbf108cf,inpatient,2025-02-02 12:44:14,30.198,27761.6,1,4.1060615,7890.4526,0.9095023,1
8c6d2f1b-5511-c429-2eb3-38e7a80bda7c,8c6d2f1b-5511-c429-bee7-d55f2fb4600d,urgentcare,2023-12-12 10:16:25,0.028,940.52,0,0.035707463,443.94363,0.0006065551,0
cea9384c-b73d-bcff-3b3a-7ea1921c52b6,cea9384c-b73d-bcff-8454-7a71a56aa47b,urgentcare,2026-06-18 13:53:14,0.033,1288.23,0,0.05422003,1076.1453,0.0026790013,0
1a9b16ad-e469-50ab-b734-609f21cebda5,1a9b16ad-e469-50ab-0240-77049e72ad4b,emergency,2020-02-27 22:49:15,0.042,11420.81,0,0.18460968,460.93475,0.07135551,0
cb516324-bbf5-6e8a-8731-d7e8145b2911,cb516324-bbf5-6e8a-1d80-bd569fa51d89,inpatient,2022-09-29 09:37:57,3.243,5423.98,0,4.931821,1107.7888,0.0023782956,0
61f048dc-f66e-bbda-b040-ef8a0e4a2e54,61f048dc-f66e-bbda-48c8-593d92d2bf03,urgentcare,2026-05-06 13:45:26,0.036,723.14,0,0.04133074,1017.8752,0.000120999655,0
2b550547-5163-3b59-f38e-e433c93a473e,2b550547-5163-3b59-c405-6e2baabdab86,emergency,2022-10-02 17:42:48,0.042,6852.28,0,0.06087965,1128.469,0.0011299773,0
9d2b1771-334f-c3d0-2304-b2b1d08f85ed,9d2b1771-334f-c3d0-776d-562573632e1e,urgentcare,2025-10-21 13:12:06,0.035,925.68,0,0.0,616.3361,0.00036581574,0
61f048dc-f66e-bbda-5c21-343c692b5cbf,61f048dc-f66e-bbda-48c8-593d92d2bf03,urgentcare,2026-04-08 13:45:26,0.027,723.14,0,0.04133074,892.5726,6.7379035e-05,0
f4dccac7-7a87-6c1b-c869-d08e35f8adb8,f4dccac7-7a87-6c1b-4161-588e2d607cc8,urgentcare,2024-09-13 08:41:53,0.029,1060.32,0,0.0,1281.0078,0.0002586717,0
33d0ffcb-1493-c153-eb6b-2efc7fea283f,33d0ffcb-1493-c153-4f4e-5013e419c1ab,emergency,2017-01-14 20:02:47,0.042,13710.39,0,0.06116051,3536.3733,0.009710329,0
e8a04254-1004-e1e9-f8c8-38420ec5b172,e8a04254-1004-e1e9-ed60-40ac7b6b2f47,emergency,2019-07-13 20:43:15,0.059,1008.98,0,0.05609881,2365.1414,0.0048743235,0
cb516324-bbf5-6e8a-d8d7-0f52cfee14fd,cb516324-bbf5-6e8a-1d80-bd569fa51d89,urgentcare,2022-09-15 09:37:57,0.02,573.98,0,0.0,1704.4106,0.00019328282,0
af613246-c519-86b2-0fbb-12ebec8337c5,af613246-c519-86b2-c724-7f9e94213b57,urgentcare,2019-01-15 09:48:24,0.033,784.56,0,0.030030036,775.3137,0.0010193309,0
970e27db-668f-15cf-3959-b6c658171bfb,970e27db-668f-15cf-e4e8-6700e822c668,inpatient,2025-05-24 22:35:58,1.5,5423.98,0,3.337155,158.42815,0.043979585,0
4100538e-7f5f-2872-3f08-07a945cc9834,4100538e-7f5f-2872-dc1d-76589c3b738e,urgentcare,2025-07-30 17:13:15,0.01,900.23,0,0.00369082,572.82666,0.00058823975,0
61f048dc-f66e-bbda-f31e-bae5bd7d6321,61f048dc-f66e-bbda-48c8-593d92d2bf03,urgentcare,2026-03-04 13:45:26,0.03,1074.84,0,0.03252787,857.28503,3.7485755e-05,0
3ba884f2-b6ad-b432-558b-448875e43ccb,3ba884f2-b6ad-b432-e784-a59fde125e18,urgentcare,2017-06-02 07:51:48,0.01,709.98,0,0.0,391.19974,0.0007517554,0
0b09f867-8f93-3049-6c6a-b8dc0dbde6e8,0b09f867-8f93-3049-9beb-e9e40e97b938,inpatient,2020-12-18 15:02:56,14.029,24477.76,1,1.2891552,4831.006,0.25139448,1
5ef6bfb1-b930-bd01-3e95-0c437cf92556,5ef6bfb1-b930-bd01-0f1c-a97248be14f8,emergency,2022-12-30 09:50:01,0.042,4140.89,0,0.2549662,692.58276,0.0019069023,0
4100538e-7f5f-2872-87a0-f1940cf0c736,4100538e-7f5f-2872-dc1d-76589c3b738e,urgentcare,2025-07-23 17:13:15,0.024,1728.74,0,0.0015590629,967.6604,0.0034939772,0
90a4d7fc-bfb4-0e30-4d44-52c4c1992849,90a4d7fc-bfb4-0e30-cfa8-99073696950a,urgentcare,2024-04-03 09:54:17,0.01,573.98,0,0.014503834,528.2399,0.0003446951,0
61f048dc-f66e-bbda-0abf-b33dd887ed0c,61f048dc-f66e-bbda-48c8-593d92d2bf03,urgentcare,2026-02-18 13:45:26,0.026,723.14,0,0.048163738,979.1693,0.00024791766,0
e2d7b75a-63f0-2840-61eb-0493a3f9a2c8,e2d7b75a-63f0-2840-158a-72516b9d15c2,emergency,2023-09-09 09:56:35,0.05,1008.98,0,0.082323365,877.05524,0.0018670381,0
e0f711eb-6045-f479-1625-6357a7e19518,e0f711eb-6045-f479-32f2-b16fe78bbb4f,inpatient,2016-10-24 04:17:39,1.0,11973.6,0,1.297749,5022.7485,0.17921463,1
6584d844-def6-c89c-72e5-54f3295f9637,6584d844-def6-c89c-9e84-1229ed30d1c1,emergency,2023-09-04 19:07:11,0.042,7226.29,0,0.2548751,1735.5469,0.0979731,1
f58b068c-f7b4-9493-cd90-d343c9eeccfe,f58b068c-f7b4-9493-d114-90cfcbf108cf,emergency,2024-10-15 11:11:57,0.042,4140.89,0,0.07901639,1045.5948,0.0008132279,0
a6cf39a8-9c21-b492-1cc6-7e994de5959c,a6cf39a8-9c21-b492-4d9f-5197a6b61666,emergency,2012-04-10 21:48:08,0.042,1008.98,0,0.032223534,1232.7623,0.049215723,0
0624bc58-5c5b-d88d-92c7-2efee31b9342,0624bc58-5c5b-d88d-33c9-076abb41330b,urgentcare,2018-01-16 05:50:24,0.032,1222.76,0,0.05472136,1206.2137,0.0020457727,0
cb516324-bbf5-6e8a-45e9-e045817347ed,cb516324-bbf5-6e8a-1d80-bd569fa51d89,emergency,2020-10-14 10:10:21,0.042,1008.98,0,0.043045934,1846.7822,0.0010742724,0
21f1ed4f-83be-991b-e800-fecd79427091,21f1ed4f-83be-991b-ea87-76bb53b4200d,emergency,2023-03-17 19:48:18,0.042,4478.0,0,0.092021994,1769.2855,0.0037851625,0
60ff4c3e-9712-fea2-a6d9-369a18e02440,60ff4c3e-9712-fea2-32a4-4b47b26ddcf5,urgentcare,2018-12-02 18:47:22,0.041,1580.77,0,0.014467094,1418.7748,0.00019883437,0
61f048dc-f66e-bbda-305d-0750b57f599c,61f048dc-f66e-bbda-48c8-593d92d2bf03,urgentcare,2026-01-07 13:45:26,0.04,938.84,0,0.03987591,984.60315,6.057967e-05,0
481c67fe-e8a9-d5da-34d0-3f52ab51b2b7,481c67fe-e8a9-d5da-d0df-6c733cf47f2e,urgentcare,2020-06-21 04:05:08,0.014,709.98,0,0.019733744,1864.3673,0.0009823897,0
60ff4c3e-9712-fea2-319d-4722f310400a,60ff4c3e-9712-fea2-32a4-4b47b26ddcf5,urgentcare,2018-11-11 18:47:22,0.031,797.72,0,0.0026849576,949.2134,0.00026410032,0
60ff4c3e-9712-fea2-2493-67e3a8fe84c9,60ff4c3e-9712-fea2-32a4-4b47b26ddcf5,urgentcare,2018-10-28 18:47:22,0.036,797.72,0,0.16068356,1370.0647,0.001786568,0
61f048dc-f66e-bbda-6279-8daede4a06e6,61f048dc-f66e-bbda-48c8-593d92d2bf03,urgentcare,2025-12-10 13:45:26,0.01,380.96,0,0.031497363,722.73444,9.542506e-06,0
cb516324-bbf5-6e8a-e226-abdab1c6c612,cb516324-bbf5-6e8a-1d80-bd569fa51d89,emergency,2019-08-17 09:37:57,0.042,1008.98,0,0.047709614,3050.8093,0.0022759582,0
970e27db-668f-15cf-fd7f-abda28ed4c20,970e27db-668f-15cf-e4e8-6700e822c668,emergency,2022-08-20 02:34:38,0.042,1008.98,0,0.047533307,283.23727,0.0013892308,0
23d25649-b558-2a19-7193-48c2d4687c9f,23d25649-b558-2a19-4dfe-cd7b77e926fc,urgentcare,2012-08-07 22:52:27,0.035,791.36,0,0.058695707,523.216,0.0027400283,0
61f048dc-f66e-bbda-1783-fda021fb1df5,61f048dc-f66e-bbda-48c8-593d92d2bf03,urgentcare,2025-12-03 13:45:26,0.036,938.84,0,0.03987591,996.0262,6.266309e-05,0
6584d844-def6-c89c-6c9e-62fddf755fb8,6584d844-def6-c89c-9e84-1229ed30d1c1,emergency,2020-01-03 18:27:43,0.042,7044.23,0,0.06340661,1462.3815,0.052577145,0
21f1ed4f-83be-991b-d93c-23099e25e60c,21f1ed4f-83be-991b-ea87-76bb53b4200d,inpatient,2021-01-07 21:06:45,14.024,25930.97,1,2.5875406,10864.256,0.101004444,1
61f048dc-f66e-bbda-5454-710976231e36,61f048dc-f66e-bbda-48c8-593d92d2bf03,urgentcare,2025-11-05 13:45:26,0.026,723.14,0,0.03862508,990.3554,5.9721282e-05,0
61f048dc-f66e-bbda-ce61-66c222c9009f,61f048dc-f66e-bbda-48c8-593d92d2bf03,urgentcare,2025-10-08 13:45:26,0.01,358.28,0,0.038516026,1036.8156,0.0002151842,0
cb516324-bbf5-6e8a-283b-5994f596840e,cb516324-bbf5-6e8a-1d80-bd569fa51d89,urgentcare,2016-11-17 09:37:57,0.01,709.98,0,0.00996035,1302.4745,0.00055003096,0
61f048dc-f66e-bbda-c40f-1a1f11b996dd,61f048dc-f66e-bbda-48c8-593d92d2bf03,urgentcare,2025-09-03 13:45:26,0.04,723.14,0,0.037329696,1005.34875,1.6671918e-05,0
6584d844-def6-c89c-05e9-5529cd6f37be,6584d844-def6-c89c-9e84-1229ed30d1c1,emergency,2019-03-19 18:43:02,0.042,4140.89,0,0.025015337,2541.8398,0.018421736,0
20b63dcf-50f9-7373-2f73-906006d107a6,20b63dcf-50f9-7373-3ef0-b301d5a573bc,emergency,2017-04-27 14:19:56,0.042,1008.98,0,0.12366096,1358.0491,0.02083012,0
5ef6bfb1-b930-bd01-ce93-dc1bef38e162,5ef6bfb1-b930-bd01-0f1c-a97248be14f8,urgentcare,2018-02-09 09:34:04,0.03,15837.46,0,0.0017848654,1074.6013,0.0004292289,0
4100538e-7f5f-2872-585c-3b0d44545673,4100538e-7f5f-2872-dc1d-76589c3b738e,emergency,2019-04-15 18:07:05,0.042,4140.89,0,0.082827725,989.18945,0.011188856,0
61f048dc-f66e-bbda-3beb-9d026bfc9864,61f048dc-f66e-bbda-48c8-593d92d2bf03,urgentcare,2025-08-13 13:45:26,0.04,1131.72,0,0.040112004,1006.1821,0.00027582503,0
0b09f867-8f93-3049-9161-13ef53f5a063,0b09f867-8f93-3049-9beb-e9e40e97b938,urgentcare,2017-03-13 13:42:36,0.031,709.98,0,0.09348488,898.1255,0.019940037,0
61f048dc-f66e-bbda-0a06-b3b1003719fd,61f048dc-f66e-bbda-48c8-593d92d2bf03,urgentcare,2025-07-09 13:45:26,0.03,1212.69,0,0.04055435,1070.7181,0.00039346362,0
ef0f65e9-6b19-092b-a2cb-26bf9d699254,ef0f65e9-6b19-092b-451a-5af9e9c1d7ae,emergency,2017-01-14 13:43:02,0.042,577.58,0,0.008256681,661.1711,0.063956514,0
970e27db-668f-15cf-0172-e16e0de9b5c5,970e27db-668f-15cf-e4e8-6700e822c668,urgentcare,2019-09-03 01:35:58,0.015,573.98,0,0.0,471.7997,0.00024387261,0
61f048dc-f66e-bbda-b38d-d7ae18c8ce47,61f048dc-f66e-bbda-48c8-593d92d2bf03,urgentcare,2025-05-07 13:45:26,0.024,1171.61,0,0.03207754,962.512,0.00012049052,0
970e27db-668f-15cf-d325-78cf09cad47b,970e27db-668f-15cf-e4e8-6700e822c668,emergency,2018-07-13 02:08:19,0.042,5003.28,0,0.11622454,774.4103,0.0049839104,0
61f048dc-f66e-bbda-9b7e-90bf61637fe6,61f048dc-f66e-bbda-48c8-593d92d2bf03,urgentcare,2025-04-23 13:45:26,0.025,723.14,0,0.04858118,1158.6195,0.0010709597,0
61f048dc-f66e-bbda-f111-8d1aa33efae6,61f048dc-f66e-bbda-48c8-593d92d2bf03,urgentcare,2025-03-12 13:45:26,0.03,859.14,0,0.0404691,1077.987,0.00065010454,0
61f048dc-f66e-bbda-e2ed-0a0ddb21bf0a,61f048dc-f66e-bbda-48c8-593d92d2bf03,urgentcare,2025-02-05 13:45:26,0.026,723.14,0,0.038139462,994.2673,1.9421515e-05,0
61f048dc-f66e-bbda-951d-03d017f687e4,61f048dc-f66e-bbda-48c8-593d92d2bf03,urgentcare,2025-01-15 13:45:26,0.028,723.14,0,0.022553053,949.8892,5.024118e-05,0
60ff4c3e-9712-fea2-b756-7cebe4819c87,60ff4c3e-9712-fea2-32a4-4b47b26ddcf5,urgentcare,2015-02-08 18:47:22,0.037,797.72,0,0.02020818,1458.3301,0.0003442086,0
61f048dc-f66e-bbda-ba3b-8cc4ce96cc49,61f048dc-f66e-bbda-48c8-593d92d2bf03,urgentcare,2024-12-18 13:45:26,0.01,850.15,0,0.049043156,747.52844,1.6295773e-05,0
61f048dc-f66e-bbda-8f05-6d8f018b476a,61f048dc-f66e-bbda-48c8-593d92d2bf03,urgentcare,2024-12-11 13:45:26,0.035,1106.78,0,0.04782499,886.26666,3.088152e-05,0
61f048dc-f66e-bbda-8384-61e37b47ab3f,61f048dc-f66e-bbda-48c8-593d92d2bf03,urgentcare,2024-10-30 13:45:26,0.025,723.14,0,0.05542134,998.9138,3.883926e-05,0
61f048dc-f66e-bbda-1dbe-dc61d071a672,61f048dc-f66e-bbda-48c8-593d92d2bf03,urgentcare,2024-10-09 13:45:26,0.024,938.84,0,0.056739315,961.8263,7.6547985e-05,0
61f048dc-f66e-bbda-57fa-ee430e9cbd2a,61f048dc-f66e-bbda-48c8-593d92d2bf03,urgentcare,2024-08-14 13:45:26,0.033,723.14,0,0.058363322,943.1689,0.000101663274,0
61f048dc-f66e-bbda-77ee-1cf7c3c4c758,61f048dc-f66e-bbda-48c8-593d92d2bf03,urgentcare,2024-07-17 13:45:26,0.01,370.88,0,0.058702253,1060.824,0.00090201123,0
61f048dc-f66e-bbda-3115-441fdad99c5a,61f048dc-f66e-bbda-48c8-593d92d2bf03,urgentcare,2024-04-17 13:45:26,0.033,723.14,0,0.058726676,986.2965,0.0002558083,0
61f048dc-f66e-bbda-94c3-f396fddc5767,61f048dc-f66e-bbda-48c8-593d92d2bf03,urgentcare,2024-02-07 13:45:26,0.03,797.72,0,0.05624524,987.9032,2.1791502e-05,0
61f048dc-f66e-bbda-e37c-aa9a51404409,61f048dc-f66e-bbda-48c8-593d92d2bf03,urgentcare,2024-01-17 13:45:26,0.023,1293.43,0,0.056478918,1021.12286,0.00040966453,0
61f048dc-f66e-bbda-05dc-c1e001e69f1f,61f048dc-f66e-bbda-48c8-593d92d2bf03,urgentcare,2023-09-13 13:45:26,0.028,1229.01,0,0.056739315,853.6572,7.333557e-05,0
61f048dc-f66e-bbda-1608-9a2c84671dad,61f048dc-f66e-bbda-48c8-593d92d2bf03,urgentcare,2023-08-16 13:45:26,0.029,1088.0,0,0.054791518,1016.24023,0.0015739024,0
61f048dc-f66e-bbda-70ee-b1391fc8cde5,61f048dc-f66e-bbda-48c8-593d92d2bf03,emergency,2023-06-07 13:45:26,0.042,875.9,0,0.090350874,873.2334,0.0005419452,0
61f048dc-f66e-bbda-5868-1e62a9afdb78,61f048dc-f66e-bbda-48c8-593d92d2bf03,emergency,2023-05-24 13:45:26,0.042,1091.6,0,0.12925965,1316.2009,0.0036949113,0
61f048dc-f66e-bbda-d175-294fcb6773b2,61f048dc-f66e-bbda-48c8-593d92d2bf03,urgentcare,2023-05-03 13:45:26,0.041,872.3,0,0.067455314,1097.2302,0.0023388837,0
61f048dc-f66e-bbda-6a59-72f317d40958,61f048dc-f66e-bbda-48c8-593d92d2bf03,urgentcare,2022-07-27 13:45:26,0.024,872.3,0,0.03335242,926.278,0.00014020284,0
61f048dc-f66e-bbda-82be-7a2ca24f4dc8,61f048dc-f66e-bbda-48c8-593d92d2bf03,urgentcare,2022-05-25 13:45:26,0.032,872.3,0,0.04369952,945.2652,0.00026283532,0
61f048dc-f66e-bbda-ab50-99b935ac07a4,61f048dc-f66e-bbda-48c8-593d92d2bf03,urgentcare,2022-04-27 13:45:26,0.034,872.3,0,0.04394953,1011.05945,0.0011222,0
61f048dc-f66e-bbda-ba41-240ca25c3699,61f048dc-f66e-bbda-48c8-593d92d2bf03,urgentcare,2022-02-23 13:45:26,0.03,1662.82,0,0.040317487,1005.8585,0.0012704936,0
61f048dc-f66e-bbda-a667-57411dca69e5,61f048dc-f66e-bbda-48c8-593d92d2bf03,urgentcare,2021-12-29 13:45:26,0.029,872.3,0,0.05802385,1046.4575,0.0012226228,0
61f048dc-f66e-bbda-2190-d751d71ea74a,61f048dc-f66e-bbda-48c8-593d92d2bf03,urgentcare,2021-09-29 13:45:26,0.04,1088.0,0,0.0,825.89923,0.0018274412,0
61f048dc-f66e-bbda-708b-d7e85008252b,61f048dc-f66e-bbda-48c8-593d92d2bf03,urgentcare,2021-10-27 13:45:26,0.039,1132.09,0,0.031234188,922.34454,0.00041831908,0
61f048dc-f66e-bbda-bf86-50646ddbad70,61f048dc-f66e-bbda-48c8-593d92d2bf03,emergency,2018-12-05 15:02:37,0.07,5104.67,0,0.08619491,588.5228,0.008573654,0
61f048dc-f66e-bbda-8f8f-80035ee760df,61f048dc-f66e-bbda-48c8-593d92d2bf03,urgentcare,2017-12-27 13:45:26,0.033,872.3,0,0.045458887,569.2909,0.000102739585,0
61f048dc-f66e-bbda-e2c7-181b1d7eeae0,61f048dc-f66e-bbda-48c8-593d92d2bf03,urgentcare,2017-12-20 13:45:26,0.01,761.27,0,0.04268136,566.2222,6.833601e-05,0
61f048dc-f66e-bbda-11d9-10d7565b2f9a,61f048dc-f66e-bbda-48c8-593d92d2bf03,urgentcare,2017-12-13 13:45:26,0.031,1588.22,0,0.04268136,579.7145,6.4583335e-05,0
61f048dc-f66e-bbda-db45-766eb9845424,61f048dc-f66e-bbda-48c8-593d92d2bf03,urgentcare,2017-08-16 13:45:26,0.031,872.3,0,0.020508269,932.5126,0.001702716,0
d34d1b52-3371-888d-31a3-f71628c90762,d34d1b52-3371-888d-365f-0ef95ce5301b,emergency,1977-01-12 15:10:54,0.042,146.18,0,0.09845038,1505.3636,0.011686503,0
2660d0e2-ecd3-443e-7051-221684ae8110,2660d0e2-ecd3-443e-107c-0c4698e5861c,emergency,2025-03-17 14:48:54,0.042,146.18,0,0.14619523,1036.2812,0.3647373,1
61f048dc-f66e-bbda-c277-cb2379760c9b,61f048dc-f66e-bbda-48c8-593d92d2bf03,urgentcare,2026-08-05 13:45:26,0.01,142.58,0,0.040840723,1004.82104,0.0007320564,0
6584d844-def6-c89c-3f77-84270d4db47f,6584d844-def6-c89c-9e84-1229ed30d1c1,emergency,2024-12-28 19:29:43,0.042,146.18,0,0.10279932,1087.7915,0.018954486,0
8c6d2f1b-5511-c429-1acc-de3fcc0eb439,8c6d2f1b-5511-c429-bee7-d55f2fb4600d,emergency,2026-01-02 16:04:48,0.208,146.18,0,0.16188861,365.31143,0.0053063855,0
ca2969b2-948d-a5e3-2f68-f5450d1c1c9f,ca2969b2-948d-a5e3-f93a-318c91e9a474,emergency,2024-06-03 18:35:13,0.042,146.18,0,0.19518831,475.43863,0.0084755365,0
af613246-c519-86b2-f87e-ec1bf8877964,af613246-c519-86b2-c724-7f9e94213b57,emergency,2022-08-23 10:24:14,0.042,146.18,0,0.15523715,706.0362,0.10889381,1
8c6d2f1b-5511-c429-a5b4-25b8865ff222,8c6d2f1b-5511-c429-bee7-d55f2fb4600d,emergency,2024-06-01 10:18:11,0.125,146.18,0,0.19261004,527.5119,0.0089689735,0
4abcd538-d0ce-5a2a-0263-dd144431dabf,4abcd538-d0ce-5a2a-0be5-88209c082f0a,emergency,1997-07-06 12:59:44,0.042,146.18,0,0.08750873,710.36755,0.15300716,1
f58b068c-f7b4-9493-d61c-aef07923b9d4,f58b068c-f7b4-9493-d114-90cfcbf108cf,emergency,2025-11-15 11:22:28,0.042,146.18,0,0.060538612,871.513,0.016207106,0
b2a47352-a222-d454-2b26-d4d2842b6c5b,b2a47352-a222-d454-52a7-083891c96aa0,urgentcare,2025-10-08 15:03:30,0.01,149.38,0,0.0372506,907.56226,0.00031918168,0
cea9384c-b73d-bcff-09d9-6ba06e96e049,cea9384c-b73d-bcff-8454-7a71a56aa47b,urgentcare,2026-06-25 13:53:14,0.01,291.74,0,0.013684454,576.7327,0.0004810684,0
60ff4c3e-9712-fea2-ac69-49fd2554acf5,60ff4c3e-9712-fea2-32a4-4b47b26ddcf5,emergency,2019-07-06 21:14:50,0.042,146.18,0,0.056994405,1172.4325,0.002323198,0
6873f1ca-d5dc-2962-14a5-4184f8f9d9a2,6873f1ca-d5dc-2962-aa07-68141aa4e9be,emergency,2024-05-21 16:48:17,0.042,146.18,0,0.05380413,338.2688,0.020616988,0
cca04c04-e02e-2bac-409e-136d3ac7b6af,cca04c04-e02e-2bac-ff0f-207af6460e91,emergency,2022-01-16 01:38:29,0.208,146.18,0,0.083877794,363.40045,0.0016869515,0
cb516324-bbf5-6e8a-f342-c5ab1b5bd629,cb516324-bbf5-6e8a-1d80-bd569fa51d89,emergency,2022-09-29 09:37:57,0.042,146.18,0,0.08848143,475.49884,0.00012587241,0
cca04c04-e02e-2bac-0a95-9506afd27a6d,cca04c04-e02e-2bac-ff0f-207af6460e91,emergency,2020-07-10 17:39:55,0.125,146.18,0,0.1443675,292.4646,0.0032119346,0
70e52269-2c10-4683-7ce7-0a9c5251f6b6,70e52269-2c10-4683-e160-145aaa96930e,emergency,2017-01-13 08:42:37,0.042,146.18,0,0.112910576,935.1546,0.07437179,0
cca04c04-e02e-2bac-6385-17ca7a9fc49e,cca04c04-e02e-2bac-ff0f-207af6460e91,emergency,2018-05-08 01:59:54,0.042,146.18,0,0.113393486,1400.1005,0.004968217,0
4abcd538-d0ce-5a2a-ce3b-5b7286be7439,4abcd538-d0ce-5a2a-0be5-88209c082f0a,emergency,1993-06-24 12:59:44,0.042,146.18,0,0.077671394,1037.423,0.10754619,1
61f048dc-f66e-bbda-51a8-07ea11061571,61f048dc-f66e-bbda-48c8-593d92d2bf03,urgentcare,2026-03-11 13:45:26,0.01,142.58,0,0.032644533,637.19073,1.5441052e-05,0
22535c9e-168b-3f92-9c54-1c2d13837f2e,22535c9e-168b-3f92-fd09-3a506e40beaa,urgentcare,2021-04-24 12:58:30,0.01,217.16,0,0.0,749.3284,0.0006728518,0
f515ade8-b2ab-7686-869f-73f106f3d08b,f515ade8-b2ab-7686-a20e-18b2a0ca84bc,emergency,2020-08-07 09:51:16,0.042,146.18,0,0.26226783,284.11758,0.4058145,1
3f5ae3db-d7b5-e990-21f0-deab967854b5,3f5ae3db-d7b5-e990-79e2-5ab9d40e8844,emergency,2024-06-05 12:50:30,0.042,146.18,0,0.08125208,398.11523,0.058131635,0
970e27db-668f-15cf-4683-3c868471c269,970e27db-668f-15cf-e4e8-6700e822c668,emergency,2025-05-24 22:35:58,0.042,146.18,0,0.04585388,210.4468,0.0006834164,0
481c67fe-e8a9-d5da-9061-a8bf93110d6e,481c67fe-e8a9-d5da-d0df-6c733cf47f2e,emergency,2021-09-21 04:05:08,0.042,146.18,0,0.026632402,341.83075,0.0024207872,0
5ef6bfb1-b930-bd01-690c-f57472d05ae9,5ef6bfb1-b930-bd01-0f1c-a97248be14f8,emergency,2022-12-20 03:03:29,0.167,146.18,0,0.20310645,908.35803,0.008000118,0
f58b068c-f7b4-9493-0ca3-48b036e15a8f,f58b068c-f7b4-9493-d114-90cfcbf108cf,inpatient,2024-10-02 10:07:04,4.0,146.18,0,3.242183,5158.6797,0.84149414,1
5ef6bfb1-b930-bd01-453f-6bd10dd766bd,5ef6bfb1-b930-bd01-0f1c-a97248be14f8,emergency,2022-07-12 12:14:17,0.458,146.18,0,0.08811673,1137.3417,0.016400103,0
4abcd538-d0ce-5a2a-954b-420d9f22b221,4abcd538-d0ce-5a2a-0be5-88209c082f0a,emergency,1991-12-27 12:35:15,0.042,87.71,0,0.0,1984.9507,0.019141357,0
481c67fe-e8a9-d5da-9f6c-708834a2cfa4,481c67fe-e8a9-d5da-d0df-6c733cf47f2e,emergency,2020-09-08 04:05:08,0.042,146.18,0,0.028646333,499.7533,0.0027995901,0
e0f711eb-6045-f479-7d4c-0f29c2ae9ce1,e0f711eb-6045-f479-32f2-b16fe78bbb4f,urgentcare,2010-08-28 03:21:32,0.028,789.68,0,0.0,1789.7509,0.0007367581,0
23d25649-b558-2a19-2a07-5802f7725ba0,23d25649-b558-2a19-4dfe-cd7b77e926fc,emergency,2014-10-26 22:52:27,0.042,146.18,0,0.044796754,272.82486,0.011793326,0
82e97671-9f3a-eab7-bfe6-851b48c4bd7d,82e97671-9f3a-eab7-10c0-f1a54f088dfc,emergency,2020-10-04 08:59:57,0.042,146.18,0,0.10120185,2582.4602,0.009415934,0
5ef6bfb1-b930-bd01-ef83-5da9af885d3f,5ef6bfb1-b930-bd01-0f1c-a97248be14f8,emergency,2022-02-28 21:14:17,0.625,146.18,0,0.12878074,783.1725,0.015685264,0
af613246-c519-86b2-bc3a-d7aa006be0d8,af613246-c519-86b2-c724-7f9e94213b57,urgentcare,2012-11-13 09:48:24,0.035,1192.56,0,0.09458331,820.7794,0.005992844,0
ef0f65e9-6b19-092b-c492-532f4ccd302d,ef0f65e9-6b19-092b-451a-5af9e9c1d7ae,emergency,2021-07-17 15:28:02,0.042,146.18,0,0.010912821,422.0267,0.019283962,0
5ef6bfb1-b930-bd01-6e2d-766881b28dc0,5ef6bfb1-b930-bd01-0f1c-a97248be14f8,emergency,2020-12-11 09:50:01,0.042,146.18,0,0.076068036,588.17944,0.018758051,0
e2d7b75a-63f0-2840-fb84-bc2840687167,e2d7b75a-63f0-2840-158a-72516b9d15c2,emergency,2019-07-19 09:56:35,0.042,146.18,0,0.030024659,363.32837,0.0013576716,0
2b550547-5163-3b59-a0b7-77a9f0622397,2b550547-5163-3b59-c405-6e2baabdab86,emergency,2017-01-18 17:42:48,0.042,146.18,0,0.059614625,453.60226,0.0025482385,0
0624bc58-5c5b-d88d-da51-f41fa838d853,0624bc58-5c5b-d88d-33c9-076abb41330b,inpatient,2014-11-14 07:16:41,1.0,983.03,0,1.524003,3956.924,0.077687085,0
cca04c04-e02e-2bac-71b1-43b92f46338b,cca04c04-e02e-2bac-ff0f-207af6460e91,emergency,1992-06-15 10:37:00,0.042,87.71,0,0.053287033,2130.1616,0.0013091174,0
cca04c04-e02e-2bac-7be1-7c80d2974e45,cca04c04-e02e-2bac-ff0f-207af6460e91,emergency,1991-11-29 10:37:00,0.042,146.18,0,0.0047006523,1206.573,0.0010468868,0
ae34ab54-b219-95ff-646a-d017fdb6d4da,ae34ab54-b219-95ff-18ec-68c3fdde0ab4,inpatient,1999-09-06 22:32:40,2.671,5423.98,0,1.5530332,3797.3496,0.00044307523,0
970e27db-668f-15cf-a51e-52ef127f6704,970e27db-668f-15cf-e4e8-6700e822c668,urgentcare,2021-03-23 01:35:58,0.01,142.58,0,0.003793759,263.56598,0.0003531597,0
cca04c04-e02e-2bac-ce40-c0206382d8fe,cca04c04-e02e-2bac-ff0f-207af6460e91,inpatient,1987-09-23 04:37:00,1.945,21432.77,0,2.3313205,8436.18,0.002978725,0
e2d7b75a-63f0-2840-862f-b5d0454055e1,e2d7b75a-63f0-2840-158a-72516b9d15c2,emergency,2017-06-12 09:56:35,0.042,146.18,0,0.050421644,296.61078,0.0056891995,0
5ef6bfb1-b930-bd01-accd-c9b1e47ef3fb,5ef6bfb1-b930-bd01-0f1c-a97248be14f8,emergency,2019-07-25 09:02:23,0.583,146.18,0,0.032981053,559.1038,0.018965527,0
d6425b51-9af4-973e-f493-01fde03c7fa6,d6425b51-9af4-973e-dd1e-715e2efb60cb,inpatient,2006-08-16 15:57:07,1.0,3817.64,0,1.1590807,4542.156,0.04814658,0
4abcd538-d0ce-5a2a-a019-4880a3761d18,4abcd538-d0ce-5a2a-0be5-88209c082f0a,emergency,1980-02-08 12:35:15,0.088,17189.78,0,0.31794745,2490.3618,0.33572084,1
f58b068c-f7b4-9493-90dc-620c2a2a58ae,f58b068c-f7b4-9493-d114-90cfcbf108cf,emergency,2018-01-29 11:11:57,0.042,146.18,0,0.08894225,1406.1431,0.019020053,0
8c6d2f1b-5511-c429-c874-73397fbed0c0,8c6d2f1b-5511-c429-bee7-d55f2fb4600d,emergency,1992-11-20 10:16:25,0.042,87.71,0,0.10910178,797.35266,0.0026503091,0
5ef6bfb1-b930-bd01-7019-9e02c2dea8ac,5ef6bfb1-b930-bd01-0f1c-a97248be14f8,emergency,2017-10-17 22:05:22,0.25,146.18,0,0.0,745.9931,0.0017810549,0
8c6d2f1b-5511-c429-c267-732cbbd5870c,8c6d2f1b-5511-c429-bee7-d55f2fb4600d,emergency,1992-06-27 10:16:25,0.042,20794.05,0,0.07222785,788.77094,0.0029548134,0
f4dccac7-7a87-6c1b-a419-c2d55e5441f1,f4dccac7-7a87-6c1b-4161-588e2d607cc8,emergency,1998-09-20 08:41:53,0.042,87.71,0,0.4765927,1602.4951,0.2295651,1
8c6d2f1b-5511-c429-e570-60afbe498805,8c6d2f1b-5511-c429-bee7-d55f2fb4600d,emergency,1992-05-14 10:16:25,0.042,146.18,0,0.12139438,570.734,0.024137132,0
b2a47352-a222-d454-0893-de1974d98697,b2a47352-a222-d454-52a7-083891c96aa0,emergency,2017-03-18 15:17:58,0.042,146.18,0,0.10375599,2739.8262,0.052600298,0
e46c32e6-8644-eeeb-0429-6704e1fa5fab,e46c32e6-8644-eeeb-049f-05a3b8a33649,inpatient,2005-06-25 12:03:26,1.0,976.84,0,2.2388234,1711.475,0.16411674,1
aea82eb4-d136-a060-0661-210e4ed821a7,aea82eb4-d136-a060-b162-bef0cd93166c,emergency,1951-11-24 18:37:04,0.042,146.18,0,0.11752412,2015.0151,0.0027935144,0
970e27db-668f-15cf-8a0a-f38863f520a8,970e27db-668f-15cf-e4e8-6700e822c668,urgentcare,2019-08-27 01:35:58,0.01,142.58,0,0.0,458.33698,0.00022900157,0
6584d844-def6-c89c-9da8-479854ac0333,6584d844-def6-c89c-9e84-1229ed30d1c1,inpatient,2009-05-01 19:53:50,1.0,979.9,0,1.4062877,1763.9089,0.13557005,1
82e97671-9f3a-eab7-6365-c734bff411b6,82e97671-9f3a-eab7-10c0-f1a54f088dfc,inpatient,1994-01-08 09:15:35,1.0,5012.21,0,1.095816,5722.2944,0.13236931,1
5ef6bfb1-b930-bd01-4caa-ae84e70c8c02,5ef6bfb1-b930-bd01-0f1c-a97248be14f8,urgentcare,2001-10-26 09:34:04,0.024,6680.19,0,0.035414856,1024.4067,0.0014007777,0
4100538e-7f5f-2872-cd9e-c893807c98bc,4100538e-7f5f-2872-dc1d-76589c3b738e,inpatient,2002-07-03 18:09:34,1.0,11833.61,0,1.6338813,5246.5244,0.28024313,1
5ef6bfb1-b930-bd01-52a0-e408c7dd981b,5ef6bfb1-b930-bd01-0f1c-a97248be14f8,urgentcare,1994-09-02 09:34:04,0.024,7529.45,0,0.0,806.60895,0.0016315146,0
5ef6bfb1-b930-bd01-4254-7503440e232d,5ef6bfb1-b930-bd01-0f1c-a97248be14f8,emergency,1990-02-04 09:34:04,0.042,5308.14,0,0.53553456,646.1944,0.19236548,1
60ff4c3e-9712-fea2-3938-f566fbfcf1fa,60ff4c3e-9712-fea2-32a4-4b47b26ddcf5,urgentcare,2009-06-28 18:47:22,0.036,1722.21,0,0.24741372,1361.6498,0.0032828082,0
61f048dc-f66e-bbda-b797-8819f0a5883a,61f048dc-f66e-bbda-48c8-593d92d2bf03,urgentcare,2023-05-31 13:45:26,0.01,291.74,0,0.050196223,738.20306,0.00019548504,0
61f048dc-f66e-bbda-2a8a-5786ea71290f,61f048dc-f66e-bbda-48c8-593d92d2bf03,urgentcare,2016-07-27 13:45:26,0.025,1394.04,0,0.07497552,1212.4601,0.0033018133,0
61f048dc-f66e-bbda-95d9-a8d25c28a3e0,61f048dc-f66e-bbda-48c8-593d92d2bf03,urgentcare,2016-08-03 13:45:26,0.01,291.74,0,0.04879532,590.92725,0.00031208902,0
61f048dc-f66e-bbda-d323-eb900b438956,61f048dc-f66e-bbda-48c8-593d92d2bf03,urgentcare,2016-06-15 13:45:26,0.027,1382.9,0,0.05954753,814.89185,0.0012855662,0
61f048dc-f66e-bbda-8565-13133a55f64c,61f048dc-f66e-bbda-48c8-593d92d2bf03,urgentcare,2016-06-01 13:45:26,0.031,872.3,0,0.057454467,1188.5885,0.0064965957,0
61f048dc-f66e-bbda-2cc5-5fc5144d94ac,61f048dc-f66e-bbda-48c8-593d92d2bf03,emergency,2009-11-25 13:45:26,0.042,17561.72,0,0.24716304,1998.7504,0.021260621,0
61f048dc-f66e-bbda-a0c1-e4b0f9c7dc7e,61f048dc-f66e-bbda-48c8-593d92d2bf03,emergency,2009-05-06 16:02:25,0.114,4407.08,0,0.13099013,2158.0354,0.013341464,0
61f048dc-f66e-bbda-6f2e-02f58d218ce0,61f048dc-f66e-bbda-48c8-593d92d2bf03,emergency,2008-12-05 13:45:26,0.095,17189.78,0,0.1121201,2572.6362,0.021676386,0
ae34ab54-b219-95ff-5043-b3bed667b7ff,ae34ab54-b219-95ff-18ec-68c3fdde0ab4,inpatient,2026-08-31 00:38:37,1.869,19188.96,0,5.923962,1533.792,0.19179308,1
0966dcf2-1498-2c7a-2d8e-09598470050f,0966dcf2-1498-2c7a-04be-238eaf816b78,emergency,1994-12-22 14:52:00,0.042,14530.8,0,0.08924353,1479.3722,0.042810224,0
0966dcf2-1498-2c7a-b107-98e89a8a233c,0966dcf2-1498-2c7a-04be-238eaf816b78,inpatient,1994-12-22 14:52:00,6.03,9740.78,0,2.339777,13402.908,0.7045217,1
ef0f65e9-6b19-092b-f91e-2f13a9ab8d22,ef0f65e9-6b19-092b-451a-5af9e9c1d7ae,emergency,2025-07-26 13:17:51,0.042,4797.17,0,0.20022152,1176.4557,0.026403582,0
0966dcf2-1498-2c7a-0124-58f78571458e,0966dcf2-1498-2c7a-04be-238eaf816b78,emergency,1994-06-21 13:46:04,0.042,4681.19,0,0.119983904,2521.1372,0.055211063,0
0966dcf2-1498-2c7a-302c-91d94ca6c80e,0966dcf2-1498-2c7a-04be-238eaf816b78,inpatient,1994-06-21 13:46:04,4.046,7617.88,0,2.7990441,7321.16,0.6358678,1
23d25649-b558-2a19-aec1-11ef8eb8c89b,23d25649-b558-2a19-4dfe-cd7b77e926fc,emergency,2019-04-11 22:52:27,0.042,5252.23,0,0.20113054,803.81146,0.03229359,0
23d25649-b558-2a19-511b-d15e639f8271,23d25649-b558-2a19-4dfe-cd7b77e926fc,inpatient,2019-04-11 22:52:27,1.047,4562.54,0,4.49365,1432.0906,0.4475366,1
1a9b16ad-e469-50ab-ed5f-9a39f4838d68,1a9b16ad-e469-50ab-0240-77049e72ad4b,emergency,2024-10-12 08:58:15,0.042,4028.78,0,0.0,538.7102,0.038216848,0
cca04c04-e02e-2bac-6e0b-046c33236ee7,cca04c04-e02e-2bac-ff0f-207af6460e91,emergency,2025-08-15 10:37:00,0.042,14066.07,0,0.11709853,1835.3625,0.001112415,0
23d25649-b558-2a19-1509-7a3d008730c4,23d25649-b558-2a19-4dfe-cd7b77e926fc,emergency,2017-06-25 00:14:31,0.042,4681.19,0,0.20447052,1002.52057,0.022954516,0
23d25649-b558-2a19-24a0-f8b45b537a68,23d25649-b558-2a19-4dfe-cd7b77e926fc,inpatient,2017-06-25 00:14:31,10.033,18030.42,1,4.0757318,14366.162,0.6296319,1
d6425b51-9af4-973e-97de-0475ba2c6f21,d6425b51-9af4-973e-dd1e-715e2efb60cb,inpatient,2024-04-13 08:13:00,8.289,65328.16,1,1.4252281,11066.451,0.049207076,0
d6425b51-9af4-973e-d2b8-8267689737f9,d6425b51-9af4-973e-dd1e-715e2efb60cb,inpatient,2024-04-21 14:54:33,1.0,1871.78,0,1.5099251,10769.847,0.07007357,0
ca2969b2-948d-a5e3-6a8e-5acde2ce6e52,ca2969b2-948d-a5e3-f93a-318c91e9a474,emergency,2023-12-21 18:35:13,0.042,6177.71,0,0.16078782,1308.0779,0.033280585,0
ca2969b2-948d-a5e3-f604-3534001f979b,ca2969b2-948d-a5e3-f93a-318c91e9a474,emergency,2022-04-14 18:35:13,0.042,577.58,0,0.10755733,1903.3746,0.020372298,0
61f048dc-f66e-bbda-5758-d64925b95d17,61f048dc-f66e-bbda-48c8-593d92d2bf03,urgentcare,2026-05-13 13:45:26,0.01,799.18,0,0.032644533,732.5936,5.8122077e-05,0
90a4d7fc-bfb4-0e30-a628-0c946a2f56bf,90a4d7fc-bfb4-0e30-cfa8-99073696950a,urgentcare,2024-07-24 09:54:17,0.01,789.68,0,0.0017374954,639.3822,7.4814685e-05,0
0624bc58-5c5b-d88d-0d0b-c6216a79557a,0624bc58-5c5b-d88d-33c9-076abb41330b,emergency,2023-09-12 05:50:24,0.042,2925.6,0,0.12905505,2423.5732,0.04735629,0
cb516324-bbf5-6e8a-5564-0ee8d13416e2,cb516324-bbf5-6e8a-1d80-bd569fa51d89,urgentcare,2022-09-22 09:37:57,0.01,358.28,0,0.0003656598,439.63666,7.111034e-05,0
ca2969b2-948d-a5e3-bca1-0f9d21e031a7,ca2969b2-948d-a5e3-f93a-318c91e9a474,emergency,2021-04-08 18:35:13,0.042,12273.29,0,0.28426614,2497.756,0.30703253,1
90a4d7fc-bfb4-0e30-9e01-da0067c95081,90a4d7fc-bfb4-0e30-cfa8-99073696950a,urgentcare,2024-04-17 09:54:17,0.01,573.98,0,0.0,259.21252,3.4896166e-05,0
53f24e94-a5e6-287d-ce8e-f10e87d66047,53f24e94-a5e6-287d-8a9e-56697bd171e1,emergency,2021-11-24 23:03:22,0.042,3362.86,0,0.00020018652,1431.486,0.0060536335,0
53f24e94-a5e6-287d-aa4c-e7701b72dc68,53f24e94-a5e6-287d-8a9e-56697bd171e1,emergency,2020-04-15 23:03:22,0.042,3761.37,0,0.0,1417.4587,0.0069693904,0
258586cd-e18a-b5b3-4ceb-499d62c40820,258586cd-e18a-b5b3-5579-60595ea9b92d,urgentcare,2020-02-28 13:26:05,0.01,573.98,0,0.026860664,741.3525,0.002066987,0
53f24e94-a5e6-287d-c1a5-1810d2607576,53f24e94-a5e6-287d-8a9e-56697bd171e1,emergency,2019-04-24 23:03:22,0.042,1440.38,0,0.041140538,2319.4346,0.04774091,0
2b550547-5163-3b59-8ba6-8bd1e9e1a687,2b550547-5163-3b59-c405-6e2baabdab86,urgentcare,2018-05-13 17:42:48,0.01,845.98,0,0.0,661.3643,0.00023053969,0
970e27db-668f-15cf-d556-4c8eed96b82d,970e27db-668f-15cf-e4e8-6700e822c668,urgentcare,2023-12-05 01:35:58,0.01,1059.99,0,0.04002976,378.2182,0.00019773497,0
23d25649-b558-2a19-1bf4-93b17f309d0f,23d25649-b558-2a19-4dfe-cd7b77e926fc,emergency,2013-04-30 22:52:27,0.042,2925.6,0,0.14438157,1274.7664,0.07291043,0
f77f966b-4550-f6f4-05ec-f9436c5e6228,f77f966b-4550-f6f4-2860-bc31c1853fd6,emergency,2017-11-13 18:47:17,0.042,10598.41,0,0.66483027,1642.0269,0.26991248,1
aea82eb4-d136-a060-90f9-a55e79daf1b3,aea82eb4-d136-a060-b162-bef0cd93166c,urgentcare,2019-05-14 18:37:04,0.01,358.28,0,0.0,811.79663,0.00074403425,0
f58b068c-f7b4-9493-f598-566dc4bb9737,f58b068c-f7b4-9493-d114-90cfcbf108cf,inpatient,2021-03-20 05:22:29,8.283,75310.84,1,1.8515023,9165.196,0.00473153,0
f58b068c-f7b4-9493-df97-3c74cdd53b0c,f58b068c-f7b4-9493-d114-90cfcbf108cf,inpatient,2021-03-28 11:55:10,1.0,1871.78,0,2.0677137,11058.063,0.005568134,0
9d2b1771-334f-c3d0-f765-1e2f0ec108d8,9d2b1771-334f-c3d0-776d-562573632e1e,urgentcare,2020-12-29 13:12:06,0.016,573.98,0,0.018756254,798.7689,0.0010940994,0
21f1ed4f-83be-991b-14a9-c307b399426b,21f1ed4f-83be-991b-ea87-76bb53b4200d,emergency,2021-08-07 19:48:18,0.042,2333.24,0,0.0885151,1423.1068,0.0046279584,0
970e27db-668f-15cf-000f-6b2f6ba0a50c,970e27db-668f-15cf-e4e8-6700e822c668,urgentcare,2021-03-16 01:35:58,0.014,1572.78,0,0.010762971,452.22333,0.0004424257,0
23d25649-b558-2a19-9c25-468f08e081a0,23d25649-b558-2a19-4dfe-cd7b77e926fc,emergency,2011-01-04 22:52:27,0.042,16560.41,0,0.09029617,1854.4078,0.10072037,1
ef0f65e9-6b19-092b-3203-3b3f31297a43,ef0f65e9-6b19-092b-451a-5af9e9c1d7ae,emergency,2019-03-30 13:17:51,0.042,6874.57,0,0.05530077,2001.9902,0.18197331,1
ef0f65e9-6b19-092b-9844-0b0db602bc96,ef0f65e9-6b19-092b-451a-5af9e9c1d7ae,inpatient,2017-01-21 13:43:02,2.073,18516.36,0,2.868641,7829.556,0.09334748,1
21f1ed4f-83be-991b-1ec9-fd723ea27339,21f1ed4f-83be-991b-ea87-76bb53b4200d,emergency,2019-03-09 19:48:18,0.042,8306.1,0,0.09378649,3263.825,0.02484393,0
970e27db-668f-15cf-bb9c-c7de09f24e4e,970e27db-668f-15cf-e4e8-6700e822c668,urgentcare,2019-08-20 01:35:58,0.01,1045.12,0,0.016576132,702.72687,0.00013313699,0
61f048dc-f66e-bbda-3ab7-78612535ae3b,61f048dc-f66e-bbda-48c8-593d92d2bf03,urgentcare,2024-11-27 13:45:26,0.03,938.84,0,0.056739315,974.2518,5.262321e-05,0
61f048dc-f66e-bbda-bab2-5c591bff5ba6,61f048dc-f66e-bbda-48c8-593d92d2bf03,urgentcare,2024-09-11 13:45:26,0.026,723.14,0,0.056739315,961.8263,7.3580464e-05,0
61f048dc-f66e-bbda-63f7-56f0e76366d4,61f048dc-f66e-bbda-48c8-593d92d2bf03,urgentcare,2024-05-29 13:45:26,0.038,1467.92,0,0.06686905,1109.8044,0.0011601798,0
61f048dc-f66e-bbda-44cc-6c0f9faf3b72,61f048dc-f66e-bbda-48c8-593d92d2bf03,urgentcare,2024-03-20 13:45:26,0.031,859.14,0,0.05861551,1042.9148,0.0010139843,0
61f048dc-f66e-bbda-1987-0e1ebde6bc22,61f048dc-f66e-bbda-48c8-593d92d2bf03,urgentcare,2024-02-14 13:45:26,0.01,358.28,0,0.049043156,737.88983,1.0924925e-05,0
61f048dc-f66e-bbda-d80c-2186f0a2a348,61f048dc-f66e-bbda-48c8-593d92d2bf03,urgentcare,2023-03-22 13:45:26,0.023,1088.0,0,0.05378303,1023.39465,0.0020406283,0
61f048dc-f66e-bbda-52fe-707928bc210b,61f048dc-f66e-bbda-48c8-593d92d2bf03,urgentcare,2022-12-21 13:45:26,0.01,507.44,0,0.044058632,979.76776,0.00029725055,0
61f048dc-f66e-bbda-7049-8b3fd1381243,61f048dc-f66e-bbda-48c8-593d92d2bf03,urgentcare,2022-06-29 13:45:26,0.01,901.54,0,0.033447687,886.0619,0.0004991583,0
61f048dc-f66e-bbda-b7bb-2c78a81fd761,61f048dc-f66e-bbda-48c8-593d92d2bf03,emergency,2017-11-29 13:45:26,0.042,1011.9,0,0.0533138,1000.1891,0.0019801077,0
61f048dc-f66e-bbda-b784-dc9af61b125b,61f048dc-f66e-bbda-48c8-593d92d2bf03,urgentcare,2017-12-06 13:45:26,0.01,555.85,0,0.04268136,587.8966,0.00010329923,0
cca04c04-e02e-2bac-9a98-3ab6a01dd2e0,cca04c04-e02e-2bac-ff0f-207af6460e91,inpatient,2025-07-31 14:22:37,9.0,146.18,1,2.9440618,350.8277,0.4375914,1
8c6d2f1b-5511-c429-79a4-2a21c222fa66,8c6d2f1b-5511-c429-bee7-d55f2fb4600d,inpatient,2024-06-22 13:18:11,2.0,146.18,0,6.032357,217.2735,0.79697347,1
cca04c04-e02e-2bac-82b4-eb6d0bf36115,cca04c04-e02e-2bac-ff0f-207af6460e91,inpatient,2022-11-06 06:38:29,6.0,146.18,0,5.320257,196.8162,0.26294574,1
90a4d7fc-bfb4-0e30-c197-dc4e92723483,90a4d7fc-bfb4-0e30-cfa8-99073696950a,urgentcare,2024-06-26 09:54:17,0.01,142.58,0,0.0,715.23444,0.00012021119,0
cca04c04-e02e-2bac-7cac-93bb463888f0,cca04c04-e02e-2bac-ff0f-207af6460e91,inpatient,2017-12-24 01:59:54,9.0,146.18,1,2.5246873,193.60962,0.2513161,1
90a4d7fc-bfb4-0e30-f5ce-c56bb8f3b670,90a4d7fc-bfb4-0e30-cfa8-99073696950a,urgentcare,2024-04-10 09:54:17,0.01,142.58,0,0.0,262.19308,6.080458e-05,0
8c6d2f1b-5511-c429-ac38-068b14a18e8a,8c6d2f1b-5511-c429-bee7-d55f2fb4600d,inpatient,2019-04-04 14:02:10,2.0,146.18,0,3.2769852,118.07133,0.16025317,1
60ff4c3e-9712-fea2-b9e8-cd4c1e1db508,60ff4c3e-9712-fea2-32a4-4b47b26ddcf5,urgentcare,2018-11-04 18:47:22,0.01,291.74,0,0.0,928.4064,0.00027573353,0
cca04c04-e02e-2bac-9293-847b46396313,cca04c04-e02e-2bac-ff0f-207af6460e91,emergency,1994-03-14 10:37:00,0.083,146.18,0,0.08690787,1312.7842,0.0008917387,0
5ef6bfb1-b930-bd01-3bc1-ac4be7ab0147,5ef6bfb1-b930-bd01-0f1c-a97248be14f8,inpatient,2021-04-20 10:01:29,2.0,146.18,0,5.1625004,2379.323,0.9630118,1
8c6d2f1b-5511-c429-e985-a464ae9079b6,8c6d2f1b-5511-c429-bee7-d55f2fb4600d,emergency,1993-08-10 10:16:25,0.333,146.18,0,0.115419835,478.9341,0.002686061,0
5ef6bfb1-b930-bd01-f3ac-c9d67613de27,5ef6bfb1-b930-bd01-0f1c-a97248be14f8,emergency,1991-03-18 09:34:04,0.292,146.18,0,0.38357055,655.4797,0.020029178,0
61f048dc-f66e-bbda-d987-915dc7b0e305,61f048dc-f66e-bbda-48c8-593d92d2bf03,urgentcare,2018-01-03 13:45:26,0.01,291.74,0,0.0466227,573.4903,8.567136e-05,0
bdf4b658-b4bb-f263-66dc-e741589c1d75,bdf4b658-b4bb-f263-4eec-496d890f17e9,emergency,2026-04-09 05:26:51,0.042,4140.89,0,0.07409294,1406.0458,0.017000036,0
6842050e-26e0-68aa-ff52-3ac03d4b5d05,6842050e-26e0-68aa-2784-d792f7e2fbd3,urgentcare,2026-09-06 16:27:07,0.01,589.37,0,0.039971005,414.71808,2.2485025e-05,0
45af71fa-3745-a0ab-f3dd-675b2d9e831e,45af71fa-3745-a0ab-e052-9f332fcf981a,emergency,2026-04-23 11:26:06,0.058,17391.75,0,0.19261248,689.86755,0.0155757265,0
13c82713-8d58-2d7e-230b-e1782a7988be,13c82713-8d58-2d7e-12fd-4fb1eaa508a5,urgentcare,2025-04-18 13:16:23,0.034,709.98,0,0.00015329632,1004.2351,0.0035703888,0
6842050e-26e0-68aa-5061-d5c59273c410,6842050e-26e0-68aa-2784-d792f7e2fbd3,urgentcare,2026-08-30 16:27:07,0.041,1013.42,0,0.048936382,843.47546,0.00037097954,0
e3827f66-ed30-7012-dcf8-ab771408b83a,e3827f66-ed30-7012-465b-2ddd8680652a,urgentcare,2026-08-14 19:15:10,0.039,1014.66,0,0.06509221,840.9673,0.0013000321,0
8ba59c1e-a0d3-343b-48fc-2f17d8e75560,8ba59c1e-a0d3-343b-024a-a4a1330761cf,urgentcare,2026-08-17 17:06:54,0.01,849.14,0,0.08762981,397.46622,3.3495955e-05,0
6e0920b9-a44a-29bf-01ef-b36ecb938445,6e0920b9-a44a-29bf-42c7-3000b475f29b,urgentcare,2025-06-26 07:06:37,0.04,865.94,0,0.0,790.5734,0.013792297,0
734c465c-759b-9d92-abd9-0efad8a75801,734c465c-759b-9d92-bd1e-25cd42f15848,emergency,2025-12-06 18:20:04,0.042,1008.98,0,0.14368817,5371.0225,0.010221624,0
27f05739-d4f5-10c5-d77a-fe82492679e2,27f05739-d4f5-10c5-ee0b-e516e9854603,emergency,2023-02-23 08:17:18,0.042,1008.98,0,0.06658765,1851.0225,0.011402569,0
be9d3589-0ff5-8245-9dfc-b32557048da1,be9d3589-0ff5-8245-a62c-ba96ba7ed9df,urgentcare,2026-04-30 19:57:32,0.037,709.98,0,0.0,1060.377,0.0059367707,0
ec2f69bd-82c8-9792-4179-a2d8a566b4e8,ec2f69bd-82c8-9792-6e7f-657f5b438143,emergency,2025-04-09 20:29:55,0.042,13710.39,0,0.16941845,2485.7747,0.28794307,1
f86b5cdd-1fd7-03ed-364b-3eb419f68c7d,f86b5cdd-1fd7-03ed-ae41-8556709b64d1,emergency,2024-08-23 09:06:18,0.042,577.58,0,0.50364,387.37665,0.16938893,1
8ba59c1e-a0d3-343b-a155-89f9450e2f21,8ba59c1e-a0d3-343b-024a-a4a1330761cf,urgentcare,2026-07-27 17:06:54,0.04,797.72,0,0.03955726,268.0436,1.6575752e-05,0
7bf6d335-ec9f-fa0a-b732-e14ea24df02e,7bf6d335-ec9f-fa0a-03b8-b829ff2f7786,inpatient,2020-12-21 09:50:33,11.04,17810.3,1,3.147313,6526.9907,0.33996665,1
fbcdea27-b0ae-550c-9e03-2f0f8131e9df,fbcdea27-b0ae-550c-3871-3c8c1ced4b9d,inpatient,2021-05-05 21:47:37,1.0,5550.68,0,2.1512978,4071.3267,0.55667806,1
a890d187-bb81-ffd0-8089-f449a684f37d,a890d187-bb81-ffd0-2cdf-aeec12d89206,urgentcare,2025-08-25 18:57:37,0.036,1237.31,0,0.0,552.63727,0.00011211162,0
a187afe9-10ef-4076-75dc-c7f3ef57af48,a187afe9-10ef-4076-e6fe-8f08a11c2d73,emergency,2000-09-06 21:28:53,0.042,7813.72,0,0.14168774,724.5955,0.022002462,0
feaf4dc0-5b63-aa85-d4ea-b3442fa235fd,feaf4dc0-5b63-aa85-d358-61c249ae1b8d,urgentcare,2023-11-23 10:51:53,0.023,1074.84,0,0.05427464,598.02264,0.0012134307,0
d0f9444c-7d4e-7b58-d80b-2d4f5c7cd3bb,d0f9444c-7d4e-7b58-d75c-809f131df755,inpatient,2023-05-19 08:40:55,1.0,958.69,0,5.6237817,1184.7958,0.80847186,1
d519e4af-2be2-0832-b052-79b7d4e67005,d519e4af-2be2-0832-d895-8c8be8f18033,emergency,2018-12-17 07:03:10,0.042,577.58,0,0.05920047,502.55386,0.011152808,0
6842050e-26e0-68aa-f127-76e693146abc,6842050e-26e0-68aa-2784-d792f7e2fbd3,urgentcare,2026-06-28 16:27:07,0.025,797.72,0,0.032029826,915.70654,0.00022540752,0
6da7dda1-dfab-1466-46c3-7efa64bb6c1f,6da7dda1-dfab-1466-d455-8bf218a197b9,urgentcare,2023-03-08 20:00:23,0.021,791.36,0,0.005009929,653.11615,0.00070156774,0
13c82713-8d58-2d7e-8381-c7ed8b0a5133,13c82713-8d58-2d7e-12fd-4fb1eaa508a5,urgentcare,2020-06-19 13:16:23,0.041,784.56,0,0.021452902,869.8579,0.0043331846,0
6842050e-26e0-68aa-b558-d0b419c5bb35,6842050e-26e0-68aa-2784-d792f7e2fbd3,urgentcare,2026-04-26 16:27:07,0.022,797.72,0,0.022891628,878.792,0.00016348466,0
4ef6ae3c-7a16-89c5-ce0a-d3ccc2b908f5,4ef6ae3c-7a16-89c5-b08f-e7355578c54a,emergency,2022-09-29 22:56:50,0.042,15228.33,0,0.09123084,713.02167,0.0125283925,0
4ef6ae3c-7a16-89c5-9c71-258723a2d7c9,4ef6ae3c-7a16-89c5-b08f-e7355578c54a,inpatient,2022-09-29 23:26:27,1.0,10329.29,0,4.0040245,11423.598,0.7806441,1
a187afe9-10ef-4076-da5e-47eb785ccb3a,a187afe9-10ef-4076-e6fe-8f08a11c2d73,inpatient,2000-05-20 21:32:47,1.0,1022.61,0,2.7971048,2546.4297,0.5749889,1
8ba59c1e-a0d3-343b-c8a5-5223bab2d35d,8ba59c1e-a0d3-343b-024a-a4a1330761cf,urgentcare,2026-06-29 17:06:54,0.03,1580.82,0,0.11348389,438.57916,0.00025629095,0
6e0920b9-a44a-29bf-bd9a-241c3d1b4a15,6e0920b9-a44a-29bf-42c7-3000b475f29b,emergency,2022-01-13 09:46:39,0.042,7956.47,0,0.08056075,3085.5261,0.04937556,0
6842050e-26e0-68aa-b176-b584cd0ec755,6842050e-26e0-68aa-2784-d792f7e2fbd3,urgentcare,2026-03-29 16:27:07,0.029,797.72,0,0.020930132,898.0882,0.00025135544,0
8ba59c1e-a0d3-343b-cc8d-ee7f54649b78,8ba59c1e-a0d3-343b-024a-a4a1330761cf,urgentcare,2026-05-18 17:06:54,0.038,797.72,0,0.040512532,189.63362,1.5008265e-05,0
e3827f66-ed30-7012-fb64-943146c8c85f,e3827f66-ed30-7012-465b-2ddd8680652a,urgentcare,2024-05-24 19:15:10,0.034,1149.42,0,0.0604813,1032.631,0.0009093869,0
050d9cee-dd68-533c-1b2c-233c8496bdcd,050d9cee-dd68-533c-cbec-cd7703b46b53,emergency,2019-12-02 15:31:41,0.042,1008.98,0,0.10730063,721.16656,0.023974724,0
bdf4b658-b4bb-f263-83b1-c8a396467ff0,bdf4b658-b4bb-f263-4eec-496d890f17e9,urgentcare,2018-08-19 05:02:38,0.027,1172.03,0,0.0024075035,1340.1453,0.00095149974,0
6e0920b9-a44a-29bf-0593-5a3080b99647,6e0920b9-a44a-29bf-42c7-3000b475f29b,emergency,2020-10-25 08:17:39,0.072,9602.54,0,0.06819385,3063.8818,0.060120765,0
e3827f66-ed30-7012-8072-8fd575731860,e3827f66-ed30-7012-465b-2ddd8680652a,urgentcare,2024-04-26 19:15:10,0.031,1247.11,0,0.09271191,901.70654,0.0018113643,0
6da7dda1-dfab-1466-6a0f-fe0abd891410,6da7dda1-dfab-1466-d455-8bf218a197b9,urgentcare,2021-03-31 20:00:23,0.038,1407.02,0,0.0,894.967,0.00027294352,0
8ba59c1e-a0d3-343b-e8a3-6ae762d1ce90,8ba59c1e-a0d3-343b-024a-a4a1330761cf,urgentcare,2026-05-04 17:06:54,0.026,797.72,0,0.10588501,418.2866,0.0003104326,0
6842050e-26e0-68aa-9177-621ebb2147f7,6842050e-26e0-68aa-2784-d792f7e2fbd3,urgentcare,2026-02-01 16:27:07,0.039,1013.42,0,0.023796272,917.9294,0.00024769368,0
8ba59c1e-a0d3-343b-fd8f-c1d32f46646c,8ba59c1e-a0d3-343b-024a-a4a1330761cf,urgentcare,2026-03-30 17:06:54,0.031,797.72,0,0.040512532,190.04985,1.3454832e-05,0
2442cd5f-46ce-5327-7e8b-66e166fbffe2,2442cd5f-46ce-5327-4751-03df511ab403,inpatient,2024-02-10 11:25:58,1.0,1871.78,0,2.202222,5115.1055,0.0070207817,0
d0f9444c-7d4e-7b58-93c2-7a255a3bef7b,d0f9444c-7d4e-7b58-d75c-809f131df755,urgentcare,2021-01-29 08:40:55,0.023,965.45,0,0.043483045,971.6172,0.004191009,0
bdf4b658-b4bb-f263-c144-b7a651061c40,bdf4b658-b4bb-f263-4eec-496d890f17e9,emergency,2018-06-16 05:02:38,0.042,16125.04,0,0.055223636,2175.6953,0.021449413,0
2442cd5f-46ce-5327-dd55-3b676c69684d,2442cd5f-46ce-5327-4751-03df511ab403,emergency,2024-01-25 23:13:40,0.042,7502.47,0,0.2450183,685.6234,0.0048109554,0
6e0920b9-a44a-29bf-95ba-38641854b71a,6e0920b9-a44a-29bf-42c7-3000b475f29b,urgentcare,2018-10-18 07:06:37,0.026,1728.74,0,0.015527429,1214.513,0.003752509,0
e505b835-ea5a-acd4-8d3c-9721a9c03fcd,e505b835-ea5a-acd4-e7c6-b73c42d28df5,emergency,2019-02-25 15:16:26,0.042,9887.12,0,0.014159217,2994.6147,0.021555178,0
6842050e-26e0-68aa-addf-5d5f948cc502,6842050e-26e0-68aa-2784-d792f7e2fbd3,urgentcare,2025-12-28 16:27:07,0.035,797.72,0,0.021391708,872.4438,0.00016454623,0
8ba59c1e-a0d3-343b-6e15-e7573bb5a5a9,8ba59c1e-a0d3-343b-024a-a4a1330761cf,urgentcare,2026-03-02 17:06:54,0.027,797.72,0,0.040512532,190.04985,1.3454832e-05,0
45af71fa-3745-a0ab-2b0c-a63c03176549,45af71fa-3745-a0ab-e052-9f332fcf981a,urgentcare,2020-02-27 11:26:06,0.035,1081.64,0,0.07293566,903.7979,0.0009399591,0
8ba59c1e-a0d3-343b-8d1a-23994853d390,8ba59c1e-a0d3-343b-024a-a4a1330761cf,urgentcare,2026-02-23 17:06:54,0.02,1585.94,0,0.03877238,191.97063,1.2438809e-05,0
4ef6ae3c-7a16-89c5-ee76-2dbe7819c220,4ef6ae3c-7a16-89c5-b08f-e7355578c54a,emergency,2019-03-11 23:18:20,0.042,9289.4,0,0.13437565,1968.733,0.045458782,0
6842050e-26e0-68aa-4e4d-a9a917bd4ee7,6842050e-26e0-68aa-2784-d792f7e2fbd3,urgentcare,2025-11-30 16:27:07,0.025,1013.42,0,0.02068702,860.0442,3.575087e-05,0
8ba59c1e-a0d3-343b-4062-eda18b7e746c,8ba59c1e-a0d3-343b-024a-a4a1330761cf,emergency,2026-02-16 17:06:54,0.042,1018.33,0,0.07255165,292.47803,2.7707409e-05,0
a890d187-bb81-ffd0-1462-b0124b552619,a890d187-bb81-ffd0-2cdf-aeec12d89206,emergency,2020-09-03 18:57:37,0.042,8269.1,0,0.10919171,930.17944,0.0015148687,0
a890d187-bb81-ffd0-ec57-b60cc6a028d3,a890d187-bb81-ffd0-2cdf-aeec12d89206,inpatient,2020-09-03 19:53:56,1.0,1440.38,0,3.1641428,16985.502,0.6871886,1
8ba59c1e-a0d3-343b-0fdd-8f6f1889493d,8ba59c1e-a0d3-343b-024a-a4a1330761cf,emergency,2026-01-19 17:06:54,0.042,1232.72,0,0.07255165,205.77518,2.9436389e-05,0
6842050e-26e0-68aa-e5fb-704be258307c,6842050e-26e0-68aa-2784-d792f7e2fbd3,urgentcare,2025-11-02 16:27:07,0.032,797.72,0,0.02044763,880.85046,5.0438524e-05,0
8ba59c1e-a0d3-343b-95d7-bcd8221b3491,8ba59c1e-a0d3-343b-024a-a4a1330761cf,urgentcare,2026-01-05 17:06:54,0.025,1229.12,0,0.03877238,186.76512,1.1857627e-05,0
6842050e-26e0-68aa-422c-c8e0255236a4,6842050e-26e0-68aa-2784-d792f7e2fbd3,urgentcare,2025-10-12 16:27:07,0.041,797.72,0,0.017997181,425.5784,2.2485025e-05,0
8ba59c1e-a0d3-343b-4966-3a004165e779,8ba59c1e-a0d3-343b-024a-a4a1330761cf,emergency,2025-12-29 17:06:54,0.042,585.73,0,0.07138084,202.05077,2.439116e-05,0
8ba59c1e-a0d3-343b-1504-ce067d1be701,8ba59c1e-a0d3-343b-024a-a4a1330761cf,emergency,2025-12-22 17:06:54,0.042,1574.45,0,0.07138084,204.55313,2.0463129e-05,0
a890d187-bb81-ffd0-b036-b6a161c12a81,a890d187-bb81-ffd0-2cdf-aeec12d89206,inpatient,2019-01-29 15:29:59,1.0,6785.12,0,1.8386214,13064.305,0.5186994,1
8ba59c1e-a0d3-343b-2b87-e8410dcfb2fa,8ba59c1e-a0d3-343b-024a-a4a1330761cf,urgentcare,2025-12-08 17:06:54,0.031,1229.12,0,0.039061073,185.94963,9.133052e-06,0
6842050e-26e0-68aa-2536-0ebe64bc9701,6842050e-26e0-68aa-2784-d792f7e2fbd3,urgentcare,2025-08-31 16:27:07,0.04,797.72,0,0.023291983,893.4546,9.890296e-05,0
8ba59c1e-a0d3-343b-a3eb-1aee96ba7df5,8ba59c1e-a0d3-343b-024a-a4a1330761cf,emergency,2025-11-24 17:06:54,0.042,1232.72,0,0.071661845,205.75546,2.2767166e-05,0
2442cd5f-46ce-5327-05d5-0321734370cd,2442cd5f-46ce-5327-4751-03df511ab403,urgentcare,2022-06-16 23:13:40,0.01,766.5,0,0.02047377,540.5973,0.00038153847,0
6842050e-26e0-68aa-2806-8bdb5b9dc130,6842050e-26e0-68aa-2784-d792f7e2fbd3,urgentcare,2025-08-03 16:27:07,0.041,1149.42,0,0.02007338,866.93604,0.00053301826,0
45af71fa-3745-a0ab-7897-8d63f9ff3eaf,45af71fa-3745-a0ab-e052-9f332fcf981a,urgentcare,2016-10-06 11:26:06,0.038,784.56,0,0.06882913,801.6871,0.0003995666,0
2442cd5f-46ce-5327-9043-98769b87e71e,2442cd5f-46ce-5327-4751-03df511ab403,emergency,2022-06-09 23:13:40,0.042,942.44,0,0.06533049,847.33344,0.0042763688,0
6842050e-26e0-68aa-0980-1015bccb40c7,6842050e-26e0-68aa-2784-d792f7e2fbd3,urgentcare,2025-06-29 16:27:07,0.037,797.72,0,0.022163456,868.24774,0.00015268868,0
a890d187-bb81-ffd0-2436-1058d5a24f51,a890d187-bb81-ffd0-2cdf-aeec12d89206,emergency,2018-04-05 19:11:50,0.078,11536.9,0,0.034325045,4442.3135,0.005936481,0
8ba59c1e-a0d3-343b-02f8-199106e5bfef,8ba59c1e-a0d3-343b-024a-a4a1330761cf,urgentcare,2025-10-27 17:06:54,0.026,1229.12,0,0.08875369,497.0308,0.00010536324,0
6842050e-26e0-68aa-3ae1-e96ba294be1f,6842050e-26e0-68aa-2784-d792f7e2fbd3,urgentcare,2025-06-01 16:27:07,0.03,797.72,0,0.020203358,889.25226,0.00022118933,0
8ba59c1e-a0d3-343b-2492-3c10a36e4230,8ba59c1e-a0d3-343b-024a-a4a1330761cf,urgentcare,2025-09-29 17:06:54,0.01,689.75,0,0.03904483,224.80742,2.3964405e-05,0
6842050e-26e0-68aa-03e9-e9f6348a9fc9,6842050e-26e0-68aa-2784-d792f7e2fbd3,urgentcare,2025-05-04 16:27:07,0.041,797.72,0,0.027635531,888.9564,0.00014088229,0
8ba59c1e-a0d3-343b-072b-58a88e3ada1d,8ba59c1e-a0d3-343b-024a-a4a1330761cf,urgentcare,2025-09-22 17:06:54,0.039,1444.82,0,0.04283151,360.4166,3.820976e-05,0
e3827f66-ed30-7012-5ec8-fa2f3d89b7cc,e3827f66-ed30-7012-465b-2ddd8680652a,urgentcare,2021-08-06 19:15:10,0.023,1013.42,0,0.06574294,985.42505,0.0026236263,0
2442cd5f-46ce-5327-669c-46d4b7e64524,2442cd5f-46ce-5327-4751-03df511ab403,emergency,2022-04-28 23:13:40,0.042,726.74,0,0.052579246,671.6895,0.0043475474,0
6842050e-26e0-68aa-a685-edd3a88abed6,6842050e-26e0-68aa-2784-d792f7e2fbd3,urgentcare,2025-04-06 16:27:07,0.033,797.72,0,0.020930132,905.145,0.00022534457,0
2442cd5f-46ce-5327-661c-d1f5a3fa701b,2442cd5f-46ce-5327-4751-03df511ab403,urgentcare,2022-04-14 23:13:40,0.039,938.84,0,0.020571895,552.00433,0.00029754682,0
8ba59c1e-a0d3-343b-1b18-69b3707f1971,8ba59c1e-a0d3-343b-024a-a4a1330761cf,urgentcare,2025-09-08 17:06:54,0.025,1680.48,0,0.11293502,510.56195,0.00038104283,0
2442cd5f-46ce-5327-cf8b-736c1d91f4e8,2442cd5f-46ce-5327-4751-03df511ab403,emergency,2022-03-31 23:13:40,0.042,862.74,0,0.027914466,1002.2435,0.0014714005,0
e3827f66-ed30-7012-317b-8f366cf078e1,e3827f66-ed30-7012-465b-2ddd8680652a,urgentcare,2021-06-11 19:15:10,0.038,1660.52,0,0.051866516,883.94904,0.0031661987,0
6842050e-26e0-68aa-9566-ce73a0c2f271,6842050e-26e0-68aa-2784-d792f7e2fbd3,emergency,2025-01-12 16:27:07,0.042,801.32,0,0.08197529,1040.3762,0.00031212057,0
8ba59c1e-a0d3-343b-3faf-02c8098c5bb6,8ba59c1e-a0d3-343b-024a-a4a1330761cf,urgentcare,2025-07-21 17:06:54,0.031,797.72,0,0.03955726,297.9607,1.6575752e-05,0
8ba59c1e-a0d3-343b-83f5-cee9a76516fa,8ba59c1e-a0d3-343b-024a-a4a1330761cf,urgentcare,2025-07-07 17:06:54,0.027,933.72,0,0.088988006,624.3262,7.638188e-05,0
6842050e-26e0-68aa-1934-4ef1a1b2782e,6842050e-26e0-68aa-2784-d792f7e2fbd3,urgentcare,2024-12-15 16:27:07,0.04,1013.42,0,0.014218184,422.12735,1.7095032e-05,0
e3827f66-ed30-7012-fd3e-3d7b069f8e16,e3827f66-ed30-7012-465b-2ddd8680652a,urgentcare,2020-10-23 19:15:10,0.024,797.72,0,0.047564186,581.468,0.00018341292,0
2442cd5f-46ce-5327-e998-fb461e740d00,2442cd5f-46ce-5327-4751-03df511ab403,emergency,2021-12-12 23:50:52,0.042,16125.04,0,0.008342129,1723.3925,0.0039096912,0
6842050e-26e0-68aa-e35b-e279eb8083ee,6842050e-26e0-68aa-2784-d792f7e2fbd3,emergency,2024-11-03 16:27:07,0.042,801.32,0,0.07779065,752.7031,9.3467046e-05,0
8ba59c1e-a0d3-343b-e6a4-b98cc15f23fa,8ba59c1e-a0d3-343b-024a-a4a1330761cf,urgentcare,2025-06-02 17:06:54,0.032,1538.97,0,0.08929064,621.00885,5.6463843e-05,0
6842050e-26e0-68aa-8247-c185a283b932,6842050e-26e0-68aa-2784-d792f7e2fbd3,urgentcare,2024-10-20 16:27:07,0.031,797.72,0,0.015563908,433.1187,1.72042e-05,0
e3827f66-ed30-7012-7519-055a5df8c3ed,e3827f66-ed30-7012-465b-2ddd8680652a,urgentcare,2020-10-09 19:15:10,0.03,1013.42,0,0.046305634,581.468,0.00024958185,0
6842050e-26e0-68aa-0eeb-3edc7c90958e,6842050e-26e0-68aa-2784-d792f7e2fbd3,emergency,2024-10-06 16:27:07,0.042,801.32,0,0.054467868,471.51956,2.864602e-05,0
e3827f66-ed30-7012-6266-9be9516297c7,e3827f66-ed30-7012-465b-2ddd8680652a,emergency,2020-09-25 19:15:10,0.042,801.32,0,0.08142459,645.6749,0.00078090833,0
8ba59c1e-a0d3-343b-0793-0be91ba7f978,8ba59c1e-a0d3-343b-024a-a4a1330761cf,urgentcare,2025-04-07 17:06:54,0.013,723.14,0,0.040801704,217.45874,1.1559763e-05,0
8ba59c1e-a0d3-343b-c82b-3fdfd511c8a0,8ba59c1e-a0d3-343b-024a-a4a1330761cf,urgentcare,2025-03-31 17:06:54,0.038,1013.42,0,0.09029163,622.9165,5.7557554e-05,0
6842050e-26e0-68aa-2a4a-e63fe1963547,6842050e-26e0-68aa-2784-d792f7e2fbd3,urgentcare,2024-09-15 16:27:07,0.01,793.69,0,0.015563908,433.1187,1.72042e-05,0
8ba59c1e-a0d3-343b-f0c9-e163cf94e696,8ba59c1e-a0d3-343b-024a-a4a1330761cf,urgentcare,2025-03-03 17:06:54,0.013,1585.94,0,0.040512532,296.8893,1.4126726e-05,0
6842050e-26e0-68aa-6076-6c03ca0a003a,6842050e-26e0-68aa-2784-d792f7e2fbd3,emergency,2024-09-08 16:27:07,0.042,1173.47,0,0.07779065,752.7031,9.3467046e-05,0
8ba59c1e-a0d3-343b-def9-a1bb43ca7657,8ba59c1e-a0d3-343b-024a-a4a1330761cf,emergency,2025-02-24 17:06:54,0.042,1017.02,0,0.07138084,351.68585,2.500712e-05,0
6842050e-26e0-68aa-add2-b82f6bac5c91,6842050e-26e0-68aa-2784-d792f7e2fbd3,urgentcare,2024-08-25 16:27:07,0.024,1026.15,0,0.014265898,426.70758,2.2020777e-05,0
8ba59c1e-a0d3-343b-9b79-5aecfc1aecdf,8ba59c1e-a0d3-343b-024a-a4a1330761cf,urgentcare,2025-02-17 17:06:54,0.012,723.14,0,0.03877238,224.23016,1.1857627e-05,0
6842050e-26e0-68aa-07cc-e2c0bba051d8,6842050e-26e0-68aa-2784-d792f7e2fbd3,emergency,2024-08-11 16:27:07,0.042,801.32,0,0.053120133,460.426,4.5130546e-05,0
e3827f66-ed30-7012-8944-9a3c19c69184,e3827f66-ed30-7012-465b-2ddd8680652a,urgentcare,2020-06-12 19:15:10,0.031,797.72,0,0.0545762,1009.16125,0.0009963913,0
8ba59c1e-a0d3-343b-3c08-05539a649462,8ba59c1e-a0d3-343b-024a-a4a1330761cf,urgentcare,2025-02-10 17:06:54,0.027,1013.42,0,0.088165805,630.63416,9.330977e-05,0
e3827f66-ed30-7012-6b5d-17e1d5ed8d04,e3827f66-ed30-7012-465b-2ddd8680652a,urgentcare,2020-05-15 19:15:10,0.024,1660.52,0,0.09780509,891.0684,0.004962902,0
6842050e-26e0-68aa-748e-170ce665cf97,6842050e-26e0-68aa-2784-d792f7e2fbd3,emergency,2024-07-14 16:27:07,0.042,1017.02,0,0.053120133,460.426,4.5130546e-05,0
8ba59c1e-a0d3-343b-1786-da2c21ff0e4d,8ba59c1e-a0d3-343b-024a-a4a1330761cf,urgentcare,2025-01-13 17:06:54,0.028,1660.52,0,0.03877238,305.0384,1.1708189e-05,0
6842050e-26e0-68aa-063d-7fa4f0bb66fe,6842050e-26e0-68aa-2784-d792f7e2fbd3,emergency,2024-07-07 16:27:07,0.042,511.04,0,0.045381613,467.07642,5.799623e-05,0
8ba59c1e-a0d3-343b-e429-bd5f37e2af50,8ba59c1e-a0d3-343b-024a-a4a1330761cf,urgentcare,2024-12-30 17:06:54,0.031,797.72,0,0.03877238,301.5628,1.1161144e-05,0
6842050e-26e0-68aa-e959-29dcc978f5ee,6842050e-26e0-68aa-2784-d792f7e2fbd3,urgentcare,2024-06-30 16:27:07,0.024,1013.42,0,0.013637125,427.42035,2.6624039e-05,0
8ba59c1e-a0d3-343b-fa0b-d38f7bdcd157,8ba59c1e-a0d3-343b-024a-a4a1330761cf,urgentcare,2024-12-16 17:06:54,0.039,1229.12,0,0.03877238,301.5628,1.1161144e-05,0
6842050e-26e0-68aa-18dc-055b165fa76e,6842050e-26e0-68aa-2784-d792f7e2fbd3,urgentcare,2024-06-23 16:27:07,0.01,585.17,0,0.013637125,427.42035,2.6624039e-05,0
6842050e-26e0-68aa-856c-b460db9a5181,6842050e-26e0-68aa-2784-d792f7e2fbd3,urgentcare,2024-06-02 16:27:07,0.027,797.72,0,0.013637125,423.83408,2.6624039e-05,0
e3827f66-ed30-7012-582c-96cb2341408f,e3827f66-ed30-7012-465b-2ddd8680652a,urgentcare,2018-08-03 19:15:10,0.031,648.56,0,0.068858385,987.15466,0.004732419,0
8ba59c1e-a0d3-343b-a7f2-d97c7a29cd03,8ba59c1e-a0d3-343b-024a-a4a1330761cf,urgentcare,2024-12-09 17:06:54,0.01,665.06,0,0.03877238,222.98064,1.1857627e-05,0
8ba59c1e-a0d3-343b-f245-5cdede06425d,8ba59c1e-a0d3-343b-024a-a4a1330761cf,emergency,2024-12-02 17:06:54,0.042,1017.02,0,0.071601965,319.2334,2.0550702e-05,0
6842050e-26e0-68aa-6bba-ee461f225f3d,6842050e-26e0-68aa-2784-d792f7e2fbd3,emergency,2024-05-19 16:27:07,0.042,1017.02,0,0.04612633,471.04755,4.293217e-05,0
8ba59c1e-a0d3-343b-d5f0-1e014d7cf164,8ba59c1e-a0d3-343b-024a-a4a1330761cf,emergency,2024-11-25 17:06:54,0.042,761.62,0,0.07188303,321.10654,2.2864644e-05,0
8ba59c1e-a0d3-343b-48fe-dd6fcf8edaef,8ba59c1e-a0d3-343b-024a-a4a1330761cf,urgentcare,2024-11-18 17:06:54,0.041,1444.82,0,0.039259285,292.42148,1.4791843e-05,0
6842050e-26e0-68aa-1d2e-5c8f8e1c4705,6842050e-26e0-68aa-2784-d792f7e2fbd3,urgentcare,2024-04-21 16:27:07,0.021,1648.86,0,0.014359224,427.23572,1.9708512e-05,0
6842050e-26e0-68aa-0d2c-e90f055884df,6842050e-26e0-68aa-2784-d792f7e2fbd3,emergency,2024-04-14 16:27:07,0.042,511.04,0,0.04612633,471.04755,4.293217e-05,0
8ba59c1e-a0d3-343b-7fc3-56885942d267,8ba59c1e-a0d3-343b-024a-a4a1330761cf,urgentcare,2024-11-11 17:06:54,0.01,507.44,0,0.039259285,224.80742,1.5714886e-05,0
6842050e-26e0-68aa-63e7-5a2d5a4f1841,6842050e-26e0-68aa-2784-d792f7e2fbd3,emergency,2024-04-07 16:27:07,0.042,1371.58,0,0.055543095,470.74805,4.222063e-05,0
8ba59c1e-a0d3-343b-36d5-1bd47b63fd8f,8ba59c1e-a0d3-343b-024a-a4a1330761cf,emergency,2024-11-04 17:06:54,0.042,1448.42,0,0.07188303,234.2219,2.4291412e-05,0
6842050e-26e0-68aa-6d3e-0cf4de72a016,6842050e-26e0-68aa-2784-d792f7e2fbd3,emergency,2024-03-10 16:27:07,0.042,801.32,0,0.055543095,470.74805,4.222063e-05,0
6842050e-26e0-68aa-9bdb-618c97de9aaf,6842050e-26e0-68aa-2784-d792f7e2fbd3,emergency,2024-02-25 16:27:07,0.042,801.32,0,0.052325025,463.37094,2.6807322e-05,0
8ba59c1e-a0d3-343b-2f4f-dab4322f04cf,8ba59c1e-a0d3-343b-024a-a4a1330761cf,emergency,2024-10-28 17:06:54,0.042,795.27,0,0.07188303,238.09352,2.4291412e-05,0
8ba59c1e-a0d3-343b-c5bf-9b172f08a44a,8ba59c1e-a0d3-343b-024a-a4a1330761cf,emergency,2024-10-21 17:06:54,0.042,1448.42,0,0.11045712,519.1968,0.00027213542,0
6842050e-26e0-68aa-bde1-8414fc43920f,6842050e-26e0-68aa-2784-d792f7e2fbd3,emergency,2024-02-11 16:27:07,0.042,801.32,0,0.10621479,1185.4116,0.001564321,0
8ba59c1e-a0d3-343b-e81c-0b64374b8d1e,8ba59c1e-a0d3-343b-024a-a4a1330761cf,urgentcare,2024-09-23 17:06:54,0.027,1444.82,0,0.039259285,261.7587,1.5714886e-05,0
6842050e-26e0-68aa-c60d-5f8be3a9694a,6842050e-26e0-68aa-2784-d792f7e2fbd3,urgentcare,2024-01-14 16:27:07,0.028,797.72,0,0.021391708,883.5487,0.00020176801,0
8ba59c1e-a0d3-343b-6a5e-3f285f8c9360,8ba59c1e-a0d3-343b-024a-a4a1330761cf,urgentcare,2024-09-09 17:06:54,0.023,1229.12,0,0.04815882,579.55115,0.00019886375,0
8ba59c1e-a0d3-343b-812b-372612d83af8,8ba59c1e-a0d3-343b-024a-a4a1330761cf,urgentcare,2024-07-22 17:06:54,0.031,1229.12,0,0.040060777,310.90366,2.117499e-05,0
6842050e-26e0-68aa-5e52-53291e46bef8,6842050e-26e0-68aa-2784-d792f7e2fbd3,urgentcare,2023-12-10 16:27:07,0.025,797.72,0,0.021391708,883.5487,0.00020176801,0
8ba59c1e-a0d3-343b-fecb-7302cf018dd7,8ba59c1e-a0d3-343b-024a-a4a1330761cf,urgentcare,2024-07-15 17:06:54,0.01,507.44,0,0.040060777,296.0611,2.2496348e-05,0
8ba59c1e-a0d3-343b-2984-e0a255838e88,8ba59c1e-a0d3-343b-024a-a4a1330761cf,urgentcare,2024-07-08 17:06:54,0.027,1839.33,0,0.043851152,532.8453,4.5929122e-05,0
8ba59c1e-a0d3-343b-ffdc-92dffb01e2a7,8ba59c1e-a0d3-343b-024a-a4a1330761cf,emergency,2024-06-24 17:06:54,0.042,7178.55,0,0.11100478,623.96313,0.00015888842,0
6842050e-26e0-68aa-7ee8-688b401c3666,6842050e-26e0-68aa-2784-d792f7e2fbd3,urgentcare,2023-11-12 16:27:07,0.032,1013.42,0,0.021591762,908.4656,0.000809938,0
8ba59c1e-a0d3-343b-106f-49e6453a8dfa,8ba59c1e-a0d3-343b-024a-a4a1330761cf,urgentcare,2024-05-27 17:06:54,0.034,1229.12,0,0.040512532,286.37433,1.2333691e-05,0
8ba59c1e-a0d3-343b-9f1c-154372c576ec,8ba59c1e-a0d3-343b-024a-a4a1330761cf,urgentcare,2024-05-13 17:06:54,0.035,1229.12,0,0.057310853,531.42444,0.0003425567,0
6842050e-26e0-68aa-297e-7ccb267765d2,6842050e-26e0-68aa-2784-d792f7e2fbd3,urgentcare,2023-09-24 16:27:07,0.032,1606.44,0,0.019265011,687.8912,3.816937e-05,0
8ba59c1e-a0d3-343b-8889-cfec67510500,8ba59c1e-a0d3-343b-024a-a4a1330761cf,urgentcare,2024-04-01 17:06:54,0.04,1303.7,0,0.049131237,590.43665,0.0003425567,0
6842050e-26e0-68aa-61a2-6c070edf3f0d,6842050e-26e0-68aa-2784-d792f7e2fbd3,urgentcare,2023-09-10 16:27:07,0.025,1333.97,0,0.021961618,903.53046,0.00012797206,0
8ba59c1e-a0d3-343b-79c2-1014f9c05576,8ba59c1e-a0d3-343b-024a-a4a1330761cf,urgentcare,2024-02-26 17:06:54,0.025,1653.97,0,0.046419602,565.4546,2.1933087e-05,0
6842050e-26e0-68aa-e904-62de8e1ccd1d,6842050e-26e0-68aa-2784-d792f7e2fbd3,urgentcare,2023-08-13 16:27:07,0.042,1013.42,0,0.022163456,879.2993,0.00018144975,0
8ba59c1e-a0d3-343b-86cf-9bef115535c1,8ba59c1e-a0d3-343b-024a-a4a1330761cf,urgentcare,2024-01-29 17:06:54,0.032,1489.96,0,0.046419602,565.4546,2.1933087e-05,0
6842050e-26e0-68aa-9f9d-30e266fbc701,6842050e-26e0-68aa-2784-d792f7e2fbd3,emergency,2023-06-25 16:27:07,0.083,5104.67,0,0.084312454,745.28925,0.00042182114,0
8ba59c1e-a0d3-343b-8906-4ef3a5479e9e,8ba59c1e-a0d3-343b-024a-a4a1330761cf,urgentcare,2024-01-08 17:06:54,0.028,1444.82,0,0.03898678,285.65186,1.32339255e-05,0
6842050e-26e0-68aa-ad0d-d8764b8d717c,6842050e-26e0-68aa-2784-d792f7e2fbd3,urgentcare,2023-05-21 16:27:07,0.027,1083.25,0,0.028363615,924.065,0.00015718651,0
8ba59c1e-a0d3-343b-c98c-ea0d6e95fece,8ba59c1e-a0d3-343b-024a-a4a1330761cf,urgentcare,2024-01-01 17:06:54,0.01,694.53,0,0.042773247,449.9026,2.8593455e-05,0
8ba59c1e-a0d3-343b-c81e-1d20424f0ba4,8ba59c1e-a0d3-343b-024a-a4a1330761cf,urgentcare,2023-12-11 17:06:54,0.029,1229.12,0,0.047726337,608.54834,8.545995e-05,0
6842050e-26e0-68aa-55b7-cc8da2615cd7,6842050e-26e0-68aa-2784-d792f7e2fbd3,urgentcare,2023-04-16 16:27:07,0.021,797.72,0,0.032633457,952.7614,0.00047916247,0
8ba59c1e-a0d3-343b-d0d1-fa5368402c04,8ba59c1e-a0d3-343b-024a-a4a1330761cf,urgentcare,2023-11-13 17:06:54,0.041,1444.82,0,0.039259285,322.633,1.5714886e-05,0
6842050e-26e0-68aa-2cd7-75ec7bcba9f3,6842050e-26e0-68aa-2784-d792f7e2fbd3,urgentcare,2023-03-12 16:27:07,0.026,1158.68,0,0.020930132,918.6693,0.00020865696,0
8ba59c1e-a0d3-343b-c0e3-0b1db7a43bf1,8ba59c1e-a0d3-343b-024a-a4a1330761cf,emergency,2023-10-30 17:06:54,0.042,1232.72,0,0.09559104,501.43616,6.2908155e-05,0
6842050e-26e0-68aa-8186-006601781a8b,6842050e-26e0-68aa-2784-d792f7e2fbd3,urgentcare,2022-12-18 16:27:07,0.025,1037.05,0,0.018151475,856.5372,2.4082232e-05,0
8ba59c1e-a0d3-343b-17f6-260e1733708a,8ba59c1e-a0d3-343b-024a-a4a1330761cf,urgentcare,2023-09-04 17:06:54,0.041,1229.12,0,0.04669406,618.3833,2.628249e-05,0
6842050e-26e0-68aa-4a60-ce530b4f49c0,6842050e-26e0-68aa-2784-d792f7e2fbd3,urgentcare,2023-01-15 16:27:07,0.028,797.72,0,0.023489676,950.32684,0.00023298697,0
6842050e-26e0-68aa-6159-51bfa36d3442,6842050e-26e0-68aa-2784-d792f7e2fbd3,urgentcare,2023-02-12 16:27:07,0.029,1660.52,0,0.01943309,906.90094,0.00017838352,0
8ba59c1e-a0d3-343b-291e-2885dd7ff40b,8ba59c1e-a0d3-343b-024a-a4a1330761cf,urgentcare,2023-08-07 17:06:54,0.029,1229.12,0,0.03977181,300.66013,1.447188e-05,0
8ba59c1e-a0d3-343b-7dc3-10a502788319,8ba59c1e-a0d3-343b-024a-a4a1330761cf,urgentcare,2023-10-09 17:06:54,0.028,1444.82,0,0.048001133,712.17474,9.82803e-05,0
8ba59c1e-a0d3-343b-fe14-07bd819d95a2,8ba59c1e-a0d3-343b-024a-a4a1330761cf,urgentcare,2023-07-10 17:06:54,0.023,1365.12,0,0.04851797,622.1375,6.668758e-05,0
6842050e-26e0-68aa-9b13-478ec950fd29,6842050e-26e0-68aa-2784-d792f7e2fbd3,urgentcare,2022-11-27 16:27:07,0.01,775.73,0,0.015865475,499.8629,2.4142339e-05,0
6842050e-26e0-68aa-9539-38a5b5096e2e,6842050e-26e0-68aa-2784-d792f7e2fbd3,emergency,2022-11-20 16:27:07,0.042,1304.58,0,0.07661032,1202.7809,0.00093107956,0
8ba59c1e-a0d3-343b-1142-422ce638c1d8,8ba59c1e-a0d3-343b-024a-a4a1330761cf,urgentcare,2023-10-16 17:06:54,0.01,507.44,0,0.039259285,313.95853,1.5714886e-05,0
6842050e-26e0-68aa-93b4-8edfcfd225a4,6842050e-26e0-68aa-2784-d792f7e2fbd3,urgentcare,2022-10-23 16:27:07,0.031,797.72,0,0.01942957,885.07306,0.0003556194,0
6842050e-26e0-68aa-8b95-3c5ff454df03,6842050e-26e0-68aa-2784-d792f7e2fbd3,urgentcare,2022-07-17 16:27:07,0.028,1128.65,0,0.017782532,902.53937,0.0003969678,0
8ba59c1e-a0d3-343b-4910-3b85b1089470,8ba59c1e-a0d3-343b-024a-a4a1330761cf,urgentcare,2023-03-06 17:06:54,0.03,1229.12,0,0.04795627,776.1612,3.1078314e-05,0
8ba59c1e-a0d3-343b-6bf6-3a3be3d869c1,8ba59c1e-a0d3-343b-024a-a4a1330761cf,emergency,2023-04-03 17:06:54,0.042,1505.93,0,0.073175624,422.58197,2.7634183e-05,0
8ba59c1e-a0d3-343b-4f1e-96c042d057b7,8ba59c1e-a0d3-343b-024a-a4a1330761cf,urgentcare,2022-12-12 17:06:54,0.032,1064.09,0,0.03898678,496.63602,1.32339255e-05,0
8ba59c1e-a0d3-343b-7baa-b45c917c1b65,8ba59c1e-a0d3-343b-024a-a4a1330761cf,urgentcare,2023-01-09 17:06:54,0.037,1365.12,0,0.047726337,796.0906,0.00011417072,0
6842050e-26e0-68aa-7945-dc14d661bf81,6842050e-26e0-68aa-2784-d792f7e2fbd3,urgentcare,2022-03-20 16:27:07,0.039,1013.42,0,0.017237293,890.5853,9.148623e-05,0
6842050e-26e0-68aa-7b33-85636766820f,6842050e-26e0-68aa-2784-d792f7e2fbd3,urgentcare,2022-04-17 16:27:07,0.027,1013.42,0,0.0228668,962.65814,0.00046136856,0
6842050e-26e0-68aa-7dc1-294d2faf3c6e,6842050e-26e0-68aa-2784-d792f7e2fbd3,urgentcare,2022-04-24 16:27:07,0.01,875.43,0,0.014625294,501.18298,5.950827e-05,0
6842050e-26e0-68aa-6c17-e20d7cbb922e,6842050e-26e0-68aa-2784-d792f7e2fbd3,urgentcare,2022-05-22 16:27:07,0.023,1183.34,0,0.030314388,968.3119,0.0004556876,0
6842050e-26e0-68aa-e948-cb21219251a5,6842050e-26e0-68aa-2784-d792f7e2fbd3,urgentcare,2022-06-19 16:27:07,0.03,1013.42,0,0.028296826,928.39264,0.00017543114,0
6842050e-26e0-68aa-282b-325f8b02ccd1,6842050e-26e0-68aa-2784-d792f7e2fbd3,urgentcare,2022-09-18 16:27:07,0.01,981.4,0,0.0236601,966.362,0.00027317315,0
8ba59c1e-a0d3-343b-413c-5ac28fe193cd,8ba59c1e-a0d3-343b-024a-a4a1330761cf,urgentcare,2022-11-21 17:06:54,0.01,507.44,0,0.03901554,495.32648,2.6156495e-05,0
8ba59c1e-a0d3-343b-a487-e53c654250e5,8ba59c1e-a0d3-343b-024a-a4a1330761cf,emergency,2022-11-14 17:06:54,0.042,1448.42,0,0.11028416,820.9656,7.4078715e-05,0
6842050e-26e0-68aa-bb41-44c9a4d13ef1,6842050e-26e0-68aa-2784-d792f7e2fbd3,urgentcare,2022-02-20 16:27:07,0.023,797.72,0,0.01896806,885.48004,0.00013017548,0
8ba59c1e-a0d3-343b-9729-a434a32f028a,8ba59c1e-a0d3-343b-024a-a4a1330761cf,urgentcare,2022-10-24 17:06:54,0.037,1660.52,0,0.039259285,500.69473,2.065907e-05,0
8ba59c1e-a0d3-343b-0d73-e1b6112550f1,8ba59c1e-a0d3-343b-024a-a4a1330761cf,urgentcare,2022-10-17 17:06:54,0.01,1154.54,0,0.03901554,495.32648,2.6156495e-05,0
8ba59c1e-a0d3-343b-76fb-eadeeec0866b,8ba59c1e-a0d3-343b-024a-a4a1330761cf,emergency,2022-10-10 17:06:54,0.042,1710.94,0,0.0967883,648.47345,8.7347515e-05,0
6842050e-26e0-68aa-afff-6f718eac6913,6842050e-26e0-68aa-2784-d792f7e2fbd3,urgentcare,2022-01-16 16:27:07,0.035,1567.77,0,0.017014096,906.90094,0.00018962573,0
6842050e-26e0-68aa-0e0f-d2d16b283fe1,6842050e-26e0-68aa-2784-d792f7e2fbd3,urgentcare,2021-12-19 16:27:07,0.032,797.72,0,0.017014096,917.42346,0.00018893702,0
8ba59c1e-a0d3-343b-2ce6-b4d56c93f7c3,8ba59c1e-a0d3-343b-024a-a4a1330761cf,urgentcare,2022-08-15 17:06:54,0.025,797.72,0,0.03977181,481.37643,1.4037138e-05,0
8ba59c1e-a0d3-343b-370a-e99378a1b919,8ba59c1e-a0d3-343b-024a-a4a1330761cf,emergency,2022-09-12 17:06:54,0.042,1232.72,0,0.11028416,883.7398,5.9112524e-05,0
8ba59c1e-a0d3-343b-f2c6-3ef92af6d3b2,8ba59c1e-a0d3-343b-024a-a4a1330761cf,urgentcare,2022-09-26 17:06:54,0.032,1776.94,0,0.039259285,488.607,1.6485123e-05,0
6842050e-26e0-68aa-bd9f-64c57ffdcfc1,6842050e-26e0-68aa-2784-d792f7e2fbd3,urgentcare,2021-10-24 16:27:07,0.032,1660.52,0,0.019190473,919.00616,0.0004661446,0
6842050e-26e0-68aa-0d9d-eb5ef186b8cb,6842050e-26e0-68aa-2784-d792f7e2fbd3,urgentcare,2021-09-19 16:27:07,0.03,1660.52,0,0.0236601,977.5736,0.0002769423,0
6842050e-26e0-68aa-9e2e-2f1f1d4c7c89,6842050e-26e0-68aa-2784-d792f7e2fbd3,urgentcare,2021-08-22 16:27:07,0.024,1660.52,0,0.016513145,881.9878,0.00019309385,0
6842050e-26e0-68aa-4d3a-7620ff8673f9,6842050e-26e0-68aa-2784-d792f7e2fbd3,urgentcare,2021-07-25 16:27:07,0.039,933.72,0,0.022031322,923.27313,0.00046396643,0
8ba59c1e-a0d3-343b-8a6c-b491358fcbf5,8ba59c1e-a0d3-343b-024a-a4a1330761cf,urgentcare,2022-05-09 17:06:54,0.023,1303.7,0,0.04795627,797.70715,2.7861564e-05,0
8ba59c1e-a0d3-343b-b658-79abaa7dd807,8ba59c1e-a0d3-343b-024a-a4a1330761cf,urgentcare,2022-04-18 17:06:54,0.042,797.72,0,0.04026849,472.82007,2.12912e-05,0
6842050e-26e0-68aa-2864-fae51b944fd0,6842050e-26e0-68aa-2784-d792f7e2fbd3,urgentcare,2021-06-20 16:27:07,0.026,797.72,0,0.024795331,869.373,0.00020488906,0
8ba59c1e-a0d3-343b-06fd-bee0efdd0fd7,8ba59c1e-a0d3-343b-024a-a4a1330761cf,emergency,2022-04-11 17:06:54,0.042,726.74,0,0.07846223,485.37585,3.622775e-05,0
8ba59c1e-a0d3-343b-7879-e2d8b7414a2b,8ba59c1e-a0d3-343b-024a-a4a1330761cf,urgentcare,2022-04-04 17:06:54,0.03,1126.04,0,0.040512532,477.9449,1.6816317e-05,0
8ba59c1e-a0d3-343b-d402-aa6f6e97b197,8ba59c1e-a0d3-343b-024a-a4a1330761cf,emergency,2022-03-21 17:06:54,0.042,801.32,0,0.111796245,869.3618,0.00037847675,0
8ba59c1e-a0d3-343b-ca1b-c048584cbb16,8ba59c1e-a0d3-343b-024a-a4a1330761cf,urgentcare,2022-02-07 17:06:54,0.041,797.72,0,0.04671041,781.28235,1.4635167e-05,0
6842050e-26e0-68aa-be5f-bafaf9f10be6,6842050e-26e0-68aa-2784-d792f7e2fbd3,urgentcare,2020-12-27 16:27:07,0.036,797.72,0,0.037517328,934.5468,0.00035156592,0
6842050e-26e0-68aa-9bdd-41bb04ca005b,6842050e-26e0-68aa-2784-d792f7e2fbd3,urgentcare,2021-01-24 16:27:07,0.035,1660.52,0,0.018654203,892.3689,0.00017777599,0
6842050e-26e0-68aa-1384-73bada57fe69,6842050e-26e0-68aa-2784-d792f7e2fbd3,urgentcare,2021-01-31 16:27:07,0.01,596.39,0,0.0131375,530.4641,9.943621e-05,0
6842050e-26e0-68aa-24e1-0ba6bf0b9f4a,6842050e-26e0-68aa-2784-d792f7e2fbd3,urgentcare,2021-02-21 16:27:07,0.033,1013.42,0,0.020093061,928.4432,0.00023280378,0
8ba59c1e-a0d3-343b-a900-dd645837f3d1,8ba59c1e-a0d3-343b-024a-a4a1330761cf,emergency,2021-10-11 17:06:54,0.042,801.32,0,0.056631997,503.02805,2.6914446e-05,0
8ba59c1e-a0d3-343b-45a5-6b0bd4021467,8ba59c1e-a0d3-343b-024a-a4a1330761cf,urgentcare,2021-10-25 17:06:54,0.031,797.72,0,0.037566766,485.8831,2.065907e-05,0
8ba59c1e-a0d3-343b-7269-36d6e93b68e4,8ba59c1e-a0d3-343b-024a-a4a1330761cf,urgentcare,2021-10-04 17:06:54,0.011,723.14,0,0.037566766,485.8831,2.065907e-05,0
8ba59c1e-a0d3-343b-ef68-2d9c6b799f65,8ba59c1e-a0d3-343b-024a-a4a1330761cf,urgentcare,2021-09-27 17:06:54,0.038,1589.61,0,0.037566766,474.15225,1.6485123e-05,0
6842050e-26e0-68aa-084d-91a97f99ab48,6842050e-26e0-68aa-2784-d792f7e2fbd3,urgentcare,2020-12-06 16:27:07,0.01,1154.54,0,0.030442959,557.0431,0.000102683756,0
8ba59c1e-a0d3-343b-b093-7a80b20e8bbf,8ba59c1e-a0d3-343b-024a-a4a1330761cf,emergency,2021-09-13 17:06:54,0.042,801.32,0,0.08000266,614.1126,6.970081e-05,0
8ba59c1e-a0d3-343b-0dbc-62d390e384e3,8ba59c1e-a0d3-343b-024a-a4a1330761cf,emergency,2021-11-08 17:06:54,0.042,801.32,0,0.08000266,614.1126,6.970081e-05,0
6842050e-26e0-68aa-f60f-7eadeeaaa221,6842050e-26e0-68aa-2784-d792f7e2fbd3,urgentcare,2020-11-29 16:27:07,0.024,1072.44,0,0.03385765,904.91254,0.00033954787,0
8ba59c1e-a0d3-343b-a014-d45f2f16219f,8ba59c1e-a0d3-343b-024a-a4a1330761cf,emergency,2021-08-16 17:06:54,0.042,1232.72,0,0.05715309,508.143,3.084023e-05,0
6842050e-26e0-68aa-1d36-61faaa29e051,6842050e-26e0-68aa-2784-d792f7e2fbd3,urgentcare,2020-11-01 16:27:07,0.022,797.72,0,0.03957914,979.3909,0.0005569381,0
8ba59c1e-a0d3-343b-0c3f-c920575bf299,8ba59c1e-a0d3-343b-024a-a4a1330761cf,urgentcare,2021-08-02 17:06:54,0.027,1229.12,0,0.038078453,480.02835,1.4037138e-05,0
8ba59c1e-a0d3-343b-6bbd-96ac4fb74245,8ba59c1e-a0d3-343b-024a-a4a1330761cf,emergency,2021-07-19 17:06:54,0.042,1232.72,0,0.05715309,515.49963,2.9028826e-05,0
6842050e-26e0-68aa-30f2-7c8fbf763303,6842050e-26e0-68aa-2784-d792f7e2fbd3,urgentcare,2020-10-04 16:27:07,0.038,1013.42,0,0.038282566,949.45264,0.00049065694,0
6842050e-26e0-68aa-5893-f9fde2a074b1,6842050e-26e0-68aa-2784-d792f7e2fbd3,urgentcare,2020-09-13 16:27:07,0.041,1594.34,0,0.03167058,601.80695,0.00020439911,0
8ba59c1e-a0d3-343b-caec-f8359a8395a1,8ba59c1e-a0d3-343b-024a-a4a1330761cf,urgentcare,2021-06-07 17:06:54,0.035,1444.82,0,0.016144628,467.13513,1.4037138e-05,0
6842050e-26e0-68aa-873f-8416d5659dc7,6842050e-26e0-68aa-2784-d792f7e2fbd3,urgentcare,2020-07-26 16:27:07,0.04,1448.63,0,0.02382356,796.74457,0.0015765296,0
6842050e-26e0-68aa-faa7-58e23b7c7b99,6842050e-26e0-68aa-2784-d792f7e2fbd3,urgentcare,2021-03-28 16:27:07,0.029,797.72,0,0.0228668,970.1467,0.0003665305,0
6842050e-26e0-68aa-cdfe-10be185c7807,6842050e-26e0-68aa-2784-d792f7e2fbd3,urgentcare,2021-04-25 16:27:07,0.034,797.72,0,0.0228668,970.1467,0.00019165028,0
8ba59c1e-a0d3-343b-357b-cf70f07d3fe6,8ba59c1e-a0d3-343b-024a-a4a1330761cf,emergency,2021-05-24 17:06:54,0.042,1232.72,0,0.035553418,516.797,2.6166526e-05,0
8ba59c1e-a0d3-343b-3f8b-0e05e0fdbb46,8ba59c1e-a0d3-343b-024a-a4a1330761cf,emergency,2021-04-26 17:06:54,0.042,1250.22,0,0.035553418,499.56064,2.6166526e-05,0
8ba59c1e-a0d3-343b-71ed-ddade24dfac0,8ba59c1e-a0d3-343b-024a-a4a1330761cf,urgentcare,2021-05-10 17:06:54,0.031,1444.82,0,0.016868515,473.5511,1.1057087e-05,0
8ba59c1e-a0d3-343b-a1f7-34535f6ab458,8ba59c1e-a0d3-343b-024a-a4a1330761cf,emergency,2021-04-19 17:06:54,0.042,1589.54,0,0.035553418,511.9188,3.2847103e-05,0
8ba59c1e-a0d3-343b-6f72-867a2a8e116b,8ba59c1e-a0d3-343b-024a-a4a1330761cf,emergency,2021-04-12 17:06:54,0.042,1153.02,0,0.035553418,499.56064,2.6166526e-05,0
6842050e-26e0-68aa-94de-c6a574b7479c,6842050e-26e0-68aa-2784-d792f7e2fbd3,urgentcare,2018-08-05 16:27:07,0.01,621.38,0,0.034673654,743.6331,0.0015656472,0
8ba59c1e-a0d3-343b-a7d8-e4732972c1cf,8ba59c1e-a0d3-343b-024a-a4a1330761cf,emergency,2021-03-29 17:06:54,0.042,801.32,0,0.035553418,499.56064,2.6166526e-05,0
8ba59c1e-a0d3-343b-f32e-039fb8b7f836,8ba59c1e-a0d3-343b-024a-a4a1330761cf,emergency,2021-03-15 17:06:54,0.042,1368.72,0,0.035553418,516.797,2.6166526e-05,0
6842050e-26e0-68aa-5166-2b826017fab0,6842050e-26e0-68aa-2784-d792f7e2fbd3,urgentcare,2018-07-15 16:27:07,0.038,797.72,0,0.026911763,630.21985,0.0003784425,0
8ba59c1e-a0d3-343b-5ad9-572d9d6db245,8ba59c1e-a0d3-343b-024a-a4a1330761cf,emergency,2021-03-01 17:06:54,0.042,1232.72,0,0.035553418,511.9188,3.2847103e-05,0
6842050e-26e0-68aa-d288-02fadcb32369,6842050e-26e0-68aa-2784-d792f7e2fbd3,urgentcare,2018-06-17 16:27:07,0.037,797.72,0,0.028610423,646.3392,0.00047042157,0
8ba59c1e-a0d3-343b-6641-4620b90cde01,8ba59c1e-a0d3-343b-024a-a4a1330761cf,emergency,2021-02-15 17:06:54,0.042,1232.72,0,0.034034923,506.9107,2.8834258e-05,0
6842050e-26e0-68aa-c334-53686ddaccc2,6842050e-26e0-68aa-2784-d792f7e2fbd3,emergency,2018-06-10 16:27:07,0.042,511.04,0,0.11016758,870.9844,0.0069528366,0
8ba59c1e-a0d3-343b-2662-0fc85efc026a,8ba59c1e-a0d3-343b-024a-a4a1330761cf,emergency,2021-02-08 17:06:54,0.042,511.04,0,0.034034923,506.9107,2.8834258e-05,0
8ba59c1e-a0d3-343b-9115-d527dd2b1155,8ba59c1e-a0d3-343b-024a-a4a1330761cf,emergency,2021-02-01 17:06:54,0.042,1448.42,0,0.034034923,506.9107,2.8834258e-05,0
6842050e-26e0-68aa-edf1-05591cff7bf8,6842050e-26e0-68aa-2784-d792f7e2fbd3,emergency,2018-05-20 16:27:07,0.042,801.32,0,0.039873663,791.5354,0.0010604671,0
8ba59c1e-a0d3-343b-1559-131379f7d591,8ba59c1e-a0d3-343b-024a-a4a1330761cf,urgentcare,2021-01-25 17:06:54,0.01,1154.54,0,0.015139285,479.47748,1.6755519e-05,0
8ba59c1e-a0d3-343b-4980-74161de324f9,8ba59c1e-a0d3-343b-024a-a4a1330761cf,urgentcare,2021-01-18 17:06:54,0.031,1484.24,0,0.022641357,779.489,2.1933087e-05,0
8ba59c1e-a0d3-343b-f0bd-406bdc93fa57,8ba59c1e-a0d3-343b-024a-a4a1330761cf,emergency,2020-12-21 17:06:54,0.042,1232.72,0,0.0700776,877.77985,0.00035615178,0
6842050e-26e0-68aa-0a0a-87c0b8200fd8,6842050e-26e0-68aa-2784-d792f7e2fbd3,emergency,2018-05-13 16:27:07,0.042,511.04,0,0.038060874,772.8427,0.00071917684,0
6842050e-26e0-68aa-3d2e-ab439957cfd9,6842050e-26e0-68aa-2784-d792f7e2fbd3,urgentcare,2018-05-06 16:27:07,0.035,1234.08,0,0.022173848,921.4864,0.0025615967,0
8ba59c1e-a0d3-343b-4048-d06e5c685968,8ba59c1e-a0d3-343b-024a-a4a1330761cf,urgentcare,2020-11-23 17:06:54,0.04,1446.77,0,0.015643738,489.60983,1.969382e-05,0
8ba59c1e-a0d3-343b-73a1-023309d9e8b3,8ba59c1e-a0d3-343b-024a-a4a1330761cf,urgentcare,2020-10-26 17:06:54,0.027,1229.12,0,0.024056464,796.69666,0.0003252826,0
8ba59c1e-a0d3-343b-b694-e90ef5b5ccfc,8ba59c1e-a0d3-343b-024a-a4a1330761cf,urgentcare,2020-09-21 17:06:54,0.037,1229.12,0,0.015643738,482.3764,1.6485123e-05,0
6842050e-26e0-68aa-748a-b02e1fa0aa73,6842050e-26e0-68aa-2784-d792f7e2fbd3,emergency,2016-12-18 16:27:07,0.042,1437.95,0,0.0072897593,5061.46,0.024442669,0
8ba59c1e-a0d3-343b-b5ae-024a5114cf68,8ba59c1e-a0d3-343b-024a-a4a1330761cf,urgentcare,2020-07-27 17:06:54,0.039,1229.12,0,0.016144628,477.47308,2.160941e-05,0
8ba59c1e-a0d3-343b-e657-1984ab60d3ce,8ba59c1e-a0d3-343b-024a-a4a1330761cf,urgentcare,2020-08-24 17:06:54,0.024,1229.12,0,0.024692053,802.3633,6.4684355e-05,0
8ba59c1e-a0d3-343b-1ef3-b7e6e99c364d,8ba59c1e-a0d3-343b-024a-a4a1330761cf,urgentcare,2020-07-20 17:06:54,0.01,732.65,0,0.016144628,477.47308,2.160941e-05,0
8ba59c1e-a0d3-343b-b0f4-aa67e415fc9e,8ba59c1e-a0d3-343b-024a-a4a1330761cf,urgentcare,2020-06-01 17:06:54,0.01,507.44,0,0.016144628,477.47308,2.160941e-05,0
8ba59c1e-a0d3-343b-0017-1018d8431589,8ba59c1e-a0d3-343b-024a-a4a1330761cf,emergency,2020-05-25 17:06:54,0.042,2087.1,0,0.07031244,893.4435,8.418938e-05,0
8ba59c1e-a0d3-343b-190b-1619d2856f6f,8ba59c1e-a0d3-343b-024a-a4a1330761cf,urgentcare,2020-04-27 17:06:54,0.033,1229.12,0,0.016868515,479.0511,1.1057087e-05,0
8ba59c1e-a0d3-343b-9c71-2b6c883e066a,8ba59c1e-a0d3-343b-024a-a4a1330761cf,urgentcare,2020-04-06 17:06:54,0.01,1059.09,0,0.016868515,490.90286,1.5075744e-05,0
8ba59c1e-a0d3-343b-a47e-066b47176a98,8ba59c1e-a0d3-343b-024a-a4a1330761cf,emergency,2020-03-30 17:06:54,0.042,1594.11,0,0.07282012,869.61957,0.00026375282,0
8ba59c1e-a0d3-343b-e35a-690791fd3754,8ba59c1e-a0d3-343b-024a-a4a1330761cf,urgentcare,2020-03-02 17:06:54,0.02,723.14,0,0.016868515,479.0511,1.1057087e-05,0
8ba59c1e-a0d3-343b-087d-cabd7da66481,8ba59c1e-a0d3-343b-024a-a4a1330761cf,urgentcare,2020-02-24 17:06:54,0.035,1013.42,0,0.015377428,491.67117,1.0222125e-05,0
8ba59c1e-a0d3-343b-e2cf-8c78351df8f7,8ba59c1e-a0d3-343b-024a-a4a1330761cf,urgentcare,2019-12-02 17:06:54,0.037,1659.06,0,0.033086196,512.16125,1.2698566e-05,0
8ba59c1e-a0d3-343b-6c36-3241745ba3a2,8ba59c1e-a0d3-343b-024a-a4a1330761cf,urgentcare,2019-11-11 17:06:54,0.01,507.44,0,0.033357147,516.34656,2.5663958e-05,0
8ba59c1e-a0d3-343b-c51d-94f1a5f28e84,8ba59c1e-a0d3-343b-024a-a4a1330761cf,emergency,2019-10-28 17:06:54,0.042,726.74,0,0.059752285,545.4913,4.1573185e-05,0
8ba59c1e-a0d3-343b-3e8b-3a79ea2fbe9f,8ba59c1e-a0d3-343b-024a-a4a1330761cf,emergency,2019-10-21 17:06:54,0.042,1017.02,0,0.08319194,656.127,9.122219e-05,0
8ba59c1e-a0d3-343b-8138-9370ca7761bc,8ba59c1e-a0d3-343b-024a-a4a1330761cf,urgentcare,2019-10-07 17:06:54,0.038,1544.85,0,0.033357147,517.2016,1.9522013e-05,0
8ba59c1e-a0d3-343b-5697-f5b96f57ae62,8ba59c1e-a0d3-343b-024a-a4a1330761cf,emergency,2019-09-23 17:06:54,0.042,801.32,0,0.059752285,555.3459,3.31739e-05,0
8ba59c1e-a0d3-343b-3869-bd945d27ba22,8ba59c1e-a0d3-343b-024a-a4a1330761cf,urgentcare,2019-09-16 17:06:54,0.01,507.44,0,0.033357147,511.43695,1.9522013e-05,0
8ba59c1e-a0d3-343b-f246-e9b084efdd09,8ba59c1e-a0d3-343b-024a-a4a1330761cf,urgentcare,2019-09-09 17:06:54,0.029,1630.29,0,0.033357147,517.2016,1.9522013e-05,0
8ba59c1e-a0d3-343b-b4f1-8509e4871e9f,8ba59c1e-a0d3-343b-024a-a4a1330761cf,urgentcare,2019-08-26 17:06:54,0.024,2043.15,0,0.042430434,799.61676,0.00054930773,0
8ba59c1e-a0d3-343b-d1bf-51d89454517f,8ba59c1e-a0d3-343b-024a-a4a1330761cf,urgentcare,2019-07-08 17:06:54,0.027,1229.12,0,0.03386677,504.38226,2.1366499e-05,0
8ba59c1e-a0d3-343b-215e-4bff120d613a,8ba59c1e-a0d3-343b-024a-a4a1330761cf,urgentcare,2019-06-03 17:06:54,0.025,797.72,0,0.03386677,498.76025,3.1904376e-05,0
8ba59c1e-a0d3-343b-a191-c8128ea5a587,8ba59c1e-a0d3-343b-024a-a4a1330761cf,emergency,2017-08-07 17:06:54,0.042,817.68,0,0.09372389,916.9751,0.001692553,0
8ba59c1e-a0d3-343b-2ebc-289be1b9969a,8ba59c1e-a0d3-343b-024a-a4a1330761cf,urgentcare,2017-07-17 17:06:54,0.03,1013.42,0,0.033026922,505.88873,9.623438e-05,0
8ba59c1e-a0d3-343b-c963-d641a05f8a54,8ba59c1e-a0d3-343b-024a-a4a1330761cf,urgentcare,2017-07-10 17:06:54,0.017,1261.52,0,0.033026922,508.15323,7.4222684e-05,0
8ba59c1e-a0d3-343b-a81d-ca1de1a4bdb8,8ba59c1e-a0d3-343b-024a-a4a1330761cf,emergency,2017-07-03 17:06:54,0.042,1466.6,0,0.056656387,529.2812,0.00026935124,0
8ba59c1e-a0d3-343b-0134-a101904a5bb9,8ba59c1e-a0d3-343b-024a-a4a1330761cf,urgentcare,2016-10-10 17:06:54,0.023,1444.82,0,0.05052082,968.77374,0.00070124055,0
8ba59c1e-a0d3-343b-5ab8-247939ac8cce,8ba59c1e-a0d3-343b-024a-a4a1330761cf,urgentcare,2016-10-17 17:06:54,0.01,507.44,0,0.031700954,587.36945,0.000524199,0
8ba59c1e-a0d3-343b-a0cb-0eeb1d99110c,8ba59c1e-a0d3-343b-024a-a4a1330761cf,urgentcare,2016-11-07 17:06:54,0.03,1603.73,0,0.037678313,912.06036,0.0011573326,0
8ba59c1e-a0d3-343b-2b0b-4ddac59ec5bd,8ba59c1e-a0d3-343b-024a-a4a1330761cf,emergency,2016-12-05 17:06:54,0.042,1232.72,0,0.09376087,1031.0309,0.0013944434,0
8ba59c1e-a0d3-343b-5952-a4c5fc4da778,8ba59c1e-a0d3-343b-024a-a4a1330761cf,emergency,2017-01-30 17:06:54,0.042,1232.72,0,0.08419181,957.3074,0.004065681,0
8ba59c1e-a0d3-343b-11e2-368159f97b48,8ba59c1e-a0d3-343b-024a-a4a1330761cf,urgentcare,2017-02-13 17:06:54,0.032,1999.91,0,0.03122323,524.6427,6.9811096e-05,0
8ba59c1e-a0d3-343b-f129-aae117cd4e8e,8ba59c1e-a0d3-343b-024a-a4a1330761cf,urgentcare,2017-03-06 17:06:54,0.01,507.44,0,0.035482008,628.427,0.00046574886,0
8ba59c1e-a0d3-343b-2021-e762e4da4708,8ba59c1e-a0d3-343b-024a-a4a1330761cf,urgentcare,2017-04-10 17:06:54,0.027,2091.92,0,0.041534197,835.56744,0.00074912905,0
8ba59c1e-a0d3-343b-209d-469feaaf8f83,8ba59c1e-a0d3-343b-024a-a4a1330761cf,urgentcare,2017-04-17 17:06:54,0.01,878.07,0,0.03356908,512.5823,0.0002142292,0
8ba59c1e-a0d3-343b-1025-05f7e2ec5c43,8ba59c1e-a0d3-343b-024a-a4a1330761cf,urgentcare,2017-05-08 17:06:54,0.021,1449.91,0,0.04090904,816.793,0.0003348805,0
8ba59c1e-a0d3-343b-f8d0-e69bdc513c51,8ba59c1e-a0d3-343b-024a-a4a1330761cf,urgentcare,2017-06-05 17:06:54,0.027,1229.12,0,0.041466966,822.75757,0.0002863554,0
8ba59c1e-a0d3-343b-ffee-d48dfdfe8046,8ba59c1e-a0d3-343b-024a-a4a1330761cf,urgentcare,2017-06-19 17:06:54,0.024,1430.8,0,0.03575356,620.6492,0.00022348881,0
8ba59c1e-a0d3-343b-1f8f-7156eeb5c4e6,8ba59c1e-a0d3-343b-024a-a4a1330761cf,urgentcare,2017-06-26 17:06:54,0.013,859.14,0,0.033075597,508.15323,7.4222684e-05,0
8ba59c1e-a0d3-343b-6cda-cd36fb521628,8ba59c1e-a0d3-343b-024a-a4a1330761cf,emergency,2017-09-11 17:06:54,0.042,2095.52,0,0.09416449,913.56067,0.0020852725,0
8ba59c1e-a0d3-343b-0e94-665339c8b44b,8ba59c1e-a0d3-343b-024a-a4a1330761cf,urgentcare,2017-09-18 17:06:54,0.01,507.44,0,0.03264045,515.48193,0.00023879408,0
8ba59c1e-a0d3-343b-6f9f-55af7e2a606e,8ba59c1e-a0d3-343b-024a-a4a1330761cf,emergency,2017-10-02 17:06:54,0.042,511.04,0,0.079825886,663.1158,0.0015605103,0
8ba59c1e-a0d3-343b-e2f3-4ca9fd5d30eb,8ba59c1e-a0d3-343b-024a-a4a1330761cf,urgentcare,2017-10-09 17:06:54,0.022,1444.82,0,0.03288269,521.0682,7.1022856e-05,0
8ba59c1e-a0d3-343b-4784-ebf4a33d0352,8ba59c1e-a0d3-343b-024a-a4a1330761cf,urgentcare,2017-11-20 17:06:54,0.026,1572.1,0,0.03288269,524.6971,5.872221e-05,0
8ba59c1e-a0d3-343b-eb85-f0e778a1c9a8,8ba59c1e-a0d3-343b-024a-a4a1330761cf,urgentcare,2017-12-04 17:06:54,0.03,797.72,0,0.03528862,633.6048,8.598868e-05,0
8ba59c1e-a0d3-343b-fa03-6d7b47466a07,8ba59c1e-a0d3-343b-024a-a4a1330761cf,urgentcare,2018-01-08 17:06:54,0.033,797.72,0,0.04099946,837.2965,0.00011143737,0
8ba59c1e-a0d3-343b-8823-7b4105a4f197,8ba59c1e-a0d3-343b-024a-a4a1330761cf,urgentcare,2018-02-05 17:06:54,0.041,797.72,0,0.03261186,515.90424,2.5719746e-05,0
8ba59c1e-a0d3-343b-998f-15de3a4c44cd,8ba59c1e-a0d3-343b-024a-a4a1330761cf,urgentcare,2018-03-05 17:06:54,0.035,1229.12,0,0.04252817,852.95123,0.00015446247,0
8ba59c1e-a0d3-343b-1686-1f1d32ee1030,8ba59c1e-a0d3-343b-024a-a4a1330761cf,urgentcare,2018-04-02 17:06:54,0.033,1229.12,0,0.04122792,825.27094,5.475794e-05,0
8ba59c1e-a0d3-343b-fe85-308cfff60082,8ba59c1e-a0d3-343b-024a-a4a1330761cf,emergency,2018-05-07 17:06:54,0.042,1232.72,0,0.085174486,913.51135,0.0009649939,0
8ba59c1e-a0d3-343b-c790-275fefc8a29f,8ba59c1e-a0d3-343b-024a-a4a1330761cf,urgentcare,2018-05-28 17:06:54,0.01,1139.57,0,0.034128264,510.7779,5.201031e-05,0
8ba59c1e-a0d3-343b-51ac-8bbc68922df7,8ba59c1e-a0d3-343b-024a-a4a1330761cf,urgentcare,2018-06-04 17:06:54,0.035,797.72,0,0.03339208,501.5749,4.171293e-05,0
8ba59c1e-a0d3-343b-6a82-7abd0d8a92b5,8ba59c1e-a0d3-343b-024a-a4a1330761cf,urgentcare,2018-07-02 17:06:54,0.039,1365.12,0,0.041786015,824.827,0.00030519816,0
8ba59c1e-a0d3-343b-4e04-be0f484ec37a,8ba59c1e-a0d3-343b-024a-a4a1330761cf,urgentcare,2018-07-30 17:06:54,0.022,797.72,0,0.041786015,826.6302,0.00027542165,0
8ba59c1e-a0d3-343b-0986-8ad8fc2b02bd,8ba59c1e-a0d3-343b-024a-a4a1330761cf,urgentcare,2018-08-27 17:06:54,0.021,1333.05,0,0.041786015,826.6302,9.51096e-05,0
8ba59c1e-a0d3-343b-e082-e2c4690260c2,8ba59c1e-a0d3-343b-024a-a4a1330761cf,urgentcare,2018-10-01 17:06:54,0.028,1229.12,0,0.04116316,840.5747,0.0005691544,0
8ba59c1e-a0d3-343b-ceb7-ca7ddec9a123,8ba59c1e-a0d3-343b-024a-a4a1330761cf,urgentcare,2018-10-29 17:06:54,0.04,797.72,0,0.041272495,853.28766,0.00014968189,0
8ba59c1e-a0d3-343b-347a-138ead56a81e,8ba59c1e-a0d3-343b-024a-a4a1330761cf,emergency,2018-11-26 17:06:54,0.042,1390.65,0,0.08794254,923.4468,0.0001862565,0
8ba59c1e-a0d3-343b-8248-db055fb9aab6,8ba59c1e-a0d3-343b-024a-a4a1330761cf,urgentcare,2018-12-03 17:06:54,0.017,723.14,0,0.033072803,515.05133,1.8821565e-05,0
8ba59c1e-a0d3-343b-f972-81f67645e0ea,8ba59c1e-a0d3-343b-024a-a4a1330761cf,urgentcare,2018-12-24 17:06:54,0.032,797.72,0,0.03576418,624.55194,3.9496488e-05,0
8ba59c1e-a0d3-343b-b1be-9401c70f7770,8ba59c1e-a0d3-343b-024a-a4a1330761cf,urgentcare,2019-01-28 17:06:54,0.029,1444.82,0,0.041776124,832.6017,0.00010350245,0
8ba59c1e-a0d3-343b-0138-3e429b65a18d,8ba59c1e-a0d3-343b-024a-a4a1330761cf,emergency,2019-02-25 17:06:54,0.042,1448.42,0,0.0830392,901.06195,8.3895975e-05,0
8ba59c1e-a0d3-343b-da83-e5f385c45e39,8ba59c1e-a0d3-343b-024a-a4a1330761cf,urgentcare,2019-04-01 17:06:54,0.032,1576.11,0,0.04330597,843.407,0.00023401954,0
8ba59c1e-a0d3-343b-036d-b6046fbc433c,8ba59c1e-a0d3-343b-024a-a4a1330761cf,urgentcare,2019-04-08 17:06:54,0.01,1085.43,0,0.034603287,507.9117,2.2248092e-05,0
8ba59c1e-a0d3-343b-c615-04a0054f836d,8ba59c1e-a0d3-343b-024a-a4a1330761cf,emergency,2019-05-06 17:06:54,0.042,1307.3,0,0.085984096,908.3897,0.0010761305,0
8ba59c1e-a0d3-343b-2753-c84eb710262c,8ba59c1e-a0d3-343b-024a-a4a1330761cf,urgentcare,2019-05-20 17:06:54,0.041,1101.4,0,0.034603287,507.9117,2.2248092e-05,0
8ba59c1e-a0d3-343b-8296-27a31c13c1d4,8ba59c1e-a0d3-343b-024a-a4a1330761cf,emergency,2019-05-27 17:06:54,0.042,942.44,0,0.048260152,541.7317,7.905575e-05,0
8ba59c1e-a0d3-343b-22f0-d8b00930a289,8ba59c1e-a0d3-343b-024a-a4a1330761cf,emergency,2019-12-30 17:06:54,0.042,1232.72,0,0.060632206,541.58136,3.3036315e-05,0
8ba59c1e-a0d3-343b-c127-4ab0bc2b12a8,8ba59c1e-a0d3-343b-024a-a4a1330761cf,emergency,2020-01-27 17:06:54,0.042,1017.02,0,0.034034923,522.4991,2.8834258e-05,0
8ba59c1e-a0d3-343b-d2d6-7666a9500b0c,8ba59c1e-a0d3-343b-024a-a4a1330761cf,urgentcare,2020-02-03 17:06:54,0.012,723.14,0,0.015139285,488.81577,1.6755519e-05,0
8ba59c1e-a0d3-343b-ee37-385dfe424974,8ba59c1e-a0d3-343b-024a-a4a1330761cf,urgentcare,2021-11-22 17:06:54,0.031,797.72,0,0.037566766,485.8831,2.065907e-05,0
8ba59c1e-a0d3-343b-db79-0cb615b6a157,8ba59c1e-a0d3-343b-024a-a4a1330761cf,urgentcare,2021-12-27 17:06:54,0.025,1229.12,0,0.046177406,797.1966,0.00022028225,0
8ba59c1e-a0d3-343b-7a89-60dbfad94a59,8ba59c1e-a0d3-343b-024a-a4a1330761cf,urgentcare,2022-01-10 17:06:54,0.025,1229.12,0,0.03927553,472.64114,9.7168595e-06,0
8ba59c1e-a0d3-343b-abb0-864c5f0fd2da,8ba59c1e-a0d3-343b-024a-a4a1330761cf,urgentcare,2023-02-13 17:06:54,0.01,658.14,0,0.043188922,317.23914,1.4732039e-05,0
8ba59c1e-a0d3-343b-68da-837955457a7a,8ba59c1e-a0d3-343b-024a-a4a1330761cf,emergency,2023-06-05 17:06:54,0.042,1232.72,0,0.109619126,633.36975,0.00010337195,0
050d9cee-dd68-533c-ca8b-3b18228bcd9e,050d9cee-dd68-533c-cbec-cd7703b46b53,emergency,2026-07-11 04:31:59,0.083,146.18,0,0.08492607,790.0867,0.007190366,0
f86b5cdd-1fd7-03ed-6cd1-8459bde8a43c,f86b5cdd-1fd7-03ed-ae41-8556709b64d1,emergency,2025-08-28 15:42:18,0.042,146.18,0,0.0840261,224.12645,0.038420178,0
7562ebf6-0c3b-e28a-27f9-d7d987ace244,7562ebf6-0c3b-e28a-3754-db28cda9338e,emergency,2024-09-28 18:12:06,0.042,146.18,0,0.0713662,363.1722,0.0023005896,0
7bf6d335-ec9f-fa0a-c6c8-6a179ac6a527,7bf6d335-ec9f-fa0a-03b8-b829ff2f7786,emergency,2023-02-03 08:14:48,0.042,146.18,0,0.09434553,934.66284,0.017560719,0
050d9cee-dd68-533c-1b22-2aac20df7b6e,050d9cee-dd68-533c-cbec-cd7703b46b53,emergency,2026-04-07 21:31:59,0.292,146.18,0,0.059659068,379.904,0.0037646268,0
050d9cee-dd68-533c-35db-495b11bb5d25,050d9cee-dd68-533c-cbec-cd7703b46b53,emergency,2025-03-07 16:31:59,0.208,146.18,0,0.090106726,503.57755,0.016134862,0
fe608780-f264-9374-dd5c-5fc3313a4d1d,fe608780-f264-9374-7874-a1ca5d2f049d,emergency,2025-07-19 22:56:56,0.042,146.18,0,0.081920415,759.74835,0.020028902,0
45af71fa-3745-a0ab-9e27-3141094a5e4d,45af71fa-3745-a0ab-e052-9f332fcf981a,emergency,2025-07-30 01:14:02,0.25,146.18,0,0.23126203,445.28824,0.016511505,0
27f05739-d4f5-10c5-08b3-6e0d453ff30e,27f05739-d4f5-10c5-ee0b-e516e9854603,urgentcare,2017-11-24 08:17:18,0.01,822.58,0,0.026226785,313.75854,0.0013351401,0
d0f9444c-7d4e-7b58-f15c-3d144887af16,d0f9444c-7d4e-7b58-d75c-809f131df755,emergency,2024-03-26 15:08:57,0.292,146.18,0,0.3197569,571.29285,0.009142377,0
050d9cee-dd68-533c-8505-d6584db0e491,050d9cee-dd68-533c-cbec-cd7703b46b53,emergency,2022-01-28 16:12:29,0.042,146.18,0,0.08159662,407.59518,0.0118477885,0
45af71fa-3745-a0ab-9249-39039fb1ee2b,45af71fa-3745-a0ab-e052-9f332fcf981a,emergency,2024-01-05 15:39:27,0.292,146.18,0,0.1842756,655.03973,0.01586723,0
f7675d21-af0a-fb1b-0991-b0562b629d02,f7675d21-af0a-fb1b-bf86-07f3000490ae,emergency,2019-12-13 14:20:50,0.042,146.18,0,0.017790684,503.4457,0.004776648,0
feaf4dc0-5b63-aa85-a3a7-c53241a17065,feaf4dc0-5b63-aa85-d358-61c249ae1b8d,emergency,2023-06-15 10:51:53,0.042,146.18,0,0.16300996,1040.198,0.047288153,0
e3827f66-ed30-7012-f58a-057ea0d1ec5b,e3827f66-ed30-7012-465b-2ddd8680652a,emergency,2026-01-08 22:53:32,0.042,146.18,0,0.16252609,949.7432,0.008810472,0
d0f9444c-7d4e-7b58-21ed-9b223a32f36e,d0f9444c-7d4e-7b58-d75c-809f131df755,emergency,2022-06-25 10:29:13,0.042,146.18,0,0.21734601,539.95825,0.0136419935,0
00dfa275-1507-d27c-b519-7a563dfae0d8,00dfa275-1507-d27c-f561-f7870448c7ed,emergency,2020-01-17 18:07:57,0.042,146.18,0,0.12573898,918.24146,0.019287443,0
0dee4486-e712-9af4-20f2-46d783a5a87f,0dee4486-e712-9af4-e6d2-47c6ca35224c,emergency,2020-10-08 20:07:25,0.25,146.18,0,0.050138503,628.93506,0.013857235,0
a890d187-bb81-ffd0-2c36-5c42136a8ba6,a890d187-bb81-ffd0-2cdf-aeec12d89206,emergency,2024-04-25 21:47:23,0.292,146.18,0,0.04317523,595.82416,0.0020860457,0
0dee4486-e712-9af4-2e42-baa0011d64d8,0dee4486-e712-9af4-e6d2-47c6ca35224c,emergency,2018-06-15 15:22:09,0.042,146.18,0,0.10718796,374.26852,0.010172269,0
45af71fa-3745-a0ab-7471-00708254b529,45af71fa-3745-a0ab-e052-9f332fcf981a,emergency,2021-10-25 01:07:34,0.167,146.18,0,0.24480681,458.8066,0.0034171995,0
13c82713-8d58-2d7e-d3e2-6a69eae8fa3b,13c82713-8d58-2d7e-12fd-4fb1eaa508a5,urgentcare,2009-01-16 13:16:23,0.025,709.98,0,0.0,1128.8175,0.00058529084,0
d0f9444c-7d4e-7b58-ad8d-b333d41d7082,d0f9444c-7d4e-7b58-d75c-809f131df755,emergency,2021-06-27 10:43:06,0.25,146.18,0,0.19388497,645.17926,0.014757676,0
6842050e-26e0-68aa-17f2-144da46c11bb,6842050e-26e0-68aa-2784-d792f7e2fbd3,urgentcare,2026-02-08 16:27:07,0.01,291.74,0,0.015256323,348.27008,1.903253e-05,0
1e5a7047-1fce-b43a-473d-d757a7d4fcc1,1e5a7047-1fce-b43a-9917-f08dfc0b6f63,inpatient,2010-05-05 20:39:11,1.0,970.78,0,1.5419497,3005.714,0.031791277,0
a890d187-bb81-ffd0-e434-08259ca29eb1,a890d187-bb81-ffd0-2cdf-aeec12d89206,emergency,2023-05-28 18:57:37,0.042,146.18,0,0.045141887,991.89435,0.0028740622,0
bdf4b658-b4bb-f263-a68c-ac82167b1e0b,bdf4b658-b4bb-f263-4eec-496d890f17e9,inpatient,2016-05-17 05:47:53,1.0,3817.64,0,1.1157354,5141.535,0.05993608,0
d519e4af-2be2-0832-1aba-b18a772ce922,d519e4af-2be2-0832-d895-8c8be8f18033,urgentcare,2012-04-01 07:03:10,0.039,1063.9,0,0.0,1490.3969,0.009337391,0
00dfa275-1507-d27c-dc10-155eaad8e827,00dfa275-1507-d27c-f561-f7870448c7ed,emergency,2016-07-29 18:07:57,0.042,869.54,0,0.31119394,1639.6398,0.025494393,0
4ef6ae3c-7a16-89c5-1190-3717e1dac643,4ef6ae3c-7a16-89c5-b08f-e7355578c54a,emergency,2020-03-02 23:38:50,0.042,146.18,0,0.13101447,728.04736,0.032619387,0
feaf4dc0-5b63-aa85-77fa-9a1077f759a3,feaf4dc0-5b63-aa85-d358-61c249ae1b8d,emergency,2001-11-21 10:51:53,9.167,1025.09,1,0.1765579,645.6694,0.20012988,1
e3827f66-ed30-7012-0422-5c2d63e06e78,e3827f66-ed30-7012-465b-2ddd8680652a,emergency,2023-06-16 19:15:10,0.292,146.18,0,0.14130582,921.06775,0.03157824,0
0dee4486-e712-9af4-52bd-525636df4243,0dee4486-e712-9af4-e6d2-47c6ca35224c,emergency,2010-12-18 07:29:11,0.042,146.18,0,0.03784043,1107.1582,0.0045835376,0
0dee4486-e712-9af4-4fea-9dafd405f000,0dee4486-e712-9af4-e6d2-47c6ca35224c,emergency,2010-09-23 07:29:11,0.042,87.71,0,0.050247032,1649.0482,0.0036038957,0
0dee4486-e712-9af4-4833-5ef6ae0a1730,0dee4486-e712-9af4-e6d2-47c6ca35224c,emergency,2010-06-11 07:29:11,0.042,20794.05,0,0.11544668,1548.0992,0.012948886,0
d519e4af-2be2-0832-d953-1c7853c1d201,d519e4af-2be2-0832-d895-8c8be8f18033,emergency,1981-09-22 07:03:10,0.042,146.18,0,0.1111845,1856.2996,0.020294817,0
f2335b3f-15ec-cc65-d8e0-3d286e53b3f9,f2335b3f-15ec-cc65-8324-8a41e61b78d1,emergency,2020-04-29 15:17:34,0.042,146.18,0,0.13320999,607.6773,0.013845654,0
a890d187-bb81-ffd0-346a-8e0b3609828d,a890d187-bb81-ffd0-2cdf-aeec12d89206,emergency,2020-07-05 20:48:50,0.042,146.18,0,0.02231981,651.33014,0.0067354,0
a187afe9-10ef-4076-0ec4-d6ffa2cf1df7,a187afe9-10ef-4076-e6fe-8f08a11c2d73,urgentcare,1989-06-28 20:00:23,0.041,1572.78,0,0.0,471.14163,0.003980213,0
f7675d21-af0a-fb1b-cd88-2a955d407265,f7675d21-af0a-fb1b-bf86-07f3000490ae,emergency,1994-01-19 12:35:15,0.042,7918.04,0,0.069577724,1688.4624,0.023853164,0
f7675d21-af0a-fb1b-0744-6cc911b45f53,f7675d21-af0a-fb1b-bf86-07f3000490ae,inpatient,1994-01-19 13:32:18,2.31,30554.15,0,1.9925275,4532.833,0.123462625,1
24180060-e42d-a225-32eb-dad6cc00c2d0,24180060-e42d-a225-c525-9daced03801b,emergency,2017-05-03 16:42:58,0.042,146.18,0,0.33916527,937.06177,0.026601775,0
fe608780-f264-9374-b6bb-af9b76a50268,fe608780-f264-9374-7874-a1ca5d2f049d,emergency,1996-11-14 21:39:59,4.917,1025.09,0,0.15769733,1452.0135,0.07011705,0
81d2b3d7-864c-0de1-c85a-58699731bded,81d2b3d7-864c-0de1-e81a-192df41f66b1,emergency,2015-09-15 19:56:09,0.042,1010.66,0,0.32770297,1397.734,0.23898956,1
070d3271-e5a0-174f-1e3d-1942bc7b686b,070d3271-e5a0-174f-0a01-c66dfd8996f8,emergency,2015-04-30 15:00:32,0.042,146.18,0,0.15786943,431.94907,0.18349244,1
f2335b3f-15ec-cc65-b81c-7436a05bb935,f2335b3f-15ec-cc65-8324-8a41e61b78d1,emergency,2019-03-01 03:49:08,0.208,146.18,0,0.32979813,742.7155,0.01617242,0
a187afe9-10ef-4076-33e0-605ced48f10e,a187afe9-10ef-4076-e6fe-8f08a11c2d73,emergency,1958-08-19 20:00:23,0.063,7126.84,0,0.007704618,3207.1755,0.0018054389,0
a187afe9-10ef-4076-b1f1-fa736ecfa457,a187afe9-10ef-4076-e6fe-8f08a11c2d73,emergency,1954-04-09 20:00:23,0.077,4407.08,0,0.04319711,2597.03,0.0061345124,0
e505b835-ea5a-acd4-fde9-520e1a66a9cf,e505b835-ea5a-acd4-e7c6-b73c42d28df5,urgentcare,2007-10-14 14:47:20,0.01,1148.18,0,0.076795116,887.1581,0.004738568,0
6842050e-26e0-68aa-f006-9465e0f72e47,6842050e-26e0-68aa-2784-d792f7e2fbd3,urgentcare,2025-08-10 16:27:07,0.01,291.74,0,0.016023437,361.6286,3.3826494e-05,0
050d9cee-dd68-533c-5861-96d254a6f331,050d9cee-dd68-533c-cbec-cd7703b46b53,emergency,1997-09-28 15:18:32,0.042,146.18,0,0.08063952,344.17133,0.001394081,0
d0f9444c-7d4e-7b58-419f-739ffd7bb8fd,d0f9444c-7d4e-7b58-d75c-809f131df755,emergency,1991-07-12 08:40:55,0.042,87.71,0,0.09489162,494.97324,0.0039192066,0
050d9cee-dd68-533c-a9d8-fbe933c1a780,050d9cee-dd68-533c-cbec-cd7703b46b53,emergency,1997-08-15 15:18:32,0.042,10702.91,0,0.071772255,1466.3279,0.0016715586,0
d0f9444c-7d4e-7b58-42af-4c3627c90dd6,d0f9444c-7d4e-7b58-d75c-809f131df755,emergency,1990-08-02 08:40:55,0.042,146.18,0,0.09293182,1080.8474,0.007989945,0
050d9cee-dd68-533c-630d-100323264745,050d9cee-dd68-533c-cbec-cd7703b46b53,emergency,1997-04-10 15:18:32,0.042,87.71,0,0.07361962,408.4916,0.009238309,0
d0f9444c-7d4e-7b58-65f6-d7924dca4910,d0f9444c-7d4e-7b58-d75c-809f131df755,emergency,1990-02-04 08:40:55,0.042,20794.05,0,0.068236366,1136.3373,0.021832231,0
4ef6ae3c-7a16-89c5-d0a8-821163cc0268,4ef6ae3c-7a16-89c5-b08f-e7355578c54a,inpatient,1994-08-01 00:21:31,1.0,958.69,0,1.3640581,6267.4907,0.013929704,0
f2335b3f-15ec-cc65-dbbe-fd53c71787eb,f2335b3f-15ec-cc65-8324-8a41e61b78d1,urgentcare,2005-03-26 14:56:08,0.032,1007.06,0,0.29800507,317.60428,0.014011337,0
4ef6ae3c-7a16-89c5-f9fb-672fc70e2f2f,4ef6ae3c-7a16-89c5-b08f-e7355578c54a,inpatient,1988-08-19 18:42:26,1.0,11487.49,0,1.7006794,4631.514,0.07336601,0
45af71fa-3745-a0ab-d8f1-fc9ddff03f37,45af71fa-3745-a0ab-e052-9f332fcf981a,emergency,1990-09-11 11:26:06,0.042,87.71,0,0.596401,859.59717,0.107635655,1
45af71fa-3745-a0ab-b4ec-3f55319e19a7,45af71fa-3745-a0ab-e052-9f332fcf981a,emergency,1990-04-23 11:26:06,0.042,146.18,0,0.49772176,685.17303,0.12195551,1
f2335b3f-15ec-cc65-3273-bef85e1e1242,f2335b3f-15ec-cc65-8324-8a41e61b78d1,emergency,1991-04-07 14:56:08,0.042,87.71,0,0.103361666,397.72928,0.03902892,0
45af71fa-3745-a0ab-ad01-0a08b6183956,45af71fa-3745-a0ab-e052-9f332fcf981a,emergency,1990-03-10 11:26:06,0.042,5308.14,0,0.76416755,910.5539,0.4599988,1
f2335b3f-15ec-cc65-02b5-36da1528bef6,f2335b3f-15ec-cc65-8324-8a41e61b78d1,emergency,1990-12-03 14:56:08,0.042,5308.14,0,0.0499242,260.18164,0.043622535,0
f2335b3f-15ec-cc65-d763-75b7cf26abf9,f2335b3f-15ec-cc65-8324-8a41e61b78d1,emergency,1990-02-05 14:56:08,0.042,146.18,0,0.17401,279.90546,0.4567881,1
8ba59c1e-a0d3-343b-7ff7-bb4ac854e387,8ba59c1e-a0d3-343b-024a-a4a1330761cf,urgentcare,2025-06-09 17:06:54,0.01,291.74,0,0.03955726,228.90407,2.6295378e-05,0
e3827f66-ed30-7012-d853-fbb9dc7a1964,e3827f66-ed30-7012-465b-2ddd8680652a,urgentcare,2020-10-16 19:15:10,0.01,291.74,0,0.047224708,627.53656,0.00022992547,0
a890d187-bb81-ffd0-859e-1213ab5dd39e,a890d187-bb81-ffd0-2cdf-aeec12d89206,emergency,1951-07-25 18:57:37,0.121,17189.78,0,0.14038807,2852.9343,0.009046868,0
6842050e-26e0-68aa-9dc2-353e9bc173af,6842050e-26e0-68aa-2784-d792f7e2fbd3,urgentcare,2024-09-29 16:27:07,0.01,291.74,0,0.019265011,713.6658,4.2334646e-05,0
6842050e-26e0-68aa-52bb-ba6cf1e6278a,6842050e-26e0-68aa-2784-d792f7e2fbd3,urgentcare,2024-07-21 16:27:07,0.01,427.74,0,0.014265898,426.70758,2.2020777e-05,0
6842050e-26e0-68aa-b6b3-a774c2d4aa02,6842050e-26e0-68aa-2784-d792f7e2fbd3,urgentcare,2024-05-26 16:27:07,0.01,291.74,0,0.012414091,419.79758,2.495302e-05,0
6842050e-26e0-68aa-ff83-d9a22919ddf0,6842050e-26e0-68aa-2784-d792f7e2fbd3,urgentcare,2024-04-28 16:27:07,0.01,291.74,0,0.014359224,427.23572,1.9708512e-05,0
2442cd5f-46ce-5327-bd63-77b9b002708c,2442cd5f-46ce-5327-4751-03df511ab403,inpatient,2011-11-16 06:56:32,1.0,11022.01,0,1.9288434,17365.521,0.7711932,1
6842050e-26e0-68aa-85ac-30d955d11746,6842050e-26e0-68aa-2784-d792f7e2fbd3,urgentcare,2024-03-31 16:27:07,0.01,291.74,0,0.015707567,422.35562,2.1304422e-05,0
2442cd5f-46ce-5327-61d7-23d9cd61341c,2442cd5f-46ce-5327-4751-03df511ab403,emergency,2007-06-07 23:13:40,0.042,862.74,0,0.26784366,1268.6926,0.22144781,1
e3827f66-ed30-7012-558f-e77a08318ba5,e3827f66-ed30-7012-465b-2ddd8680652a,inpatient,1992-07-06 20:15:10,21.0,146.18,1,4.176227,443.14365,0.37700924,1
e3827f66-ed30-7012-82dc-30e43ff6939c,e3827f66-ed30-7012-465b-2ddd8680652a,emergency,1990-09-19 19:15:10,0.042,146.18,0,0.049869433,1059.6656,0.023293534,0
e3827f66-ed30-7012-cc9e-14bfe1d3ea4e,e3827f66-ed30-7012-465b-2ddd8680652a,emergency,1990-08-15 19:15:10,0.042,87.71,0,0.026791988,1063.1931,0.033763245,0
e3827f66-ed30-7012-6e0d-6c5989dabbb6,e3827f66-ed30-7012-465b-2ddd8680652a,emergency,1990-05-05 19:15:10,0.042,18389.95,0,0.20162793,1313.6019,0.465826,1
8ba59c1e-a0d3-343b-5173-9ae71228724c,8ba59c1e-a0d3-343b-024a-a4a1330761cf,urgentcare,2024-02-05 17:06:54,0.01,291.74,0,0.038743097,271.08432,1.6755519e-05,0
6842050e-26e0-68aa-ec9e-22377bad40cc,6842050e-26e0-68aa-2784-d792f7e2fbd3,urgentcare,2022-08-21 16:27:07,0.01,291.74,0,0.013903008,497.19397,4.4888635e-05,0
8ba59c1e-a0d3-343b-5d5b-c5511121f7cd,8ba59c1e-a0d3-343b-024a-a4a1330761cf,emergency,2023-03-27 17:06:54,0.042,146.18,0,0.1104096,801.4739,8.418938e-05,0
8ba59c1e-a0d3-343b-2ddf-8e52db01dbb8,8ba59c1e-a0d3-343b-024a-a4a1330761cf,urgentcare,2023-04-10 17:06:54,0.01,291.74,0,0.040512532,379.51984,1.2333691e-05,0
6842050e-26e0-68aa-c63d-fa88e044f7fd,6842050e-26e0-68aa-2784-d792f7e2fbd3,urgentcare,2022-05-29 16:27:07,0.01,291.74,0,0.017925967,522.7053,5.4744316e-05,0
6842050e-26e0-68aa-b02c-23ebee4c632f,6842050e-26e0-68aa-2784-d792f7e2fbd3,urgentcare,2022-01-23 16:27:07,0.01,291.74,0,0.0131375,526.36597,3.130411e-05,0
8ba59c1e-a0d3-343b-bb52-39a631710214,8ba59c1e-a0d3-343b-024a-a4a1330761cf,urgentcare,2022-07-25 17:06:54,0.01,291.74,0,0.056558173,811.322,0.00031204915,0
8ba59c1e-a0d3-343b-048b-d384c0270e1e,8ba59c1e-a0d3-343b-024a-a4a1330761cf,emergency,2021-06-14 17:06:54,0.042,295.34,0,0.034816228,503.34637,4.2398322e-05,0
6842050e-26e0-68aa-6e4e-6de764f8cafe,6842050e-26e0-68aa-2784-d792f7e2fbd3,urgentcare,2020-08-02 16:27:07,0.01,291.74,0,0.03225603,577.41,0.00030511932,0
6842050e-26e0-68aa-c82f-e81b6e83f493,6842050e-26e0-68aa-2784-d792f7e2fbd3,urgentcare,2021-02-28 16:27:07,0.01,427.74,0,0.0131375,508.54984,9.96997e-05,0
8ba59c1e-a0d3-343b-7f4d-ee1549123ff6,8ba59c1e-a0d3-343b-024a-a4a1330761cf,emergency,2021-05-17 17:06:54,0.042,295.34,0,0.035553418,499.56064,2.6166526e-05,0
6842050e-26e0-68aa-cb1b-da4412927fca,6842050e-26e0-68aa-2784-d792f7e2fbd3,urgentcare,2018-09-16 16:27:07,0.01,291.74,0,0.03084859,592.0565,0.00026036485,0
8ba59c1e-a0d3-343b-1af8-6fbd057e51d6,8ba59c1e-a0d3-343b-024a-a4a1330761cf,urgentcare,2021-05-03 17:06:54,0.01,291.74,0,0.016868515,485.2671,1.5075744e-05,0
8ba59c1e-a0d3-343b-809a-1957d35addec,8ba59c1e-a0d3-343b-024a-a4a1330761cf,emergency,2020-04-20 17:06:54,0.042,295.34,0,0.05845789,641.17566,9.1980204e-05,0
6842050e-26e0-68aa-32b6-fc2ec0568020,6842050e-26e0-68aa-2784-d792f7e2fbd3,urgentcare,1960-02-21 16:27:07,0.022,709.98,0,0.0,610.7809,0.0008883279,0
8ba59c1e-a0d3-343b-eb29-4ca96d9e0814,8ba59c1e-a0d3-343b-024a-a4a1330761cf,urgentcare,2019-12-09 17:06:54,0.01,291.74,0,0.033086196,512.16125,1.644e-05,0
8ba59c1e-a0d3-343b-8f2f-4f281aaad735,8ba59c1e-a0d3-343b-024a-a4a1330761cf,emergency,2019-09-02 17:06:54,0.042,295.34,0,0.059752285,545.4913,4.1573185e-05,0
8ba59c1e-a0d3-343b-e65c-7edd075bcc88,8ba59c1e-a0d3-343b-024a-a4a1330761cf,urgentcare,2019-07-01 17:06:54,0.01,291.74,0,0.041262973,797.1441,7.233624e-05,0
8ba59c1e-a0d3-343b-4626-ac4a4fbb5ab6,8ba59c1e-a0d3-343b-024a-a4a1330761cf,urgentcare,2016-09-12 17:06:54,0.033,1229.12,0,0.026163787,974.1992,0.0016613851,0
8ba59c1e-a0d3-343b-8d0b-61c4aec55b58,8ba59c1e-a0d3-343b-024a-a4a1330761cf,urgentcare,2016-06-20 17:06:54,0.039,1693.42,0,0.10410462,1058.1343,0.011045313,0
8ba59c1e-a0d3-343b-1624-9467bb6d125c,8ba59c1e-a0d3-343b-024a-a4a1330761cf,urgentcare,2016-11-14 17:06:54,0.01,291.74,0,0.028580518,580.75854,0.00029715392,0
8ba59c1e-a0d3-343b-0f97-90f7ad4a3e20,8ba59c1e-a0d3-343b-024a-a4a1330761cf,urgentcare,2017-02-20 17:06:54,0.01,291.74,0,0.035486713,524.93005,0.00012216142,0
8ba59c1e-a0d3-343b-ac6e-cd7017555b13,8ba59c1e-a0d3-343b-024a-a4a1330761cf,urgentcare,2019-02-04 17:06:54,0.01,291.74,0,0.032843895,501.85248,1.3220151e-05,0
8ba59c1e-a0d3-343b-7cc1-c40e1829dbbc,8ba59c1e-a0d3-343b-024a-a4a1330761cf,urgentcare,2019-03-04 17:06:54,0.01,291.74,0,0.034603287,507.9117,3.04471e-05,0
8ba59c1e-a0d3-343b-d415-56efc671d991,8ba59c1e-a0d3-343b-024a-a4a1330761cf,urgentcare,2012-10-01 17:06:54,0.037,1229.12,0,0.0,1008.51746,0.0003870359,0
8ba59c1e-a0d3-343b-e973-02f471d16235,8ba59c1e-a0d3-343b-024a-a4a1330761cf,inpatient,1979-01-01 18:54:52,1.0,970.44,0,0.8938099,1618.0511,0.0014623181,0
f2335b3f-15ec-cc65-a406-4194efb4f1c4,f2335b3f-15ec-cc65-8324-8a41e61b78d1,emergency,2025-08-05 17:45:22,0.292,146.18,0,0.23087569,423.9358,0.030826403,0
a187afe9-10ef-4076-5543-bd5085103f42,a187afe9-10ef-4076-e6fe-8f08a11c2d73,emergency,2003-02-12 20:34:42,0.042,6280.77,0,0.22279528,2026.785,0.17661303,1
a187afe9-10ef-4076-dc72-a892bad06bb0,a187afe9-10ef-4076-e6fe-8f08a11c2d73,inpatient,2003-02-12 20:34:42,2.005,4150.36,0,5.328882,4064.7258,0.97797877,1
0fb9d628-c4ce-13cf-0ec6-c3b54b50600b,0fb9d628-c4ce-13cf-78a0-06f956c71d97,emergency,2026-04-10 02:39:41,0.042,18646.41,0,0.08997129,1259.23,0.007447911,0
fd375ff4-0ce5-c9be-82fc-57d5d758c2df,fd375ff4-0ce5-c9be-e825-31a460ccd2a8,emergency,2023-05-27 14:17:49,0.042,2151.82,0,0.09151063,1771.2053,0.0378761,0
5e6cdfaf-7f10-8ce8-7455-43b6bc4da0ed,5e6cdfaf-7f10-8ce8-02d9-2abbd4a606d7,urgentcare,2026-01-08 10:45:31,0.039,1013.42,0,0.0,1145.6764,0.00035815674,0
fd375ff4-0ce5-c9be-6b09-9752229a457c,fd375ff4-0ce5-c9be-e825-31a460ccd2a8,emergency,2022-06-11 14:17:49,0.042,6466.86,0,0.22026266,1791.6288,0.377482,1
f86b5cdd-1fd7-03ed-be57-9c5282156bdc,f86b5cdd-1fd7-03ed-ae41-8556709b64d1,inpatient,2024-08-30 09:06:18,2.275,7867.95,0,2.9784248,6278.2607,0.1216544,1
fe608780-f264-9374-a7a4-7b678a450a18,fe608780-f264-9374-7874-a1ca5d2f049d,inpatient,2024-10-08 08:35:27,5.183,53092.96,0,1.9620465,18720.29,0.007105273,0
fe608780-f264-9374-ee75-d5ad35090416,fe608780-f264-9374-7874-a1ca5d2f049d,inpatient,2024-10-13 12:43:32,1.0,1871.78,0,2.1193554,16641.502,0.008726753,0
fe608780-f264-9374-0f57-32d2b9b1d94e,fe608780-f264-9374-7874-a1ca5d2f049d,urgentcare,2026-07-03 21:39:59,0.01,573.98,0,0.07637581,1314.4491,0.0045285695,0
d519e4af-2be2-0832-7b60-d2ab8a5e9697,d519e4af-2be2-0832-d895-8c8be8f18033,inpatient,2018-12-24 07:03:10,1.201,8643.22,0,3.8353562,1808.3378,0.052781854,0
6842050e-26e0-68aa-f3c0-04a5fee61b63,6842050e-26e0-68aa-2784-d792f7e2fbd3,urgentcare,2026-07-26 16:27:07,0.032,1434.88,0,0.054306503,915.70654,0.00022540752,0
8ba59c1e-a0d3-343b-e560-5629b93068fd,8ba59c1e-a0d3-343b-024a-a4a1330761cf,urgentcare,2026-07-20 17:06:54,0.01,998.88,0,0.08762981,397.46622,3.3495955e-05,0
fbcdea27-b0ae-550c-5523-2a21a9993828,fbcdea27-b0ae-550c-3871-3c8c1ced4b9d,emergency,2021-03-05 20:48:05,0.042,4624.83,0,0.07269532,2320.3489,0.1685013,1
6842050e-26e0-68aa-2c69-e3cdeeb4ae61,6842050e-26e0-68aa-2784-d792f7e2fbd3,urgentcare,2026-05-31 16:27:07,0.025,797.72,0,0.025169097,915.166,0.00058849604,0
070d3271-e5a0-174f-62c2-8e2b080e29b8,070d3271-e5a0-174f-0a01-c66dfd8996f8,inpatient,2020-12-24 14:43:47,1.652,21507.34,0,2.353673,2717.8926,0.5721406,1
6842050e-26e0-68aa-5478-90cdc34363a8,6842050e-26e0-68aa-2784-d792f7e2fbd3,urgentcare,2026-03-01 16:27:07,0.025,797.72,0,0.024020959,896.34283,7.5501215e-05,0
8ba59c1e-a0d3-343b-58a9-f4800490084f,8ba59c1e-a0d3-343b-024a-a4a1330761cf,urgentcare,2026-05-11 17:06:54,0.01,1151.39,0,0.040512532,188.57602,2.0462932e-05,0
050d9cee-dd68-533c-e715-4d01ce33ee33,050d9cee-dd68-533c-cbec-cd7703b46b53,urgentcare,2020-04-29 15:18:32,0.025,655.36,0,0.033778638,977.55304,0.0010935471,0
0dee4486-e712-9af4-3875-959f3d62e0cc,0dee4486-e712-9af4-e6d2-47c6ca35224c,emergency,2017-04-25 07:29:11,0.042,3255.41,0,0.06972823,990.97675,0.005116653,0
6e0920b9-a44a-29bf-7afb-2913d10a6974,6e0920b9-a44a-29bf-42c7-3000b475f29b,urgentcare,2022-03-24 07:06:37,0.01,573.98,0,0.0050797784,1241.7726,0.002199165,0
2442cd5f-46ce-5327-1c72-d3e3dc3f67aa,2442cd5f-46ce-5327-4751-03df511ab403,inpatient,2024-01-26 00:09:51,1.0,577.58,0,3.0491645,9118.435,0.1235347,1
2442cd5f-46ce-5327-0c3e-4d9384e0beea,2442cd5f-46ce-5327-4751-03df511ab403,inpatient,2024-02-08 09:20:32,2.098,22484.49,0,2.0589218,5837.9487,0.00089072686,0
8ba59c1e-a0d3-343b-4d79-296dce090f65,8ba59c1e-a0d3-343b-024a-a4a1330761cf,urgentcare,2026-03-23 17:06:54,0.017,723.14,0,0.044304557,303.08887,3.9636172e-05,0
6842050e-26e0-68aa-a96b-577eb08e814f,6842050e-26e0-68aa-2784-d792f7e2fbd3,urgentcare,2026-01-04 16:27:07,0.01,507.44,0,0.015256323,364.08658,1.9118193e-05,0
8ba59c1e-a0d3-343b-74cd-432777a8344f,8ba59c1e-a0d3-343b-024a-a4a1330761cf,urgentcare,2026-03-09 17:06:54,0.01,938.84,0,0.040512532,188.98994,1.8344923e-05,0
45af71fa-3745-a0ab-f37c-03585247b4cc,45af71fa-3745-a0ab-e052-9f332fcf981a,urgentcare,2019-11-14 11:26:06,0.03,784.56,0,0.11110533,596.41187,0.0018490597,0
8ba59c1e-a0d3-343b-319f-539fa10836a7,8ba59c1e-a0d3-343b-024a-a4a1330761cf,urgentcare,2026-02-02 17:06:54,0.036,797.72,0,0.03877238,187.1751,1.2438809e-05,0
8ba59c1e-a0d3-343b-e55b-91dc0e8e93a5,8ba59c1e-a0d3-343b-024a-a4a1330761cf,urgentcare,2026-02-09 17:06:54,0.014,723.14,0,0.03877238,191.97063,1.2438809e-05,0
6842050e-26e0-68aa-1eed-be59ee146901,6842050e-26e0-68aa-2784-d792f7e2fbd3,urgentcare,2025-10-05 16:27:07,0.01,507.44,0,0.026094908,935.4587,0.00024277225,0
a890d187-bb81-ffd0-b58b-c88c770b143a,a890d187-bb81-ffd0-2cdf-aeec12d89206,inpatient,2019-01-29 21:21:53,10.339,91383.3,1,1.5260216,8299.379,0.05520507,0
a890d187-bb81-ffd0-5373-3320ba181a2a,a890d187-bb81-ffd0-2cdf-aeec12d89206,inpatient,2019-02-09 05:15:09,1.0,1871.78,0,0.79216385,4176.5874,0.0013248433,0
8ba59c1e-a0d3-343b-cd88-e07dd8652575,8ba59c1e-a0d3-343b-024a-a4a1330761cf,urgentcare,2025-12-15 17:06:54,0.01,573.62,0,0.039061073,184.91248,9.133052e-06,0
6842050e-26e0-68aa-ff09-6b378b879991,6842050e-26e0-68aa-2784-d792f7e2fbd3,urgentcare,2025-09-07 16:27:07,0.01,721.3,0,0.017535787,367.06424,2.3092016e-05,0
8ba59c1e-a0d3-343b-be16-ec35f53cea1b,8ba59c1e-a0d3-343b-024a-a4a1330761cf,emergency,2025-11-10 17:06:54,0.042,1232.72,0,0.071661845,203.23846,2.8531678e-05,0
8ba59c1e-a0d3-343b-39b5-fb22f1efa763,8ba59c1e-a0d3-343b-024a-a4a1330761cf,emergency,2025-11-17 17:06:54,0.042,511.04,0,0.071661845,203.23846,2.8531678e-05,0
2442cd5f-46ce-5327-16e6-3c2c7a5c3d78,2442cd5f-46ce-5327-4751-03df511ab403,urgentcare,2022-05-05 23:13:40,0.01,507.44,0,0.018016364,539.43176,0.00022854676,0
2442cd5f-46ce-5327-b3fa-667dcc4fc86a,2442cd5f-46ce-5327-4751-03df511ab403,urgentcare,2022-04-07 23:13:40,0.01,507.44,0,0.01670244,574.7543,0.00029754682,0
6842050e-26e0-68aa-84cb-798a08f94694,6842050e-26e0-68aa-2784-d792f7e2fbd3,urgentcare,2025-03-02 16:27:07,0.033,797.72,0,0.024305541,900.659,4.9381753e-05,0
6842050e-26e0-68aa-86aa-e867bd411abc,6842050e-26e0-68aa-2784-d792f7e2fbd3,urgentcare,2025-03-09 16:27:07,0.01,1008.71,0,0.017029801,342.63565,1.9974417e-05,0
6842050e-26e0-68aa-1fbc-faf6a0584162,6842050e-26e0-68aa-2784-d792f7e2fbd3,urgentcare,2025-02-09 16:27:07,0.029,1027.29,0,0.019716399,890.85236,0.0001235051,0
8ba59c1e-a0d3-343b-c884-9e93a68c5979,8ba59c1e-a0d3-343b-024a-a4a1330761cf,urgentcare,2025-07-28 17:06:54,0.01,1331.15,0,0.03955726,228.90407,1.7610113e-05,0
8ba59c1e-a0d3-343b-9a12-9419ec21c767,8ba59c1e-a0d3-343b-024a-a4a1330761cf,urgentcare,2025-07-14 17:06:54,0.01,1585.94,0,0.03955726,230.18665,1.7610113e-05,0
6842050e-26e0-68aa-49a4-0301060e26a2,6842050e-26e0-68aa-2784-d792f7e2fbd3,emergency,2024-12-01 16:27:07,0.042,801.32,0,0.075600415,721.52655,9.937318e-05,0
6842050e-26e0-68aa-6a5e-90b7ac22edff,6842050e-26e0-68aa-2784-d792f7e2fbd3,urgentcare,2024-12-08 16:27:07,0.01,664.82,0,0.01855905,366.30597,1.6322772e-05,0
6842050e-26e0-68aa-f1f5-09ba35444eea,6842050e-26e0-68aa-2784-d792f7e2fbd3,urgentcare,2024-11-17 16:27:07,0.025,1013.42,0,0.015563908,433.1187,1.72042e-05,0
6842050e-26e0-68aa-29d7-d2cbf4c179a8,6842050e-26e0-68aa-2784-d792f7e2fbd3,urgentcare,2024-10-13 16:27:07,0.01,578.43,0,0.017997181,425.5784,2.2485025e-05,0
8ba59c1e-a0d3-343b-0341-4c1b13590422,8ba59c1e-a0d3-343b-024a-a4a1330761cf,urgentcare,2025-05-05 17:06:54,0.038,797.72,0,0.09029163,490.69324,6.1149105e-05,0
6842050e-26e0-68aa-85b0-d03108a50cdd,6842050e-26e0-68aa-2784-d792f7e2fbd3,urgentcare,2024-08-18 16:27:07,0.01,1104.03,0,0.014265898,426.70758,2.2020777e-05,0
6842050e-26e0-68aa-2fdd-ab518b8964ea,6842050e-26e0-68aa-2784-d792f7e2fbd3,urgentcare,2024-07-28 16:27:07,0.038,797.72,0,0.014265898,426.70758,2.2020777e-05,0
6842050e-26e0-68aa-0104-2cd3c11cedab,6842050e-26e0-68aa-2784-d792f7e2fbd3,emergency,2024-08-04 16:27:07,0.042,633.9,0,0.054791674,463.17944,5.994198e-05,0
8ba59c1e-a0d3-343b-52fc-b17822e150f3,8ba59c1e-a0d3-343b-024a-a4a1330761cf,urgentcare,2025-01-06 17:06:54,0.011,938.84,0,0.03877238,224.23016,1.1857627e-05,0
6842050e-26e0-68aa-f78a-24c7d2570262,6842050e-26e0-68aa-2784-d792f7e2fbd3,emergency,2024-06-16 16:27:07,0.042,1241.1,0,0.045381613,463.15817,5.799623e-05,0
6842050e-26e0-68aa-d4e0-4cc0370c384c,6842050e-26e0-68aa-2784-d792f7e2fbd3,emergency,2024-05-05 16:27:07,0.042,801.32,0,0.04612633,471.04755,4.293217e-05,0
6842050e-26e0-68aa-58f7-1f171eafb176,6842050e-26e0-68aa-2784-d792f7e2fbd3,emergency,2024-05-12 16:27:07,0.042,511.04,0,0.04612633,471.04755,4.293217e-05,0
6842050e-26e0-68aa-397a-486d5ca44e64,6842050e-26e0-68aa-2784-d792f7e2fbd3,emergency,2024-03-24 16:27:07,0.042,1127.79,0,0.055543095,470.74805,4.222063e-05,0
6842050e-26e0-68aa-cabc-0717da498ae1,6842050e-26e0-68aa-2784-d792f7e2fbd3,emergency,2024-03-03 16:27:07,0.042,533.97,0,0.055543095,470.74805,4.222063e-05,0
8ba59c1e-a0d3-343b-b67f-d5bb70b02738,8ba59c1e-a0d3-343b-024a-a4a1330761cf,urgentcare,2024-09-16 17:06:54,0.01,507.44,0,0.03954811,261.62793,1.2104013e-05,0
8ba59c1e-a0d3-343b-07ac-f2d56912a1f9,8ba59c1e-a0d3-343b-024a-a4a1330761cf,urgentcare,2024-08-05 17:06:54,0.027,1229.12,0,0.043851152,503.979,4.5929122e-05,0
8ba59c1e-a0d3-343b-f5b7-fd109216c5a4,8ba59c1e-a0d3-343b-024a-a4a1330761cf,urgentcare,2024-05-20 17:06:54,0.01,507.44,0,0.040512532,286.37433,1.6816317e-05,0
6842050e-26e0-68aa-8805-66baa93308d2,6842050e-26e0-68aa-2784-d792f7e2fbd3,urgentcare,2023-10-08 16:27:07,0.026,1505.53,0,0.019265011,684.02814,4.3823085e-05,0
6842050e-26e0-68aa-7730-90d9a3a7a46a,6842050e-26e0-68aa-2784-d792f7e2fbd3,urgentcare,2023-07-16 16:27:07,0.025,1013.42,0,0.018930951,823.91595,9.786115e-05,0
6842050e-26e0-68aa-4516-06edaa935369,6842050e-26e0-68aa-2784-d792f7e2fbd3,urgentcare,2023-06-11 16:27:07,0.033,797.72,0,0.030742662,928.39264,0.00012705819,0
8ba59c1e-a0d3-343b-675e-87fed144ed6e,8ba59c1e-a0d3-343b-024a-a4a1330761cf,urgentcare,2023-12-18 17:06:54,0.01,507.44,0,0.03898678,293.01434,1.32339255e-05,0
8ba59c1e-a0d3-343b-3cf1-755870cfb4b0,8ba59c1e-a0d3-343b-024a-a4a1330761cf,urgentcare,2023-11-06 17:06:54,0.01,811.11,0,0.039259285,321.7344,1.969382e-05,0
8ba59c1e-a0d3-343b-fbed-856f98043411,8ba59c1e-a0d3-343b-024a-a4a1330761cf,urgentcare,2023-07-31 17:06:54,0.01,847.02,0,0.04356114,476.82098,3.218159e-05,0
6842050e-26e0-68aa-b9d1-a67d2d9f17cc,6842050e-26e0-68aa-2784-d792f7e2fbd3,urgentcare,2022-08-14 16:27:07,0.021,1088.0,0,0.017782532,902.53937,0.0003693318,0
8ba59c1e-a0d3-343b-6081-011775d76584,8ba59c1e-a0d3-343b-024a-a4a1330761cf,urgentcare,2022-08-22 17:06:54,0.016,723.14,0,0.03977181,481.37643,1.4037138e-05,0
8ba59c1e-a0d3-343b-76a1-472598538956,8ba59c1e-a0d3-343b-024a-a4a1330761cf,urgentcare,2022-09-19 17:06:54,0.01,805.5,0,0.039259285,500.69473,2.065907e-05,0
6842050e-26e0-68aa-bd16-ebd08bc86a7d,6842050e-26e0-68aa-2784-d792f7e2fbd3,urgentcare,2021-11-21 16:27:07,0.024,797.72,0,0.0236601,977.5736,0.00029792296,0
8ba59c1e-a0d3-343b-e8f1-2db31c00d30d,8ba59c1e-a0d3-343b-024a-a4a1330761cf,urgentcare,2022-08-08 17:06:54,0.01,515.52,0,0.04356114,608.21185,4.660968e-05,0
8ba59c1e-a0d3-343b-d647-dea1a1651fcb,8ba59c1e-a0d3-343b-024a-a4a1330761cf,urgentcare,2022-06-06 17:06:54,0.03,1229.12,0,0.04721025,788.9363,3.986825e-05,0
8ba59c1e-a0d3-343b-1d89-00101a763c5e,8ba59c1e-a0d3-343b-024a-a4a1330761cf,urgentcare,2022-03-28 17:06:54,0.014,723.14,0,0.04026849,472.82007,2.12912e-05,0
8ba59c1e-a0d3-343b-0047-b38414ad98df,8ba59c1e-a0d3-343b-024a-a4a1330761cf,urgentcare,2022-02-14 17:06:54,0.014,723.14,0,0.039031778,469.86526,1.2302562e-05,0
8ba59c1e-a0d3-343b-4e7e-f3de3f4905fd,8ba59c1e-a0d3-343b-024a-a4a1330761cf,urgentcare,2022-02-21 17:06:54,0.038,797.72,0,0.039031778,469.86526,1.2302562e-05,0
8ba59c1e-a0d3-343b-2e7a-b45f3404f40b,8ba59c1e-a0d3-343b-024a-a4a1330761cf,urgentcare,2021-10-18 17:06:54,0.016,1310.79,0,0.037566766,485.8831,2.065907e-05,0
8ba59c1e-a0d3-343b-a045-814fba80e57b,8ba59c1e-a0d3-343b-024a-a4a1330761cf,emergency,2021-09-20 17:06:54,0.042,726.74,0,0.056631997,515.4718,3.372899e-05,0
8ba59c1e-a0d3-343b-f709-8e5ad125f785,8ba59c1e-a0d3-343b-024a-a4a1330761cf,urgentcare,2021-08-30 17:06:54,0.027,1229.12,0,0.038078453,467.13513,1.4037138e-05,0
6842050e-26e0-68aa-fe10-9739367bd2ec,6842050e-26e0-68aa-2784-d792f7e2fbd3,urgentcare,2020-11-08 16:27:07,0.01,507.44,0,0.031202978,561.5945,0.00014500666,0
8ba59c1e-a0d3-343b-807a-fcac8e2d0cbc,8ba59c1e-a0d3-343b-024a-a4a1330761cf,urgentcare,2021-08-09 17:06:54,0.01,507.44,0,0.038078453,478.69275,2.0960257e-05,0
8ba59c1e-a0d3-343b-d0d7-78b6de85e1de,8ba59c1e-a0d3-343b-024a-a4a1330761cf,urgentcare,2021-07-26 17:06:54,0.01,870.73,0,0.038078453,467.13513,1.4037138e-05,0
8ba59c1e-a0d3-343b-e95d-75e287bc4787,8ba59c1e-a0d3-343b-024a-a4a1330761cf,emergency,2021-07-12 17:06:54,0.042,1158.14,0,0.08053529,619.9906,0.00012219149,0
8ba59c1e-a0d3-343b-a139-3ab04c761c2a,8ba59c1e-a0d3-343b-024a-a4a1330761cf,emergency,2021-06-21 17:06:54,0.042,1232.72,0,0.05715309,503.34637,4.2398322e-05,0
8ba59c1e-a0d3-343b-304f-4a512681ccea,8ba59c1e-a0d3-343b-024a-a4a1330761cf,emergency,2021-05-31 17:06:54,0.042,1147.69,0,0.035553418,511.9188,3.2847103e-05,0
6842050e-26e0-68aa-3593-2d5ccd1ed21e,6842050e-26e0-68aa-2784-d792f7e2fbd3,urgentcare,2018-09-09 16:27:07,0.034,1660.52,0,0.04020861,987.4242,0.0021196464,0
8ba59c1e-a0d3-343b-132c-2567561277cb,8ba59c1e-a0d3-343b-024a-a4a1330761cf,emergency,2021-04-05 17:06:54,0.042,726.74,0,0.035553418,511.9188,3.2847103e-05,0
6842050e-26e0-68aa-58e5-41bd468b4362,6842050e-26e0-68aa-2784-d792f7e2fbd3,urgentcare,2018-07-22 16:27:07,0.01,643.44,0,0.029256733,621.83984,0.00037764243,0
8ba59c1e-a0d3-343b-ac3b-fea91d0ddf22,8ba59c1e-a0d3-343b-024a-a4a1330761cf,emergency,2021-03-08 17:06:54,0.042,873.05,0,0.035553418,511.9188,3.2847103e-05,0
6842050e-26e0-68aa-33eb-69148b1700f8,6842050e-26e0-68aa-2784-d792f7e2fbd3,urgentcare,2018-06-24 16:27:07,0.01,1154.54,0,0.026329359,631.0451,0.0003089248,0
8ba59c1e-a0d3-343b-13a9-6e3cc37c8b13,8ba59c1e-a0d3-343b-024a-a4a1330761cf,emergency,2021-02-22 17:06:54,0.042,704.41,0,0.03470019,513.40924,3.2648702e-05,0
8ba59c1e-a0d3-343b-0414-ab3cd716d344,8ba59c1e-a0d3-343b-024a-a4a1330761cf,urgentcare,2020-11-16 17:06:54,0.01,724.18,0,0.019106068,610.2059,4.96404e-05,0
8ba59c1e-a0d3-343b-51b3-7a705417a7ff,8ba59c1e-a0d3-343b-024a-a4a1330761cf,urgentcare,2020-11-02 17:06:54,0.01,507.44,0,0.015643738,489.60983,1.969382e-05,0
8ba59c1e-a0d3-343b-6467-269072a4fa7a,8ba59c1e-a0d3-343b-024a-a4a1330761cf,urgentcare,2020-09-14 17:06:54,0.01,507.44,0,0.019345142,618.16565,4.1279658e-05,0
8ba59c1e-a0d3-343b-f938-4f6a514e9c1c,8ba59c1e-a0d3-343b-024a-a4a1330761cf,urgentcare,2020-07-13 17:06:54,0.041,1496.42,0,0.016144628,477.47308,2.160941e-05,0
8ba59c1e-a0d3-343b-1695-5fb1e84b4a18,8ba59c1e-a0d3-343b-024a-a4a1330761cf,urgentcare,2020-05-04 17:06:54,0.01,507.44,0,0.016868515,490.90286,1.5075744e-05,0
8ba59c1e-a0d3-343b-b3f3-b3dc4e5792de,8ba59c1e-a0d3-343b-024a-a4a1330761cf,emergency,2019-11-04 17:06:54,0.042,1017.02,0,0.06091039,550.72687,4.6062203e-05,0
8ba59c1e-a0d3-343b-da4b-3737939aa268,8ba59c1e-a0d3-343b-024a-a4a1330761cf,urgentcare,2019-09-30 17:06:54,0.021,938.84,0,0.033357147,517.2016,1.9522013e-05,0
8ba59c1e-a0d3-343b-efae-090d3008646e,8ba59c1e-a0d3-343b-024a-a4a1330761cf,urgentcare,2019-07-22 17:06:54,0.032,814.08,0,0.03654678,615.88586,4.8935563e-05,0
8ba59c1e-a0d3-343b-b77b-482905b60124,8ba59c1e-a0d3-343b-024a-a4a1330761cf,urgentcare,2019-06-10 17:06:54,0.018,723.14,0,0.03386677,498.76025,3.1904376e-05,0
8ba59c1e-a0d3-343b-3f73-cc986cded3ea,8ba59c1e-a0d3-343b-024a-a4a1330761cf,urgentcare,2017-08-14 17:06:54,0.011,723.14,0,0.033149704,502.70514,0.00025257462,0
8ba59c1e-a0d3-343b-df2d-97981d6a1092,8ba59c1e-a0d3-343b-024a-a4a1330761cf,urgentcare,2016-09-19 17:06:54,0.01,544.16,0,0.023617204,622.42224,0.00036729424,0
8ba59c1e-a0d3-343b-d794-704a648bdd69,8ba59c1e-a0d3-343b-024a-a4a1330761cf,urgentcare,2016-12-12 17:06:54,0.01,817.36,0,0.024749776,584.42706,0.00015975937,0
8ba59c1e-a0d3-343b-be5b-4cf2166f6e01,8ba59c1e-a0d3-343b-024a-a4a1330761cf,emergency,2017-02-06 17:06:54,0.042,715.83,0,0.05416795,546.29443,0.00043691686,0
8ba59c1e-a0d3-343b-b391-8a597e7a1dcf,8ba59c1e-a0d3-343b-024a-a4a1330761cf,urgentcare,2017-11-06 17:06:54,0.037,1229.12,0,0.041272495,848.20844,0.00029088793,0
8ba59c1e-a0d3-343b-edbd-12f7c6b1d537,8ba59c1e-a0d3-343b-024a-a4a1330761cf,urgentcare,2017-11-13 17:06:54,0.01,860.17,0,0.03264045,517.4391,9.382012e-05,0
8ba59c1e-a0d3-343b-472a-b551dc066d8d,8ba59c1e-a0d3-343b-024a-a4a1330761cf,urgentcare,2017-12-11 17:06:54,0.017,1482.75,0,0.03261186,523.78723,4.9118087e-05,0
8ba59c1e-a0d3-343b-dc32-80af6f5e0c7f,8ba59c1e-a0d3-343b-024a-a4a1330761cf,urgentcare,2018-01-15 17:06:54,0.021,938.84,0,0.03261186,514.28125,3.3965556e-05,0
8ba59c1e-a0d3-343b-bb71-f91c6ffe9453,8ba59c1e-a0d3-343b-024a-a4a1330761cf,emergency,2018-01-29 17:06:54,0.042,726.74,0,0.06938329,648.874,0.0003138022,0
8ba59c1e-a0d3-343b-12c7-cb6cb31a13e0,8ba59c1e-a0d3-343b-024a-a4a1330761cf,urgentcare,2018-04-09 17:06:54,0.01,1154.54,0,0.034128264,519.853,3.031111e-05,0
8ba59c1e-a0d3-343b-159e-56759ff24acb,8ba59c1e-a0d3-343b-024a-a4a1330761cf,urgentcare,2018-05-21 17:06:54,0.035,1013.42,0,0.034128264,510.7779,5.16595e-05,0
8ba59c1e-a0d3-343b-ef45-b707a2be0be9,8ba59c1e-a0d3-343b-024a-a4a1330761cf,urgentcare,2018-11-05 17:06:54,0.011,723.14,0,0.03288269,519.26025,2.7449145e-05,0
8ba59c1e-a0d3-343b-e619-083038e7f9e4,8ba59c1e-a0d3-343b-024a-a4a1330761cf,urgentcare,2018-12-10 17:06:54,0.024,797.72,0,0.033072803,515.05133,2.015824e-05,0
8ba59c1e-a0d3-343b-2687-1b3a66c513bd,8ba59c1e-a0d3-343b-024a-a4a1330761cf,urgentcare,2018-12-31 17:06:54,0.01,723.14,0,0.033086196,515.05133,1.7215689e-05,0
8ba59c1e-a0d3-343b-9734-f1907a9a275d,8ba59c1e-a0d3-343b-024a-a4a1330761cf,emergency,2019-12-23 17:06:54,0.042,511.04,0,0.08409133,646.64545,9.8229895e-05,0
8ba59c1e-a0d3-343b-57ae-72bffab473e0,8ba59c1e-a0d3-343b-024a-a4a1330761cf,emergency,2020-01-20 17:06:54,0.042,1393.85,0,0.056905825,642.4204,8.074365e-05,0
8ba59c1e-a0d3-343b-eabf-c2f6862c9683,8ba59c1e-a0d3-343b-024a-a4a1330761cf,emergency,2020-02-17 17:06:54,0.042,726.74,0,0.056905825,647.85156,8.074365e-05,0
8ba59c1e-a0d3-343b-25a2-001e960c9b39,8ba59c1e-a0d3-343b-024a-a4a1330761cf,urgentcare,2021-11-15 17:06:54,0.011,723.14,0,0.037566766,485.8831,2.065907e-05,0
8ba59c1e-a0d3-343b-4a09-193a647d20b1,8ba59c1e-a0d3-343b-024a-a4a1330761cf,urgentcare,2022-01-03 17:06:54,0.01,507.44,0,0.03927553,472.64114,9.7168595e-06,0
8ba59c1e-a0d3-343b-1185-ff3eb2b435f9,8ba59c1e-a0d3-343b-024a-a4a1330761cf,urgentcare,2023-02-06 17:06:54,0.022,2091.92,0,0.046419602,768.57306,2.090831e-05,0
8ba59c1e-a0d3-343b-c237-6f1026cf7c47,8ba59c1e-a0d3-343b-024a-a4a1330761cf,urgentcare,2023-05-08 17:06:54,0.036,1229.12,0,0.04926492,695.7291,0.00012132894,0
d0f9444c-7d4e-7b58-af8b-2771cf703ce1,d0f9444c-7d4e-7b58-d75c-809f131df755,inpatient,2026-08-02 18:01:50,2.0,146.18,0,4.7755237,12344.409,0.93121624,1
0dee4486-e712-9af4-4dc4-4fe4b52f73bc,0dee4486-e712-9af4-e6d2-47c6ca35224c,inpatient,2026-08-18 19:44:16,2.0,146.18,0,4.1044073,241.14963,0.82044524,1
a890d187-bb81-ffd0-3c04-f7e422620162,a890d187-bb81-ffd0-2cdf-aeec12d89206,inpatient,2026-07-21 06:51:50,19.0,146.18,1,3.0522454,1135.6423,0.19777332,1
6e0920b9-a44a-29bf-cacb-d1b470ba44db,6e0920b9-a44a-29bf-42c7-3000b475f29b,urgentcare,2025-07-03 07:06:37,0.01,149.38,0,0.08652883,671.2153,0.0011065876,0
050d9cee-dd68-533c-8a28-97577814629a,050d9cee-dd68-533c-cbec-cd7703b46b53,inpatient,2026-04-15 04:31:59,3.0,146.18,0,4.0719624,270.5867,0.20749295,1
050d9cee-dd68-533c-3e53-1d5b657faab4,050d9cee-dd68-533c-cbec-cd7703b46b53,inpatient,2025-03-28 21:31:59,11.0,146.18,1,4.5277762,217.4604,0.765382,1
0dee4486-e712-9af4-f287-96c15a207f6f,0dee4486-e712-9af4-e6d2-47c6ca35224c,inpatient,2022-10-22 10:01:35,1.0,146.18,0,2.5737033,467.3477,0.27053052,1
050d9cee-dd68-533c-8ea6-75d609a4a7ab,050d9cee-dd68-533c-cbec-cd7703b46b53,inpatient,2023-01-19 08:47:57,17.0,146.18,1,4.403295,705.43567,0.8438137,1
45af71fa-3745-a0ab-5caa-716c5795760a,45af71fa-3745-a0ab-e052-9f332fcf981a,inpatient,2023-03-10 07:44:54,2.0,146.18,0,4.0112443,683.56287,0.8421321,1
0dee4486-e712-9af4-79d0-2738648ab564,0dee4486-e712-9af4-e6d2-47c6ca35224c,inpatient,2020-12-18 02:07:25,3.0,146.18,0,4.5698414,343.0777,0.8740374,1
45af71fa-3745-a0ab-13e8-ae2c2dde611e,45af71fa-3745-a0ab-e052-9f332fcf981a,inpatient,2021-05-05 01:07:34,5.0,146.18,0,2.932625,2363.5825,0.6345817,1
0dee4486-e712-9af4-44b5-c3e54305cf20,0dee4486-e712-9af4-e6d2-47c6ca35224c,emergency,2016-01-11 22:56:30,0.083,146.18,0,0.02986207,2079.0916,0.0073442617,0
050d9cee-dd68-533c-ad27-4bc6add69f17,050d9cee-dd68-533c-cbec-cd7703b46b53,emergency,2016-08-02 21:04:06,0.458,146.18,0,0.13934769,361.2211,0.005324692,0
45af71fa-3745-a0ab-2087-89a7206e0347,45af71fa-3745-a0ab-e052-9f332fcf981a,inpatient,2019-03-28 11:26:06,4.0,146.18,0,4.133418,4276.5205,0.8732,1
8ba59c1e-a0d3-343b-4b9b-604c07e8d8fe,8ba59c1e-a0d3-343b-024a-a4a1330761cf,urgentcare,2026-01-26 17:06:54,0.01,291.74,0,0.03877238,187.1751,1.2438809e-05,0
6842050e-26e0-68aa-bd80-6f83b3fbf270,6842050e-26e0-68aa-2784-d792f7e2fbd3,urgentcare,2025-11-09 16:27:07,0.01,291.74,0,0.017535787,367.06424,2.3092016e-05,0
8ba59c1e-a0d3-343b-6081-fdf62b9bf0f0,8ba59c1e-a0d3-343b-024a-a4a1330761cf,urgentcare,2026-01-12 17:06:54,0.01,291.74,0,0.03877238,186.76512,1.5351296e-05,0
d0f9444c-7d4e-7b58-f771-a00f70e6455e,d0f9444c-7d4e-7b58-d75c-809f131df755,inpatient,2017-11-22 20:40:14,9.0,146.18,1,3.4686024,95.82171,0.078682676,1
f2335b3f-15ec-cc65-e912-5554abb1ece6,f2335b3f-15ec-cc65-8324-8a41e61b78d1,inpatient,2019-04-19 08:49:08,1.0,146.18,0,4.725286,1516.7917,0.85738707,1
d0f9444c-7d4e-7b58-759c-b579cbbacc2d,d0f9444c-7d4e-7b58-d75c-809f131df755,emergency,1995-07-09 14:14:47,0.042,146.18,0,0.12443687,390.52014,0.032734867,0
8ba59c1e-a0d3-343b-ea3c-bf39b85383c2,8ba59c1e-a0d3-343b-024a-a4a1330761cf,emergency,2025-12-01 17:06:54,0.042,295.34,0,0.07138084,202.05077,2.439116e-05,0
45af71fa-3745-a0ab-a924-5d25624baaf6,45af71fa-3745-a0ab-e052-9f332fcf981a,urgentcare,2016-10-13 11:26:06,0.01,149.38,0,0.042968616,586.0526,0.0004683975,0
8ba59c1e-a0d3-343b-9cca-3524093743de,8ba59c1e-a0d3-343b-024a-a4a1330761cf,emergency,2025-11-03 17:06:54,0.042,295.34,0,0.071661845,234.29527,2.8531678e-05,0
45af71fa-3745-a0ab-fd38-89c0219b5a75,45af71fa-3745-a0ab-e052-9f332fcf981a,emergency,1998-10-31 21:55:11,0.333,146.18,0,0.11400414,565.5067,0.009806751,0
f2335b3f-15ec-cc65-09ec-5035fb757390,f2335b3f-15ec-cc65-8324-8a41e61b78d1,emergency,1993-07-16 14:56:08,0.417,146.18,0,0.0972587,461.62735,0.04245188,0
6842050e-26e0-68aa-aa79-24668723e107,6842050e-26e0-68aa-2784-d792f7e2fbd3,urgentcare,2024-11-10 16:27:07,0.01,291.74,0,0.015563908,433.1187,1.72042e-05,0
e3827f66-ed30-7012-f1c4-69f89e543815,e3827f66-ed30-7012-465b-2ddd8680652a,urgentcare,2020-10-02 19:15:10,0.01,291.74,0,0.043281112,627.53656,0.00023974996,0
2442cd5f-46ce-5327-e326-51482559db3a,2442cd5f-46ce-5327-4751-03df511ab403,urgentcare,2020-12-31 23:13:40,0.01,291.74,0,0.004335766,1124.0496,0.0010613317,0
e3827f66-ed30-7012-dc7a-5c4aa2e3897f,e3827f66-ed30-7012-465b-2ddd8680652a,emergency,2020-09-18 19:15:10,0.042,295.34,0,0.10717648,1162.6819,0.006238761,0
8ba59c1e-a0d3-343b-a36d-7aa0cc407daa,8ba59c1e-a0d3-343b-024a-a4a1330761cf,emergency,2024-12-23 17:06:54,0.042,295.34,0,0.07138084,240.91107,2.6567577e-05,0
6842050e-26e0-68aa-6d1d-a6d749bcc8d3,6842050e-26e0-68aa-2784-d792f7e2fbd3,emergency,2024-06-09 16:27:07,0.042,295.34,0,0.045381613,463.15817,5.799623e-05,0
e3827f66-ed30-7012-589a-441ccd2f4c30,e3827f66-ed30-7012-465b-2ddd8680652a,inpatient,2018-01-28 20:23:36,3.0,146.18,0,3.6285036,3822.5251,0.506338,1
6842050e-26e0-68aa-90a2-03df2ec3f702,6842050e-26e0-68aa-2784-d792f7e2fbd3,emergency,2024-03-17 16:27:07,0.042,295.34,0,0.055543095,470.74805,4.222063e-05,0
6842050e-26e0-68aa-bdd9-cde61f6407c1,6842050e-26e0-68aa-2784-d792f7e2fbd3,emergency,2024-02-18 16:27:07,0.042,295.34,0,0.047970943,409.79352,4.341221e-05,0
6842050e-26e0-68aa-3eda-472b5e5a46d4,6842050e-26e0-68aa-2784-d792f7e2fbd3,urgentcare,2023-12-17 16:27:07,0.01,291.74,0,0.015256323,517.17737,2.1660144e-05,0
e3827f66-ed30-7012-92de-b04c672e0bf9,e3827f66-ed30-7012-465b-2ddd8680652a,emergency,1991-11-25 19:15:10,0.042,146.18,0,0.074900195,1275.7833,0.0068418365,0
6842050e-26e0-68aa-9174-7fdd6ea195ba,6842050e-26e0-68aa-2784-d792f7e2fbd3,urgentcare,2023-04-23 16:27:07,0.01,291.74,0,0.020054808,522.7053,1.8603463e-05,0
8ba59c1e-a0d3-343b-98be-3f0927871a2e,8ba59c1e-a0d3-343b-024a-a4a1330761cf,urgentcare,2023-09-11 17:06:54,0.01,291.74,0,0.039259285,308.6912,1.5714886e-05,0
8ba59c1e-a0d3-343b-a370-1dfaed4f3771,8ba59c1e-a0d3-343b-024a-a4a1330761cf,urgentcare,2023-08-14 17:06:54,0.01,291.74,0,0.03977181,292.5746,1.447188e-05,0
8ba59c1e-a0d3-343b-3aa6-23e220882e37,8ba59c1e-a0d3-343b-024a-a4a1330761cf,urgentcare,2023-07-17 17:06:54,0.01,291.74,0,0.03977181,292.5746,1.447188e-05,0
8ba59c1e-a0d3-343b-8345-ff9499a73ca8,8ba59c1e-a0d3-343b-024a-a4a1330761cf,emergency,2022-12-05 17:06:54,0.042,295.34,0,0.116949685,585.50226,9.109102e-05,0
6842050e-26e0-68aa-637b-2f594f923903,6842050e-26e0-68aa-2784-d792f7e2fbd3,urgentcare,2022-02-27 16:27:07,0.01,291.74,0,0.008819744,542.6395,2.5936719e-05,0
8ba59c1e-a0d3-343b-de3a-dac7b796ba15,8ba59c1e-a0d3-343b-024a-a4a1330761cf,urgentcare,2022-06-13 17:06:54,0.01,291.74,0,0.03977181,478.69275,2.0960257e-05,0
6842050e-26e0-68aa-1010-355c25a113a1,6842050e-26e0-68aa-2784-d792f7e2fbd3,urgentcare,2021-08-01 16:27:07,0.01,291.74,0,0.013903008,501.89612,6.821159e-05,0
8ba59c1e-a0d3-343b-7f37-1e142dbb7b56,8ba59c1e-a0d3-343b-024a-a4a1330761cf,urgentcare,2022-05-16 17:06:54,0.01,291.74,0,0.04026849,477.35968,1.9087462e-05,0
8ba59c1e-a0d3-343b-c322-7cad28a38c15,8ba59c1e-a0d3-343b-024a-a4a1330761cf,urgentcare,2021-08-23 17:06:54,0.01,291.74,0,0.038078453,467.13513,1.4037138e-05,0
6842050e-26e0-68aa-50b7-f0537ffa4098,6842050e-26e0-68aa-2784-d792f7e2fbd3,urgentcare,2020-09-06 16:27:07,0.01,291.74,0,0.048792236,968.956,0.00093560916,0
8ba59c1e-a0d3-343b-93c2-2a8a80fd0a86,8ba59c1e-a0d3-343b-024a-a4a1330761cf,urgentcare,2021-06-28 17:06:54,0.01,427.74,0,0.037834983,473.5599,2.789041e-05,0
8ba59c1e-a0d3-343b-3212-e99d2c62de1e,8ba59c1e-a0d3-343b-024a-a4a1330761cf,emergency,2021-03-22 17:06:54,0.042,295.34,0,0.035553418,511.9188,3.2847103e-05,0
6842050e-26e0-68aa-03bb-cbf2eaf6088f,6842050e-26e0-68aa-2784-d792f7e2fbd3,emergency,2018-07-08 16:27:07,0.042,295.34,0,0.096722804,826.1887,0.0049731983,0
6842050e-26e0-68aa-3157-aab1f4d23be9,6842050e-26e0-68aa-2784-d792f7e2fbd3,urgentcare,2018-05-27 16:27:07,0.01,291.74,0,0.022673719,687.3024,0.00033185616,0
8ba59c1e-a0d3-343b-9cc2-6cfa00c152fc,8ba59c1e-a0d3-343b-024a-a4a1330761cf,urgentcare,2020-12-28 17:06:54,0.01,291.74,0,0.015377428,485.64078,1.2615594e-05,0
8ba59c1e-a0d3-343b-eda2-6cba6a28e566,8ba59c1e-a0d3-343b-024a-a4a1330761cf,urgentcare,2020-08-31 17:06:54,0.01,291.74,0,0.016144628,483.40225,1.4037138e-05,0
8ba59c1e-a0d3-343b-2b8d-56c88144f984,8ba59c1e-a0d3-343b-024a-a4a1330761cf,urgentcare,2020-07-06 17:06:54,0.01,291.74,0,0.024561504,782.6966,0.0003217103,0
8ba59c1e-a0d3-343b-afdc-29278343c236,8ba59c1e-a0d3-343b-024a-a4a1330761cf,emergency,2019-11-25 17:06:54,0.042,295.34,0,0.08437566,657.5618,0.00012665984,0
8ba59c1e-a0d3-343b-1877-1769d9fbb78b,8ba59c1e-a0d3-343b-024a-a4a1330761cf,urgentcare,2018-03-12 17:06:54,0.01,291.74,0,0.034128264,514.91016,3.787455e-05,0
8ba59c1e-a0d3-343b-297b-4718b213cbbc,8ba59c1e-a0d3-343b-024a-a4a1330761cf,urgentcare,2018-05-14 17:06:54,0.01,291.74,0,0.034128264,510.7779,5.16595e-05,0
8ba59c1e-a0d3-343b-94bb-a0167ebe6043,8ba59c1e-a0d3-343b-024a-a4a1330761cf,urgentcare,2019-05-13 17:06:54,0.01,291.74,0,0.034360632,502.46622,2.8168375e-05,0
8ba59c1e-a0d3-343b-ef46-9be08a1e7712,8ba59c1e-a0d3-343b-024a-a4a1330761cf,urgentcare,2020-01-06 17:06:54,0.01,291.74,0,0.015377428,489.96906,1.32339255e-05,0
8ba59c1e-a0d3-343b-3011-1c55d2b23399,8ba59c1e-a0d3-343b-024a-a4a1330761cf,urgentcare,2022-01-17 17:06:54,0.01,291.74,0,0.039031778,469.86526,1.2302562e-05,0
8ba59c1e-a0d3-343b-6dbd-be47009fd1e5,8ba59c1e-a0d3-343b-024a-a4a1330761cf,urgentcare,2023-01-16 17:06:54,0.01,291.74,0,0.043188922,317.23914,1.4732039e-05,0
8ba59c1e-a0d3-343b-e10f-1b084bf6392e,8ba59c1e-a0d3-343b-024a-a4a1330761cf,urgentcare,2023-05-15 17:06:54,0.01,291.74,0,0.040512532,334.12582,1.6816317e-05,0
8ba59c1e-a0d3-343b-057d-e26659214369,8ba59c1e-a0d3-343b-024a-a4a1330761cf,urgentcare,2023-06-12 17:06:54,0.01,291.74,0,0.03977181,307.23416,2.160941e-05,0
87974c1f-17ec-16f0-2884-806d83e0d579,87974c1f-17ec-16f0-2423-a8334ac3c0e8,emergency,2025-04-06 07:37:00,0.042,17391.75,0,0.021229364,1112.4635,0.007412014,0
24d51499-dd36-2cea-d8f6-2a71d297898b,24d51499-dd36-2cea-709f-7742d73be0d9,emergency,2024-04-25 15:53:57,0.042,16125.04,0,0.034203015,159.2011,0.0015059507,0
24c3d0b3-ddee-933f-f5f7-cd1e31a114dd,24c3d0b3-ddee-933f-6e4d-cc705c43b69d,emergency,2005-01-25 00:54:03,0.042,794.96,0,0.0016301126,818.68097,0.0006172251,0
68103a3f-4dff-642d-8ffe-e5cfdce4a13a,68103a3f-4dff-642d-9672-df29a1480872,emergency,2024-07-31 00:34:25,0.042,1008.98,0,0.080029726,3140.3718,0.00063722313,0
2d411cf2-867d-5602-bd8e-d95e0b5dd364,2d411cf2-867d-5602-d5c1-a48ef138bd67,emergency,2023-03-18 11:14:22,0.042,6309.52,0,0.39827216,2390.3948,0.1781361,1
2d411cf2-867d-5602-cd52-ee4338c95824,2d411cf2-867d-5602-d5c1-a48ef138bd67,inpatient,2023-03-18 11:41:32,1.0,10329.29,0,1.5295296,15867.775,0.5835302,1
24c3d0b3-ddee-933f-4cb4-0ce5e2e5a753,24c3d0b3-ddee-933f-6e4d-cc705c43b69d,emergency,2004-01-22 01:39:30,0.042,1008.98,0,0.0,662.1114,0.0016017923,0
1b0421e0-66a2-4db5-dedd-54cc218dfa2a,1b0421e0-66a2-4db5-d9c0-0b3a4df493d1,urgentcare,2006-04-04 04:07:24,0.036,4075.67,0,0.01828953,1324.0167,0.0053994763,0
1b0421e0-66a2-4db5-461a-a3d30355f7be,1b0421e0-66a2-4db5-d9c0-0b3a4df493d1,emergency,2004-10-12 04:07:24,0.042,10834.48,0,0.0807789,2099.5657,0.025549889,0
3204b6b1-a926-57cf-1c10-ed00a4f98ec7,3204b6b1-a926-57cf-7334-fb120a997372,emergency,2025-05-10 03:18:02,0.042,146.18,0,0.10930925,2167.844,0.09436344,1
24c3d0b3-ddee-933f-1b14-dda28ed966d0,24c3d0b3-ddee-933f-6e4d-cc705c43b69d,emergency,2007-10-18 00:54:03,0.042,146.18,0,0.078927256,706.07434,0.00103756,0
f2335b3f-15ec-cc65-cc91-313b264ab332,f2335b3f-15ec-cc65-8324-8a41e61b78d1,emergency,2023-04-27 00:22:17,0.417,146.18,0,0.28864148,211.31537,0.0041160486,0
fc03ce3b-ec13-3864-0d3b-6e2f6bc881d5,fc03ce3b-ec13-3864-54a8-1f19272dbb3b,emergency,2020-10-01 10:11:34,0.042,146.18,0,0.03675148,190.87727,0.0010082523,0
24d51499-dd36-2cea-62bc-de827950e5e8,24d51499-dd36-2cea-709f-7742d73be0d9,emergency,2018-06-01 15:53:57,0.042,146.18,0,0.16457182,188.13205,0.013609475,0
3204b6b1-a926-57cf-b8b9-4af8c9476ead,3204b6b1-a926-57cf-7334-fb120a997372,inpatient,2005-07-18 05:54:34,1.0,9199.26,0,1.3608902,5967.535,0.31069097,1
24d51499-dd36-2cea-149d-41e58739d1fc,24d51499-dd36-2cea-709f-7742d73be0d9,urgentcare,2012-02-14 00:54:03,0.038,1339.04,0,0.0,466.8149,4.07566e-05,0
fc03ce3b-ec13-3864-303d-9d7a12898850,fc03ce3b-ec13-3864-54a8-1f19272dbb3b,emergency,2012-05-20 10:11:34,0.042,5308.14,0,0.08121462,238.57959,0.0014427766,0
d6586b7b-bcee-c22b-6150-fcf7588a4af1,d6586b7b-bcee-c22b-6223-0405f0b14914,inpatient,1989-09-14 09:13:58,2.085,5423.98,0,2.888806,6009.3926,0.00260386,0
f2335b3f-15ec-cc65-d1c7-905e8adc4d7c,f2335b3f-15ec-cc65-8324-8a41e61b78d1,emergency,2020-07-09 16:05:41,0.167,146.18,0,0.19497272,484.4407,0.009299213,0
fc03ce3b-ec13-3864-e25d-cfa9792dd1d6,fc03ce3b-ec13-3864-54a8-1f19272dbb3b,emergency,2012-04-06 10:11:34,0.042,87.71,0,0.057493784,368.6784,0.0013246224,0
24d51499-dd36-2cea-0789-4986ab5713d6,24d51499-dd36-2cea-709f-7742d73be0d9,inpatient,1948-10-11 01:45:55,1.0,6631.17,0,1.396266,4860.343,0.040299393,0
87974c1f-17ec-16f0-2dfa-b11257d18ae9,87974c1f-17ec-16f0-2423-a8334ac3c0e8,emergency,1994-10-13 06:35:19,6.125,1025.09,0,0.07113768,1113.9335,0.041610464,0
fc03ce3b-ec13-3864-8867-fa31905fba4e,fc03ce3b-ec13-3864-54a8-1f19272dbb3b,emergency,2012-02-22 10:11:34,0.042,146.18,0,0.038143978,459.78836,0.0023918971,0
87974c1f-17ec-16f0-d2b0-b5b9a48a5ac1,87974c1f-17ec-16f0-2423-a8334ac3c0e8,inpatient,1992-08-13 08:18:02,1.0,987.9,0,1.6848438,1787.2704,0.20637529,1
24c3d0b3-ddee-933f-7e61-adb0a4a9545e,24c3d0b3-ddee-933f-6e4d-cc705c43b69d,inpatient,1995-10-16 23:05:32,1.0,41841.31,0,2.6434128,12499.693,0.6000559,1
87974c1f-17ec-16f0-09a0-673f9601defc,87974c1f-17ec-16f0-2423-a8334ac3c0e8,inpatient,1987-09-18 01:35:19,3.59,5423.98,0,1.3775222,2566.658,0.010632599,0
2d411cf2-867d-5602-a7a2-4dbfb1ca3dae,2d411cf2-867d-5602-d5c1-a48ef138bd67,inpatient,1999-03-01 12:04:39,1.0,6352.21,0,0.7871723,4353.925,0.018194867,0
24c3d0b3-ddee-933f-a71f-71ee9f4ee77e,24c3d0b3-ddee-933f-6e4d-cc705c43b69d,emergency,1989-12-15 00:54:03,0.062,4407.08,0,0.11998651,1842.9165,0.007694748,0
24c3d0b3-ddee-933f-0c2c-7b1256ab1cb8,24c3d0b3-ddee-933f-6e4d-cc705c43b69d,emergency,1987-07-31 00:54:03,0.113,4407.08,0,0.0014575048,1537.7227,0.008985637,0
24c3d0b3-ddee-933f-a930-c01ce86c1198,24c3d0b3-ddee-933f-6e4d-cc705c43b69d,inpatient,1958-09-07 01:53:35,1.0,13537.81,0,1.1223744,5639.267,0.017043823,0
24c3d0b3-ddee-933f-870d-f6e10b3c2c60,24c3d0b3-ddee-933f-6e4d-cc705c43b69d,urgentcare,2005-02-01 00:54:03,0.01,365.08,0,0.0026812698,302.17282,5.4232085e-05,0
2492a8cc-2f9b-4b25-bf0c-f33b13b3c751,2492a8cc-2f9b-4b25-9bc1-d573d79da655,inpatient,2018-11-28 01:56:28,1.223,23099.55,0,1.7844038,3827.6335,0.102577046,1
fc03ce3b-ec13-3864-7a76-0aafb89c4346,fc03ce3b-ec13-3864-54a8-1f19272dbb3b,emergency,2020-06-12 10:11:34,0.042,20794.05,0,0.115558974,138.55182,0.0010849858,0
fc03ce3b-ec13-3864-11e6-ae0080583150,fc03ce3b-ec13-3864-54a8-1f19272dbb3b,emergency,2021-02-05 10:11:34,0.042,14490.75,0,0.22860771,194.45247,0.0011973869,0
fc03ce3b-ec13-3864-b246-9ef215dde210,fc03ce3b-ec13-3864-54a8-1f19272dbb3b,emergency,2021-05-04 10:11:34,0.042,5308.14,0,0.19671382,212.47244,0.0017367325,0
fc03ce3b-ec13-3864-9f68-015e9725a507,fc03ce3b-ec13-3864-54a8-1f19272dbb3b,emergency,2021-06-10 10:11:34,0.042,7801.04,0,0.216301,211.9179,0.0011146818,0
fc03ce3b-ec13-3864-8d6a-da191942110b,fc03ce3b-ec13-3864-54a8-1f19272dbb3b,emergency,2021-11-03 10:11:34,0.042,5981.85,0,0.14770855,195.7299,0.0006901767,0
fc03ce3b-ec13-3864-1163-0879a9eee46b,fc03ce3b-ec13-3864-54a8-1f19272dbb3b,emergency,2017-07-04 10:11:34,0.042,5308.14,0,0.094907604,732.99634,0.0032711553,0
fc03ce3b-ec13-3864-3d5c-580f46e45600,fc03ce3b-ec13-3864-54a8-1f19272dbb3b,emergency,2017-09-09 10:11:34,0.042,6903.68,0,0.0932578,323.88943,0.0025581962,0
fc03ce3b-ec13-3864-3a82-4011b291a842,fc03ce3b-ec13-3864-54a8-1f19272dbb3b,emergency,2017-12-29 10:11:34,0.042,5308.14,0,0.070192166,219.88635,0.0012114345,0
fc03ce3b-ec13-3864-9821-25fba357fad0,fc03ce3b-ec13-3864-54a8-1f19272dbb3b,emergency,2018-04-26 10:11:34,0.042,13613.88,0,0.057762295,186.0809,0.0021480303,0
fc03ce3b-ec13-3864-76da-f8a537bac8b5,fc03ce3b-ec13-3864-54a8-1f19272dbb3b,emergency,2018-08-29 10:11:34,0.042,5308.14,0,0.06526078,373.57364,0.0020008038,0
fc03ce3b-ec13-3864-36f6-dd0799e9be75,fc03ce3b-ec13-3864-54a8-1f19272dbb3b,emergency,2019-02-19 10:11:34,0.042,11672.98,0,0.056832846,429.79315,0.0012659385,0
fc03ce3b-ec13-3864-09ca-d9792a1782af,fc03ce3b-ec13-3864-54a8-1f19272dbb3b,emergency,2019-10-27 10:11:34,0.042,19790.23,0,0.061839726,478.27136,0.0013320982,0
2492a8cc-2f9b-4b25-76ca-44b8a83d33c0,2492a8cc-2f9b-4b25-9bc1-d573d79da655,emergency,2013-01-17 10:10:43,0.042,577.58,0,0.054960623,2191.6348,0.026341157,0
68103a3f-4dff-642d-ad42-5daba031a275,68103a3f-4dff-642d-9672-df29a1480872,urgentcare,2023-05-30 00:34:25,0.01,142.58,0,0.0,1074.4336,0.00054054486,0
fc03ce3b-ec13-3864-eb49-d56c459d684a,fc03ce3b-ec13-3864-54a8-1f19272dbb3b,emergency,2021-07-31 10:11:34,0.042,146.18,0,0.13720293,387.2583,0.0013076968,0
fc03ce3b-ec13-3864-9678-1d642a2c167a,fc03ce3b-ec13-3864-54a8-1f19272dbb3b,emergency,2017-04-14 10:11:34,0.042,87.71,0,0.08200579,686.3942,0.004400021,0
fc03ce3b-ec13-3864-9678-cb38a92f547d,fc03ce3b-ec13-3864-54a8-1f19272dbb3b,emergency,2018-07-02 10:11:34,0.042,146.18,0,0.0612149,444.09705,0.0020109813,0
fc03ce3b-ec13-3864-e6e8-27dbd4a8d423,fc03ce3b-ec13-3864-54a8-1f19272dbb3b,emergency,2018-10-26 10:11:34,0.042,87.71,0,0.06869099,386.5294,0.0014860259,0
fc03ce3b-ec13-3864-2e80-e588df0c6d49,fc03ce3b-ec13-3864-54a8-1f19272dbb3b,emergency,2018-12-16 10:11:34,0.042,146.18,0,0.06797394,350.25943,0.001299352,0
fc03ce3b-ec13-3864-f064-3375f5d607b7,fc03ce3b-ec13-3864-54a8-1f19272dbb3b,emergency,2019-08-07 10:11:34,0.042,146.18,0,0.045501452,218.60603,0.0011931724,0
fc03ce3b-ec13-3864-d694-074e48bcc21d,fc03ce3b-ec13-3864-54a8-1f19272dbb3b,emergency,2016-11-26 10:11:34,0.042,87.71,0,0.0,186.52496,0.0005572793,0
fc03ce3b-ec13-3864-0c65-921d46133275,fc03ce3b-ec13-3864-54a8-1f19272dbb3b,emergency,2017-01-30 10:11:34,0.042,87.71,0,0.06783282,342.18747,0.0020879086,0
